{
	"format_version": "1.21.6",
	"credit": "Made with Blockbench",
	"texture_size": [64, 64],
	"textures": {
		"0": "present1",
		"particle": "present1"
	},
	"elements": [
		{
			"from": [3, 0, 3],
			"to": [13, 9, 13],
			"rotation": {"angle": 0, "axis": "y", "origin": [7, 0, 6]},
			"faces": {
				"north": {"uv": [2.75, 5, 5.25, 7.25], "texture": "#0"},
				"east": {"uv": [5.25, 0, 7.75, 2.25], "texture": "#0"},
				"south": {"uv": [5.25, 2.25, 7.75, 4.5], "texture": "#0"},
				"west": {"uv": [5.25, 4.5, 7.75, 6.75], "texture": "#0"},
				"up": {"uv": [5.25, 2.5, 2.75, 0], "texture": "#0"},
				"down": {"uv": [5.25, 2.5, 2.75, 5], "texture": "#0"}
			}
		},
		{
			"from": [2.5, 8, 2.5],
			"to": [13.5, 11.5, 13.5],
			"rotation": {"angle": 0, "axis": "y", "origin": [7, 9, 6]},
			"faces": {
				"north": {"uv": [0, 5.5, 2.75, 6.5], "texture": "#0"},
				"east": {"uv": [0, 6.5, 2.75, 7.5], "texture": "#0"},
				"south": {"uv": [5.25, 6.75, 8, 7.75], "texture": "#0"},
				"west": {"uv": [0, 7.5, 2.75, 8.5], "texture": "#0"},
				"up": {"uv": [2.75, 2.75, 0, 0], "texture": "#0"},
				"down": {"uv": [2.75, 2.75, 0, 5.5], "texture": "#0"}
			}
		},
		{
			"from": [7, -0.17431, 2.75761],
			"to": [9, 7.82569, 3.00761],
			"rotation": {"angle": -3.7, "axis": "x", "origin": [7, -0.17431, 1.00761]},
			"faces": {
				"north": {"uv": [3.75, 7.25, 4.25, 9.25], "texture": "#0"},
				"east": {"uv": [7.5, 8, 7.75, 10], "texture": "#0"},
				"south": {"uv": [4.25, 7.25, 4.75, 9.25], "texture": "#0"},
				"west": {"uv": [7.75, 8, 8, 10], "texture": "#0"},
				"up": {"uv": [9.25, 8.25, 8.75, 8], "texture": "#0"},
				"down": {"uv": [9.25, 8.25, 8.75, 8.5], "texture": "#0"}
			}
		},
		{
			"from": [7, 7.92195, 2.2377],
			"to": [9, 11.67195, 2.4877],
			"rotation": {"angle": 0, "axis": "x", "origin": [7, -0.07805, 0.4877]},
			"faces": {
				"north": {"uv": [8, 8, 8.5, 9], "texture": "#0"},
				"east": {"uv": [2.5, 8.5, 2.75, 9.5], "texture": "#0"},
				"south": {"uv": [8.25, 0, 8.75, 1], "texture": "#0"},
				"west": {"uv": [8.5, 4, 8.75, 5], "texture": "#0"},
				"up": {"uv": [9.25, 8.75, 8.75, 8.5], "texture": "#0"},
				"down": {"uv": [9.25, 8.75, 8.75, 9], "texture": "#0"}
			}
		},
		{
			"from": [7, 7.92195, 13.5123],
			"to": [9, 11.67195, 13.7623],
			"rotation": {"angle": 0, "axis": "x", "origin": [7, -0.07805, 15.5123]},
			"faces": {
				"north": {"uv": [8.25, 5, 8.75, 6], "texture": "#0"},
				"east": {"uv": [6.25, 8.5, 6.5, 9.5], "texture": "#0"},
				"south": {"uv": [0, 8.5, 0.5, 9.5], "texture": "#0"},
				"west": {"uv": [6.5, 8.5, 6.75, 9.5], "texture": "#0"},
				"up": {"uv": [9.5, 2.25, 9, 2], "texture": "#0"},
				"down": {"uv": [9.5, 2.25, 9, 2.5], "texture": "#0"}
			}
		},
		{
			"from": [7, -0.17431, 12.99239],
			"to": [9, 7.82569, 13.24239],
			"rotation": {"angle": 3.7, "axis": "x", "origin": [7, -0.17431, 14.99239]},
			"faces": {
				"north": {"uv": [4.75, 7.25, 5.25, 9.25], "texture": "#0"},
				"east": {"uv": [8.25, 1, 8.5, 3], "texture": "#0"},
				"south": {"uv": [7.75, 0, 8.25, 2], "texture": "#0"},
				"west": {"uv": [8.25, 3, 8.5, 5], "texture": "#0"},
				"up": {"uv": [9.5, 1.75, 9, 1.5], "texture": "#0"},
				"down": {"uv": [9.5, 1.75, 9, 2], "texture": "#0"}
			}
		},
		{
			"from": [2.25, 7.92195, 7.0123],
			"to": [2.5, 11.67195, 9.0123],
			"rotation": {"angle": 0, "axis": "x", "origin": [0.5, -0.07805, 7.0123]},
			"faces": {
				"north": {"uv": [7.25, 8.5, 7.5, 9.5], "texture": "#0"},
				"east": {"uv": [2, 8.5, 2.5, 9.5], "texture": "#0"},
				"south": {"uv": [8.5, 8, 8.75, 9], "texture": "#0"},
				"west": {"uv": [8.5, 2, 9, 3], "texture": "#0"},
				"up": {"uv": [9.25, 9.5, 9, 9], "texture": "#0"},
				"down": {"uv": [9.5, 0, 9.25, 0.5], "texture": "#0"}
			}
		},
		{
			"from": [2.76991, -0.17431, 7.0123],
			"to": [3.01991, 7.82569, 9.0123],
			"rotation": {"angle": 3.7, "axis": "z", "origin": [1.01991, -0.17431, 7.0123]},
			"faces": {
				"north": {"uv": [1.5, 8.5, 1.75, 10.5], "texture": "#0"},
				"east": {"uv": [5.25, 7.75, 5.75, 9.75], "texture": "#0"},
				"south": {"uv": [1.75, 8.5, 2, 10.5], "texture": "#0"},
				"west": {"uv": [5.75, 7.75, 6.25, 9.75], "texture": "#0"},
				"up": {"uv": [8.75, 9.5, 8.5, 9], "texture": "#0"},
				"down": {"uv": [9, 9, 8.75, 9.5], "texture": "#0"}
			}
		},
		{
			"from": [13.52459, 7.92195, 7.0123],
			"to": [13.77459, 11.67195, 9.0123],
			"rotation": {"angle": 0, "axis": "x", "origin": [15.52459, -0.07805, 7.0123]},
			"faces": {
				"north": {"uv": [6.75, 8.5, 7, 9.5], "texture": "#0"},
				"east": {"uv": [1, 8.5, 1.5, 9.5], "texture": "#0"},
				"south": {"uv": [7, 8.5, 7.25, 9.5], "texture": "#0"},
				"west": {"uv": [8.5, 1, 9, 2], "texture": "#0"},
				"up": {"uv": [8.25, 9.5, 8, 9], "texture": "#0"},
				"down": {"uv": [8.5, 9, 8.25, 9.5], "texture": "#0"}
			}
		},
		{
			"from": [9.02459, 11.47195, 7.0123],
			"to": [13.52459, 11.77195, 9.0123],
			"rotation": {"angle": 0, "axis": "x", "origin": [15.27459, 3.47195, 7.0123]},
			"faces": {
				"north": {"uv": [8.5, 3, 9.75, 3.25], "texture": "#0"},
				"east": {"uv": [9, 7.75, 9.5, 8], "texture": "#0"},
				"south": {"uv": [8.5, 3.25, 9.75, 3.5], "texture": "#0"},
				"west": {"uv": [9.25, 0.5, 9.75, 0.75], "texture": "#0"},
				"up": {"uv": [9, 6.75, 7.75, 6.25], "texture": "#0"},
				"down": {"uv": [7.5, 8, 6.25, 8.5], "texture": "#0"}
			}
		},
		{
			"from": [2.47459, 11.47195, 7.0123],
			"to": [7.02459, 11.77195, 9.0123],
			"rotation": {"angle": 0, "axis": "x", "origin": [8.77459, 3.47195, 7.0123]},
			"faces": {
				"north": {"uv": [8.5, 3.5, 9.75, 3.75], "texture": "#0"},
				"east": {"uv": [9.25, 0.75, 9.75, 1], "texture": "#0"},
				"south": {"uv": [8.5, 3.75, 9.75, 4], "texture": "#0"},
				"west": {"uv": [9.25, 2.5, 9.75, 2.75], "texture": "#0"},
				"up": {"uv": [9.25, 7.25, 8, 6.75], "texture": "#0"},
				"down": {"uv": [9.25, 7.25, 8, 7.75], "texture": "#0"}
			}
		},
		{
			"from": [13.00468, -0.17431, 7.0123],
			"to": [13.25468, 7.82569, 9.0123],
			"rotation": {"angle": -3.7, "axis": "z", "origin": [15.00468, -0.17431, 7.0123]},
			"faces": {
				"north": {"uv": [0.5, 8.5, 0.75, 10.5], "texture": "#0"},
				"east": {"uv": [7.75, 2, 8.25, 4], "texture": "#0"},
				"south": {"uv": [0.75, 8.5, 1, 10.5], "texture": "#0"},
				"west": {"uv": [7.75, 4, 8.25, 6], "texture": "#0"},
				"up": {"uv": [9.25, 3, 9, 2.5], "texture": "#0"},
				"down": {"uv": [9.25, 6.25, 9, 6.75], "texture": "#0"}
			}
		},
		{
			"from": [7, 11.47195, 2.4877],
			"to": [9, 11.77195, 13.5377],
			"rotation": {"angle": 0, "axis": "x", "origin": [7, 3.47195, 0.7377]},
			"faces": {
				"north": {"uv": [9, 1, 9.5, 1.25], "texture": "#0"},
				"east": {"uv": [7.75, 6, 10.5, 6.25], "texture": "#0"},
				"south": {"uv": [9, 1.25, 9.5, 1.5], "texture": "#0"},
				"west": {"uv": [6.25, 7.75, 9, 8], "texture": "#0"},
				"up": {"uv": [3.25, 10, 2.75, 7.25], "texture": "#0"},
				"down": {"uv": [3.75, 7.25, 3.25, 10], "texture": "#0"}
			}
		},
		{
			"from": [7, 11.77195, 6.9877],
			"to": [9, 12.72195, 9.0377],
			"rotation": {"angle": 0, "axis": "x", "origin": [7, 3.77195, 0.7377]},
			"faces": {
				"north": {"uv": [9.25, 2.75, 9.75, 3], "texture": "#0"},
				"east": {"uv": [3.75, 9.25, 4.25, 9.5], "texture": "#0"},
				"south": {"uv": [9.25, 4, 9.75, 4.25], "texture": "#0"},
				"west": {"uv": [4.25, 9.25, 4.75, 9.5], "texture": "#0"},
				"up": {"uv": [9.25, 0.5, 8.75, 0], "texture": "#0"},
				"down": {"uv": [9.25, 0.5, 8.75, 1], "texture": "#0"}
			}
		},
		{
			"from": [2.25, 12.52195, 6.7877],
			"to": [4.7, 13.47195, 9.2377],
			"rotation": {"angle": -17.5, "axis": "z", "origin": [2.7, 4.52195, 0.7377]},
			"faces": {
				"north": {"uv": [9.25, 4.25, 9.75, 4.5], "texture": "#0"},
				"east": {"uv": [9.25, 4.5, 9.75, 4.75], "texture": "#0"},
				"south": {"uv": [4.75, 9.25, 5.25, 9.5], "texture": "#0"},
				"west": {"uv": [9.25, 4.75, 9.75, 5], "texture": "#0"},
				"up": {"uv": [9.25, 4.5, 8.75, 4], "texture": "#0"},
				"down": {"uv": [9.25, 4.5, 8.75, 5], "texture": "#0"}
			}
		},
		{
			"from": [11.3, 12.52195, 6.7877],
			"to": [13.75, 13.47195, 9.2377],
			"rotation": {"angle": 17.5, "axis": "z", "origin": [13.3, 4.52195, 0.7377]},
			"faces": {
				"north": {"uv": [9.25, 5, 9.75, 5.25], "texture": "#0"},
				"east": {"uv": [9.25, 5.25, 9.75, 5.5], "texture": "#0"},
				"south": {"uv": [9.25, 5.5, 9.75, 5.75], "texture": "#0"},
				"west": {"uv": [9.25, 5.75, 9.75, 6], "texture": "#0"},
				"up": {"uv": [9.25, 5.5, 8.75, 5], "texture": "#0"},
				"down": {"uv": [9.25, 5.5, 8.75, 6], "texture": "#0"}
			}
		}
	],
	"display": {}
}