{
	"format_version": "1.21.6",
	"credit": "Made with Blockbench",
	"texture_size": [64, 64],
	"textures": {
		"0": "present4",
		"particle": "present4"
	},
	"elements": [
		{
			"from": [4.9, 0, 6.25],
			"to": [9, 28, 9.75],
			"rotation": {"angle": 0, "axis": "y", "origin": [7, 0, 7]},
			"faces": {
				"north": {"uv": [0, 0, 1, 7], "texture": "#0"},
				"east": {"uv": [1, 0, 2, 7], "texture": "#0"},
				"south": {"uv": [2, 0, 3, 7], "texture": "#0"},
				"west": {"uv": [3, 0, 4, 7], "texture": "#0"},
				"up": {"uv": [6, 10, 5, 9], "texture": "#0"},
				"down": {"uv": [10, 5, 9, 6], "texture": "#0"}
			}
		},
		{
			"from": [9, 0, 7.25],
			"to": [9.35, 28.35, 8.75],
			"rotation": {"angle": 0, "axis": "y", "origin": [11.1, 0, 7]},
			"faces": {
				"north": {"uv": [8, 7, 8.25, 14], "texture": "#0"},
				"east": {"uv": [1, 7, 1.5, 14], "texture": "#0"},
				"south": {"uv": [8.25, 7, 8.5, 14], "texture": "#0"},
				"west": {"uv": [1.5, 7, 2, 14], "texture": "#0"},
				"up": {"uv": [11.5, 3.5, 11.25, 3], "texture": "#0"},
				"down": {"uv": [11.5, 3.5, 11.25, 4], "texture": "#0"}
			}
		},
		{
			"from": [9, 5.65, 2.15],
			"to": [9.35, 7.3, 7.25],
			"rotation": {"angle": 0, "axis": "y", "origin": [11.1, -0.35, 2.25]},
			"faces": {
				"north": {"uv": [11.25, 4, 11.5, 4.5], "texture": "#0"},
				"east": {"uv": [10, 0, 11.25, 0.5], "texture": "#0"},
				"south": {"uv": [9, 11.25, 9.25, 11.75], "texture": "#0"},
				"west": {"uv": [10, 0.5, 11.25, 1], "texture": "#0"},
				"up": {"uv": [3.25, 11.75, 3, 10.5], "texture": "#0"},
				"down": {"uv": [5.25, 10.5, 5, 11.75], "texture": "#0"}
			}
		},
		{
			"from": [9, 5.65, 8.75],
			"to": [9.35, 7.3, 13.8],
			"rotation": {"angle": 0, "axis": "y", "origin": [11.1, -0.35, 8.5]},
			"faces": {
				"north": {"uv": [9.25, 11.25, 9.5, 11.75], "texture": "#0"},
				"east": {"uv": [10, 1, 11.25, 1.5], "texture": "#0"},
				"south": {"uv": [9.5, 11.25, 9.75, 11.75], "texture": "#0"},
				"west": {"uv": [10, 1.5, 11.25, 2], "texture": "#0"},
				"up": {"uv": [5.5, 11.75, 5.25, 10.5], "texture": "#0"},
				"down": {"uv": [5.75, 10.5, 5.5, 11.75], "texture": "#0"}
			}
		},
		{
			"from": [4.55, 5.65, 2.15],
			"to": [4.9, 7.3, 7.25],
			"rotation": {"angle": 0, "axis": "y", "origin": [6.65, -0.35, 2.25]},
			"faces": {
				"north": {"uv": [10.25, 11.25, 10.5, 11.75], "texture": "#0"},
				"east": {"uv": [10, 2.5, 11.25, 3], "texture": "#0"},
				"south": {"uv": [10.5, 11.25, 10.75, 11.75], "texture": "#0"},
				"west": {"uv": [10, 3, 11.25, 3.5], "texture": "#0"},
				"up": {"uv": [0.25, 12, 0, 10.75], "texture": "#0"},
				"down": {"uv": [0.5, 10.75, 0.25, 12], "texture": "#0"}
			}
		},
		{
			"from": [4.9, 5.65, 2.15],
			"to": [9, 7.3, 2.5],
			"rotation": {"angle": 0, "axis": "y", "origin": [6.65, -0.35, 2.25]},
			"faces": {
				"north": {"uv": [10, 5, 11, 5.5], "texture": "#0"},
				"east": {"uv": [10.75, 11.25, 11, 11.75], "texture": "#0"},
				"south": {"uv": [10, 5.5, 11, 6], "texture": "#0"},
				"west": {"uv": [11.5, 0, 11.75, 0.5], "texture": "#0"},
				"up": {"uv": [12, 9.75, 11, 9.5], "texture": "#0"},
				"down": {"uv": [12, 9.75, 11, 10], "texture": "#0"}
			}
		},
		{
			"from": [4.9, 5.65, 13.45],
			"to": [9, 7.3, 13.8],
			"rotation": {"angle": 0, "axis": "y", "origin": [6.65, -0.35, 13.55]},
			"faces": {
				"north": {"uv": [10, 6, 11, 6.5], "texture": "#0"},
				"east": {"uv": [11.5, 0.5, 11.75, 1], "texture": "#0"},
				"south": {"uv": [10, 6.5, 11, 7], "texture": "#0"},
				"west": {"uv": [11.5, 1, 11.75, 1.5], "texture": "#0"},
				"up": {"uv": [11, 11.25, 10, 11], "texture": "#0"},
				"down": {"uv": [12, 10.75, 11, 11], "texture": "#0"}
			}
		},
		{
			"from": [4.55, 5.65, 8.75],
			"to": [4.9, 7.3, 13.8],
			"rotation": {"angle": 0, "axis": "y", "origin": [6.65, -0.35, 8.5]},
			"faces": {
				"north": {"uv": [9.75, 11.25, 10, 11.75], "texture": "#0"},
				"east": {"uv": [2, 10, 3.25, 10.5], "texture": "#0"},
				"south": {"uv": [10, 11.25, 10.25, 11.75], "texture": "#0"},
				"west": {"uv": [10, 2, 11.25, 2.5], "texture": "#0"},
				"up": {"uv": [6, 11.75, 5.75, 10.5], "texture": "#0"},
				"down": {"uv": [10.75, 7, 10.5, 8.25], "texture": "#0"}
			}
		},
		{
			"from": [4.55, 0, 7.25],
			"to": [4.9, 5.65, 8.75],
			"rotation": {"angle": 0, "axis": "y", "origin": [6.65, 0, 7]},
			"faces": {
				"north": {"uv": [10, 8.75, 10.25, 10.25], "texture": "#0"},
				"east": {"uv": [9, 9.75, 9.5, 11.25], "texture": "#0"},
				"south": {"uv": [10.25, 7, 10.5, 8.5], "texture": "#0"},
				"west": {"uv": [9.5, 9.75, 10, 11.25], "texture": "#0"},
				"up": {"uv": [11.5, 2, 11.25, 1.5], "texture": "#0"},
				"down": {"uv": [11.5, 2, 11.25, 2.5], "texture": "#0"}
			}
		},
		{
			"from": [4.55, 7.3, 7.25],
			"to": [4.9, 28.35, 8.75],
			"rotation": {"angle": 0, "axis": "y", "origin": [6.65, 0, 7]},
			"faces": {
				"north": {"uv": [8.5, 7, 8.75, 12.25], "texture": "#0"},
				"east": {"uv": [6, 7.5, 6.5, 12.75], "texture": "#0"},
				"south": {"uv": [8.75, 7, 9, 12.25], "texture": "#0"},
				"west": {"uv": [6.5, 7.5, 7, 12.75], "texture": "#0"},
				"up": {"uv": [11.75, 2, 11.5, 1.5], "texture": "#0"},
				"down": {"uv": [11.75, 2, 11.5, 2.5], "texture": "#0"}
			}
		},
		{
			"from": [4.1, 5.65, 7.25],
			"to": [4.9, 7.3, 8.75],
			"rotation": {"angle": 0, "axis": "y", "origin": [6.65, 0, 7]},
			"faces": {
				"north": {"uv": [11.5, 3, 11.75, 3.5], "texture": "#0"},
				"east": {"uv": [0.5, 10.75, 1, 11.25], "texture": "#0"},
				"south": {"uv": [11.5, 3.5, 11.75, 4], "texture": "#0"},
				"west": {"uv": [11, 11, 11.5, 11.5], "texture": "#0"},
				"up": {"uv": [11.75, 4.5, 11.5, 4], "texture": "#0"},
				"down": {"uv": [11.25, 11.5, 11, 12], "texture": "#0"}
			}
		},
		{
			"from": [4.2, 5.4, 9.75],
			"to": [5.05, 7.55, 12.75],
			"rotation": {"angle": -22.5, "axis": "y", "origin": [7.05, 0, 9.5]},
			"faces": {
				"north": {"uv": [11.5, 11, 11.75, 11.5], "texture": "#0"},
				"east": {"uv": [10.25, 8.5, 11, 9], "texture": "#0"},
				"south": {"uv": [11.25, 11.5, 11.5, 12], "texture": "#0"},
				"west": {"uv": [10.25, 9, 11, 9.5], "texture": "#0"},
				"up": {"uv": [11.5, 0.75, 11.25, 0], "texture": "#0"},
				"down": {"uv": [0.75, 11.25, 0.5, 12], "texture": "#0"}
			}
		},
		{
			"from": [4.2, 5.4, 3.25],
			"to": [5.05, 7.55, 6.25],
			"rotation": {"angle": 22.5, "axis": "y", "origin": [7.05, 0, 6.5]},
			"faces": {
				"north": {"uv": [11.5, 11.5, 11.75, 12], "texture": "#0"},
				"east": {"uv": [10.25, 9.5, 11, 10], "texture": "#0"},
				"south": {"uv": [11.75, 0, 12, 0.5], "texture": "#0"},
				"west": {"uv": [10, 10.25, 10.75, 10.75], "texture": "#0"},
				"up": {"uv": [1, 12, 0.75, 11.25], "texture": "#0"},
				"down": {"uv": [11.5, 0.75, 11.25, 1.5], "texture": "#0"}
			}
		},
		{
			"from": [4.9, 28, 7.25],
			"to": [9, 28.35, 8.75],
			"rotation": {"angle": 0, "axis": "y", "origin": [6.65, 0, 7]},
			"faces": {
				"north": {"uv": [11, 9, 12, 9.25], "texture": "#0"},
				"east": {"uv": [11.25, 2.5, 11.75, 2.75], "texture": "#0"},
				"south": {"uv": [11, 9.25, 12, 9.5], "texture": "#0"},
				"west": {"uv": [11.25, 2.75, 11.75, 3], "texture": "#0"},
				"up": {"uv": [11, 5, 10, 4.5], "texture": "#0"},
				"down": {"uv": [6, 10, 5, 10.5], "texture": "#0"}
			}
		},
		{
			"from": [4.55, -0.35, 7.25],
			"to": [9.35, 0, 8.75],
			"rotation": {"angle": 0, "axis": "y", "origin": [6.65, -28.35, 7]},
			"faces": {
				"north": {"uv": [10.25, 10, 11.5, 10.25], "texture": "#0"},
				"east": {"uv": [11.5, 10, 12, 10.25], "texture": "#0"},
				"south": {"uv": [10.5, 8.25, 11.75, 8.5], "texture": "#0"},
				"west": {"uv": [11.75, 0.5, 12.25, 0.75], "texture": "#0"},
				"up": {"uv": [11.25, 4, 10, 3.5], "texture": "#0"},
				"down": {"uv": [11.25, 4, 10, 4.5], "texture": "#0"}
			}
		},
		{
			"from": [4.9, 0, 6],
			"to": [9, 18, 6.25],
			"rotation": {"angle": 0, "axis": "y", "origin": [7, 0, 5]},
			"faces": {
				"north": {"uv": [4, 0, 5, 4.5], "texture": "#0"},
				"east": {"uv": [4, 9, 4.25, 13.5], "texture": "#0"},
				"south": {"uv": [4, 4.5, 5, 9], "texture": "#0"},
				"west": {"uv": [4.25, 9, 4.5, 13.5], "texture": "#0"},
				"up": {"uv": [11.75, 7.25, 10.75, 7], "texture": "#0"},
				"down": {"uv": [11.75, 7.25, 10.75, 7.5], "texture": "#0"}
			}
		},
		{
			"from": [4.9, 1, 5],
			"to": [9, 16, 6],
			"rotation": {"angle": 0, "axis": "y", "origin": [7, 0, 4]},
			"faces": {
				"north": {"uv": [6, 0, 7, 3.75], "texture": "#0"},
				"east": {"uv": [9, 6, 9.25, 9.75], "texture": "#0"},
				"south": {"uv": [6, 3.75, 7, 7.5], "texture": "#0"},
				"west": {"uv": [9.25, 6, 9.5, 9.75], "texture": "#0"},
				"up": {"uv": [11.75, 8.25, 10.75, 8], "texture": "#0"},
				"down": {"uv": [11, 10.75, 10, 11], "texture": "#0"}
			}
		},
		{
			"from": [4.9, 1, 4],
			"to": [9, 13, 5],
			"rotation": {"angle": 0, "axis": "y", "origin": [7, 0, 3]},
			"faces": {
				"north": {"uv": [2, 7, 3, 10], "texture": "#0"},
				"east": {"uv": [7, 9.75, 7.25, 12.75], "texture": "#0"},
				"south": {"uv": [3, 7, 4, 10], "texture": "#0"},
				"west": {"uv": [7.25, 9.75, 7.5, 12.75], "texture": "#0"},
				"up": {"uv": [12, 4.75, 11, 4.5], "texture": "#0"},
				"down": {"uv": [12, 4.75, 11, 5], "texture": "#0"}
			}
		},
		{
			"from": [4.9, 3, 3],
			"to": [9, 10, 4],
			"rotation": {"angle": 0, "axis": "y", "origin": [7, 0, 2]},
			"faces": {
				"north": {"uv": [8, 0, 9, 1.75], "texture": "#0"},
				"east": {"uv": [3.25, 10, 3.5, 11.75], "texture": "#0"},
				"south": {"uv": [8, 1.75, 9, 3.5], "texture": "#0"},
				"west": {"uv": [3.5, 10, 3.75, 11.75], "texture": "#0"},
				"up": {"uv": [12, 5.75, 11, 5.5], "texture": "#0"},
				"down": {"uv": [12, 5.75, 11, 6], "texture": "#0"}
			}
		},
		{
			"from": [4.9, 4, 2.5],
			"to": [9, 9, 3],
			"rotation": {"angle": 0, "axis": "y", "origin": [7, 0, 1]},
			"faces": {
				"north": {"uv": [9, 0, 10, 1.25], "texture": "#0"},
				"east": {"uv": [2, 10.5, 2.25, 11.75], "texture": "#0"},
				"south": {"uv": [9, 1.25, 10, 2.5], "texture": "#0"},
				"west": {"uv": [2.25, 10.5, 2.5, 11.75], "texture": "#0"},
				"up": {"uv": [12, 6.75, 11, 6.5], "texture": "#0"},
				"down": {"uv": [12, 6.75, 11, 7], "texture": "#0"}
			}
		},
		{
			"from": [4.9, 4, 13],
			"to": [9, 9, 13.5],
			"rotation": {"angle": 0, "axis": "y", "origin": [7, 0, 11.5]},
			"faces": {
				"north": {"uv": [9, 2.5, 10, 3.75], "texture": "#0"},
				"east": {"uv": [2.5, 10.5, 2.75, 11.75], "texture": "#0"},
				"south": {"uv": [9, 3.75, 10, 5], "texture": "#0"},
				"west": {"uv": [2.75, 10.5, 3, 11.75], "texture": "#0"},
				"up": {"uv": [12, 8.75, 11, 8.5], "texture": "#0"},
				"down": {"uv": [12, 8.75, 11, 9], "texture": "#0"}
			}
		},
		{
			"from": [4.9, 3, 12],
			"to": [9, 10, 13],
			"rotation": {"angle": 0, "axis": "y", "origin": [7, 0, 11]},
			"faces": {
				"north": {"uv": [8, 3.5, 9, 5.25], "texture": "#0"},
				"east": {"uv": [3.75, 10, 4, 11.75], "texture": "#0"},
				"south": {"uv": [8, 5.25, 9, 7], "texture": "#0"},
				"west": {"uv": [10, 7, 10.25, 8.75], "texture": "#0"},
				"up": {"uv": [12, 6.25, 11, 6], "texture": "#0"},
				"down": {"uv": [12, 6.25, 11, 6.5], "texture": "#0"}
			}
		},
		{
			"from": [4.9, 1, 11],
			"to": [9, 13, 12],
			"rotation": {"angle": 0, "axis": "y", "origin": [7, 0, 10]},
			"faces": {
				"north": {"uv": [7, 3.75, 8, 6.75], "texture": "#0"},
				"east": {"uv": [7.5, 9.75, 7.75, 12.75], "texture": "#0"},
				"south": {"uv": [7, 6.75, 8, 9.75], "texture": "#0"},
				"west": {"uv": [7.75, 9.75, 8, 12.75], "texture": "#0"},
				"up": {"uv": [12, 5.25, 11, 5], "texture": "#0"},
				"down": {"uv": [12, 5.25, 11, 5.5], "texture": "#0"}
			}
		},
		{
			"from": [4.9, 1, 10],
			"to": [9, 16, 11],
			"rotation": {"angle": 0, "axis": "y", "origin": [7, 0, 9]},
			"faces": {
				"north": {"uv": [0, 7, 1, 10.75], "texture": "#0"},
				"east": {"uv": [9.5, 6, 9.75, 9.75], "texture": "#0"},
				"south": {"uv": [7, 0, 8, 3.75], "texture": "#0"},
				"west": {"uv": [9.75, 6, 10, 9.75], "texture": "#0"},
				"up": {"uv": [11.75, 10.5, 10.75, 10.25], "texture": "#0"},
				"down": {"uv": [11.75, 10.5, 10.75, 10.75], "texture": "#0"}
			}
		},
		{
			"from": [4.9, 0, 9.75],
			"to": [9, 18, 10],
			"rotation": {"angle": 0, "axis": "y", "origin": [7, 0, 8]},
			"faces": {
				"north": {"uv": [5, 0, 6, 4.5], "texture": "#0"},
				"east": {"uv": [4.5, 9, 4.75, 13.5], "texture": "#0"},
				"south": {"uv": [5, 4.5, 6, 9], "texture": "#0"},
				"west": {"uv": [4.75, 9, 5, 13.5], "texture": "#0"},
				"up": {"uv": [11.75, 7.75, 10.75, 7.5], "texture": "#0"},
				"down": {"uv": [11.75, 7.75, 10.75, 8], "texture": "#0"}
			}
		}
	]
}