{
	"format_version": "1.21.6",
	"credit": "Made with Blockbench",
	"texture_size": [64, 64],
	"textures": {
		"0": "present2",
		"particle": "present2"
	},
	"elements": [
		{
			"from": [3.25, 0, 2.25],
			"to": [11.75, 3, 12.75],
			"rotation": {"angle": 0, "axis": "y", "origin": [4, 0, 6]},
			"faces": {
				"north": {"uv": [4.5, 1.5, 6.75, 2.25], "texture": "#0"},
				"east": {"uv": [4.5, 0, 7.25, 0.75], "texture": "#0"},
				"south": {"uv": [4.5, 2.25, 6.75, 3], "texture": "#0"},
				"west": {"uv": [4.5, 0.75, 7.25, 1.5], "texture": "#0"},
				"up": {"uv": [2.25, 5.75, 0, 3], "texture": "#0"},
				"down": {"uv": [4.5, 3, 2.25, 5.75], "texture": "#0"}
			}
		},
		{
			"from": [3.25, 0, 12.75],
			"to": [11.75, 3, 13.75],
			"rotation": {"angle": 0, "axis": "y", "origin": [4, 0, 6]},
			"faces": {
				"north": {"uv": [4.5, 3, 6.75, 3.75], "texture": "#0"},
				"east": {"uv": [4.5, 6.75, 4.75, 7.5], "texture": "#0"},
				"south": {"uv": [4.5, 3.75, 6.75, 4.5], "texture": "#0"},
				"west": {"uv": [4.75, 6.75, 5, 7.5], "texture": "#0"},
				"up": {"uv": [2.25, 6.25, 0, 6], "texture": "#0"},
				"down": {"uv": [4.5, 6, 2.25, 6.25], "texture": "#0"}
			}
		},
		{
			"from": [11.74715, -0.06537, 11],
			"to": [11.99715, 2.98463, 12.75],
			"rotation": {"angle": -5, "axis": "z", "origin": [12.49715, -0.06537, 6]},
			"faces": {
				"north": {"uv": [4.25, 6.25, 4.5, 7], "texture": "#0"},
				"east": {"uv": [2.25, 6.25, 2.75, 7], "texture": "#0"},
				"south": {"uv": [2, 6.5, 2.25, 7.25], "texture": "#0"},
				"west": {"uv": [2.75, 6.25, 3.25, 7], "texture": "#0"},
				"up": {"uv": [7, 4.5, 6.75, 4], "texture": "#0"},
				"down": {"uv": [3.5, 7, 3.25, 7.5], "texture": "#0"}
			}
		},
		{
			"from": [12.01487, 3.0166, 11],
			"to": [12.26487, 4.2666, 12.75],
			"rotation": {"angle": 0, "axis": "z", "origin": [12.76487, 3.0166, 6]},
			"faces": {
				"north": {"uv": [2, 7.25, 2.25, 7.5], "texture": "#0"},
				"east": {"uv": [3.5, 7, 4, 7.25], "texture": "#0"},
				"south": {"uv": [2, 7.5, 2.25, 7.75], "texture": "#0"},
				"west": {"uv": [4, 7, 4.5, 7.25], "texture": "#0"},
				"up": {"uv": [7.25, 4.5, 7, 4], "texture": "#0"},
				"down": {"uv": [7.25, 5, 7, 5.5], "texture": "#0"}
			}
		},
		{
			"from": [2.73513, 3.0166, 11],
			"to": [2.98513, 4.2666, 12.75],
			"rotation": {"angle": 0, "axis": "z", "origin": [2.23513, 3.0166, 6]},
			"faces": {
				"north": {"uv": [3.25, 7.5, 3.5, 7.75], "texture": "#0"},
				"east": {"uv": [0.25, 7.25, 0.75, 7.5], "texture": "#0"},
				"south": {"uv": [3.5, 7.5, 3.75, 7.75], "texture": "#0"},
				"west": {"uv": [7.25, 0.5, 7.75, 0.75], "texture": "#0"},
				"up": {"uv": [1, 7.75, 0.75, 7.25], "texture": "#0"},
				"down": {"uv": [7.5, 0.75, 7.25, 1.25], "texture": "#0"}
			}
		},
		{
			"from": [3.00285, -0.06537, 11],
			"to": [3.25285, 2.98463, 12.75],
			"rotation": {"angle": 5, "axis": "z", "origin": [2.50285, -0.06537, 6]},
			"faces": {
				"north": {"uv": [5, 6.75, 5.25, 7.5], "texture": "#0"},
				"east": {"uv": [3.25, 6.25, 3.75, 7], "texture": "#0"},
				"south": {"uv": [5.25, 6.75, 5.5, 7.5], "texture": "#0"},
				"west": {"uv": [3.75, 6.25, 4.25, 7], "texture": "#0"},
				"up": {"uv": [0.25, 7.75, 0, 7.25], "texture": "#0"},
				"down": {"uv": [7.5, 0, 7.25, 0.5], "texture": "#0"}
			}
		},
		{
			"from": [8.76487, 3.0166, 14],
			"to": [10.51487, 4.2666, 14.25],
			"rotation": {"angle": 0, "axis": "z", "origin": [15.51487, 3.0166, 14.75]},
			"faces": {
				"north": {"uv": [7.25, 4.25, 7.75, 4.5], "texture": "#0"},
				"east": {"uv": [4.75, 7.5, 5, 7.75], "texture": "#0"},
				"south": {"uv": [7.25, 5, 7.75, 5.25], "texture": "#0"},
				"west": {"uv": [5, 7.5, 5.25, 7.75], "texture": "#0"},
				"up": {"uv": [7.75, 5.5, 7.25, 5.25], "texture": "#0"},
				"down": {"uv": [6, 7.25, 5.5, 7.5], "texture": "#0"}
			}
		},
		{
			"from": [8.76487, -0.06537, 13.73227],
			"to": [10.51487, 2.98463, 13.98227],
			"rotation": {"angle": 5, "axis": "x", "origin": [15.51487, -0.06537, 14.48227]},
			"faces": {
				"north": {"uv": [6, 6.5, 6.5, 7.25], "texture": "#0"},
				"east": {"uv": [2.75, 7, 3, 7.75], "texture": "#0"},
				"south": {"uv": [6.5, 6.5, 7, 7.25], "texture": "#0"},
				"west": {"uv": [3, 7, 3.25, 7.75], "texture": "#0"},
				"up": {"uv": [4.5, 7.5, 4, 7.25], "texture": "#0"},
				"down": {"uv": [7.75, 4, 7.25, 4.25], "texture": "#0"}
			}
		},
		{
			"from": [8.76487, 3.0166, 1.77025],
			"to": [10.51487, 4.2666, 2.02025],
			"rotation": {"angle": 0, "axis": "z", "origin": [15.51487, 3.0166, 1.27025]},
			"faces": {
				"north": {"uv": [7.25, 3.25, 7.75, 3.5], "texture": "#0"},
				"east": {"uv": [4.25, 7.5, 4.5, 7.75], "texture": "#0"},
				"south": {"uv": [3.5, 7.25, 4, 7.5], "texture": "#0"},
				"west": {"uv": [4.5, 7.5, 4.75, 7.75], "texture": "#0"},
				"up": {"uv": [7.75, 3.75, 7.25, 3.5], "texture": "#0"},
				"down": {"uv": [7.75, 3.75, 7.25, 4], "texture": "#0"}
			}
		},
		{
			"from": [8.76487, -0.06537, 2.03798],
			"to": [10.51487, 2.98463, 2.28798],
			"rotation": {"angle": -5, "axis": "x", "origin": [15.51487, -0.06537, 1.53798]},
			"faces": {
				"north": {"uv": [1.5, 6.5, 2, 7.25], "texture": "#0"},
				"east": {"uv": [2.25, 7, 2.5, 7.75], "texture": "#0"},
				"south": {"uv": [5.5, 6.5, 6, 7.25], "texture": "#0"},
				"west": {"uv": [2.5, 7, 2.75, 7.75], "texture": "#0"},
				"up": {"uv": [7.75, 3, 7.25, 2.75], "texture": "#0"},
				"down": {"uv": [7.75, 3, 7.25, 3.25], "texture": "#0"}
			}
		},
		{
			"from": [2.96487, 4.0166, 11],
			"to": [8.77975, 4.2666, 12.75],
			"rotation": {"angle": 0, "axis": "z", "origin": [12.51487, 3.0166, 6]},
			"faces": {
				"north": {"uv": [5.5, 6.25, 7, 6.5], "texture": "#0"},
				"east": {"uv": [7, 5.5, 7.5, 5.75], "texture": "#0"},
				"south": {"uv": [0, 6.5, 1.5, 6.75], "texture": "#0"},
				"west": {"uv": [7, 5.75, 7.5, 6], "texture": "#0"},
				"up": {"uv": [7, 5.5, 5.5, 5], "texture": "#0"},
				"down": {"uv": [7, 5.5, 5.5, 6], "texture": "#0"}
			}
		},
		{
			"from": [8.76487, 4.0166, 12.75],
			"to": [10.52975, 4.2666, 14],
			"rotation": {"angle": 0, "axis": "z", "origin": [14.26487, 3.0166, 7.75]},
			"faces": {
				"north": {"uv": [1, 7.25, 1.5, 7.5], "texture": "#0"},
				"east": {"uv": [3.75, 7.5, 4, 7.75], "texture": "#0"},
				"south": {"uv": [7.25, 1.25, 7.75, 1.5], "texture": "#0"},
				"west": {"uv": [4, 7.5, 4.25, 7.75], "texture": "#0"},
				"up": {"uv": [2, 7.5, 1.5, 7.25], "texture": "#0"},
				"down": {"uv": [7.75, 1.5, 7.25, 1.75], "texture": "#0"}
			}
		},
		{
			"from": [8.76487, 4.0166, 2],
			"to": [10.52975, 4.2666, 11],
			"rotation": {"angle": 0, "axis": "z", "origin": [14.26487, 3.0166, 7.75]},
			"faces": {
				"north": {"uv": [6, 7.25, 6.5, 7.5], "texture": "#0"},
				"east": {"uv": [5.5, 6, 7.75, 6.25], "texture": "#0"},
				"south": {"uv": [6.5, 7.25, 7, 7.5], "texture": "#0"},
				"west": {"uv": [0, 6.25, 2.25, 6.5], "texture": "#0"},
				"up": {"uv": [5, 6.75, 4.5, 4.5], "texture": "#0"},
				"down": {"uv": [5.5, 4.5, 5, 6.75], "texture": "#0"}
			}
		},
		{
			"from": [10.44462, 4.0166, 11],
			"to": [12.01487, 4.2666, 12.75],
			"rotation": {"angle": 0, "axis": "z", "origin": [12.51487, 3.0166, 6]},
			"faces": {
				"north": {"uv": [7.25, 1.75, 7.75, 2], "texture": "#0"},
				"east": {"uv": [7.25, 2, 7.75, 2.25], "texture": "#0"},
				"south": {"uv": [7.25, 2.25, 7.75, 2.5], "texture": "#0"},
				"west": {"uv": [7.25, 2.5, 7.75, 2.75], "texture": "#0"},
				"up": {"uv": [1.5, 7.25, 1, 6.75], "texture": "#0"},
				"down": {"uv": [7.25, 1.5, 6.75, 2], "texture": "#0"}
			}
		},
		{
			"from": [8.77975, 4.0166, 11],
			"to": [10.52975, 4.7666, 12.75],
			"rotation": {"angle": 0, "axis": "z", "origin": [12.51487, 3.0166, 6]},
			"faces": {
				"north": {"uv": [7, 6.25, 7.5, 6.5], "texture": "#0"},
				"east": {"uv": [7, 6.5, 7.5, 6.75], "texture": "#0"},
				"south": {"uv": [7, 6.75, 7.5, 7], "texture": "#0"},
				"west": {"uv": [7, 7, 7.5, 7.25], "texture": "#0"},
				"up": {"uv": [0.5, 7.25, 0, 6.75], "texture": "#0"},
				"down": {"uv": [1, 6.75, 0.5, 7.25], "texture": "#0"}
			}
		},
		{
			"from": [7.86487, 4.2166, 7.06487],
			"to": [9.91487, 4.8666, 9.01487],
			"rotation": {"angle": 45, "axis": "y", "origin": [14.61487, 3.0166, 10.9]},
			"faces": {
				"north": {"uv": [7, 7.25, 7.5, 7.5], "texture": "#0"},
				"east": {"uv": [7.5, 0, 8, 0.25], "texture": "#0"},
				"south": {"uv": [0.25, 7.5, 0.75, 7.75], "texture": "#0"},
				"west": {"uv": [7.5, 0.25, 8, 0.5], "texture": "#0"},
				"up": {"uv": [7.25, 2.5, 6.75, 2], "texture": "#0"},
				"down": {"uv": [7.25, 2.5, 6.75, 3], "texture": "#0"}
			}
		},
		{
			"from": [10.96487, 4.2166, 7.16487],
			"to": [13.01487, 4.8666, 9.11487],
			"rotation": {"angle": 45, "axis": "y", "origin": [14.51487, 3.0166, 11]},
			"faces": {
				"north": {"uv": [7.5, 0.75, 8, 1], "texture": "#0"},
				"east": {"uv": [1, 7.5, 1.5, 7.75], "texture": "#0"},
				"south": {"uv": [7.5, 1, 8, 1.25], "texture": "#0"},
				"west": {"uv": [1.5, 7.5, 2, 7.75], "texture": "#0"},
				"up": {"uv": [7.25, 3.5, 6.75, 3], "texture": "#0"},
				"down": {"uv": [7.25, 3.5, 6.75, 4], "texture": "#0"}
			}
		},
		{
			"from": [3, 3, 2],
			"to": [12, 4, 14],
			"rotation": {"angle": 0, "axis": "y", "origin": [4, 3, 6]},
			"faces": {
				"north": {"uv": [0, 5.75, 2.25, 6], "texture": "#0"},
				"east": {"uv": [5.5, 4.5, 8.5, 4.75], "texture": "#0"},
				"south": {"uv": [2.25, 5.75, 4.5, 6], "texture": "#0"},
				"west": {"uv": [5.5, 4.75, 8.5, 5], "texture": "#0"},
				"up": {"uv": [2.25, 3, 0, 0], "texture": "#0"},
				"down": {"uv": [4.5, 0, 2.25, 3], "texture": "#0"}
			}
		}
	]
}