{
	"format_version": "1.21.6",
	"credit": "Made with Blockbench",
	"texture_size": [128, 128],
	"textures": {
		"0": "starwarschest",
		"particle": "starwarschest"
	},
	"elements": [
		{
			"from": [-15, 0, 1],
			"to": [15, 14, 15],
			"rotation": {"angle": 0, "axis": "y", "origin": [1, 0, 1]},
			"faces": {
				"north": {"uv": [0, 0, 3.75, 1.75], "texture": "#0"},
				"east": {"uv": [3.75, 1.75, 5.5, 3.5], "texture": "#0"},
				"south": {"uv": [0, 1.75, 3.75, 3.5], "texture": "#0"},
				"west": {"uv": [3.75, 3.5, 5.5, 5.25], "texture": "#0"},
				"up": {"uv": [3.75, 5.25, 0, 3.5], "texture": "#0"},
				"down": {"uv": [7.5, 0, 3.75, 1.75], "texture": "#0"}
			}
		},
		{
			"from": [1, 0.75, 0],
			"to": [7.5, 5.5, 1],
			"rotation": {"angle": 0, "axis": "y", "origin": [0, 1, 0]},
			"faces": {
				"north": {"uv": [0.75, 7.25, 1.625, 7.875], "texture": "#0"},
				"east": {"uv": [8, 9.75, 8.125, 10.375], "texture": "#0"},
				"south": {"uv": [1.625, 7.25, 2.5, 7.875], "texture": "#0"},
				"west": {"uv": [8.125, 9.75, 8.25, 10.375], "texture": "#0"},
				"up": {"uv": [0.875, 9.25, 0, 9.125], "texture": "#0"},
				"down": {"uv": [1.75, 9.125, 0.875, 9.25], "texture": "#0"}
			}
		},
		{
			"from": [8.5, 0.75, 0],
			"to": [15, 5.5, 1],
			"rotation": {"angle": 0, "axis": "y", "origin": [8, 1, 0]},
			"faces": {
				"north": {"uv": [2.5, 7.25, 3.375, 7.875], "texture": "#0"},
				"east": {"uv": [8.25, 9.75, 8.375, 10.375], "texture": "#0"},
				"south": {"uv": [7.5, 0, 8.375, 0.625], "texture": "#0"},
				"west": {"uv": [8.375, 9.75, 8.5, 10.375], "texture": "#0"},
				"up": {"uv": [2.625, 9.25, 1.75, 9.125], "texture": "#0"},
				"down": {"uv": [3.5, 9.125, 2.625, 9.25], "texture": "#0"}
			}
		},
		{
			"from": [9.5, 5.5, 0],
			"to": [15, 6.5, 1],
			"rotation": {"angle": 0, "axis": "y", "origin": [8, 3, 0]},
			"faces": {
				"north": {"uv": [8.125, 5.125, 8.875, 5.25], "texture": "#0"},
				"east": {"uv": [5.375, 7.75, 5.5, 7.875], "texture": "#0"},
				"south": {"uv": [0, 8.25, 0.75, 8.375], "texture": "#0"},
				"west": {"uv": [10.25, 4, 10.375, 4.125], "texture": "#0"},
				"up": {"uv": [0.75, 8.5, 0, 8.375], "texture": "#0"},
				"down": {"uv": [3.375, 8.5, 2.625, 8.625], "texture": "#0"}
			}
		},
		{
			"from": [1, 5.5, 0],
			"to": [6.5, 6.5, 1],
			"rotation": {"angle": 0, "axis": "y", "origin": [-1, 3, 0]},
			"faces": {
				"north": {"uv": [2.625, 8.625, 3.375, 8.75], "texture": "#0"},
				"east": {"uv": [10.25, 7.125, 10.375, 7.25], "texture": "#0"},
				"south": {"uv": [2.625, 8.75, 3.375, 8.875], "texture": "#0"},
				"west": {"uv": [10.25, 7.25, 10.375, 7.375], "texture": "#0"},
				"up": {"uv": [3.375, 9, 2.625, 8.875], "texture": "#0"},
				"down": {"uv": [10.25, 2.75, 9.5, 2.875], "texture": "#0"}
			}
		},
		{
			"from": [9.5, 7.5, 0],
			"to": [15, 8.5, 1],
			"rotation": {"angle": 0, "axis": "y", "origin": [8, 6, 0]},
			"faces": {
				"north": {"uv": [9.5, 3.375, 10.25, 3.5], "texture": "#0"},
				"east": {"uv": [10.25, 7.625, 10.375, 7.75], "texture": "#0"},
				"south": {"uv": [9.5, 3.5, 10.25, 3.625], "texture": "#0"},
				"west": {"uv": [10.25, 7.75, 10.375, 7.875], "texture": "#0"},
				"up": {"uv": [4.375, 9.625, 3.625, 9.5], "texture": "#0"},
				"down": {"uv": [10.25, 3.625, 9.5, 3.75], "texture": "#0"}
			}
		},
		{
			"from": [1, 7.5, 0],
			"to": [6.5, 8.5, 1],
			"rotation": {"angle": 0, "axis": "y", "origin": [-1, 6, 0]},
			"faces": {
				"north": {"uv": [9.5, 2.875, 10.25, 3], "texture": "#0"},
				"east": {"uv": [10.25, 7.375, 10.375, 7.5], "texture": "#0"},
				"south": {"uv": [9.5, 3, 10.25, 3.125], "texture": "#0"},
				"west": {"uv": [10.25, 7.5, 10.375, 7.625], "texture": "#0"},
				"up": {"uv": [10.25, 3.25, 9.5, 3.125], "texture": "#0"},
				"down": {"uv": [10.25, 3.25, 9.5, 3.375], "texture": "#0"}
			}
		},
		{
			"from": [8.5, 8.5, 0],
			"to": [15, 13.25, 1],
			"rotation": {"angle": 0, "axis": "y", "origin": [8, 11, 0]},
			"faces": {
				"north": {"uv": [3.375, 7.75, 4.25, 8.375], "texture": "#0"},
				"east": {"uv": [2.125, 10, 2.25, 10.625], "texture": "#0"},
				"south": {"uv": [4.25, 7.75, 5.125, 8.375], "texture": "#0"},
				"west": {"uv": [2.25, 10, 2.375, 10.625], "texture": "#0"},
				"up": {"uv": [6.125, 9.25, 5.25, 9.125], "texture": "#0"},
				"down": {"uv": [7, 9.125, 6.125, 9.25], "texture": "#0"}
			}
		},
		{
			"from": [7, 6, 0],
			"to": [9, 8, 1],
			"rotation": {"angle": 0, "axis": "y", "origin": [2, 6, 0]},
			"faces": {
				"north": {"uv": [6.75, 5.25, 7, 5.5], "texture": "#0"},
				"east": {"uv": [3.375, 7.25, 3.5, 7.5], "texture": "#0"},
				"south": {"uv": [6.75, 5.5, 7, 5.75], "texture": "#0"},
				"west": {"uv": [3.375, 7.5, 3.5, 7.75], "texture": "#0"},
				"up": {"uv": [5.375, 7.875, 5.125, 7.75], "texture": "#0"},
				"down": {"uv": [4.875, 9, 4.625, 9.125], "texture": "#0"}
			}
		},
		{
			"from": [1, 8.5, 0],
			"to": [7.5, 13.25, 1],
			"rotation": {"angle": 0, "axis": "y", "origin": [0, 11, 0]},
			"faces": {
				"north": {"uv": [7.5, 0.625, 8.375, 1.25], "texture": "#0"},
				"east": {"uv": [1.875, 10, 2, 10.625], "texture": "#0"},
				"south": {"uv": [7.5, 6.5, 8.375, 7.125], "texture": "#0"},
				"west": {"uv": [2, 10, 2.125, 10.625], "texture": "#0"},
				"up": {"uv": [4.375, 9.25, 3.5, 9.125], "texture": "#0"},
				"down": {"uv": [5.25, 9.125, 4.375, 9.25], "texture": "#0"}
			}
		},
		{
			"from": [-15, 8.5, 0],
			"to": [-7.5, 13.25, 1],
			"rotation": {"angle": 0, "axis": "y", "origin": [-15, 11, 0]},
			"faces": {
				"north": {"uv": [5.5, 6.5, 6.5, 7.125], "texture": "#0"},
				"east": {"uv": [6.5, 10, 6.625, 10.625], "texture": "#0"},
				"south": {"uv": [6.5, 6.5, 7.5, 7.125], "texture": "#0"},
				"west": {"uv": [6.625, 10, 6.75, 10.625], "texture": "#0"},
				"up": {"uv": [8.5, 1.625, 7.5, 1.5], "texture": "#0"},
				"down": {"uv": [8.5, 1.625, 7.5, 1.75], "texture": "#0"}
			}
		},
		{
			"from": [-6.5, 8.5, 0],
			"to": [0, 13.25, 1],
			"rotation": {"angle": 0, "axis": "y", "origin": [-7, 11, 0]},
			"faces": {
				"north": {"uv": [0.875, 8.5, 1.75, 9.125], "texture": "#0"},
				"east": {"uv": [6.25, 10, 6.375, 10.625], "texture": "#0"},
				"south": {"uv": [1.75, 8.5, 2.625, 9.125], "texture": "#0"},
				"west": {"uv": [6.375, 10, 6.5, 10.625], "texture": "#0"},
				"up": {"uv": [6.25, 9.375, 5.375, 9.25], "texture": "#0"},
				"down": {"uv": [7.125, 9.25, 6.25, 9.375], "texture": "#0"}
			}
		},
		{
			"from": [-15, 7.5, 0],
			"to": [-8.5, 8.5, 1],
			"rotation": {"angle": 0, "axis": "y", "origin": [-16, 6, 0]},
			"faces": {
				"north": {"uv": [1.875, 9.25, 2.75, 9.375], "texture": "#0"},
				"east": {"uv": [0.25, 10.375, 0.375, 10.5], "texture": "#0"},
				"south": {"uv": [2.75, 9.25, 3.625, 9.375], "texture": "#0"},
				"west": {"uv": [10.375, 0.25, 10.5, 0.375], "texture": "#0"},
				"up": {"uv": [4.5, 9.375, 3.625, 9.25], "texture": "#0"},
				"down": {"uv": [5.375, 9.25, 4.5, 9.375], "texture": "#0"}
			}
		},
		{
			"from": [-5.5, 7.5, 0],
			"to": [0, 8.5, 1],
			"rotation": {"angle": 0, "axis": "y", "origin": [-7, 6, 0]},
			"faces": {
				"north": {"uv": [7, 9.625, 7.75, 9.75], "texture": "#0"},
				"east": {"uv": [0.375, 10.375, 0.5, 10.5], "texture": "#0"},
				"south": {"uv": [7.75, 9.625, 8.5, 9.75], "texture": "#0"},
				"west": {"uv": [10.375, 0.375, 10.5, 0.5], "texture": "#0"},
				"up": {"uv": [9.375, 9.75, 8.625, 9.625], "texture": "#0"},
				"down": {"uv": [10.375, 9.125, 9.625, 9.25], "texture": "#0"}
			}
		},
		{
			"from": [-8, 6, 0],
			"to": [-6, 8, 1],
			"rotation": {"angle": 0, "axis": "y", "origin": [-13, 6, 0]},
			"faces": {
				"north": {"uv": [9.875, 10, 10.125, 10.25], "texture": "#0"},
				"east": {"uv": [1.625, 10.125, 1.75, 10.375], "texture": "#0"},
				"south": {"uv": [10.125, 0, 10.375, 0.25], "texture": "#0"},
				"west": {"uv": [1.75, 10.125, 1.875, 10.375], "texture": "#0"},
				"up": {"uv": [10.375, 1.25, 10.125, 1.125], "texture": "#0"},
				"down": {"uv": [10.375, 6.5, 10.125, 6.625], "texture": "#0"}
			}
		},
		{
			"from": [-15, 0.75, 0],
			"to": [-7.5, 5.5, 1],
			"rotation": {"angle": 0, "axis": "y", "origin": [-15, 1, 0]},
			"faces": {
				"north": {"uv": [3.5, 6.5, 4.5, 7.125], "texture": "#0"},
				"east": {"uv": [6, 10, 6.125, 10.625], "texture": "#0"},
				"south": {"uv": [4.5, 6.5, 5.5, 7.125], "texture": "#0"},
				"west": {"uv": [6.125, 10, 6.25, 10.625], "texture": "#0"},
				"up": {"uv": [8.5, 1.375, 7.5, 1.25], "texture": "#0"},
				"down": {"uv": [8.5, 1.375, 7.5, 1.5], "texture": "#0"}
			}
		},
		{
			"from": [-15, 5.5, 0],
			"to": [-8.5, 6.5, 1],
			"rotation": {"angle": 0, "axis": "y", "origin": [-16, 3, 0]},
			"faces": {
				"north": {"uv": [9.25, 0.75, 10.125, 0.875], "texture": "#0"},
				"east": {"uv": [0.125, 10.375, 0.25, 10.5], "texture": "#0"},
				"south": {"uv": [9.25, 0.875, 10.125, 1], "texture": "#0"},
				"west": {"uv": [10.375, 0.125, 10.5, 0.25], "texture": "#0"},
				"up": {"uv": [10.125, 1.125, 9.25, 1], "texture": "#0"},
				"down": {"uv": [10.125, 1.125, 9.25, 1.25], "texture": "#0"}
			}
		},
		{
			"from": [-5.5, 5.5, 0],
			"to": [0, 6.5, 1],
			"rotation": {"angle": 0, "axis": "y", "origin": [-7, 3, 0]},
			"faces": {
				"north": {"uv": [2.625, 9.625, 3.375, 9.75], "texture": "#0"},
				"east": {"uv": [0, 10.375, 0.125, 10.5], "texture": "#0"},
				"south": {"uv": [3.375, 9.625, 4.125, 9.75], "texture": "#0"},
				"west": {"uv": [10.375, 0, 10.5, 0.125], "texture": "#0"},
				"up": {"uv": [6.25, 9.75, 5.5, 9.625], "texture": "#0"},
				"down": {"uv": [7, 9.625, 6.25, 9.75], "texture": "#0"}
			}
		},
		{
			"from": [-6.5, 0.75, 0],
			"to": [0, 5.5, 1],
			"rotation": {"angle": 0, "axis": "y", "origin": [-7, 1, 0]},
			"faces": {
				"north": {"uv": [7.75, 8.375, 8.625, 9], "texture": "#0"},
				"east": {"uv": [5.75, 10, 5.875, 10.625], "texture": "#0"},
				"south": {"uv": [0, 8.5, 0.875, 9.125], "texture": "#0"},
				"west": {"uv": [5.875, 10, 6, 10.625], "texture": "#0"},
				"up": {"uv": [10.125, 0.625, 9.25, 0.5], "texture": "#0"},
				"down": {"uv": [10.125, 0.625, 9.25, 0.75], "texture": "#0"}
			}
		},
		{
			"from": [-14.25, 14, 9.5],
			"to": [-7.5, 15, 14.25],
			"rotation": {"angle": 0, "axis": "y", "origin": [-15, 15, 12]},
			"faces": {
				"north": {"uv": [8.5, 1.625, 7.5, 1.75], "rotation": 180, "texture": "#0"},
				"east": {"uv": [6.5, 10, 6.625, 10.625], "rotation": 270, "texture": "#0"},
				"south": {"uv": [8.5, 1.625, 7.5, 1.5], "texture": "#0"},
				"west": {"uv": [6.625, 10, 6.75, 10.625], "rotation": 90, "texture": "#0"},
				"up": {"uv": [5.5, 6.5, 6.5, 7.125], "rotation": 180, "texture": "#0"},
				"down": {"uv": [6.5, 6.5, 7.5, 7.125], "texture": "#0"}
			}
		},
		{
			"from": [-6.5, 14, 9.5],
			"to": [0, 15, 14.25],
			"rotation": {"angle": 0, "axis": "y", "origin": [-7, 15, 12]},
			"faces": {
				"north": {"uv": [7.125, 9.25, 6.25, 9.375], "rotation": 180, "texture": "#0"},
				"east": {"uv": [6.25, 10, 6.375, 10.625], "rotation": 270, "texture": "#0"},
				"south": {"uv": [6.25, 9.375, 5.375, 9.25], "texture": "#0"},
				"west": {"uv": [6.375, 10, 6.5, 10.625], "rotation": 90, "texture": "#0"},
				"up": {"uv": [0.875, 8.5, 1.75, 9.125], "rotation": 180, "texture": "#0"},
				"down": {"uv": [1.75, 8.5, 2.625, 9.125], "texture": "#0"}
			}
		},
		{
			"from": [-5.5, 14, 8.5],
			"to": [0, 15, 9.5],
			"rotation": {"angle": 0, "axis": "y", "origin": [-7, 15, 7]},
			"faces": {
				"north": {"uv": [10.375, 9.125, 9.625, 9.25], "rotation": 180, "texture": "#0"},
				"east": {"uv": [0.375, 10.375, 0.5, 10.5], "rotation": 270, "texture": "#0"},
				"south": {"uv": [9.375, 9.75, 8.625, 9.625], "texture": "#0"},
				"west": {"uv": [10.375, 0.375, 10.5, 0.5], "rotation": 90, "texture": "#0"},
				"up": {"uv": [7, 9.625, 7.75, 9.75], "rotation": 180, "texture": "#0"},
				"down": {"uv": [7.75, 9.625, 8.5, 9.75], "texture": "#0"}
			}
		},
		{
			"from": [-14.25, 14, 8.5],
			"to": [-8.5, 15, 9.5],
			"rotation": {"angle": 0, "axis": "y", "origin": [-16, 15, 7]},
			"faces": {
				"north": {"uv": [5.375, 9.25, 4.5, 9.375], "rotation": 180, "texture": "#0"},
				"east": {"uv": [0.25, 10.375, 0.375, 10.5], "rotation": 270, "texture": "#0"},
				"south": {"uv": [4.5, 9.375, 3.625, 9.25], "texture": "#0"},
				"west": {"uv": [10.375, 0.25, 10.5, 0.375], "rotation": 90, "texture": "#0"},
				"up": {"uv": [1.875, 9.25, 2.75, 9.375], "rotation": 180, "texture": "#0"},
				"down": {"uv": [2.75, 9.25, 3.625, 9.375], "texture": "#0"}
			}
		},
		{
			"from": [-8, 14, 7],
			"to": [-6, 15, 9],
			"rotation": {"angle": 0, "axis": "y", "origin": [-13, 15, 7]},
			"faces": {
				"north": {"uv": [10.375, 6.5, 10.125, 6.625], "rotation": 180, "texture": "#0"},
				"east": {"uv": [1.625, 10.125, 1.75, 10.375], "rotation": 270, "texture": "#0"},
				"south": {"uv": [10.375, 1.25, 10.125, 1.125], "texture": "#0"},
				"west": {"uv": [1.75, 10.125, 1.875, 10.375], "rotation": 90, "texture": "#0"},
				"up": {"uv": [9.875, 10, 10.125, 10.25], "rotation": 180, "texture": "#0"},
				"down": {"uv": [10.125, 0, 10.375, 0.25], "texture": "#0"}
			}
		},
		{
			"from": [-6.5, 14, 1.75],
			"to": [0, 15, 6.5],
			"rotation": {"angle": 0, "axis": "y", "origin": [-7, 15, 2]},
			"faces": {
				"north": {"uv": [10.125, 0.625, 9.25, 0.75], "rotation": 180, "texture": "#0"},
				"east": {"uv": [5.75, 10, 5.875, 10.625], "rotation": 270, "texture": "#0"},
				"south": {"uv": [10.125, 0.625, 9.25, 0.5], "texture": "#0"},
				"west": {"uv": [5.875, 10, 6, 10.625], "rotation": 90, "texture": "#0"},
				"up": {"uv": [7.75, 8.375, 8.625, 9], "rotation": 180, "texture": "#0"},
				"down": {"uv": [0, 8.5, 0.875, 9.125], "texture": "#0"}
			}
		},
		{
			"from": [-14.25, 14, 1.75],
			"to": [-7.5, 15, 6.5],
			"rotation": {"angle": 0, "axis": "y", "origin": [-15, 15, 2]},
			"faces": {
				"north": {"uv": [8.5, 1.375, 7.5, 1.5], "rotation": 180, "texture": "#0"},
				"east": {"uv": [6, 10, 6.125, 10.625], "rotation": 270, "texture": "#0"},
				"south": {"uv": [8.5, 1.375, 7.5, 1.25], "texture": "#0"},
				"west": {"uv": [6.125, 10, 6.25, 10.625], "rotation": 90, "texture": "#0"},
				"up": {"uv": [3.5, 6.5, 4.5, 7.125], "rotation": 180, "texture": "#0"},
				"down": {"uv": [4.5, 6.5, 5.5, 7.125], "texture": "#0"}
			}
		},
		{
			"from": [-5.5, 14, 6.5],
			"to": [0, 15, 7.5],
			"rotation": {"angle": 0, "axis": "y", "origin": [-7, 15, 4]},
			"faces": {
				"north": {"uv": [7, 9.625, 6.25, 9.75], "rotation": 180, "texture": "#0"},
				"east": {"uv": [0, 10.375, 0.125, 10.5], "rotation": 270, "texture": "#0"},
				"south": {"uv": [6.25, 9.75, 5.5, 9.625], "texture": "#0"},
				"west": {"uv": [10.375, 0, 10.5, 0.125], "rotation": 90, "texture": "#0"},
				"up": {"uv": [2.625, 9.625, 3.375, 9.75], "rotation": 180, "texture": "#0"},
				"down": {"uv": [3.375, 9.625, 4.125, 9.75], "texture": "#0"}
			}
		},
		{
			"from": [-14.25, 14, 6.5],
			"to": [-8.5, 15, 7.5],
			"rotation": {"angle": 0, "axis": "y", "origin": [-16, 15, 4]},
			"faces": {
				"north": {"uv": [10.125, 1.125, 9.25, 1.25], "rotation": 180, "texture": "#0"},
				"east": {"uv": [0.125, 10.375, 0.25, 10.5], "rotation": 270, "texture": "#0"},
				"south": {"uv": [10.125, 1.125, 9.25, 1], "texture": "#0"},
				"west": {"uv": [10.375, 0.125, 10.5, 0.25], "rotation": 90, "texture": "#0"},
				"up": {"uv": [9.25, 0.75, 10.125, 0.875], "rotation": 180, "texture": "#0"},
				"down": {"uv": [9.25, 0.875, 10.125, 1], "texture": "#0"}
			}
		},
		{
			"from": [1, 14, 9.5],
			"to": [7.5, 15, 14.25],
			"rotation": {"angle": 0, "axis": "y", "origin": [0, 15, 12]},
			"faces": {
				"north": {"uv": [5.25, 9.125, 4.375, 9.25], "rotation": 180, "texture": "#0"},
				"east": {"uv": [1.875, 10, 2, 10.625], "rotation": 270, "texture": "#0"},
				"south": {"uv": [4.375, 9.25, 3.5, 9.125], "texture": "#0"},
				"west": {"uv": [2, 10, 2.125, 10.625], "rotation": 90, "texture": "#0"},
				"up": {"uv": [7.5, 0.625, 8.375, 1.25], "rotation": 180, "texture": "#0"},
				"down": {"uv": [7.5, 6.5, 8.375, 7.125], "texture": "#0"}
			}
		},
		{
			"from": [8.5, 14, 9.5],
			"to": [14.25, 15, 14.25],
			"rotation": {"angle": 0, "axis": "y", "origin": [8, 15, 12]},
			"faces": {
				"north": {"uv": [7, 9.125, 6.125, 9.25], "rotation": 180, "texture": "#0"},
				"east": {"uv": [2.125, 10, 2.25, 10.625], "rotation": 270, "texture": "#0"},
				"south": {"uv": [6.125, 9.25, 5.25, 9.125], "texture": "#0"},
				"west": {"uv": [2.25, 10, 2.375, 10.625], "rotation": 90, "texture": "#0"},
				"up": {"uv": [3.375, 7.75, 4.25, 8.375], "rotation": 180, "texture": "#0"},
				"down": {"uv": [4.25, 7.75, 5.125, 8.375], "texture": "#0"}
			}
		},
		{
			"from": [9.5, 14, 8.5],
			"to": [14.25, 15, 9.5],
			"rotation": {"angle": 0, "axis": "y", "origin": [8, 15, 7]},
			"faces": {
				"north": {"uv": [10.25, 3.625, 9.5, 3.75], "rotation": 180, "texture": "#0"},
				"east": {"uv": [10.25, 7.625, 10.375, 7.75], "rotation": 270, "texture": "#0"},
				"south": {"uv": [4.375, 9.625, 3.625, 9.5], "texture": "#0"},
				"west": {"uv": [10.25, 7.75, 10.375, 7.875], "rotation": 90, "texture": "#0"},
				"up": {"uv": [9.5, 3.375, 10.25, 3.5], "rotation": 180, "texture": "#0"},
				"down": {"uv": [9.5, 3.5, 10.25, 3.625], "texture": "#0"}
			}
		},
		{
			"from": [1, 14, 8.5],
			"to": [6.5, 15, 9.5],
			"rotation": {"angle": 0, "axis": "y", "origin": [-1, 15, 7]},
			"faces": {
				"north": {"uv": [10.25, 3.25, 9.5, 3.375], "rotation": 180, "texture": "#0"},
				"east": {"uv": [10.25, 7.375, 10.375, 7.5], "rotation": 270, "texture": "#0"},
				"south": {"uv": [10.25, 3.25, 9.5, 3.125], "texture": "#0"},
				"west": {"uv": [10.25, 7.5, 10.375, 7.625], "rotation": 90, "texture": "#0"},
				"up": {"uv": [9.5, 2.875, 10.25, 3], "rotation": 180, "texture": "#0"},
				"down": {"uv": [9.5, 3, 10.25, 3.125], "texture": "#0"}
			}
		},
		{
			"from": [7, 14, 7],
			"to": [9, 15, 9],
			"rotation": {"angle": 0, "axis": "y", "origin": [2, 15, 7]},
			"faces": {
				"north": {"uv": [4.875, 9, 4.625, 9.125], "rotation": 180, "texture": "#0"},
				"east": {"uv": [3.375, 7.25, 3.5, 7.5], "rotation": 270, "texture": "#0"},
				"south": {"uv": [5.375, 7.875, 5.125, 7.75], "texture": "#0"},
				"west": {"uv": [3.375, 7.5, 3.5, 7.75], "rotation": 90, "texture": "#0"},
				"up": {"uv": [6.75, 5.25, 7, 5.5], "rotation": 180, "texture": "#0"},
				"down": {"uv": [6.75, 5.5, 7, 5.75], "texture": "#0"}
			}
		},
		{
			"from": [9.5, 14, 6.5],
			"to": [14.25, 15, 7.5],
			"rotation": {"angle": 0, "axis": "y", "origin": [8, 15, 4]},
			"faces": {
				"north": {"uv": [3.375, 8.5, 2.625, 8.625], "rotation": 180, "texture": "#0"},
				"east": {"uv": [5.375, 7.75, 5.5, 7.875], "rotation": 270, "texture": "#0"},
				"south": {"uv": [0.75, 8.5, 0, 8.375], "texture": "#0"},
				"west": {"uv": [10.25, 4, 10.375, 4.125], "rotation": 90, "texture": "#0"},
				"up": {"uv": [8.125, 5.125, 8.875, 5.25], "rotation": 180, "texture": "#0"},
				"down": {"uv": [0, 8.25, 0.75, 8.375], "texture": "#0"}
			}
		},
		{
			"from": [8.5, 14, 1.75],
			"to": [14.25, 15, 6.5],
			"rotation": {"angle": 0, "axis": "y", "origin": [8, 15, 2]},
			"faces": {
				"north": {"uv": [3.5, 9.125, 2.625, 9.25], "rotation": 180, "texture": "#0"},
				"east": {"uv": [8.25, 9.75, 8.375, 10.375], "rotation": 270, "texture": "#0"},
				"south": {"uv": [2.625, 9.25, 1.75, 9.125], "texture": "#0"},
				"west": {"uv": [8.375, 9.75, 8.5, 10.375], "rotation": 90, "texture": "#0"},
				"up": {"uv": [2.5, 7.25, 3.375, 7.875], "rotation": 180, "texture": "#0"},
				"down": {"uv": [7.5, 0, 8.375, 0.625], "texture": "#0"}
			}
		},
		{
			"from": [1, 14, 1.75],
			"to": [7.5, 15, 6.5],
			"rotation": {"angle": 0, "axis": "y", "origin": [0, 15, 2]},
			"faces": {
				"north": {"uv": [1.75, 9.125, 0.875, 9.25], "rotation": 180, "texture": "#0"},
				"east": {"uv": [8, 9.75, 8.125, 10.375], "rotation": 270, "texture": "#0"},
				"south": {"uv": [0.875, 9.25, 0, 9.125], "texture": "#0"},
				"west": {"uv": [8.125, 9.75, 8.25, 10.375], "rotation": 90, "texture": "#0"},
				"up": {"uv": [0.75, 7.25, 1.625, 7.875], "rotation": 180, "texture": "#0"},
				"down": {"uv": [1.625, 7.25, 2.5, 7.875], "texture": "#0"}
			}
		},
		{
			"from": [1, 14, 6.5],
			"to": [6.5, 15, 7.5],
			"rotation": {"angle": 0, "axis": "y", "origin": [-1, 15, 4]},
			"faces": {
				"north": {"uv": [10.25, 2.75, 9.5, 2.875], "rotation": 180, "texture": "#0"},
				"east": {"uv": [10.25, 7.125, 10.375, 7.25], "rotation": 270, "texture": "#0"},
				"south": {"uv": [3.375, 9, 2.625, 8.875], "texture": "#0"},
				"west": {"uv": [10.25, 7.25, 10.375, 7.375], "rotation": 90, "texture": "#0"},
				"up": {"uv": [2.625, 8.625, 3.375, 8.75], "rotation": 180, "texture": "#0"},
				"down": {"uv": [2.625, 8.75, 3.375, 8.875], "texture": "#0"}
			}
		},
		{
			"from": [-15, 8.5, 15],
			"to": [-7.5, 13.25, 16],
			"rotation": {"angle": 0, "axis": "y", "origin": [-15, 11, 15]},
			"faces": {
				"north": {"uv": [3.5, 7.125, 4.5, 7.75], "texture": "#0"},
				"east": {"uv": [7.75, 10, 7.875, 10.625], "texture": "#0"},
				"south": {"uv": [4.5, 7.125, 5.5, 7.75], "texture": "#0"},
				"west": {"uv": [7.875, 10, 8, 10.625], "texture": "#0"},
				"up": {"uv": [8.75, 9.125, 7.75, 9], "texture": "#0"},
				"down": {"uv": [9.75, 9, 8.75, 9.125], "texture": "#0"}
			}
		},
		{
			"from": [-6.5, 8.5, 15],
			"to": [0, 13.25, 16],
			"rotation": {"angle": 0, "axis": "y", "origin": [-7, 11, 15]},
			"faces": {
				"north": {"uv": [6.875, 8.5, 7.75, 9.125], "texture": "#0"},
				"east": {"uv": [7.5, 10, 7.625, 10.625], "texture": "#0"},
				"south": {"uv": [8.625, 2.25, 9.5, 2.875], "texture": "#0"},
				"west": {"uv": [7.625, 10, 7.75, 10.625], "texture": "#0"},
				"up": {"uv": [3.625, 9.5, 2.75, 9.375], "texture": "#0"},
				"down": {"uv": [4.5, 9.375, 3.625, 9.5], "texture": "#0"}
			}
		},
		{
			"from": [-5.5, 7.5, 15],
			"to": [0, 8.5, 16],
			"rotation": {"angle": 0, "axis": "y", "origin": [-7, 6, 15]},
			"faces": {
				"north": {"uv": [9.75, 1.5, 10.5, 1.625], "texture": "#0"},
				"east": {"uv": [0.875, 10.375, 1, 10.5], "texture": "#0"},
				"south": {"uv": [9.75, 1.625, 10.5, 1.75], "texture": "#0"},
				"west": {"uv": [10.375, 0.875, 10.5, 1], "texture": "#0"},
				"up": {"uv": [10.5, 1.875, 9.75, 1.75], "texture": "#0"},
				"down": {"uv": [2.625, 9.75, 1.875, 9.875], "texture": "#0"}
			}
		},
		{
			"from": [-15, 7.5, 15],
			"to": [-8.5, 8.5, 16],
			"rotation": {"angle": 0, "axis": "y", "origin": [-16, 6, 15]},
			"faces": {
				"north": {"uv": [8, 9.25, 8.875, 9.375], "texture": "#0"},
				"east": {"uv": [0.75, 10.375, 0.875, 10.5], "texture": "#0"},
				"south": {"uv": [8.875, 9.25, 9.75, 9.375], "texture": "#0"},
				"west": {"uv": [10.375, 0.75, 10.5, 0.875], "texture": "#0"},
				"up": {"uv": [0.875, 9.5, 0, 9.375], "texture": "#0"},
				"down": {"uv": [2.75, 9.375, 1.875, 9.5], "texture": "#0"}
			}
		},
		{
			"from": [-8, 6, 15],
			"to": [-6, 8, 16],
			"rotation": {"angle": 0, "axis": "y", "origin": [-13, 6, 15]},
			"faces": {
				"north": {"uv": [10.125, 0.25, 10.375, 0.5], "texture": "#0"},
				"east": {"uv": [10.125, 6.625, 10.25, 6.875], "texture": "#0"},
				"south": {"uv": [10.125, 0.5, 10.375, 0.75], "texture": "#0"},
				"west": {"uv": [10.125, 6.875, 10.25, 7.125], "texture": "#0"},
				"up": {"uv": [10.375, 10.125, 10.125, 10], "texture": "#0"},
				"down": {"uv": [10.375, 10.125, 10.125, 10.25], "texture": "#0"}
			}
		},
		{
			"from": [-15, 0.75, 15],
			"to": [-7.5, 5.5, 16],
			"rotation": {"angle": 0, "axis": "y", "origin": [-15, 1, 15]},
			"faces": {
				"north": {"uv": [7, 5.25, 8, 5.875], "texture": "#0"},
				"east": {"uv": [7.25, 10, 7.375, 10.625], "texture": "#0"},
				"south": {"uv": [7, 5.875, 8, 6.5], "texture": "#0"},
				"west": {"uv": [7.375, 10, 7.5, 10.625], "texture": "#0"},
				"up": {"uv": [3.625, 9.125, 2.625, 9], "texture": "#0"},
				"down": {"uv": [4.625, 9, 3.625, 9.125], "texture": "#0"}
			}
		},
		{
			"from": [-15, 5.5, 15],
			"to": [-8.5, 6.5, 16],
			"rotation": {"angle": 0, "axis": "y", "origin": [-16, 3, 15]},
			"faces": {
				"north": {"uv": [9.25, 6.75, 10.125, 6.875], "texture": "#0"},
				"east": {"uv": [0.625, 10.375, 0.75, 10.5], "texture": "#0"},
				"south": {"uv": [9.25, 6.875, 10.125, 7], "texture": "#0"},
				"west": {"uv": [10.375, 0.625, 10.5, 0.75], "texture": "#0"},
				"up": {"uv": [10.125, 7.125, 9.25, 7], "texture": "#0"},
				"down": {"uv": [8, 9.25, 7.125, 9.375], "texture": "#0"}
			}
		},
		{
			"from": [-5.5, 5.5, 15],
			"to": [0, 6.5, 16],
			"rotation": {"angle": 0, "axis": "y", "origin": [-7, 3, 15]},
			"faces": {
				"north": {"uv": [9.625, 9.5, 10.375, 9.625], "texture": "#0"},
				"east": {"uv": [0.5, 10.375, 0.625, 10.5], "texture": "#0"},
				"south": {"uv": [9.625, 9.625, 10.375, 9.75], "texture": "#0"},
				"west": {"uv": [10.375, 0.5, 10.5, 0.625], "texture": "#0"},
				"up": {"uv": [10.5, 1.375, 9.75, 1.25], "texture": "#0"},
				"down": {"uv": [10.5, 1.375, 9.75, 1.5], "texture": "#0"}
			}
		},
		{
			"from": [-6.5, 0.75, 15],
			"to": [0, 5.5, 16],
			"rotation": {"angle": 0, "axis": "y", "origin": [-7, 1, 15]},
			"faces": {
				"north": {"uv": [5.125, 8.5, 6, 9.125], "texture": "#0"},
				"east": {"uv": [6.75, 10, 6.875, 10.625], "texture": "#0"},
				"south": {"uv": [6, 8.5, 6.875, 9.125], "texture": "#0"},
				"west": {"uv": [6.875, 10, 7, 10.625], "texture": "#0"},
				"up": {"uv": [10.125, 6.625, 9.25, 6.5], "texture": "#0"},
				"down": {"uv": [10.125, 6.625, 9.25, 6.75], "texture": "#0"}
			}
		},
		{
			"from": [1, 0.75, 15],
			"to": [7.5, 5.5, 16],
			"rotation": {"angle": 0, "axis": "y", "origin": [0, 1, 15]},
			"faces": {
				"north": {"uv": [6, 7.875, 6.875, 8.5], "texture": "#0"},
				"east": {"uv": [3.125, 10, 3.25, 10.625], "texture": "#0"},
				"south": {"uv": [6.875, 7.875, 7.75, 8.5], "texture": "#0"},
				"west": {"uv": [3.25, 10, 3.375, 10.625], "texture": "#0"},
				"up": {"uv": [10.125, 0.375, 9.25, 0.25], "texture": "#0"},
				"down": {"uv": [10.125, 0.375, 9.25, 0.5], "texture": "#0"}
			}
		},
		{
			"from": [8.5, 0.75, 15],
			"to": [15, 5.5, 16],
			"rotation": {"angle": 0, "axis": "y", "origin": [8, 1, 15]},
			"faces": {
				"north": {"uv": [2.5, 7.875, 3.375, 8.5], "texture": "#0"},
				"east": {"uv": [2.875, 10, 3, 10.625], "texture": "#0"},
				"south": {"uv": [5.125, 7.875, 6, 8.5], "texture": "#0"},
				"west": {"uv": [3, 10, 3.125, 10.625], "texture": "#0"},
				"up": {"uv": [10.125, 0.125, 9.25, 0], "texture": "#0"},
				"down": {"uv": [10.125, 0.125, 9.25, 0.25], "texture": "#0"}
			}
		},
		{
			"from": [1, 8.5, 15],
			"to": [7.5, 13.25, 16],
			"rotation": {"angle": 0, "axis": "y", "origin": [0, 11, 15]},
			"faces": {
				"north": {"uv": [0.75, 7.875, 1.625, 8.5], "texture": "#0"},
				"east": {"uv": [2.625, 10, 2.75, 10.625], "texture": "#0"},
				"south": {"uv": [1.625, 7.875, 2.5, 8.5], "texture": "#0"},
				"west": {"uv": [2.75, 10, 2.875, 10.625], "texture": "#0"},
				"up": {"uv": [9.625, 9.25, 8.75, 9.125], "texture": "#0"},
				"down": {"uv": [0.875, 9.25, 0, 9.375], "texture": "#0"}
			}
		},
		{
			"from": [8.5, 8.5, 15],
			"to": [15, 13.25, 16],
			"rotation": {"angle": 0, "axis": "y", "origin": [8, 11, 15]},
			"faces": {
				"north": {"uv": [7.75, 7.125, 8.625, 7.75], "texture": "#0"},
				"east": {"uv": [2.375, 10, 2.5, 10.625], "texture": "#0"},
				"south": {"uv": [7.75, 7.75, 8.625, 8.375], "texture": "#0"},
				"west": {"uv": [2.5, 10, 2.625, 10.625], "texture": "#0"},
				"up": {"uv": [7.875, 9.25, 7, 9.125], "texture": "#0"},
				"down": {"uv": [8.75, 9.125, 7.875, 9.25], "texture": "#0"}
			}
		},
		{
			"from": [7, 6, 15],
			"to": [9, 8, 16],
			"rotation": {"angle": 0, "axis": "y", "origin": [2, 6, 15]},
			"faces": {
				"north": {"uv": [0.5, 8, 0.75, 8.25], "texture": "#0"},
				"east": {"uv": [8.75, 1.25, 8.875, 1.5], "texture": "#0"},
				"south": {"uv": [8.5, 1.25, 8.75, 1.5], "texture": "#0"},
				"west": {"uv": [8.75, 1.5, 8.875, 1.75], "texture": "#0"},
				"up": {"uv": [5.125, 9.125, 4.875, 9], "texture": "#0"},
				"down": {"uv": [10.375, 1, 10.125, 1.125], "texture": "#0"}
			}
		},
		{
			"from": [9.5, 5.5, 15],
			"to": [15, 6.5, 16],
			"rotation": {"angle": 0, "axis": "y", "origin": [8, 3, 15]},
			"faces": {
				"north": {"uv": [9.5, 7.75, 10.25, 7.875], "texture": "#0"},
				"east": {"uv": [10.25, 8.5, 10.375, 8.625], "texture": "#0"},
				"south": {"uv": [9.5, 7.875, 10.25, 8], "texture": "#0"},
				"west": {"uv": [10.25, 8.625, 10.375, 8.75], "texture": "#0"},
				"up": {"uv": [10.25, 8.125, 9.5, 8], "texture": "#0"},
				"down": {"uv": [10.25, 8.125, 9.5, 8.25], "texture": "#0"}
			}
		},
		{
			"from": [1, 5.5, 15],
			"to": [6.5, 6.5, 16],
			"rotation": {"angle": 0, "axis": "y", "origin": [-1, 3, 15]},
			"faces": {
				"north": {"uv": [9.5, 7.375, 10.25, 7.5], "texture": "#0"},
				"east": {"uv": [10.25, 8.375, 10.375, 8.5], "texture": "#0"},
				"south": {"uv": [9.5, 7.5, 10.25, 7.625], "texture": "#0"},
				"west": {"uv": [8.5, 10.25, 8.625, 10.375], "texture": "#0"},
				"up": {"uv": [10.25, 7.75, 9.5, 7.625], "texture": "#0"},
				"down": {"uv": [8.5, 9.5, 7.75, 9.625], "texture": "#0"}
			}
		},
		{
			"from": [1, 7.5, 15],
			"to": [6.5, 8.5, 16],
			"rotation": {"angle": 0, "axis": "y", "origin": [-1, 6, 15]},
			"faces": {
				"north": {"uv": [6.25, 9.5, 7, 9.625], "texture": "#0"},
				"east": {"uv": [10.25, 8.125, 10.375, 8.25], "texture": "#0"},
				"south": {"uv": [7, 9.5, 7.75, 9.625], "texture": "#0"},
				"west": {"uv": [10.25, 8.25, 10.375, 8.375], "texture": "#0"},
				"up": {"uv": [10.25, 7.25, 9.5, 7.125], "texture": "#0"},
				"down": {"uv": [10.25, 7.25, 9.5, 7.375], "texture": "#0"}
			}
		},
		{
			"from": [9.5, 7.5, 15],
			"to": [15, 8.5, 16],
			"rotation": {"angle": 0, "axis": "y", "origin": [8, 6, 15]},
			"faces": {
				"north": {"uv": [9.5, 3.75, 10.25, 3.875], "texture": "#0"},
				"east": {"uv": [10.25, 7.875, 10.375, 8], "texture": "#0"},
				"south": {"uv": [9.5, 3.875, 10.25, 4], "texture": "#0"},
				"west": {"uv": [10.25, 8, 10.375, 8.125], "texture": "#0"},
				"up": {"uv": [10.25, 4.125, 9.5, 4], "texture": "#0"},
				"down": {"uv": [6.25, 9.5, 5.5, 9.625], "texture": "#0"}
			}
		},
		{
			"from": [15, 0.75, 1],
			"to": [16, 5.5, 7.5],
			"rotation": {"angle": 0, "axis": "y", "origin": [16, 1, 0]},
			"faces": {
				"north": {"uv": [5.5, 10, 5.625, 10.625], "texture": "#0"},
				"east": {"uv": [4.25, 8.375, 5.125, 9], "texture": "#0"},
				"south": {"uv": [5.625, 10, 5.75, 10.625], "texture": "#0"},
				"west": {"uv": [8.375, 6.5, 9.25, 7.125], "texture": "#0"},
				"up": {"uv": [1.75, 10.125, 1.625, 9.25], "texture": "#0"},
				"down": {"uv": [1.875, 9.25, 1.75, 10.125], "texture": "#0"}
			}
		},
		{
			"from": [15, 0.75, 8.5],
			"to": [16, 5.5, 15],
			"rotation": {"angle": 0, "axis": "y", "origin": [16, 1, 8]},
			"faces": {
				"north": {"uv": [3.875, 10, 4, 10.625], "texture": "#0"},
				"east": {"uv": [8.375, 0.625, 9.25, 1.25], "texture": "#0"},
				"south": {"uv": [4, 10, 4.125, 10.625], "texture": "#0"},
				"west": {"uv": [3.375, 8.375, 4.25, 9], "texture": "#0"},
				"up": {"uv": [1.5, 10.125, 1.375, 9.25], "texture": "#0"},
				"down": {"uv": [1.625, 9.25, 1.5, 10.125], "texture": "#0"}
			}
		},
		{
			"from": [15, 5.5, 9.5],
			"to": [16, 6.5, 15],
			"rotation": {"angle": 0, "axis": "y", "origin": [16, 3, 8]},
			"faces": {
				"north": {"uv": [10.125, 10.25, 10.25, 10.375], "texture": "#0"},
				"east": {"uv": [9.5, 8.875, 10.25, 9], "texture": "#0"},
				"south": {"uv": [10.25, 10.25, 10.375, 10.375], "texture": "#0"},
				"west": {"uv": [1.875, 9.625, 2.625, 9.75], "texture": "#0"},
				"up": {"uv": [0.375, 10.375, 0.25, 9.625], "texture": "#0"},
				"down": {"uv": [0.5, 9.625, 0.375, 10.375], "texture": "#0"}
			}
		},
		{
			"from": [15, 5.5, 1],
			"to": [16, 6.5, 6.5],
			"rotation": {"angle": 0, "axis": "y", "origin": [16, 3, -1]},
			"faces": {
				"north": {"uv": [9.875, 10.25, 10, 10.375], "texture": "#0"},
				"east": {"uv": [9.5, 8.625, 10.25, 8.75], "texture": "#0"},
				"south": {"uv": [10, 10.25, 10.125, 10.375], "texture": "#0"},
				"west": {"uv": [9.5, 8.75, 10.25, 8.875], "texture": "#0"},
				"up": {"uv": [0.125, 10.375, 0, 9.625], "texture": "#0"},
				"down": {"uv": [0.25, 9.625, 0.125, 10.375], "texture": "#0"}
			}
		},
		{
			"from": [15, 8.5, 1],
			"to": [16, 13.25, 7.5],
			"rotation": {"angle": 0, "axis": "y", "origin": [16, 11, 0]},
			"faces": {
				"north": {"uv": [3.625, 10, 3.75, 10.625], "texture": "#0"},
				"east": {"uv": [8.125, 4.25, 9, 4.875], "texture": "#0"},
				"south": {"uv": [3.75, 10, 3.875, 10.625], "texture": "#0"},
				"west": {"uv": [8.375, 0, 9.25, 0.625], "texture": "#0"},
				"up": {"uv": [1.25, 10.125, 1.125, 9.25], "texture": "#0"},
				"down": {"uv": [1.375, 9.25, 1.25, 10.125], "texture": "#0"}
			}
		},
		{
			"from": [15, 8.5, 8.5],
			"to": [16, 13.25, 15],
			"rotation": {"angle": 0, "axis": "y", "origin": [16, 11, 8]},
			"faces": {
				"north": {"uv": [3.375, 10, 3.5, 10.625], "texture": "#0"},
				"east": {"uv": [8, 5.25, 8.875, 5.875], "texture": "#0"},
				"south": {"uv": [3.5, 10, 3.625, 10.625], "texture": "#0"},
				"west": {"uv": [8, 5.875, 8.875, 6.5], "texture": "#0"},
				"up": {"uv": [1, 10.125, 0.875, 9.25], "texture": "#0"},
				"down": {"uv": [1.125, 9.25, 1, 10.125], "texture": "#0"}
			}
		},
		{
			"from": [15, 7.5, 9.5],
			"to": [16, 8.5, 15],
			"rotation": {"angle": 0, "axis": "y", "origin": [16, 6, 8]},
			"faces": {
				"north": {"uv": [9.375, 10.25, 9.5, 10.375], "texture": "#0"},
				"east": {"uv": [9.5, 8.5, 10.25, 8.625], "texture": "#0"},
				"south": {"uv": [9.5, 10.25, 9.625, 10.375], "texture": "#0"},
				"west": {"uv": [8.625, 9.5, 9.375, 9.625], "texture": "#0"},
				"up": {"uv": [9.5, 10.25, 9.375, 9.5], "texture": "#0"},
				"down": {"uv": [9.625, 9.5, 9.5, 10.25], "texture": "#0"}
			}
		},
		{
			"from": [15, 7.5, 1],
			"to": [16, 8.5, 6.5],
			"rotation": {"angle": 0, "axis": "y", "origin": [16, 6, -1]},
			"faces": {
				"north": {"uv": [10.25, 8.75, 10.375, 8.875], "texture": "#0"},
				"east": {"uv": [9.5, 8.25, 10.25, 8.375], "texture": "#0"},
				"south": {"uv": [10.25, 8.875, 10.375, 9], "texture": "#0"},
				"west": {"uv": [9.5, 8.375, 10.25, 8.5], "texture": "#0"},
				"up": {"uv": [4.5, 10.25, 4.375, 9.5], "texture": "#0"},
				"down": {"uv": [8.625, 9.5, 8.5, 10.25], "texture": "#0"}
			}
		},
		{
			"from": [15, 6, 7],
			"to": [16, 8, 9],
			"rotation": {"angle": 0, "axis": "y", "origin": [16, 6, 2]},
			"faces": {
				"north": {"uv": [1.125, 10.125, 1.25, 10.375], "texture": "#0"},
				"east": {"uv": [8.5, 1.5, 8.75, 1.75], "texture": "#0"},
				"south": {"uv": [1.25, 10.125, 1.375, 10.375], "texture": "#0"},
				"west": {"uv": [8.625, 4.875, 8.875, 5.125], "texture": "#0"},
				"up": {"uv": [1.5, 10.375, 1.375, 10.125], "texture": "#0"},
				"down": {"uv": [1.625, 10.125, 1.5, 10.375], "texture": "#0"}
			}
		},
		{
			"from": [-16, 0.75, 1],
			"to": [-15, 5.5, 7.5],
			"rotation": {"angle": 0, "axis": "y", "origin": [-15, 1, 0]},
			"faces": {
				"north": {"uv": [9.625, 10, 9.75, 10.625], "texture": "#0"},
				"east": {"uv": [8.875, 4.875, 9.75, 5.5], "texture": "#0"},
				"south": {"uv": [9.75, 10, 9.875, 10.625], "texture": "#0"},
				"west": {"uv": [8.875, 5.5, 9.75, 6.125], "texture": "#0"},
				"up": {"uv": [5.375, 10.25, 5.25, 9.375], "texture": "#0"},
				"down": {"uv": [5.5, 9.375, 5.375, 10.25], "texture": "#0"}
			}
		},
		{
			"from": [-16, 0.75, 8.5],
			"to": [-15, 5.5, 15],
			"rotation": {"angle": 0, "axis": "y", "origin": [-15, 1, 8]},
			"faces": {
				"north": {"uv": [9.125, 10, 9.25, 10.625], "texture": "#0"},
				"east": {"uv": [8.625, 8.375, 9.5, 9], "texture": "#0"},
				"south": {"uv": [9.25, 10, 9.375, 10.625], "texture": "#0"},
				"west": {"uv": [8.875, 1.25, 9.75, 1.875], "texture": "#0"},
				"up": {"uv": [5.125, 10.25, 5, 9.375], "texture": "#0"},
				"down": {"uv": [5.25, 9.375, 5.125, 10.25], "texture": "#0"}
			}
		},
		{
			"from": [-16, 5.5, 9.5],
			"to": [-15, 6.5, 15],
			"rotation": {"angle": 0, "axis": "y", "origin": [-15, 3, 8]},
			"faces": {
				"north": {"uv": [1.5, 10.375, 1.625, 10.5], "texture": "#0"},
				"east": {"uv": [5.5, 9.75, 6.25, 9.875], "texture": "#0"},
				"south": {"uv": [1.625, 10.375, 1.75, 10.5], "texture": "#0"},
				"west": {"uv": [6.25, 9.75, 7, 9.875], "texture": "#0"},
				"up": {"uv": [7.125, 10.5, 7, 9.75], "texture": "#0"},
				"down": {"uv": [7.25, 9.75, 7.125, 10.5], "texture": "#0"}
			}
		},
		{
			"from": [-16, 5.5, 1],
			"to": [-15, 6.5, 6.5],
			"rotation": {"angle": 0, "axis": "y", "origin": [-15, 3, -1]},
			"faces": {
				"north": {"uv": [1.25, 10.375, 1.375, 10.5], "texture": "#0"},
				"east": {"uv": [9.75, 5.125, 10.5, 5.25], "texture": "#0"},
				"south": {"uv": [1.375, 10.375, 1.5, 10.5], "texture": "#0"},
				"west": {"uv": [9.75, 5.25, 10.5, 5.375], "texture": "#0"},
				"up": {"uv": [4.375, 10.375, 4.25, 9.625], "texture": "#0"},
				"down": {"uv": [9.875, 5.375, 9.75, 6.125], "texture": "#0"}
			}
		},
		{
			"from": [-16, 6, 7],
			"to": [-15, 8, 9],
			"rotation": {"angle": 0, "axis": "y", "origin": [-15, 6, 2]},
			"faces": {
				"north": {"uv": [10.25, 2.75, 10.375, 3], "texture": "#0"},
				"east": {"uv": [10.125, 0.75, 10.375, 1], "texture": "#0"},
				"south": {"uv": [10.25, 3, 10.375, 3.25], "texture": "#0"},
				"west": {"uv": [0.875, 10.125, 1.125, 10.375], "texture": "#0"},
				"up": {"uv": [10.375, 3.5, 10.25, 3.25], "texture": "#0"},
				"down": {"uv": [10.375, 3.5, 10.25, 3.75], "texture": "#0"}
			}
		},
		{
			"from": [-16, 8.5, 8.5],
			"to": [-15, 13.25, 15],
			"rotation": {"angle": 0, "axis": "y", "origin": [-15, 11, 8]},
			"faces": {
				"north": {"uv": [8.875, 10, 9, 10.625], "texture": "#0"},
				"east": {"uv": [8.625, 7.125, 9.5, 7.75], "texture": "#0"},
				"south": {"uv": [9, 10, 9.125, 10.625], "texture": "#0"},
				"west": {"uv": [8.625, 7.75, 9.5, 8.375], "texture": "#0"},
				"up": {"uv": [4.875, 10.25, 4.75, 9.375], "texture": "#0"},
				"down": {"uv": [5, 9.375, 4.875, 10.25], "texture": "#0"}
			}
		},
		{
			"from": [-16, 7.5, 9.5],
			"to": [-15, 8.5, 15],
			"rotation": {"angle": 0, "axis": "y", "origin": [-15, 6, 8]},
			"faces": {
				"north": {"uv": [1.125, 10.375, 1.25, 10.5], "texture": "#0"},
				"east": {"uv": [9.75, 4.875, 10.5, 5], "texture": "#0"},
				"south": {"uv": [10.375, 1.125, 10.5, 1.25], "texture": "#0"},
				"west": {"uv": [9.75, 5, 10.5, 5.125], "texture": "#0"},
				"up": {"uv": [0.875, 10.375, 0.75, 9.625], "texture": "#0"},
				"down": {"uv": [4.25, 9.625, 4.125, 10.375], "texture": "#0"}
			}
		},
		{
			"from": [-16, 7.5, 1],
			"to": [-15, 8.5, 6.5],
			"rotation": {"angle": 0, "axis": "y", "origin": [-15, 6, -1]},
			"faces": {
				"north": {"uv": [1, 10.375, 1.125, 10.5], "texture": "#0"},
				"east": {"uv": [2.625, 9.75, 3.375, 9.875], "texture": "#0"},
				"south": {"uv": [10.375, 1, 10.5, 1.125], "texture": "#0"},
				"west": {"uv": [3.375, 9.75, 4.125, 9.875], "texture": "#0"},
				"up": {"uv": [0.625, 10.375, 0.5, 9.625], "texture": "#0"},
				"down": {"uv": [0.75, 9.625, 0.625, 10.375], "texture": "#0"}
			}
		},
		{
			"from": [-16, 8.5, 1],
			"to": [-15, 13.25, 7.5],
			"rotation": {"angle": 0, "axis": "y", "origin": [-15, 11, 0]},
			"faces": {
				"north": {"uv": [8.625, 10, 8.75, 10.625], "texture": "#0"},
				"east": {"uv": [8.625, 2.875, 9.5, 3.5], "texture": "#0"},
				"south": {"uv": [8.75, 10, 8.875, 10.625], "texture": "#0"},
				"west": {"uv": [8.625, 3.5, 9.5, 4.125], "texture": "#0"},
				"up": {"uv": [4.625, 10.25, 4.5, 9.375], "texture": "#0"},
				"down": {"uv": [4.75, 9.375, 4.625, 10.25], "texture": "#0"}
			}
		}
	],
	"display": {}
}