{
	"format_version": "1.21.6",
	"credit": "Made with Blockbench",
	"texture_size": [32, 32],
	"textures": {
		"0": "sword",
		"particle": "sword"
	},
	"elements": [
		{
			"from": [7.4, 18.3, 5.35],
			"to": [8.1, 18.9, 6.05],
			"rotation": {"angle": -45, "axis": "y", "origin": [7.25, 21.3, 7.2]},
			"faces": {
				"north": {"uv": [5.5, 9, 6, 9.5], "texture": "#0"},
				"east": {"uv": [9, 5.5, 9.5, 6], "texture": "#0"},
				"south": {"uv": [6, 9, 6.5, 9.5], "texture": "#0"},
				"west": {"uv": [9, 6, 9.5, 6.5], "texture": "#0"},
				"up": {"uv": [7, 9.5, 6.5, 9], "texture": "#0"},
				"down": {"uv": [9.5, 6.5, 9, 7], "texture": "#0"}
			}
		},
		{
			"from": [7.35, 18.9, 5.3],
			"to": [8.15, 19.2, 6.1],
			"rotation": {"angle": -45, "axis": "y", "origin": [7.25, 21.9, 7.2]},
			"faces": {
				"north": {"uv": [9.5, 2, 10, 2.5], "texture": "#0"},
				"east": {"uv": [2.5, 9.5, 3, 10], "texture": "#0"},
				"south": {"uv": [9.5, 2.5, 10, 3], "texture": "#0"},
				"west": {"uv": [3, 9.5, 3.5, 10], "texture": "#0"},
				"up": {"uv": [10, 3.5, 9.5, 3], "texture": "#0"},
				"down": {"uv": [4, 9.5, 3.5, 10], "texture": "#0"}
			}
		},
		{
			"from": [7.35, 19.8, 5.3],
			"to": [8.15, 20.1, 6.1],
			"rotation": {"angle": -45, "axis": "y", "origin": [7.25, 22.8, 7.2]},
			"faces": {
				"north": {"uv": [1.5, 10, 2, 10.5], "texture": "#0"},
				"east": {"uv": [10, 1.5, 10.5, 2], "texture": "#0"},
				"south": {"uv": [2, 10, 2.5, 10.5], "texture": "#0"},
				"west": {"uv": [10, 2, 10.5, 2.5], "texture": "#0"},
				"up": {"uv": [3, 10.5, 2.5, 10], "texture": "#0"},
				"down": {"uv": [10.5, 2.5, 10, 3], "texture": "#0"}
			}
		},
		{
			"from": [7.35, 20.7, 5.3],
			"to": [8.15, 21, 6.1],
			"rotation": {"angle": -45, "axis": "y", "origin": [7.25, 23.7, 7.2]},
			"faces": {
				"north": {"uv": [4.5, 10, 5, 10.5], "texture": "#0"},
				"east": {"uv": [10, 4.5, 10.5, 5], "texture": "#0"},
				"south": {"uv": [5, 10, 5.5, 10.5], "texture": "#0"},
				"west": {"uv": [10, 5, 10.5, 5.5], "texture": "#0"},
				"up": {"uv": [6, 10.5, 5.5, 10], "texture": "#0"},
				"down": {"uv": [10.5, 5.5, 10, 6], "texture": "#0"}
			}
		},
		{
			"from": [7.35, 18, 5.3],
			"to": [8.15, 18.3, 6.1],
			"rotation": {"angle": -45, "axis": "y", "origin": [7.25, 21, 7.2]},
			"faces": {
				"north": {"uv": [0, 10, 0.5, 10.5], "texture": "#0"},
				"east": {"uv": [10, 0, 10.5, 0.5], "texture": "#0"},
				"south": {"uv": [0.5, 10, 1, 10.5], "texture": "#0"},
				"west": {"uv": [10, 0.5, 10.5, 1], "texture": "#0"},
				"up": {"uv": [1.5, 10.5, 1, 10], "texture": "#0"},
				"down": {"uv": [10.5, 1, 10, 1.5], "texture": "#0"}
			}
		},
		{
			"from": [7.4, 19.2, 5.35],
			"to": [8.1, 19.8, 6.05],
			"rotation": {"angle": -45, "axis": "y", "origin": [7.25, 22.2, 7.2]},
			"faces": {
				"north": {"uv": [9.5, 3.5, 10, 4], "texture": "#0"},
				"east": {"uv": [4, 9.5, 4.5, 10], "texture": "#0"},
				"south": {"uv": [9.5, 4, 10, 4.5], "texture": "#0"},
				"west": {"uv": [4.5, 9.5, 5, 10], "texture": "#0"},
				"up": {"uv": [10, 5, 9.5, 4.5], "texture": "#0"},
				"down": {"uv": [5.5, 9.5, 5, 10], "texture": "#0"}
			}
		},
		{
			"from": [7.4, 20.1, 5.35],
			"to": [8.1, 20.7, 6.05],
			"rotation": {"angle": -45, "axis": "y", "origin": [7.25, 23.1, 7.2]},
			"faces": {
				"north": {"uv": [3, 10, 3.5, 10.5], "texture": "#0"},
				"east": {"uv": [10, 3, 10.5, 3.5], "texture": "#0"},
				"south": {"uv": [3.5, 10, 4, 10.5], "texture": "#0"},
				"west": {"uv": [10, 3.5, 10.5, 4], "texture": "#0"},
				"up": {"uv": [4.5, 10.5, 4, 10], "texture": "#0"},
				"down": {"uv": [10.5, 4, 10, 4.5], "texture": "#0"}
			}
		},
		{
			"from": [7.35, 21.6, 5.3],
			"to": [8.15, 21.9, 6.1],
			"rotation": {"angle": -45, "axis": "y", "origin": [7.25, 24.6, 7.2]},
			"faces": {
				"north": {"uv": [7.5, 10, 8, 10.5], "texture": "#0"},
				"east": {"uv": [10, 7.5, 10.5, 8], "texture": "#0"},
				"south": {"uv": [8, 10, 8.5, 10.5], "texture": "#0"},
				"west": {"uv": [10, 8, 10.5, 8.5], "texture": "#0"},
				"up": {"uv": [9, 10.5, 8.5, 10], "texture": "#0"},
				"down": {"uv": [10.5, 8.5, 10, 9], "texture": "#0"}
			}
		},
		{
			"from": [7.4, 21, 5.35],
			"to": [8.1, 21.6, 6.05],
			"rotation": {"angle": -45, "axis": "y", "origin": [7.25, 24, 7.2]},
			"faces": {
				"north": {"uv": [6, 10, 6.5, 10.5], "texture": "#0"},
				"east": {"uv": [10, 6, 10.5, 6.5], "texture": "#0"},
				"south": {"uv": [6.5, 10, 7, 10.5], "texture": "#0"},
				"west": {"uv": [10, 6.5, 10.5, 7], "texture": "#0"},
				"up": {"uv": [7.5, 10.5, 7, 10], "texture": "#0"},
				"down": {"uv": [10.5, 7, 10, 7.5], "texture": "#0"}
			}
		},
		{
			"from": [7.45, 17, 6],
			"to": [8.7, 18, 7],
			"rotation": {"angle": 0, "axis": "y", "origin": [8, 21, 6]},
			"faces": {
				"north": {"uv": [7, 9, 7.5, 9.5], "texture": "#0"},
				"east": {"uv": [9, 7, 9.5, 7.5], "texture": "#0"},
				"south": {"uv": [7.5, 9, 8, 9.5], "texture": "#0"},
				"west": {"uv": [9, 7.5, 9.5, 8], "texture": "#0"},
				"up": {"uv": [8.5, 9.5, 8, 9], "texture": "#0"},
				"down": {"uv": [9.5, 8, 9, 8.5], "texture": "#0"}
			}
		},
		{
			"from": [8.7, 17, 6],
			"to": [9.75, 18, 7],
			"rotation": {"angle": 0, "axis": "y", "origin": [9.45, 21, 6]},
			"faces": {
				"north": {"uv": [8.5, 9, 9, 9.5], "texture": "#0"},
				"east": {"uv": [9, 8.5, 9.5, 9], "texture": "#0"},
				"south": {"uv": [9, 9, 9.5, 9.5], "texture": "#0"},
				"west": {"uv": [0, 9.5, 0.5, 10], "texture": "#0"},
				"up": {"uv": [10, 0.5, 9.5, 0], "texture": "#0"},
				"down": {"uv": [1, 9.5, 0.5, 10], "texture": "#0"}
			}
		},
		{
			"from": [9.45, 17, 6],
			"to": [10.2, 18, 7],
			"rotation": {"angle": 0, "axis": "y", "origin": [10.2, 21, 6]},
			"faces": {
				"north": {"uv": [9.5, 0.5, 10, 1], "texture": "#0"},
				"east": {"uv": [1, 9.5, 1.5, 10], "texture": "#0"},
				"south": {"uv": [9.5, 1, 10, 1.5], "texture": "#0"},
				"west": {"uv": [1.5, 9.5, 2, 10], "texture": "#0"},
				"up": {"uv": [10, 2, 9.5, 1.5], "texture": "#0"},
				"down": {"uv": [2.5, 9.5, 2, 10], "texture": "#0"}
			}
		},
		{
			"from": [10.2, 17, 6],
			"to": [10.45, 18, 7],
			"rotation": {"angle": 0, "axis": "y", "origin": [10.95, 21, 6]},
			"faces": {
				"north": {"uv": [9.5, 6.5, 10, 7], "texture": "#0"},
				"east": {"uv": [7, 9.5, 7.5, 10], "texture": "#0"},
				"south": {"uv": [9.5, 7, 10, 7.5], "texture": "#0"},
				"west": {"uv": [7.5, 9.5, 8, 10], "texture": "#0"},
				"up": {"uv": [10, 8, 9.5, 7.5], "texture": "#0"},
				"down": {"uv": [8.5, 9.5, 8, 10], "texture": "#0"}
			}
		},
		{
			"from": [7.2, 17, 6],
			"to": [7.45, 18, 7],
			"rotation": {"angle": 0, "axis": "y", "origin": [7.95, 21, 6]},
			"faces": {
				"north": {"uv": [9.5, 8, 10, 8.5], "texture": "#0"},
				"east": {"uv": [8.5, 9.5, 9, 10], "texture": "#0"},
				"south": {"uv": [9.5, 8.5, 10, 9], "texture": "#0"},
				"west": {"uv": [9, 9.5, 9.5, 10], "texture": "#0"},
				"up": {"uv": [10, 9.5, 9.5, 9], "texture": "#0"},
				"down": {"uv": [10, 9.5, 9.5, 10], "texture": "#0"}
			}
		},
		{
			"from": [7.85, 21.9, 6.1],
			"to": [8.85, 22.7, 6.9],
			"rotation": {"angle": 0, "axis": "y", "origin": [8, 25.9, 6]},
			"faces": {
				"north": {"uv": [6.5, 0, 7, 0.5], "texture": "#0"},
				"east": {"uv": [0.5, 6.5, 1, 7], "texture": "#0"},
				"south": {"uv": [6.5, 0.5, 7, 1], "texture": "#0"},
				"west": {"uv": [1, 6.5, 1.5, 7], "texture": "#0"},
				"up": {"uv": [7, 1.5, 6.5, 1], "texture": "#0"},
				"down": {"uv": [2, 6.5, 1.5, 7], "texture": "#0"}
			}
		},
		{
			"from": [8.85, 21.9, 6.1],
			"to": [9.65, 22.7, 6.9],
			"rotation": {"angle": 0, "axis": "y", "origin": [9, 25.9, 6]},
			"faces": {
				"north": {"uv": [9.5, 5, 10, 5.5], "texture": "#0"},
				"east": {"uv": [5.5, 9.5, 6, 10], "texture": "#0"},
				"south": {"uv": [9.5, 5.5, 10, 6], "texture": "#0"},
				"west": {"uv": [6, 9.5, 6.5, 10], "texture": "#0"},
				"up": {"uv": [10, 6.5, 9.5, 6], "texture": "#0"},
				"down": {"uv": [7, 9.5, 6.5, 10], "texture": "#0"}
			}
		},
		{
			"from": [8.85, 22.7, 6.2],
			"to": [9.45, 23, 6.8],
			"rotation": {"angle": 0, "axis": "y", "origin": [9, 26.7, 6]},
			"faces": {
				"north": {"uv": [10.5, 0, 11, 0.5], "texture": "#0"},
				"east": {"uv": [0.5, 10.5, 1, 11], "texture": "#0"},
				"south": {"uv": [10.5, 0.5, 11, 1], "texture": "#0"},
				"west": {"uv": [1, 10.5, 1.5, 11], "texture": "#0"},
				"up": {"uv": [11, 1.5, 10.5, 1], "texture": "#0"},
				"down": {"uv": [2, 10.5, 1.5, 11], "texture": "#0"}
			}
		},
		{
			"from": [8.05, 22.7, 6.2],
			"to": [8.85, 23, 6.8],
			"rotation": {"angle": 0, "axis": "y", "origin": [8, 26.7, 6]},
			"faces": {
				"north": {"uv": [9, 10, 9.5, 10.5], "texture": "#0"},
				"east": {"uv": [10, 9, 10.5, 9.5], "texture": "#0"},
				"south": {"uv": [9.5, 10, 10, 10.5], "texture": "#0"},
				"west": {"uv": [10, 9.5, 10.5, 10], "texture": "#0"},
				"up": {"uv": [10.5, 10.5, 10, 10], "texture": "#0"},
				"down": {"uv": [0.5, 10.5, 0, 11], "texture": "#0"}
			}
		},
		{
			"from": [8.75, 15.2, 6.2],
			"to": [9.5, 17, 6.8],
			"rotation": {"angle": 0, "axis": "y", "origin": [7.75, 15, 6]},
			"faces": {
				"north": {"uv": [4, 0, 4.5, 1], "texture": "#0"},
				"east": {"uv": [4, 1, 4.5, 2], "texture": "#0"},
				"south": {"uv": [4, 2, 4.5, 3], "texture": "#0"},
				"west": {"uv": [4, 3, 4.5, 4], "texture": "#0"},
				"up": {"uv": [1.5, 7.5, 1, 7], "texture": "#0"},
				"down": {"uv": [7.5, 1, 7, 1.5], "texture": "#0"}
			}
		},
		{
			"from": [8.75, 12.2, 6.2],
			"to": [9.5, 15.2, 6.8],
			"rotation": {"angle": 0, "axis": "y", "origin": [7.75, 13.2, 6]},
			"faces": {
				"north": {"uv": [0, 0, 0.5, 1.5], "texture": "#0"},
				"east": {"uv": [0.5, 0, 1, 1.5], "texture": "#0"},
				"south": {"uv": [1, 0, 1.5, 1.5], "texture": "#0"},
				"west": {"uv": [0, 1.5, 0.5, 3], "texture": "#0"},
				"up": {"uv": [2, 8.5, 1.5, 8], "texture": "#0"},
				"down": {"uv": [8.5, 1.5, 8, 2], "texture": "#0"}
			}
		},
		{
			"from": [8.75, 9.2, 6.2],
			"to": [9.5, 12.2, 6.8],
			"rotation": {"angle": 0, "axis": "y", "origin": [7.75, 10.2, 6]},
			"faces": {
				"north": {"uv": [1.5, 0, 2, 1.5], "texture": "#0"},
				"east": {"uv": [0.5, 1.5, 1, 3], "texture": "#0"},
				"south": {"uv": [1, 1.5, 1.5, 3], "texture": "#0"},
				"west": {"uv": [1.5, 1.5, 2, 3], "texture": "#0"},
				"up": {"uv": [2.5, 8.5, 2, 8], "texture": "#0"},
				"down": {"uv": [8.5, 2, 8, 2.5], "texture": "#0"}
			}
		},
		{
			"from": [8.75, 5, 6.2],
			"to": [9.4, 8, 6.8],
			"rotation": {"angle": 0, "axis": "y", "origin": [7.75, 6, 6]},
			"faces": {
				"north": {"uv": [3, 3, 3.5, 4.5], "texture": "#0"},
				"east": {"uv": [3.5, 0, 4, 1.5], "texture": "#0"},
				"south": {"uv": [3.5, 1.5, 4, 3], "texture": "#0"},
				"west": {"uv": [3.5, 3, 4, 4.5], "texture": "#0"},
				"up": {"uv": [9, 3.5, 8.5, 3], "texture": "#0"},
				"down": {"uv": [4, 8.5, 3.5, 9], "texture": "#0"}
			}
		},
		{
			"from": [8.75, 4, 6.2],
			"to": [9.4, 5, 6.8],
			"rotation": {"angle": 0, "axis": "y", "origin": [7.75, 5, 6]},
			"faces": {
				"north": {"uv": [8.5, 3.5, 9, 4], "texture": "#0"},
				"east": {"uv": [4, 8.5, 4.5, 9], "texture": "#0"},
				"south": {"uv": [8.5, 4, 9, 4.5], "texture": "#0"},
				"west": {"uv": [4.5, 8.5, 5, 9], "texture": "#0"},
				"up": {"uv": [9, 5, 8.5, 4.5], "texture": "#0"},
				"down": {"uv": [5.5, 8.5, 5, 9], "texture": "#0"}
			}
		},
		{
			"from": [8.75, 8, 6.2],
			"to": [9.5, 9.2, 6.8],
			"rotation": {"angle": 0, "axis": "y", "origin": [7.75, 9, 6]},
			"faces": {
				"north": {"uv": [2.5, 8, 3, 8.5], "texture": "#0"},
				"east": {"uv": [8, 2.5, 8.5, 3], "texture": "#0"},
				"south": {"uv": [3, 8, 3.5, 8.5], "texture": "#0"},
				"west": {"uv": [8, 3, 8.5, 3.5], "texture": "#0"},
				"up": {"uv": [4, 8.5, 3.5, 8], "texture": "#0"},
				"down": {"uv": [8.5, 3.5, 8, 4], "texture": "#0"}
			}
		},
		{
			"from": [9.5, 14.7, 6.2],
			"to": [10, 17, 6.8],
			"rotation": {"angle": 0, "axis": "y", "origin": [8.5, 15, 6]},
			"faces": {
				"north": {"uv": [4.5, 5, 5, 6], "texture": "#0"},
				"east": {"uv": [5, 5, 5.5, 6], "texture": "#0"},
				"south": {"uv": [0, 5.5, 0.5, 6.5], "texture": "#0"},
				"west": {"uv": [5.5, 0, 6, 1], "texture": "#0"},
				"up": {"uv": [1.5, 8.5, 1, 8], "texture": "#0"},
				"down": {"uv": [8.5, 1, 8, 1.5], "texture": "#0"}
			}
		},
		{
			"from": [9.5, 11.4, 6.2],
			"to": [10, 14.7, 6.8],
			"rotation": {"angle": 0, "axis": "y", "origin": [8.5, 12.7, 6]},
			"faces": {
				"north": {"uv": [2, 0, 2.5, 1.5], "texture": "#0"},
				"east": {"uv": [2, 1.5, 2.5, 3], "texture": "#0"},
				"south": {"uv": [2.5, 0, 3, 1.5], "texture": "#0"},
				"west": {"uv": [2.5, 1.5, 3, 3], "texture": "#0"},
				"up": {"uv": [4.5, 8.5, 4, 8], "texture": "#0"},
				"down": {"uv": [8.5, 4, 8, 4.5], "texture": "#0"}
			}
		},
		{
			"from": [9.5, 8, 6.2],
			"to": [10, 11.4, 6.8],
			"rotation": {"angle": 0, "axis": "y", "origin": [8.5, 9.4, 6]},
			"faces": {
				"north": {"uv": [0, 3, 0.5, 4.5], "texture": "#0"},
				"east": {"uv": [3, 0, 3.5, 1.5], "texture": "#0"},
				"south": {"uv": [0.5, 3, 1, 4.5], "texture": "#0"},
				"west": {"uv": [1, 3, 1.5, 4.5], "texture": "#0"},
				"up": {"uv": [5, 8.5, 4.5, 8], "texture": "#0"},
				"down": {"uv": [8.5, 4.5, 8, 5], "texture": "#0"}
			}
		},
		{
			"from": [7.5, 15.9, 6.05],
			"to": [8.25, 17, 6.95],
			"rotation": {"angle": 0, "axis": "y", "origin": [7, 15, 6]},
			"faces": {
				"north": {"uv": [6.5, 5.5, 7, 6], "texture": "#0"},
				"east": {"uv": [6.5, 6, 7, 6.5], "texture": "#0"},
				"south": {"uv": [6.5, 6.5, 7, 7], "texture": "#0"},
				"west": {"uv": [7, 0, 7.5, 0.5], "texture": "#0"},
				"up": {"uv": [1, 7.5, 0.5, 7], "texture": "#0"},
				"down": {"uv": [7.5, 0.5, 7, 1], "texture": "#0"}
			}
		},
		{
			"from": [7.5, 13.3, 6.05],
			"to": [8.25, 14.4, 6.95],
			"rotation": {"angle": 0, "axis": "y", "origin": [7, 12.4, 6]},
			"faces": {
				"north": {"uv": [2, 7, 2.5, 7.5], "texture": "#0"},
				"east": {"uv": [7, 2, 7.5, 2.5], "texture": "#0"},
				"south": {"uv": [2.5, 7, 3, 7.5], "texture": "#0"},
				"west": {"uv": [7, 2.5, 7.5, 3], "texture": "#0"},
				"up": {"uv": [3.5, 7.5, 3, 7], "texture": "#0"},
				"down": {"uv": [7.5, 3, 7, 3.5], "texture": "#0"}
			}
		},
		{
			"from": [7.5, 9, 6.05],
			"to": [8.25, 10.1, 6.95],
			"rotation": {"angle": 0, "axis": "y", "origin": [7, 8.1, 6]},
			"faces": {
				"north": {"uv": [4.5, 7, 5, 7.5], "texture": "#0"},
				"east": {"uv": [7, 4.5, 7.5, 5], "texture": "#0"},
				"south": {"uv": [5, 7, 5.5, 7.5], "texture": "#0"},
				"west": {"uv": [7, 5, 7.5, 5.5], "texture": "#0"},
				"up": {"uv": [6, 7.5, 5.5, 7], "texture": "#0"},
				"down": {"uv": [7.5, 5.5, 7, 6], "texture": "#0"}
			}
		},
		{
			"from": [7.5, 8, 6.05],
			"to": [8.25, 9, 6.95],
			"rotation": {"angle": 0, "axis": "y", "origin": [7, 7, 6]},
			"faces": {
				"north": {"uv": [6, 7, 6.5, 7.5], "texture": "#0"},
				"east": {"uv": [7, 6, 7.5, 6.5], "texture": "#0"},
				"south": {"uv": [6.5, 7, 7, 7.5], "texture": "#0"},
				"west": {"uv": [7, 6.5, 7.5, 7], "texture": "#0"},
				"up": {"uv": [7.5, 7.5, 7, 7], "texture": "#0"},
				"down": {"uv": [0.5, 7.5, 0, 8], "texture": "#0"}
			}
		},
		{
			"from": [7.5, 7, 6.05],
			"to": [8.25, 8, 6.95],
			"rotation": {"angle": 0, "axis": "y", "origin": [7, 6, 6]},
			"faces": {
				"north": {"uv": [7.5, 8, 8, 8.5], "texture": "#0"},
				"east": {"uv": [8, 7.5, 8.5, 8], "texture": "#0"},
				"south": {"uv": [8, 8, 8.5, 8.5], "texture": "#0"},
				"west": {"uv": [0, 8.5, 0.5, 9], "texture": "#0"},
				"up": {"uv": [9, 0.5, 8.5, 0], "texture": "#0"},
				"down": {"uv": [1, 8.5, 0.5, 9], "texture": "#0"}
			}
		},
		{
			"from": [7.5, 14.4, 6.05],
			"to": [8.25, 15.9, 6.95],
			"rotation": {"angle": 0, "axis": "y", "origin": [7, 13.9, 6]},
			"faces": {
				"north": {"uv": [4, 4, 4.5, 5], "texture": "#0"},
				"east": {"uv": [0, 4.5, 0.5, 5.5], "texture": "#0"},
				"south": {"uv": [4.5, 0, 5, 1], "texture": "#0"},
				"west": {"uv": [0.5, 4.5, 1, 5.5], "texture": "#0"},
				"up": {"uv": [2, 7.5, 1.5, 7], "texture": "#0"},
				"down": {"uv": [7.5, 1.5, 7, 2], "texture": "#0"}
			}
		},
		{
			"from": [7.5, 10.1, 6.05],
			"to": [8.25, 11.6, 6.95],
			"rotation": {"angle": 0, "axis": "y", "origin": [7, 9.6, 6]},
			"faces": {
				"north": {"uv": [4.5, 2, 5, 3], "texture": "#0"},
				"east": {"uv": [2.5, 4.5, 3, 5.5], "texture": "#0"},
				"south": {"uv": [3, 4.5, 3.5, 5.5], "texture": "#0"},
				"west": {"uv": [4.5, 3, 5, 4], "texture": "#0"},
				"up": {"uv": [4.5, 7.5, 4, 7], "texture": "#0"},
				"down": {"uv": [7.5, 4, 7, 4.5], "texture": "#0"}
			}
		},
		{
			"from": [7.5, 5.5, 6.05],
			"to": [8.25, 7, 6.95],
			"rotation": {"angle": 0, "axis": "y", "origin": [7, 5, 6]},
			"faces": {
				"north": {"uv": [2, 5.5, 2.5, 6.5], "texture": "#0"},
				"east": {"uv": [5.5, 2, 6, 3], "texture": "#0"},
				"south": {"uv": [2.5, 5.5, 3, 6.5], "texture": "#0"},
				"west": {"uv": [3, 5.5, 3.5, 6.5], "texture": "#0"},
				"up": {"uv": [9, 1, 8.5, 0.5], "texture": "#0"},
				"down": {"uv": [1.5, 8.5, 1, 9], "texture": "#0"}
			}
		},
		{
			"from": [7.5, 11.6, 6.05],
			"to": [8.25, 13.3, 6.95],
			"rotation": {"angle": 0, "axis": "y", "origin": [7, 11.3, 6]},
			"faces": {
				"north": {"uv": [1, 4.5, 1.5, 5.5], "texture": "#0"},
				"east": {"uv": [4.5, 1, 5, 2], "texture": "#0"},
				"south": {"uv": [1.5, 4.5, 2, 5.5], "texture": "#0"},
				"west": {"uv": [2, 4.5, 2.5, 5.5], "texture": "#0"},
				"up": {"uv": [4, 7.5, 3.5, 7], "texture": "#0"},
				"down": {"uv": [7.5, 3.5, 7, 4], "texture": "#0"}
			}
		},
		{
			"from": [8.25, 15.7, 6.15],
			"to": [8.75, 16.6, 6.85],
			"rotation": {"angle": 0, "axis": "y", "origin": [7.75, 15, 6]},
			"faces": {
				"north": {"uv": [6.5, 3, 7, 3.5], "texture": "#0"},
				"east": {"uv": [3.5, 6.5, 4, 7], "texture": "#0"},
				"south": {"uv": [6.5, 3.5, 7, 4], "texture": "#0"},
				"west": {"uv": [6.5, 4, 7, 4.5], "texture": "#0"},
				"up": {"uv": [7, 5, 6.5, 4.5], "texture": "#0"},
				"down": {"uv": [7, 5, 6.5, 5.5], "texture": "#0"}
			}
		},
		{
			"from": [8.25, 11.6, 6.15],
			"to": [8.75, 12.9, 6.85],
			"rotation": {"angle": 0, "axis": "y", "origin": [7.75, 11.3, 6]},
			"faces": {
				"north": {"uv": [7.5, 3.5, 8, 4], "texture": "#0"},
				"east": {"uv": [4, 7.5, 4.5, 8], "texture": "#0"},
				"south": {"uv": [7.5, 4, 8, 4.5], "texture": "#0"},
				"west": {"uv": [4.5, 7.5, 5, 8], "texture": "#0"},
				"up": {"uv": [8, 5, 7.5, 4.5], "texture": "#0"},
				"down": {"uv": [5.5, 7.5, 5, 8], "texture": "#0"}
			}
		},
		{
			"from": [8.25, 9.9, 6.15],
			"to": [8.75, 11.6, 6.85],
			"rotation": {"angle": 0, "axis": "y", "origin": [7.75, 10, 6]},
			"faces": {
				"north": {"uv": [5, 2, 5.5, 3], "texture": "#0"},
				"east": {"uv": [5, 3, 5.5, 4], "texture": "#0"},
				"south": {"uv": [4, 5, 4.5, 6], "texture": "#0"},
				"west": {"uv": [5, 4, 5.5, 5], "texture": "#0"},
				"up": {"uv": [8, 5.5, 7.5, 5], "texture": "#0"},
				"down": {"uv": [6, 7.5, 5.5, 8], "texture": "#0"}
			}
		},
		{
			"from": [8.25, 6.3, 6.15],
			"to": [8.75, 8, 6.85],
			"rotation": {"angle": 0, "axis": "y", "origin": [7.75, 6.4, 6]},
			"faces": {
				"north": {"uv": [5.5, 3, 6, 4], "texture": "#0"},
				"east": {"uv": [3.5, 5.5, 4, 6.5], "texture": "#0"},
				"south": {"uv": [5.5, 4, 6, 5], "texture": "#0"},
				"west": {"uv": [5.5, 5, 6, 6], "texture": "#0"},
				"up": {"uv": [9, 1.5, 8.5, 1], "texture": "#0"},
				"down": {"uv": [2, 8.5, 1.5, 9], "texture": "#0"}
			}
		},
		{
			"from": [8.25, 14.6, 6.15],
			"to": [8.75, 15.7, 6.85],
			"rotation": {"angle": 0, "axis": "y", "origin": [7.75, 14.1, 6]},
			"faces": {
				"north": {"uv": [7.5, 1.5, 8, 2], "texture": "#0"},
				"east": {"uv": [2, 7.5, 2.5, 8], "texture": "#0"},
				"south": {"uv": [7.5, 2, 8, 2.5], "texture": "#0"},
				"west": {"uv": [2.5, 7.5, 3, 8], "texture": "#0"},
				"up": {"uv": [8, 3, 7.5, 2.5], "texture": "#0"},
				"down": {"uv": [3.5, 7.5, 3, 8], "texture": "#0"}
			}
		},
		{
			"from": [8.25, 8.8, 6.15],
			"to": [8.75, 9.9, 6.85],
			"rotation": {"angle": 0, "axis": "y", "origin": [7.75, 8.3, 6]},
			"faces": {
				"north": {"uv": [7.5, 5.5, 8, 6], "texture": "#0"},
				"east": {"uv": [6, 7.5, 6.5, 8], "texture": "#0"},
				"south": {"uv": [7.5, 6, 8, 6.5], "texture": "#0"},
				"west": {"uv": [6.5, 7.5, 7, 8], "texture": "#0"},
				"up": {"uv": [8, 7, 7.5, 6.5], "texture": "#0"},
				"down": {"uv": [7.5, 7.5, 7, 8], "texture": "#0"}
			}
		},
		{
			"from": [8.25, 8, 6.15],
			"to": [8.75, 8.8, 6.85],
			"rotation": {"angle": 0, "axis": "y", "origin": [7.75, 7.2, 6]},
			"faces": {
				"north": {"uv": [7.5, 7, 8, 7.5], "texture": "#0"},
				"east": {"uv": [7.5, 7.5, 8, 8], "texture": "#0"},
				"south": {"uv": [0, 8, 0.5, 8.5], "texture": "#0"},
				"west": {"uv": [8, 0, 8.5, 0.5], "texture": "#0"},
				"up": {"uv": [1, 8.5, 0.5, 8], "texture": "#0"},
				"down": {"uv": [8.5, 0.5, 8, 1], "texture": "#0"}
			}
		},
		{
			"from": [8.25, 12.9, 6.15],
			"to": [8.75, 14.6, 6.85],
			"rotation": {"angle": 0, "axis": "y", "origin": [7.75, 13, 6]},
			"faces": {
				"north": {"uv": [3.5, 4.5, 4, 5.5], "texture": "#0"},
				"east": {"uv": [4.5, 4, 5, 5], "texture": "#0"},
				"south": {"uv": [5, 0, 5.5, 1], "texture": "#0"},
				"west": {"uv": [5, 1, 5.5, 2], "texture": "#0"},
				"up": {"uv": [8, 3.5, 7.5, 3], "texture": "#0"},
				"down": {"uv": [4, 7.5, 3.5, 8], "texture": "#0"}
			}
		},
		{
			"from": [8.25, 16.6, 6.15],
			"to": [8.75, 17, 6.85],
			"rotation": {"angle": 0, "axis": "y", "origin": [7.75, 15.4, 6]},
			"faces": {
				"north": {"uv": [7.5, 0, 8, 0.5], "texture": "#0"},
				"east": {"uv": [0.5, 7.5, 1, 8], "texture": "#0"},
				"south": {"uv": [7.5, 0.5, 8, 1], "texture": "#0"},
				"west": {"uv": [1, 7.5, 1.5, 8], "texture": "#0"},
				"up": {"uv": [8, 1.5, 7.5, 1], "texture": "#0"},
				"down": {"uv": [2, 7.5, 1.5, 8], "texture": "#0"}
			}
		},
		{
			"from": [7.5, 4, 6.05],
			"to": [8.25, 5.5, 6.95],
			"rotation": {"angle": 0, "axis": "y", "origin": [7, 6, 6]},
			"faces": {
				"north": {"uv": [0.5, 5.5, 1, 6.5], "texture": "#0"},
				"east": {"uv": [1, 5.5, 1.5, 6.5], "texture": "#0"},
				"south": {"uv": [5.5, 1, 6, 2], "texture": "#0"},
				"west": {"uv": [1.5, 5.5, 2, 6.5], "texture": "#0"},
				"up": {"uv": [7.5, 8.5, 7, 8], "texture": "#0"},
				"down": {"uv": [8.5, 7, 8, 7.5], "texture": "#0"}
			}
		},
		{
			"from": [8.25, 5, 6.15],
			"to": [8.75, 6.3, 6.85],
			"rotation": {"angle": 0, "axis": "y", "origin": [7.5, 6, 6]},
			"faces": {
				"north": {"uv": [5.5, 8, 6, 8.5], "texture": "#0"},
				"east": {"uv": [8, 5.5, 8.5, 6], "texture": "#0"},
				"south": {"uv": [6, 8, 6.5, 8.5], "texture": "#0"},
				"west": {"uv": [8, 6, 8.5, 6.5], "texture": "#0"},
				"up": {"uv": [7, 8.5, 6.5, 8], "texture": "#0"},
				"down": {"uv": [8.5, 6.5, 8, 7], "texture": "#0"}
			}
		},
		{
			"from": [8.25, 4, 6.15],
			"to": [8.75, 5, 6.85],
			"rotation": {"angle": 0, "axis": "y", "origin": [7.5, 5, 6]},
			"faces": {
				"north": {"uv": [8.5, 1.5, 9, 2], "texture": "#0"},
				"east": {"uv": [2, 8.5, 2.5, 9], "texture": "#0"},
				"south": {"uv": [8.5, 2, 9, 2.5], "texture": "#0"},
				"west": {"uv": [2.5, 8.5, 3, 9], "texture": "#0"},
				"up": {"uv": [9, 3, 8.5, 2.5], "texture": "#0"},
				"down": {"uv": [3.5, 8.5, 3, 9], "texture": "#0"}
			}
		},
		{
			"from": [9.4, 5.5, 6.2],
			"to": [9.8, 8, 6.8],
			"rotation": {"angle": 0, "axis": "y", "origin": [8.3, 9, 6]},
			"faces": {
				"north": {"uv": [1.5, 3, 2, 4.5], "texture": "#0"},
				"east": {"uv": [3, 1.5, 3.5, 3], "texture": "#0"},
				"south": {"uv": [2, 3, 2.5, 4.5], "texture": "#0"},
				"west": {"uv": [2.5, 3, 3, 4.5], "texture": "#0"},
				"up": {"uv": [5.5, 8.5, 5, 8], "texture": "#0"},
				"down": {"uv": [8.5, 5, 8, 5.5], "texture": "#0"}
			}
		},
		{
			"from": [9.4, 4, 6.2],
			"to": [9.8, 5.5, 6.8],
			"rotation": {"angle": 0, "axis": "y", "origin": [8.3, 7.5, 6]},
			"faces": {
				"north": {"uv": [6, 0, 6.5, 1], "texture": "#0"},
				"east": {"uv": [6, 1, 6.5, 2], "texture": "#0"},
				"south": {"uv": [6, 2, 6.5, 3], "texture": "#0"},
				"west": {"uv": [6, 3, 6.5, 4], "texture": "#0"},
				"up": {"uv": [9, 5.5, 8.5, 5], "texture": "#0"},
				"down": {"uv": [6, 8.5, 5.5, 9], "texture": "#0"}
			}
		},
		{
			"from": [7.5, 2.5, 6.05],
			"to": [8.25, 4, 6.95],
			"rotation": {"angle": 0, "axis": "y", "origin": [7, 2, 6]},
			"faces": {
				"north": {"uv": [4, 6, 4.5, 7], "texture": "#0"},
				"east": {"uv": [6, 4, 6.5, 5], "texture": "#0"},
				"south": {"uv": [4.5, 6, 5, 7], "texture": "#0"},
				"west": {"uv": [5, 6, 5.5, 7], "texture": "#0"},
				"up": {"uv": [9, 6, 8.5, 5.5], "texture": "#0"},
				"down": {"uv": [6.5, 8.5, 6, 9], "texture": "#0"}
			}
		},
		{
			"from": [8.75, 2.5, 6.2],
			"to": [9.3, 4, 6.8],
			"rotation": {"angle": 0, "axis": "y", "origin": [7.9, 2, 6]},
			"faces": {
				"north": {"uv": [6, 5, 6.5, 6], "texture": "#0"},
				"east": {"uv": [5.5, 6, 6, 7], "texture": "#0"},
				"south": {"uv": [6, 6, 6.5, 7], "texture": "#0"},
				"west": {"uv": [0, 6.5, 0.5, 7.5], "texture": "#0"},
				"up": {"uv": [9, 6.5, 8.5, 6], "texture": "#0"},
				"down": {"uv": [7, 8.5, 6.5, 9], "texture": "#0"}
			}
		},
		{
			"from": [8.25, 2.5, 6.2],
			"to": [8.75, 3.4, 6.8],
			"rotation": {"angle": 0, "axis": "y", "origin": [7.4, 2, 6]},
			"faces": {
				"north": {"uv": [8.5, 6.5, 9, 7], "texture": "#0"},
				"east": {"uv": [7, 8.5, 7.5, 9], "texture": "#0"},
				"south": {"uv": [8.5, 7, 9, 7.5], "texture": "#0"},
				"west": {"uv": [7.5, 8.5, 8, 9], "texture": "#0"},
				"up": {"uv": [9, 8, 8.5, 7.5], "texture": "#0"},
				"down": {"uv": [8.5, 8.5, 8, 9], "texture": "#0"}
			}
		},
		{
			"from": [8.25, 3.4, 6.15],
			"to": [8.75, 4, 6.85],
			"rotation": {"angle": 0, "axis": "y", "origin": [7.4, 2.6, 6]},
			"faces": {
				"north": {"uv": [8.5, 8, 9, 8.5], "texture": "#0"},
				"east": {"uv": [8.5, 8.5, 9, 9], "texture": "#0"},
				"south": {"uv": [0, 9, 0.5, 9.5], "texture": "#0"},
				"west": {"uv": [9, 0, 9.5, 0.5], "texture": "#0"},
				"up": {"uv": [1, 9.5, 0.5, 9], "texture": "#0"},
				"down": {"uv": [9.5, 0.5, 9, 1], "texture": "#0"}
			}
		},
		{
			"from": [7.25, 2, 6.05],
			"to": [8.25, 2.5, 6.95],
			"rotation": {"angle": 0, "axis": "y", "origin": [6.75, 2, 6]},
			"faces": {
				"north": {"uv": [1, 9, 1.5, 9.5], "texture": "#0"},
				"east": {"uv": [9, 1, 9.5, 1.5], "texture": "#0"},
				"south": {"uv": [1.5, 9, 2, 9.5], "texture": "#0"},
				"west": {"uv": [9, 1.5, 9.5, 2], "texture": "#0"},
				"up": {"uv": [2.5, 9.5, 2, 9], "texture": "#0"},
				"down": {"uv": [9.5, 2, 9, 2.5], "texture": "#0"}
			}
		},
		{
			"from": [8.25, 2, 6.2],
			"to": [9.3, 2.5, 6.8],
			"rotation": {"angle": 0, "axis": "y", "origin": [7.75, 2, 6]},
			"faces": {
				"north": {"uv": [2.5, 9, 3, 9.5], "texture": "#0"},
				"east": {"uv": [9, 2.5, 9.5, 3], "texture": "#0"},
				"south": {"uv": [3, 9, 3.5, 9.5], "texture": "#0"},
				"west": {"uv": [9, 3, 9.5, 3.5], "texture": "#0"},
				"up": {"uv": [4, 9.5, 3.5, 9], "texture": "#0"},
				"down": {"uv": [9.5, 3.5, 9, 4], "texture": "#0"}
			}
		},
		{
			"from": [7.25, 1.5, 6.1],
			"to": [8.25, 2, 6.9],
			"rotation": {"angle": 0, "axis": "y", "origin": [6.75, 1.5, 6]},
			"faces": {
				"north": {"uv": [6.5, 1.5, 7, 2], "texture": "#0"},
				"east": {"uv": [2, 6.5, 2.5, 7], "texture": "#0"},
				"south": {"uv": [6.5, 2, 7, 2.5], "texture": "#0"},
				"west": {"uv": [2.5, 6.5, 3, 7], "texture": "#0"},
				"up": {"uv": [7, 3, 6.5, 2.5], "texture": "#0"},
				"down": {"uv": [3.5, 6.5, 3, 7], "texture": "#0"}
			}
		},
		{
			"from": [8.25, 1.5, 6.25],
			"to": [8.8, 2, 6.75],
			"rotation": {"angle": 0, "axis": "y", "origin": [7.75, 1.5, 6]},
			"faces": {
				"north": {"uv": [4, 9, 4.5, 9.5], "texture": "#0"},
				"east": {"uv": [9, 4, 9.5, 4.5], "texture": "#0"},
				"south": {"uv": [4.5, 9, 5, 9.5], "texture": "#0"},
				"west": {"uv": [9, 4.5, 9.5, 5], "texture": "#0"},
				"up": {"uv": [5.5, 9.5, 5, 9], "texture": "#0"},
				"down": {"uv": [9.5, 5, 9, 5.5], "texture": "#0"}
			}
		}
	],
	"display": {
		"thirdperson_righthand": {
			"rotation": [-180, -90, 0],
			"translation": [-1.5, 12, 2],
			"scale": [1, 1.16, 1]
		},
		"thirdperson_lefthand": {
			"rotation": [180, 90, 0],
			"translation": [1.5, 12, 2],
			"scale": [1, 1.16, 1]
		},
		"firstperson_righthand": {
			"rotation": [180, -98, 0],
			"translation": [-0.25, 9.25, 0]
		},
		"firstperson_lefthand": {
			"rotation": [-180, 79, 0],
			"translation": [1.75, 9.25, 0]
		},
		"ground": {
			"rotation": [-180, 0, 25],
			"translation": [5, 8.5, 0],
			"scale": [0.75, 0.75, 0.75]
		},
		"gui": {
			"rotation": [180, 0, 45],
			"translation": [2, 2.75, 0],
			"scale": [0.9, 0.9, 0.9]
		},
		"fixed": {
			"rotation": [0, 0, -137.75],
			"translation": [-1.75, 3, 1],
			"scale": [0.9, 0.9, 0.9]
		}
	}
}