{
	"format_version": "1.21.6",
	"credit": "Made with Blockbench",
	"textures": {
		"0": "hougen:item/mooncakefss",
		"particle": "hougen:item/mooncakefss"
	},
	"elements": [
		{
			"name": "Maincube",
			"from": [15, 5, 1.5],
			"to": [15.25, 7.5, 14.5],
			"rotation": {"angle": 0, "axis": "y", "origin": [7, 3.5, 10]},
			"faces": {
				"north": {"uv": [8.75, 1.25, 9.75, 1.625], "texture": "#0"},
				"east": {"uv": [7.25, 8.5, 8.875, 8.875], "texture": "#0"},
				"south": {"uv": [1.125, 9.125, 2.125, 9.5], "texture": "#0"},
				"west": {"uv": [8.625, 0, 10.25, 0.375], "texture": "#0"},
				"up": {"uv": [6, 3.5, 5, 1.875], "texture": "#0"},
				"down": {"uv": [6, 3.5, 5, 5.125], "texture": "#0"}
			}
		},
		{
			"name": "Maincube",
			"from": [7, 5, 14.5],
			"to": [15.25, 5.5, 15.5],
			"rotation": {"angle": 0, "axis": "y", "origin": [7, 3.5, 10]},
			"faces": {
				"north": {"uv": [8.75, 1.625, 9.75, 1.75], "texture": "#0"},
				"east": {"uv": [8.625, 0.75, 8.75, 0.875], "texture": "#0"},
				"south": {"uv": [11.125, 9.25, 12.125, 9.375], "texture": "#0"},
				"west": {"uv": [8.75, 5.75, 8.875, 5.875], "texture": "#0"},
				"up": {"uv": [12.25, 2, 11.25, 1.875], "texture": "#0"},
				"down": {"uv": [12.25, 4.125, 11.25, 4.25], "texture": "#0"}
			}
		},
		{
			"name": "Maincube",
			"from": [7, 5.5, 14.5],
			"to": [15.25, 7.5, 15.5],
			"rotation": {"angle": 0, "axis": "y", "origin": [7, 3.5, 10]},
			"faces": {
				"north": {"uv": [10.125, 6.375, 11.125, 6.625], "texture": "#0"},
				"east": {"uv": [4.875, 3.125, 5, 3.375], "texture": "#0"},
				"south": {"uv": [10.125, 6.625, 11.125, 6.875], "texture": "#0"},
				"west": {"uv": [5.875, 1.625, 6, 1.875], "texture": "#0"},
				"up": {"uv": [12.25, 4.375, 11.25, 4.25], "texture": "#0"},
				"down": {"uv": [12.25, 6.125, 11.25, 6.25], "texture": "#0"}
			}
		},
		{
			"name": "Maincube",
			"from": [6, 4.5, 0.5],
			"to": [14.25, 6, 15.5],
			"rotation": {"angle": 0, "axis": "y", "origin": [6, 4.5, 10]},
			"faces": {
				"north": {"uv": [10.125, 6.875, 11.125, 7.125], "texture": "#0"},
				"east": {"uv": [8.625, 2.375, 10.5, 2.625], "texture": "#0"},
				"south": {"uv": [10.125, 7.125, 11.125, 7.375], "texture": "#0"},
				"west": {"uv": [8.625, 2.625, 10.5, 2.875], "texture": "#0"},
				"up": {"uv": [3, 6.125, 2, 4.25], "texture": "#0"},
				"down": {"uv": [5.875, 0, 4.875, 1.875], "texture": "#0"}
			}
		},
		{
			"name": "Maincube",
			"from": [7, 7.5, -0.5],
			"to": [15.25, 9.5, 15.5],
			"rotation": {"angle": 0, "axis": "y", "origin": [7, 3.5, 10]},
			"faces": {
				"north": {"uv": [10.125, 7.375, 11.125, 7.625], "texture": "#0"},
				"east": {"uv": [8.25, 4.75, 10.25, 5], "texture": "#0"},
				"south": {"uv": [10.125, 7.625, 11.125, 7.875], "texture": "#0"},
				"west": {"uv": [8.625, 2.125, 10.625, 2.375], "texture": "#0"},
				"up": {"uv": [1, 5.375, 0, 3.375], "texture": "#0"},
				"down": {"uv": [2, 3.375, 1, 5.375], "texture": "#0"}
			}
		},
		{
			"name": "Maincube",
			"from": [13, 5.5, 15.5],
			"to": [15.25, 9.5, 16],
			"rotation": {"angle": 0, "axis": "y", "origin": [7, 3.5, 10]},
			"faces": {
				"north": {"uv": [5.75, 8.5, 6.75, 9], "texture": "#0"},
				"east": {"uv": [6.875, 0.875, 7, 1.375], "texture": "#0"},
				"south": {"uv": [1.625, 8.625, 2.625, 9.125], "texture": "#0"},
				"west": {"uv": [1.625, 7.875, 1.75, 8.375], "texture": "#0"},
				"up": {"uv": [12.25, 6.375, 11.25, 6.25], "texture": "#0"},
				"down": {"uv": [12.375, 2.125, 11.375, 2.25], "texture": "#0"}
			}
		},
		{
			"name": "Maincube",
			"from": [7, 9.5, -0.5],
			"to": [15.25, 10, 16],
			"rotation": {"angle": 0, "axis": "y", "origin": [7, 3.5, 10]},
			"faces": {
				"north": {"uv": [11.375, 2.25, 12.375, 2.375], "texture": "#0"},
				"east": {"uv": [9.25, 4.5, 11.375, 4.625], "texture": "#0"},
				"south": {"uv": [10, 11.375, 11, 11.5], "texture": "#0"},
				"west": {"uv": [9.25, 4.625, 11.375, 4.75], "texture": "#0"},
				"up": {"uv": [3, 2.125, 2, 0], "texture": "#0"},
				"down": {"uv": [3, 2.125, 2, 4.25], "texture": "#0"}
			}
		},
		{
			"name": "Maincube",
			"from": [7, 10, -0.5],
			"to": [15.25, 12.5, 1.5],
			"rotation": {"angle": 0, "axis": "y", "origin": [7, 3.5, 10]},
			"faces": {
				"north": {"uv": [9.125, 6.5, 10.125, 6.875], "texture": "#0"},
				"east": {"uv": [5.75, 6.75, 6, 7.125], "texture": "#0"},
				"south": {"uv": [9.125, 6.875, 10.125, 7.25], "texture": "#0"},
				"west": {"uv": [1.75, 7, 2, 7.375], "texture": "#0"},
				"up": {"uv": [11.125, 8.125, 10.125, 7.875], "texture": "#0"},
				"down": {"uv": [11.125, 8.125, 10.125, 8.375], "texture": "#0"}
			}
		},
		{
			"name": "Maincube",
			"from": [7, 12.5, -0.5],
			"to": [14.25, 13, 0.5],
			"rotation": {"angle": 0, "axis": "y", "origin": [7, 3.5, 10]},
			"faces": {
				"north": {"uv": [11.375, 10, 12.375, 10.125], "texture": "#0"},
				"east": {"uv": [2.625, 9, 2.75, 9.125], "texture": "#0"},
				"south": {"uv": [11.375, 10.125, 12.375, 10.25], "texture": "#0"},
				"west": {"uv": [9.125, 3.375, 9.25, 3.5], "texture": "#0"},
				"up": {"uv": [12.375, 10.375, 11.375, 10.25], "texture": "#0"},
				"down": {"uv": [12.375, 10.375, 11.375, 10.5], "texture": "#0"}
			}
		},
		{
			"name": "Maincube",
			"from": [7, 13, -0.5],
			"to": [14.25, 13.5, 0.5],
			"rotation": {"angle": 0, "axis": "y", "origin": [7, 3.5, 10]},
			"faces": {
				"north": {"uv": [11, 11.375, 12, 11.5], "texture": "#0"},
				"east": {"uv": [10, 6.375, 10.125, 6.5], "texture": "#0"},
				"south": {"uv": [11.5, 2.375, 12.5, 2.5], "texture": "#0"},
				"west": {"uv": [9.5, 10.25, 9.625, 10.375], "texture": "#0"},
				"up": {"uv": [12.5, 2.625, 11.5, 2.5], "texture": "#0"},
				"down": {"uv": [12.5, 2.625, 11.5, 2.75], "texture": "#0"}
			}
		},
		{
			"name": "Maincube",
			"from": [7, 13, 0.5],
			"to": [14.25, 13.5, 1.5],
			"rotation": {"angle": 0, "axis": "y", "origin": [7, 3.5, 10]},
			"faces": {
				"north": {"uv": [11.5, 2.75, 12.5, 2.875], "texture": "#0"},
				"east": {"uv": [8.875, 11.125, 9, 11.25], "texture": "#0"},
				"south": {"uv": [3, 11.5, 4, 11.625], "texture": "#0"},
				"west": {"uv": [11.25, 1.75, 11.375, 1.875], "texture": "#0"},
				"up": {"uv": [5, 11.625, 4, 11.5], "texture": "#0"},
				"down": {"uv": [12.5, 8.875, 11.5, 9], "texture": "#0"}
			}
		},
		{
			"name": "Maincube",
			"from": [6, 12.5, 12.5],
			"to": [14.25, 14, 13.5],
			"rotation": {"angle": 0, "axis": "y", "origin": [6, 4.5, 22]},
			"faces": {
				"north": {"uv": [11.5, 9, 12.5, 9.125], "texture": "#0"},
				"east": {"uv": [7.625, 11.5, 7.75, 11.625], "texture": "#0"},
				"south": {"uv": [11.5, 9.125, 12.5, 9.25], "texture": "#0"},
				"west": {"uv": [5.375, 11.75, 5.5, 11.875], "texture": "#0"},
				"up": {"uv": [11, 11.625, 10, 11.5], "texture": "#0"},
				"down": {"uv": [12.5, 10.5, 11.5, 10.625], "texture": "#0"}
			}
		},
		{
			"name": "Maincube",
			"from": [6, 12.5, 11.5],
			"to": [14.25, 14, 12.5],
			"rotation": {"angle": 0, "axis": "y", "origin": [6, 4.5, 21]},
			"faces": {
				"north": {"uv": [11.5, 10.625, 12.5, 10.75], "texture": "#0"},
				"east": {"uv": [1.75, 11.875, 1.875, 12], "texture": "#0"},
				"south": {"uv": [11.5, 10.75, 12.5, 10.875], "texture": "#0"},
				"west": {"uv": [12.375, 10.375, 12.5, 10.5], "texture": "#0"},
				"up": {"uv": [12.5, 11, 11.5, 10.875], "texture": "#0"},
				"down": {"uv": [12, 11.5, 11, 11.625], "texture": "#0"}
			}
		},
		{
			"name": "Maincube",
			"from": [6, 12.5, 10.5],
			"to": [14.25, 14, 11.5],
			"rotation": {"angle": 0, "axis": "y", "origin": [6, 4.5, 20]},
			"faces": {
				"north": {"uv": [0, 11.625, 1, 11.75], "texture": "#0"},
				"east": {"uv": [12.625, 5.375, 12.75, 5.5], "texture": "#0"},
				"south": {"uv": [11.625, 0, 12.625, 0.125], "texture": "#0"},
				"west": {"uv": [5.5, 12.625, 5.625, 12.75], "texture": "#0"},
				"up": {"uv": [12.625, 0.25, 11.625, 0.125], "texture": "#0"},
				"down": {"uv": [12.625, 0.25, 11.625, 0.375], "texture": "#0"}
			}
		},
		{
			"name": "Maincube",
			"from": [6, 12.5, 2.5],
			"to": [14.25, 14, 3.5],
			"rotation": {"angle": 0, "axis": "y", "origin": [6, 4.5, 12]},
			"faces": {
				"north": {"uv": [11.625, 7.125, 12.625, 7.25], "texture": "#0"},
				"east": {"uv": [7, 12.625, 7.125, 12.75], "texture": "#0"},
				"south": {"uv": [11.625, 7.25, 12.625, 7.375], "texture": "#0"},
				"west": {"uv": [12.625, 7, 12.75, 7.125], "texture": "#0"},
				"up": {"uv": [12.625, 7.5, 11.625, 7.375], "texture": "#0"},
				"down": {"uv": [12.625, 7.5, 11.625, 7.625], "texture": "#0"}
			}
		},
		{
			"name": "Maincube",
			"from": [6, 12.5, 2.5],
			"to": [14.25, 13, 3.5],
			"rotation": {"angle": 0, "axis": "y", "origin": [6, 3.5, 12]},
			"faces": {
				"north": {"uv": [11.625, 8.5, 12.625, 8.625], "texture": "#0"},
				"east": {"uv": [7.375, 12.625, 7.5, 12.75], "texture": "#0"},
				"south": {"uv": [8.75, 11.625, 9.75, 11.75], "texture": "#0"},
				"west": {"uv": [12.625, 7.375, 12.75, 7.5], "texture": "#0"},
				"up": {"uv": [10.75, 11.75, 9.75, 11.625], "texture": "#0"},
				"down": {"uv": [11.75, 11.625, 10.75, 11.75], "texture": "#0"}
			}
		},
		{
			"name": "Maincube",
			"from": [6, 12.5, 3.5],
			"to": [14.25, 14, 4.5],
			"rotation": {"angle": 0, "axis": "y", "origin": [6, 4.5, 13]},
			"faces": {
				"north": {"uv": [11.625, 11, 12.625, 11.125], "texture": "#0"},
				"east": {"uv": [7.5, 12.625, 7.625, 12.75], "texture": "#0"},
				"south": {"uv": [11.625, 11.125, 12.625, 11.25], "texture": "#0"},
				"west": {"uv": [12.625, 7.5, 12.75, 7.625], "texture": "#0"},
				"up": {"uv": [12.625, 11.375, 11.625, 11.25], "texture": "#0"},
				"down": {"uv": [1, 11.75, 0, 11.875], "texture": "#0"}
			}
		},
		{
			"name": "Maincube",
			"from": [6, 12.5, 4.5],
			"to": [14.25, 14, 5.5],
			"rotation": {"angle": 0, "axis": "y", "origin": [6, 4.5, 14]},
			"faces": {
				"north": {"uv": [11.75, 0.75, 12.75, 0.875], "texture": "#0"},
				"east": {"uv": [7.625, 12.625, 7.75, 12.75], "texture": "#0"},
				"south": {"uv": [11.75, 0.875, 12.75, 1], "texture": "#0"},
				"west": {"uv": [12.625, 7.625, 12.75, 7.75], "texture": "#0"},
				"up": {"uv": [12.75, 1.125, 11.75, 1], "texture": "#0"},
				"down": {"uv": [12.75, 1.125, 11.75, 1.25], "texture": "#0"}
			}
		},
		{
			"name": "Maincube",
			"from": [7, 10, 1.5],
			"to": [15.25, 12.5, 14.5],
			"rotation": {"angle": 0, "axis": "y", "origin": [7, 3.5, 10]},
			"faces": {
				"north": {"uv": [9.125, 7.25, 10.125, 7.625], "texture": "#0"},
				"east": {"uv": [8.625, 0.375, 10.25, 0.75], "texture": "#0"},
				"south": {"uv": [9.125, 7.625, 10.125, 8], "texture": "#0"},
				"west": {"uv": [8.625, 1.75, 10.25, 2.125], "texture": "#0"},
				"up": {"uv": [6, 6.75, 5, 5.125], "texture": "#0"},
				"down": {"uv": [1, 5.375, 0, 7], "texture": "#0"}
			}
		},
		{
			"name": "Maincube",
			"from": [7, 12.5, 1.5],
			"to": [15.25, 13, 14.5],
			"rotation": {"angle": 0, "axis": "y", "origin": [7, 3.5, 10]},
			"faces": {
				"north": {"uv": [11.75, 1.75, 12.75, 1.875], "texture": "#0"},
				"east": {"uv": [10.25, 4.375, 11.875, 4.5], "texture": "#0"},
				"south": {"uv": [3, 11.75, 4, 11.875], "texture": "#0"},
				"west": {"uv": [10.375, 5.25, 12, 5.375], "texture": "#0"},
				"up": {"uv": [2, 7, 1, 5.375], "texture": "#0"},
				"down": {"uv": [4, 5.375, 3, 7], "texture": "#0"}
			}
		},
		{
			"name": "Maincube",
			"from": [7, 13, 1.5],
			"to": [14.25, 13.5, 14.5],
			"rotation": {"angle": 0, "axis": "y", "origin": [7, 3.5, 10]},
			"faces": {
				"north": {"uv": [4, 11.75, 5, 11.875], "texture": "#0"},
				"east": {"uv": [10.5, 2.875, 12.125, 3], "texture": "#0"},
				"south": {"uv": [11.75, 4.5, 12.75, 4.625], "texture": "#0"},
				"west": {"uv": [10.5, 3, 12.125, 3.125], "texture": "#0"},
				"up": {"uv": [5, 7, 4, 5.375], "texture": "#0"},
				"down": {"uv": [6.875, 0, 5.875, 1.625], "texture": "#0"}
			}
		},
		{
			"name": "Maincube",
			"from": [7, 10, 14.5],
			"to": [15.25, 12.5, 14.5],
			"rotation": {"angle": 0, "axis": "y", "origin": [7, 3.5, 10]},
			"faces": {
				"north": {"uv": [9.125, 8, 10.125, 8.375], "texture": "#0"},
				"east": {"uv": [0, 0, 0, 0.375], "texture": "#0"},
				"south": {"uv": [9.125, 8.375, 10.125, 8.75], "texture": "#0"},
				"west": {"uv": [0, 0, 0, 0.375], "texture": "#0"},
				"up": {"uv": [1, 0, 0, 0], "texture": "#0"},
				"down": {"uv": [1, 0, 0, 0], "texture": "#0"}
			}
		},
		{
			"name": "Maincube",
			"from": [7, 10, 14.5],
			"to": [15.25, 11.5, 15.5],
			"rotation": {"angle": 0, "axis": "y", "origin": [7, 3.5, 10]},
			"faces": {
				"north": {"uv": [10.125, 8.375, 11.125, 8.625], "texture": "#0"},
				"east": {"uv": [6.875, 1.375, 7, 1.625], "texture": "#0"},
				"south": {"uv": [10.125, 8.625, 11.125, 8.875], "texture": "#0"},
				"west": {"uv": [8, 6.25, 8.125, 6.5], "texture": "#0"},
				"up": {"uv": [12.75, 4.75, 11.75, 4.625], "texture": "#0"},
				"down": {"uv": [12.75, 4.75, 11.75, 4.875], "texture": "#0"}
			}
		},
		{
			"name": "Maincube",
			"from": [7, 11.5, 14.5],
			"to": [15.25, 12.5, 15.5],
			"rotation": {"angle": 0, "axis": "y", "origin": [7, 3.5, 10]},
			"faces": {
				"north": {"uv": [11.75, 4.875, 12.75, 5], "texture": "#0"},
				"east": {"uv": [8.375, 12.625, 8.5, 12.75], "texture": "#0"},
				"south": {"uv": [11.75, 5, 12.75, 5.125], "texture": "#0"},
				"west": {"uv": [12.625, 8.375, 12.75, 8.5], "texture": "#0"},
				"up": {"uv": [12.75, 5.25, 11.75, 5.125], "texture": "#0"},
				"down": {"uv": [7.625, 11.75, 6.625, 11.875], "texture": "#0"}
			}
		},
		{
			"name": "Maincube",
			"from": [7, 10, 15.5],
			"to": [15.25, 12.5, 15.5],
			"rotation": {"angle": 0, "axis": "y", "origin": [7, 3.5, 10]},
			"faces": {
				"north": {"uv": [9.125, 8.75, 10.125, 9.125], "texture": "#0"},
				"east": {"uv": [0, 0, 0, 0.375], "texture": "#0"},
				"south": {"uv": [9.125, 9.125, 10.125, 9.5], "texture": "#0"},
				"west": {"uv": [0, 0, 0, 0.375], "texture": "#0"},
				"up": {"uv": [1, 0, 0, 0], "texture": "#0"},
				"down": {"uv": [1, 0, 0, 0], "texture": "#0"}
			}
		},
		{
			"name": "Maincube",
			"from": [7, 10, 15.5],
			"to": [15.25, 12.5, 15.5],
			"rotation": {"angle": 0, "axis": "y", "origin": [7, 3.5, 10]},
			"faces": {
				"north": {"uv": [9.25, 3.375, 10.25, 3.75], "texture": "#0"},
				"east": {"uv": [0, 0, 0, 0.375], "texture": "#0"},
				"south": {"uv": [9.25, 3.75, 10.25, 4.125], "texture": "#0"},
				"west": {"uv": [0, 0, 0, 0.375], "texture": "#0"},
				"up": {"uv": [1, 0, 0, 0], "texture": "#0"},
				"down": {"uv": [1, 0, 0, 0], "texture": "#0"}
			}
		},
		{
			"name": "Maincube",
			"from": [7, 10, 15.5],
			"to": [15.25, 12.5, 16],
			"rotation": {"angle": 0, "axis": "y", "origin": [7, 3.5, 10]},
			"faces": {
				"north": {"uv": [9.25, 4.125, 10.25, 4.5], "texture": "#0"},
				"east": {"uv": [8, 5.875, 8.125, 6.25], "texture": "#0"},
				"south": {"uv": [9.375, 5, 10.375, 5.375], "texture": "#0"},
				"west": {"uv": [2.625, 8.625, 2.75, 9], "texture": "#0"},
				"up": {"uv": [8.625, 11.875, 7.625, 11.75], "texture": "#0"},
				"down": {"uv": [9.625, 11.75, 8.625, 11.875], "texture": "#0"}
			}
		},
		{
			"name": "Maincube",
			"from": [7, 12.5, 14.5],
			"to": [14.25, 13.5, 16],
			"rotation": {"angle": 0, "axis": "y", "origin": [7, 3.5, 10]},
			"faces": {
				"north": {"uv": [9.625, 11.75, 10.625, 11.875], "texture": "#0"},
				"east": {"uv": [0.5, 11.125, 0.75, 11.25], "texture": "#0"},
				"south": {"uv": [10.625, 11.75, 11.625, 11.875], "texture": "#0"},
				"west": {"uv": [7.75, 11.125, 8, 11.25], "texture": "#0"},
				"up": {"uv": [11.125, 9.125, 10.125, 8.875], "texture": "#0"},
				"down": {"uv": [11.125, 9.125, 10.125, 9.375], "texture": "#0"}
			}
		},
		{
			"name": "Maincube",
			"from": [7, 5, 0.5],
			"to": [15.25, 5.5, 1.5],
			"rotation": {"angle": 0, "axis": "y", "origin": [7, 3.5, 10]},
			"faces": {
				"north": {"uv": [11.625, 11.75, 12.625, 11.875], "texture": "#0"},
				"east": {"uv": [8.5, 12.625, 8.625, 12.75], "texture": "#0"},
				"south": {"uv": [11.75, 11.625, 12.75, 11.75], "texture": "#0"},
				"west": {"uv": [12.625, 8.5, 12.75, 8.625], "texture": "#0"},
				"up": {"uv": [1, 12, 0, 11.875], "texture": "#0"},
				"down": {"uv": [4, 11.875, 3, 12], "texture": "#0"}
			}
		},
		{
			"name": "Maincube",
			"from": [7, 5.5, -0.5],
			"to": [15.25, 5.5, 1.5],
			"rotation": {"angle": 0, "axis": "y", "origin": [7, 3.5, 10]},
			"faces": {
				"north": {"uv": [0, 0, 1, 0], "texture": "#0"},
				"east": {"uv": [0, 0, 0.25, 0], "texture": "#0"},
				"south": {"uv": [0, 0, 1, 0], "texture": "#0"},
				"west": {"uv": [0, 0, 0.25, 0], "texture": "#0"},
				"up": {"uv": [11.25, 0.25, 10.25, 0], "texture": "#0"},
				"down": {"uv": [11.25, 0.25, 10.25, 0.5], "texture": "#0"}
			}
		},
		{
			"name": "Maincube",
			"from": [7, 5.5, -0.5],
			"to": [15.25, 5.5, 1.5],
			"rotation": {"angle": 0, "axis": "y", "origin": [7, 3.5, 10]},
			"faces": {
				"north": {"uv": [0, 0, 1, 0], "texture": "#0"},
				"east": {"uv": [0, 0, 0.25, 0], "texture": "#0"},
				"south": {"uv": [0, 0, 1, 0], "texture": "#0"},
				"west": {"uv": [0, 0, 0.25, 0], "texture": "#0"},
				"up": {"uv": [11.25, 0.75, 10.25, 0.5], "texture": "#0"},
				"down": {"uv": [11.25, 1.75, 10.25, 2], "texture": "#0"}
			}
		},
		{
			"name": "Maincube",
			"from": [7, 5.5, -0.5],
			"to": [15.25, 5.5, 1.5],
			"rotation": {"angle": 0, "axis": "y", "origin": [7, 3.5, 10]},
			"faces": {
				"north": {"uv": [0, 0, 1, 0], "texture": "#0"},
				"east": {"uv": [0, 0, 0.25, 0], "texture": "#0"},
				"south": {"uv": [0, 0, 1, 0], "texture": "#0"},
				"west": {"uv": [0, 0, 0.25, 0], "texture": "#0"},
				"up": {"uv": [11.25, 3.625, 10.25, 3.375], "texture": "#0"},
				"down": {"uv": [11.25, 3.625, 10.25, 3.875], "texture": "#0"}
			}
		},
		{
			"name": "Maincube",
			"from": [12, 5.5, -0.5],
			"to": [15.25, 7.5, 0.5],
			"rotation": {"angle": 0, "axis": "y", "origin": [7, 3.5, 10]},
			"faces": {
				"north": {"uv": [10.25, 3.875, 11.25, 4.125], "texture": "#0"},
				"east": {"uv": [8, 8.25, 8.125, 8.5], "texture": "#0"},
				"south": {"uv": [10.25, 4.125, 11.25, 4.375], "texture": "#0"},
				"west": {"uv": [1.625, 8.375, 1.75, 8.625], "texture": "#0"},
				"up": {"uv": [5, 12, 4, 11.875], "texture": "#0"},
				"down": {"uv": [12.875, 4.375, 11.875, 4.5], "texture": "#0"}
			}
		},
		{
			"name": "Maincube",
			"from": [7, 5.5, 0.5],
			"to": [15.25, 7.5, 1.5],
			"rotation": {"angle": 0, "axis": "y", "origin": [7, 3.5, 10]},
			"faces": {
				"north": {"uv": [10.25, 4.75, 11.25, 5], "texture": "#0"},
				"east": {"uv": [9, 10, 9.125, 10.25], "texture": "#0"},
				"south": {"uv": [10.25, 5.375, 11.25, 5.625], "texture": "#0"},
				"west": {"uv": [11.25, 4.75, 11.375, 5], "texture": "#0"},
				"up": {"uv": [6, 12, 5, 11.875], "texture": "#0"},
				"down": {"uv": [7.625, 11.875, 6.625, 12], "texture": "#0"}
			}
		},
		{
			"from": [6, 4, -1],
			"to": [14, 13, 1],
			"rotation": {"angle": 0, "axis": "y", "origin": [9, 5, -1]},
			"faces": {
				"north": {"uv": [7, 5.375, 8, 6.5], "texture": "#0"},
				"east": {"uv": [1.5, 10, 1.75, 11.125], "texture": "#0"},
				"south": {"uv": [5.75, 7.375, 6.75, 8.5], "texture": "#0"},
				"west": {"uv": [8.75, 10, 9, 11.125], "texture": "#0"},
				"up": {"uv": [11.25, 5.875, 10.25, 5.625], "texture": "#0"},
				"down": {"uv": [11.25, 5.875, 10.25, 6.125], "texture": "#0"}
			}
		},
		{
			"from": [6, 4, 15],
			"to": [14, 5, 17],
			"rotation": {"angle": 0, "axis": "y", "origin": [9, 5, 15]},
			"faces": {
				"north": {"uv": [7.625, 11.875, 8.625, 12], "texture": "#0"},
				"east": {"uv": [0.75, 11.5, 1, 11.625], "texture": "#0"},
				"south": {"uv": [8.625, 11.875, 9.625, 12], "texture": "#0"},
				"west": {"uv": [12, 2, 12.25, 2.125], "texture": "#0"},
				"up": {"uv": [11.25, 6.375, 10.25, 6.125], "texture": "#0"},
				"down": {"uv": [11.375, 1.25, 10.375, 1.5], "texture": "#0"}
			}
		},
		{
			"from": [6, 12, 15],
			"to": [14, 13, 17],
			"rotation": {"angle": 0, "axis": "y", "origin": [9, 5, 15]},
			"faces": {
				"north": {"uv": [11.875, 9.375, 12.875, 9.5], "texture": "#0"},
				"east": {"uv": [12, 5.25, 12.25, 5.375], "texture": "#0"},
				"south": {"uv": [9.625, 11.875, 10.625, 12], "texture": "#0"},
				"west": {"uv": [12.125, 3.25, 12.375, 3.375], "texture": "#0"},
				"up": {"uv": [11.375, 1.75, 10.375, 1.5], "texture": "#0"},
				"down": {"uv": [4, 10.375, 3, 10.625], "texture": "#0"}
			}
		},
		{
			"from": [12, 4, 0],
			"to": [14, 13, 16],
			"rotation": {"angle": 0, "axis": "y", "origin": [12, 6, 0]},
			"faces": {
				"north": {"uv": [0, 10.125, 0.25, 11.25], "texture": "#0"},
				"east": {"uv": [0, 0, 2, 1.125], "texture": "#0"},
				"south": {"uv": [0.25, 10.125, 0.5, 11.25], "texture": "#0"},
				"west": {"uv": [0, 1.125, 2, 2.25], "texture": "#0"},
				"up": {"uv": [3, 9.75, 2.75, 7.75], "texture": "#0"},
				"down": {"uv": [4.75, 8.5, 4.5, 10.5], "texture": "#0"}
			}
		},
		{
			"from": [5, 4, 1],
			"to": [7, 5, 14],
			"rotation": {"angle": 0, "axis": "y", "origin": [5, 6, 0]},
			"faces": {
				"north": {"uv": [12.125, 9.25, 12.375, 9.375], "texture": "#0"},
				"east": {"uv": [10.5, 3.125, 12.125, 3.25], "texture": "#0"},
				"south": {"uv": [12.25, 5.25, 12.5, 5.375], "texture": "#0"},
				"west": {"uv": [10.5, 3.25, 12.125, 3.375], "texture": "#0"},
				"up": {"uv": [6.25, 10.625, 6, 9], "texture": "#0"},
				"down": {"uv": [6.5, 9, 6.25, 10.625], "texture": "#0"}
			}
		},
		{
			"from": [5, 4, 14],
			"to": [7, 5, 15],
			"rotation": {"angle": 0, "axis": "y", "origin": [5, 6, 0]},
			"faces": {
				"north": {"uv": [12.375, 11.5, 12.625, 11.625], "texture": "#0"},
				"east": {"uv": [8.625, 12.625, 8.75, 12.75], "texture": "#0"},
				"south": {"uv": [12.5, 2.75, 12.75, 2.875], "texture": "#0"},
				"west": {"uv": [12.625, 8.625, 12.75, 8.75], "texture": "#0"},
				"up": {"uv": [12.75, 5.375, 12.5, 5.25], "texture": "#0"},
				"down": {"uv": [10.875, 12.5, 10.625, 12.625], "texture": "#0"}
			}
		},
		{
			"from": [5, 5, 1],
			"to": [7, 5, 15],
			"rotation": {"angle": 0, "axis": "y", "origin": [5, 6, 0]},
			"faces": {
				"north": {"uv": [0, 0, 0.25, 0], "texture": "#0"},
				"east": {"uv": [0, 0, 1.75, 0], "texture": "#0"},
				"south": {"uv": [0, 0, 0.25, 0], "texture": "#0"},
				"west": {"uv": [0, 0, 1.75, 0], "texture": "#0"},
				"up": {"uv": [4.5, 10.625, 4.25, 8.875], "texture": "#0"},
				"down": {"uv": [9.125, 6.5, 8.875, 8.25], "texture": "#0"}
			}
		},
		{
			"from": [5, 5, 1],
			"to": [7, 5, 15],
			"rotation": {"angle": 0, "axis": "y", "origin": [5, 6, 0]},
			"faces": {
				"north": {"uv": [0, 0, 0.25, 0], "texture": "#0"},
				"east": {"uv": [0, 0, 1.75, 0], "texture": "#0"},
				"south": {"uv": [0, 0, 0.25, 0], "texture": "#0"},
				"west": {"uv": [0, 0, 1.75, 0], "texture": "#0"},
				"up": {"uv": [7.5, 10.625, 7.25, 8.875], "texture": "#0"},
				"down": {"uv": [7.75, 8.875, 7.5, 10.625], "texture": "#0"}
			}
		},
		{
			"from": [5, 5, 1],
			"to": [5, 12, 2],
			"rotation": {"angle": 0, "axis": "y", "origin": [5, 6, 0]},
			"faces": {
				"north": {"uv": [0, 0, 0, 0.875], "texture": "#0"},
				"east": {"uv": [1.625, 11.125, 1.75, 12], "texture": "#0"},
				"south": {"uv": [0, 0, 0, 0.875], "texture": "#0"},
				"west": {"uv": [2.625, 11.5, 2.75, 12.375], "texture": "#0"},
				"up": {"uv": [0, 0.125, 0, 0], "texture": "#0"},
				"down": {"uv": [0, 0, 0, 0.125], "texture": "#0"}
			}
		},
		{
			"from": [4, 5, 1],
			"to": [7, 12, 15],
			"rotation": {"angle": 0, "axis": "y", "origin": [5, 6, 0]},
			"faces": {
				"north": {"uv": [2.375, 9.125, 2.75, 10], "texture": "#0"},
				"east": {"uv": [6, 6.5, 7.75, 7.375], "texture": "#0"},
				"south": {"uv": [0.75, 9.625, 1.125, 10.5], "texture": "#0"},
				"west": {"uv": [6.875, 0, 8.625, 0.875], "texture": "#0"},
				"up": {"uv": [8.125, 8.25, 7.75, 6.5], "texture": "#0"},
				"down": {"uv": [0.375, 7.875, 0, 9.625], "texture": "#0"}
			}
		},
		{
			"from": [13, 5, 1],
			"to": [16, 12, 15],
			"rotation": {"angle": 0, "axis": "y", "origin": [14, 6, 0]},
			"faces": {
				"north": {"uv": [9.625, 9.5, 10, 10.375], "texture": "#0"},
				"east": {"uv": [0, 7, 1.75, 7.875], "texture": "#0"},
				"south": {"uv": [1.125, 10, 1.5, 10.875], "texture": "#0"},
				"west": {"uv": [7, 0.875, 8.75, 1.75], "texture": "#0"},
				"up": {"uv": [0.75, 9.625, 0.375, 7.875], "texture": "#0"},
				"down": {"uv": [1.125, 7.875, 0.75, 9.625], "texture": "#0"}
			}
		},
		{
			"from": [5, 5, 0],
			"to": [7, 12, 1],
			"rotation": {"angle": 0, "axis": "y", "origin": [5, 6, 0]},
			"faces": {
				"north": {"uv": [10, 10.5, 10.25, 11.375], "texture": "#0"},
				"east": {"uv": [2.75, 11.5, 2.875, 12.375], "texture": "#0"},
				"south": {"uv": [10.25, 10.5, 10.5, 11.375], "texture": "#0"},
				"west": {"uv": [1.125, 11.75, 1.25, 12.625], "texture": "#0"},
				"up": {"uv": [12.75, 10.75, 12.5, 10.625], "texture": "#0"},
				"down": {"uv": [12.75, 10.75, 12.5, 10.875], "texture": "#0"}
			}
		},
		{
			"from": [5, 5, 0],
			"to": [7, 12, 1],
			"rotation": {"angle": 0, "axis": "y", "origin": [5, 6, -15]},
			"faces": {
				"north": {"uv": [10.5, 10.5, 10.75, 11.375], "texture": "#0"},
				"east": {"uv": [1.25, 11.75, 1.375, 12.625], "texture": "#0"},
				"south": {"uv": [2.125, 10.625, 2.375, 11.5], "texture": "#0"},
				"west": {"uv": [1.375, 11.75, 1.5, 12.625], "texture": "#0"},
				"up": {"uv": [11.125, 12.625, 10.875, 12.5], "texture": "#0"},
				"down": {"uv": [12.75, 10.875, 12.5, 11], "texture": "#0"}
			}
		},
		{
			"from": [5, 5, 1],
			"to": [7, 5, 15],
			"rotation": {"angle": 0, "axis": "y", "origin": [5, 6, 0]},
			"faces": {
				"north": {"uv": [0, 0, 0.25, 0], "texture": "#0"},
				"east": {"uv": [0, 0, 1.75, 0], "texture": "#0"},
				"south": {"uv": [0, 0, 0.25, 0], "texture": "#0"},
				"west": {"uv": [0, 0, 1.75, 0], "texture": "#0"},
				"up": {"uv": [8, 10.625, 7.75, 8.875], "texture": "#0"},
				"down": {"uv": [8.25, 8.875, 8, 10.625], "texture": "#0"}
			}
		},
		{
			"from": [5, 5, 15],
			"to": [7, 12, 16],
			"rotation": {"angle": 0, "axis": "y", "origin": [5, 6, 0]},
			"faces": {
				"north": {"uv": [3, 10.625, 3.25, 11.5], "texture": "#0"},
				"east": {"uv": [1.5, 11.75, 1.625, 12.625], "texture": "#0"},
				"south": {"uv": [3.25, 10.625, 3.5, 11.5], "texture": "#0"},
				"west": {"uv": [2.125, 11.75, 2.25, 12.625], "texture": "#0"},
				"up": {"uv": [11.375, 12.625, 11.125, 12.5], "texture": "#0"},
				"down": {"uv": [12.75, 11.875, 12.5, 12], "texture": "#0"}
			}
		},
		{
			"from": [6, 5, 15],
			"to": [14, 12, 17],
			"rotation": {"angle": 0, "axis": "y", "origin": [9, 5, 15]},
			"faces": {
				"north": {"uv": [6.75, 7.375, 7.75, 8.25], "texture": "#0"},
				"east": {"uv": [3.5, 10.625, 3.75, 11.5], "texture": "#0"},
				"south": {"uv": [1.75, 7.75, 2.75, 8.625], "texture": "#0"},
				"west": {"uv": [3.75, 10.625, 4, 11.5], "texture": "#0"},
				"up": {"uv": [11.375, 5.25, 10.375, 5], "texture": "#0"},
				"down": {"uv": [10, 10.375, 9, 10.625], "texture": "#0"}
			}
		},
		{
			"from": [5, 12, 0],
			"to": [5, 12, 16],
			"rotation": {"angle": 0, "axis": "y", "origin": [5, 6, 0]},
			"faces": {
				"north": {"uv": [0, 0, 0, 0], "texture": "#0"},
				"east": {"uv": [0, 0, 2, 0], "texture": "#0"},
				"south": {"uv": [0, 0, 0, 0], "texture": "#0"},
				"west": {"uv": [0, 0, 2, 0], "texture": "#0"},
				"up": {"uv": [0, 2, 0, 0], "texture": "#0"},
				"down": {"uv": [0, 0, 0, 2], "texture": "#0"}
			}
		},
		{
			"from": [5, 12, 0],
			"to": [5, 12, 16],
			"rotation": {"angle": 0, "axis": "y", "origin": [5, 6, 0]},
			"faces": {
				"north": {"uv": [0, 0, 0, 0], "texture": "#0"},
				"east": {"uv": [0, 0, 2, 0], "texture": "#0"},
				"south": {"uv": [0, 0, 0, 0], "texture": "#0"},
				"west": {"uv": [0, 0, 2, 0], "texture": "#0"},
				"up": {"uv": [0, 2, 0, 0], "texture": "#0"},
				"down": {"uv": [0, 0, 0, 2], "texture": "#0"}
			}
		},
		{
			"from": [5, 12, 0],
			"to": [7, 12, 16],
			"rotation": {"angle": 0, "axis": "y", "origin": [5, 6, 0]},
			"faces": {
				"north": {"uv": [0, 0, 0.25, 0], "texture": "#0"},
				"east": {"uv": [0, 0, 2, 0], "texture": "#0"},
				"south": {"uv": [0, 0, 0.25, 0], "texture": "#0"},
				"west": {"uv": [0, 0, 2, 0], "texture": "#0"},
				"up": {"uv": [5, 10.5, 4.75, 8.5], "texture": "#0"},
				"down": {"uv": [5.25, 8.625, 5, 10.625], "texture": "#0"}
			}
		},
		{
			"from": [5, 12, 1],
			"to": [7, 12, 16],
			"rotation": {"angle": 0, "axis": "y", "origin": [5, 6, 1]},
			"faces": {
				"north": {"uv": [0, 0, 0.25, 0], "texture": "#0"},
				"east": {"uv": [0, 0, 1.875, 0], "texture": "#0"},
				"south": {"uv": [0, 0, 0.25, 0], "texture": "#0"},
				"west": {"uv": [0, 0, 1.875, 0], "texture": "#0"},
				"up": {"uv": [5.5, 10.5, 5.25, 8.625], "texture": "#0"},
				"down": {"uv": [5.75, 8.625, 5.5, 10.5], "texture": "#0"}
			}
		},
		{
			"from": [5, 12, 17],
			"to": [7, 12, 17],
			"rotation": {"angle": 0, "axis": "y", "origin": [5, 6, 1]},
			"faces": {
				"north": {"uv": [0, 0, 0.25, 0], "texture": "#0"},
				"east": {"uv": [0, 0, 0, 0], "texture": "#0"},
				"south": {"uv": [0, 0, 0.25, 0], "texture": "#0"},
				"west": {"uv": [0, 0, 0, 0], "texture": "#0"},
				"up": {"uv": [0.25, 0, 0, 0], "texture": "#0"},
				"down": {"uv": [0.25, 0, 0, 0], "texture": "#0"}
			}
		},
		{
			"from": [5, 12, 17],
			"to": [7, 12, 17],
			"rotation": {"angle": 0, "axis": "y", "origin": [5, 6, 1]},
			"faces": {
				"north": {"uv": [0, 0, 0.25, 0], "texture": "#0"},
				"east": {"uv": [0, 0, 0, 0], "texture": "#0"},
				"south": {"uv": [0, 0, 0.25, 0], "texture": "#0"},
				"west": {"uv": [0, 0, 0, 0], "texture": "#0"},
				"up": {"uv": [0.25, 0, 0, 0], "texture": "#0"},
				"down": {"uv": [0.25, 0, 0, 0], "texture": "#0"}
			}
		},
		{
			"from": [5, 12, 1],
			"to": [7, 12, 15],
			"rotation": {"angle": 0, "axis": "y", "origin": [5, 6, 0]},
			"faces": {
				"north": {"uv": [0, 0, 0.25, 0], "texture": "#0"},
				"east": {"uv": [0, 0, 1.75, 0], "texture": "#0"},
				"south": {"uv": [0, 0, 0.25, 0], "texture": "#0"},
				"west": {"uv": [0, 0, 1.75, 0], "texture": "#0"},
				"up": {"uv": [8.5, 10.625, 8.25, 8.875], "texture": "#0"},
				"down": {"uv": [9.125, 8.25, 8.875, 10], "texture": "#0"}
			}
		},
		{
			"from": [5, 12, 1],
			"to": [7, 13, 15],
			"rotation": {"angle": 0, "axis": "y", "origin": [5, 6, 0]},
			"faces": {
				"north": {"uv": [12.5, 12, 12.75, 12.125], "texture": "#0"},
				"east": {"uv": [10.125, 9.375, 11.875, 9.5], "texture": "#0"},
				"south": {"uv": [12.5, 12.125, 12.75, 12.25], "texture": "#0"},
				"west": {"uv": [10.25, 2, 12, 2.125], "texture": "#0"},
				"up": {"uv": [8.75, 10.625, 8.5, 8.875], "texture": "#0"},
				"down": {"uv": [6, 9, 5.75, 10.75], "texture": "#0"}
			}
		},
		{
			"from": [5, 5, 2],
			"to": [5, 12, 15],
			"rotation": {"angle": 0, "axis": "y", "origin": [5, 6, 0]},
			"faces": {
				"north": {"uv": [0, 0, 0, 0.875], "texture": "#0"},
				"east": {"uv": [7, 1.75, 8.625, 2.625], "texture": "#0"},
				"south": {"uv": [0, 0, 0, 0.875], "texture": "#0"},
				"west": {"uv": [7, 2.625, 8.625, 3.5], "texture": "#0"},
				"up": {"uv": [0, 1.625, 0, 0], "texture": "#0"},
				"down": {"uv": [0, 0, 0, 1.625], "texture": "#0"}
			}
		},
		{
			"from": [7, 12, 0],
			"to": [13, 14, 15],
			"rotation": {"angle": 0, "axis": "y", "origin": [11, 12, 6]},
			"faces": {
				"north": {"uv": [7.25, 8.25, 8, 8.5], "texture": "#0"},
				"east": {"uv": [8.625, 2.875, 10.5, 3.125], "texture": "#0"},
				"south": {"uv": [10.625, 0.75, 11.375, 1], "texture": "#0"},
				"west": {"uv": [8.625, 3.125, 10.5, 3.375], "texture": "#0"},
				"up": {"uv": [5.75, 8.625, 5, 6.75], "texture": "#0"},
				"down": {"uv": [3.75, 7, 3, 8.875], "texture": "#0"}
			}
		},
		{
			"from": [7, 5, -2],
			"to": [13, 12, 0],
			"rotation": {"angle": 0, "axis": "y", "origin": [9, 6, -2]},
			"faces": {
				"north": {"uv": [8, 5, 8.75, 5.875], "texture": "#0"},
				"east": {"uv": [4.25, 10.625, 4.5, 11.5], "texture": "#0"},
				"south": {"uv": [8.125, 5.875, 8.875, 6.75], "texture": "#0"},
				"west": {"uv": [5, 10.625, 5.25, 11.5], "texture": "#0"},
				"up": {"uv": [11.375, 1.25, 10.625, 1], "texture": "#0"},
				"down": {"uv": [11.375, 2.125, 10.625, 2.375], "texture": "#0"}
			}
		},
		{
			"from": [7, 5, 17],
			"to": [13, 12, 18],
			"rotation": {"angle": 0, "axis": "y", "origin": [9, 6, 16]},
			"faces": {
				"north": {"uv": [8.125, 6.75, 8.875, 7.625], "texture": "#0"},
				"east": {"uv": [6, 10.625, 6.25, 11.5], "texture": "#0"},
				"south": {"uv": [8.125, 7.625, 8.875, 8.5], "texture": "#0"},
				"west": {"uv": [6.25, 10.625, 6.5, 11.5], "texture": "#0"},
				"up": {"uv": [8, 10.875, 7.25, 10.625], "texture": "#0"},
				"down": {"uv": [8.75, 10.625, 8, 10.875], "texture": "#0"}
			}
		},
		{
			"from": [8, 15, 13],
			"to": [9, 15, 13],
			"rotation": {"angle": 0, "axis": "y", "origin": [11, 13, 7]},
			"faces": {
				"north": {"uv": [0, 0, 0.125, 0], "texture": "#0"},
				"east": {"uv": [0, 0, 0, 0], "texture": "#0"},
				"south": {"uv": [0, 0, 0.125, 0], "texture": "#0"},
				"west": {"uv": [0, 0, 0, 0], "texture": "#0"},
				"up": {"uv": [0.125, 0, 0, 0], "texture": "#0"},
				"down": {"uv": [0.125, 0, 0, 0], "texture": "#0"}
			}
		},
		{
			"from": [9, 15, 2],
			"to": [11, 15, 2],
			"rotation": {"angle": 0, "axis": "y", "origin": [11, 13, 7]},
			"faces": {
				"north": {"uv": [0, 0, 0.25, 0], "texture": "#0"},
				"east": {"uv": [0, 0, 0, 0], "texture": "#0"},
				"south": {"uv": [0, 0, 0.25, 0], "texture": "#0"},
				"west": {"uv": [0, 0, 0, 0], "texture": "#0"},
				"up": {"uv": [0.25, 0, 0, 0], "texture": "#0"},
				"down": {"uv": [0.25, 0, 0, 0], "texture": "#0"}
			}
		},
		{
			"from": [11, 15, 13],
			"to": [12, 15, 13],
			"rotation": {"angle": 0, "axis": "y", "origin": [11, 13, 7]},
			"faces": {
				"north": {"uv": [0, 0, 0.125, 0], "texture": "#0"},
				"east": {"uv": [0, 0, 0, 0], "texture": "#0"},
				"south": {"uv": [0, 0, 0.125, 0], "texture": "#0"},
				"west": {"uv": [0, 0, 0, 0], "texture": "#0"},
				"up": {"uv": [0.125, 0, 0, 0], "texture": "#0"},
				"down": {"uv": [0.125, 0, 0, 0], "texture": "#0"}
			}
		},
		{
			"from": [9, 15, 3],
			"to": [9, 15, 14],
			"rotation": {"angle": 0, "axis": "y", "origin": [11, 13, 7]},
			"faces": {
				"north": {"uv": [0, 0, 0, 0], "texture": "#0"},
				"east": {"uv": [0, 0, 1.375, 0], "texture": "#0"},
				"south": {"uv": [0, 0, 0, 0], "texture": "#0"},
				"west": {"uv": [0, 0, 1.375, 0], "texture": "#0"},
				"up": {"uv": [0, 1.375, 0, 0], "texture": "#0"},
				"down": {"uv": [0, 0, 0, 1.375], "texture": "#0"}
			}
		},
		{
			"from": [8, 13, 2],
			"to": [12, 14, 14],
			"rotation": {"angle": 0, "axis": "y", "origin": [11, 13, 7]},
			"faces": {
				"north": {"uv": [8.625, 3.375, 9.125, 3.5], "texture": "#0"},
				"east": {"uv": [10.625, 9.5, 12.125, 9.625], "texture": "#0"},
				"south": {"uv": [9.5, 6.375, 10, 6.5], "texture": "#0"},
				"west": {"uv": [10.625, 9.625, 12.125, 9.75], "texture": "#0"},
				"up": {"uv": [5, 8.5, 4.5, 7], "texture": "#0"},
				"down": {"uv": [8.25, 3.5, 7.75, 5], "texture": "#0"}
			}
		},
		{
			"from": [8, 14, 3],
			"to": [12, 15, 13],
			"rotation": {"angle": 0, "axis": "y", "origin": [11, 13, 7]},
			"faces": {
				"north": {"uv": [9, 10.25, 9.5, 10.375], "texture": "#0"},
				"east": {"uv": [11.125, 8.625, 12.375, 8.75], "texture": "#0"},
				"south": {"uv": [7.125, 11.5, 7.625, 11.625], "texture": "#0"},
				"west": {"uv": [11.125, 8.75, 12.375, 8.875], "texture": "#0"},
				"up": {"uv": [1.625, 9.125, 1.125, 7.875], "texture": "#0"},
				"down": {"uv": [7.25, 8.25, 6.75, 9.5], "texture": "#0"}
			}
		},
		{
			"from": [8, 15, 13],
			"to": [11, 15, 13],
			"rotation": {"angle": 0, "axis": "y", "origin": [11, 13, 7]},
			"faces": {
				"north": {"uv": [0, 0, 0.375, 0], "texture": "#0"},
				"east": {"uv": [0, 0, 0, 0], "texture": "#0"},
				"south": {"uv": [0, 0, 0.375, 0], "texture": "#0"},
				"west": {"uv": [0, 0, 0, 0], "texture": "#0"},
				"up": {"uv": [0.375, 0, 0, 0], "texture": "#0"},
				"down": {"uv": [0.375, 0, 0, 0], "texture": "#0"}
			}
		},
		{
			"from": [9, 14, 13],
			"to": [11, 15, 14],
			"rotation": {"angle": 0, "axis": "y", "origin": [11, 13, 7]},
			"faces": {
				"north": {"uv": [12.5, 12.5, 12.75, 12.625], "texture": "#0"},
				"east": {"uv": [8.75, 12.625, 8.875, 12.75], "texture": "#0"},
				"south": {"uv": [12.625, 0, 12.875, 0.125], "texture": "#0"},
				"west": {"uv": [12.625, 8.75, 12.75, 8.875], "texture": "#0"},
				"up": {"uv": [12.875, 0.25, 12.625, 0.125], "texture": "#0"},
				"down": {"uv": [0.5, 12.625, 0.25, 12.75], "texture": "#0"}
			}
		},
		{
			"from": [9, 14, 2],
			"to": [11, 15, 3],
			"rotation": {"angle": 0, "axis": "y", "origin": [11, 13, -4]},
			"faces": {
				"north": {"uv": [12.625, 0.25, 12.875, 0.375], "texture": "#0"},
				"east": {"uv": [8.875, 12.625, 9, 12.75], "texture": "#0"},
				"south": {"uv": [12.625, 0.375, 12.875, 0.5], "texture": "#0"},
				"west": {"uv": [12.625, 8.875, 12.75, 9], "texture": "#0"},
				"up": {"uv": [0.75, 12.75, 0.5, 12.625], "texture": "#0"},
				"down": {"uv": [12.875, 0.5, 12.625, 0.625], "texture": "#0"}
			}
		},
		{
			"from": [9, 15, 2],
			"to": [11, 15, 3],
			"rotation": {"angle": 0, "axis": "y", "origin": [11, 13, -4]},
			"faces": {
				"north": {"uv": [0, 0, 0.25, 0], "texture": "#0"},
				"east": {"uv": [0, 0, 0.125, 0], "texture": "#0"},
				"south": {"uv": [0, 0, 0.25, 0], "texture": "#0"},
				"west": {"uv": [0, 0, 0.125, 0], "texture": "#0"},
				"up": {"uv": [12.875, 0.75, 12.625, 0.625], "texture": "#0"},
				"down": {"uv": [1, 12.625, 0.75, 12.75], "texture": "#0"}
			}
		},
		{
			"from": [8, 15, 13],
			"to": [8, 15, 14],
			"rotation": {"angle": 0, "axis": "y", "origin": [11, 13, 7]},
			"faces": {
				"north": {"uv": [0, 0, 0, 0], "texture": "#0"},
				"east": {"uv": [0, 0, 0.125, 0], "texture": "#0"},
				"south": {"uv": [0, 0, 0, 0], "texture": "#0"},
				"west": {"uv": [0, 0, 0.125, 0], "texture": "#0"},
				"up": {"uv": [0, 0.125, 0, 0], "texture": "#0"},
				"down": {"uv": [0, 0, 0, 0.125], "texture": "#0"}
			}
		},
		{
			"from": [8, 15, 13],
			"to": [9, 15, 13],
			"rotation": {"angle": 0, "axis": "y", "origin": [11, 13, 7]},
			"faces": {
				"north": {"uv": [0, 0, 0.125, 0], "texture": "#0"},
				"east": {"uv": [0, 0, 0, 0], "texture": "#0"},
				"south": {"uv": [0, 0, 0.125, 0], "texture": "#0"},
				"west": {"uv": [0, 0, 0, 0], "texture": "#0"},
				"up": {"uv": [0.125, 0, 0, 0], "texture": "#0"},
				"down": {"uv": [0.125, 0, 0, 0], "texture": "#0"}
			}
		},
		{
			"from": [8, 15, 14],
			"to": [9, 15, 14],
			"rotation": {"angle": 0, "axis": "y", "origin": [11, 13, 7]},
			"faces": {
				"north": {"uv": [0, 0, 0.125, 0], "texture": "#0"},
				"east": {"uv": [0, 0, 0, 0], "texture": "#0"},
				"south": {"uv": [0, 0, 0.125, 0], "texture": "#0"},
				"west": {"uv": [0, 0, 0, 0], "texture": "#0"},
				"up": {"uv": [0.125, 0, 0, 0], "texture": "#0"},
				"down": {"uv": [0.125, 0, 0, 0], "texture": "#0"}
			}
		},
		{
			"from": [9, 15, 13],
			"to": [9, 15, 14],
			"rotation": {"angle": 0, "axis": "y", "origin": [11, 13, 7]},
			"faces": {
				"north": {"uv": [0, 0, 0, 0], "texture": "#0"},
				"east": {"uv": [0, 0, 0.125, 0], "texture": "#0"},
				"south": {"uv": [0, 0, 0, 0], "texture": "#0"},
				"west": {"uv": [0, 0, 0.125, 0], "texture": "#0"},
				"up": {"uv": [0, 0.125, 0, 0], "texture": "#0"},
				"down": {"uv": [0, 0, 0, 0.125], "texture": "#0"}
			}
		},
		{
			"from": [9, 15, 13],
			"to": [11, 15, 14],
			"rotation": {"angle": 0, "axis": "y", "origin": [11, 13, 7]},
			"faces": {
				"north": {"uv": [0, 0, 0.25, 0], "texture": "#0"},
				"east": {"uv": [0, 0, 0.125, 0], "texture": "#0"},
				"south": {"uv": [0, 0, 0.25, 0], "texture": "#0"},
				"west": {"uv": [0, 0, 0.125, 0], "texture": "#0"},
				"up": {"uv": [1.375, 12.75, 1.125, 12.625], "texture": "#0"},
				"down": {"uv": [1.625, 12.625, 1.375, 12.75], "texture": "#0"}
			}
		},
		{
			"from": [8, 15, 13],
			"to": [11, 15, 13],
			"rotation": {"angle": 0, "axis": "y", "origin": [11, 13, 7]},
			"faces": {
				"north": {"uv": [0, 0, 0.375, 0], "texture": "#0"},
				"east": {"uv": [0, 0, 0, 0], "texture": "#0"},
				"south": {"uv": [0, 0, 0.375, 0], "texture": "#0"},
				"west": {"uv": [0, 0, 0, 0], "texture": "#0"},
				"up": {"uv": [0.375, 0, 0, 0], "texture": "#0"},
				"down": {"uv": [0.375, 0, 0, 0], "texture": "#0"}
			}
		},
		{
			"from": [9, 15, 13],
			"to": [9, 15, 14],
			"rotation": {"angle": 0, "axis": "y", "origin": [11, 13, 7]},
			"faces": {
				"north": {"uv": [0, 0, 0, 0], "texture": "#0"},
				"east": {"uv": [0, 0, 0.125, 0], "texture": "#0"},
				"south": {"uv": [0, 0, 0, 0], "texture": "#0"},
				"west": {"uv": [0, 0, 0.125, 0], "texture": "#0"},
				"up": {"uv": [0, 0.125, 0, 0], "texture": "#0"},
				"down": {"uv": [0, 0, 0, 0.125], "texture": "#0"}
			}
		},
		{
			"from": [9, 15, 13],
			"to": [11, 15, 14],
			"rotation": {"angle": 0, "axis": "y", "origin": [11, 13, 7]},
			"faces": {
				"north": {"uv": [0, 0, 0.25, 0], "texture": "#0"},
				"east": {"uv": [0, 0, 0.125, 0], "texture": "#0"},
				"south": {"uv": [0, 0, 0.25, 0], "texture": "#0"},
				"west": {"uv": [0, 0, 0.125, 0], "texture": "#0"},
				"up": {"uv": [1.875, 12.75, 1.625, 12.625], "texture": "#0"},
				"down": {"uv": [2.125, 12.625, 1.875, 12.75], "texture": "#0"}
			}
		},
		{
			"from": [7, 3, 0],
			"to": [13, 5, 15],
			"rotation": {"angle": 0, "axis": "y", "origin": [11, 3, 6]},
			"faces": {
				"north": {"uv": [9, 10.625, 9.75, 10.875], "texture": "#0"},
				"east": {"uv": [8.75, 0.75, 10.625, 1], "texture": "#0"},
				"south": {"uv": [10.625, 10, 11.375, 10.25], "texture": "#0"},
				"west": {"uv": [8.75, 1, 10.625, 1.25], "texture": "#0"},
				"up": {"uv": [7.75, 5.375, 7, 3.5], "texture": "#0"},
				"down": {"uv": [4.5, 7, 3.75, 8.875], "texture": "#0"}
			}
		},
		{
			"from": [9, 0, 2],
			"to": [14, 4, 4],
			"rotation": {"angle": 0, "axis": "y", "origin": [-2, 0, -2]},
			"faces": {
				"north": {"uv": [9.75, 1.25, 10.375, 1.75], "texture": "#0"},
				"east": {"uv": [1.125, 9.5, 1.875, 10], "texture": "#0"},
				"south": {"uv": [2.375, 10, 3, 10.5], "texture": "#0"},
				"west": {"uv": [9.5, 5.375, 10.25, 5.875], "texture": "#0"},
				"up": {"uv": [9.375, 5.75, 8.75, 5], "texture": "#0"},
				"down": {"uv": [3.625, 8.875, 3, 9.625], "texture": "#0"}
			}
		},
		{
			"from": [11, 0, 0],
			"to": [15, 2, 6],
			"rotation": {"angle": 0, "axis": "y", "origin": [-2, 0, 0]},
			"faces": {
				"north": {"uv": [1.125, 11.5, 1.625, 11.75], "texture": "#0"},
				"east": {"uv": [10.625, 10.25, 11.375, 10.5], "texture": "#0"},
				"south": {"uv": [2.125, 11.5, 2.625, 11.75], "texture": "#0"},
				"west": {"uv": [10.75, 10.5, 11.5, 10.75], "texture": "#0"},
				"up": {"uv": [7.25, 10.25, 6.75, 9.5], "texture": "#0"},
				"down": {"uv": [9.625, 9.5, 9.125, 10.25], "texture": "#0"}
			}
		},
		{
			"name": "Maincube",
			"from": [9, 2.5, 1.5],
			"to": [11.25, 4, 4.5],
			"rotation": {"angle": 0, "axis": "y", "origin": [3, -6.5, 13]},
			"faces": {
				"north": {"uv": [5.75, 7.125, 6, 7.375], "texture": "#0"},
				"east": {"uv": [1.125, 10.875, 1.5, 11.125], "texture": "#0"},
				"south": {"uv": [2.75, 9.75, 3, 10], "texture": "#0"},
				"west": {"uv": [2.25, 11.75, 2.625, 12], "texture": "#0"},
				"up": {"uv": [2, 7.75, 1.75, 7.375], "texture": "#0"},
				"down": {"uv": [8, 5, 7.75, 5.375], "texture": "#0"}
			}
		},
		{
			"name": "Maincube",
			"from": [11, 0.5, 10.5],
			"to": [13.25, 3, 13.5],
			"rotation": {"angle": 0, "axis": "y", "origin": [5, -7.5, 22]},
			"faces": {
				"north": {"uv": [4, 10.875, 4.25, 11.25], "texture": "#0"},
				"east": {"uv": [8.5, 11.125, 8.875, 11.5], "texture": "#0"},
				"south": {"uv": [5.5, 11.5, 5.75, 11.875], "texture": "#0"},
				"west": {"uv": [11.125, 8.875, 11.5, 9.25], "texture": "#0"},
				"up": {"uv": [6.25, 12.125, 6, 11.75], "texture": "#0"},
				"down": {"uv": [6.5, 11.75, 6.25, 12.125], "texture": "#0"}
			}
		},
		{
			"name": "Maincube",
			"from": [11, 0.5, 12.5],
			"to": [13.25, 3, 15.5],
			"rotation": {"angle": 0, "axis": "y", "origin": [5, -7.5, 24]},
			"faces": {
				"north": {"uv": [10.625, 11.875, 10.875, 12.25], "texture": "#0"},
				"east": {"uv": [0, 11.25, 0.375, 11.625], "texture": "#0"},
				"south": {"uv": [10.875, 11.875, 11.125, 12.25], "texture": "#0"},
				"west": {"uv": [11.25, 0, 11.625, 0.375], "texture": "#0"},
				"up": {"uv": [11.375, 12.25, 11.125, 11.875], "texture": "#0"},
				"down": {"uv": [11.625, 11.875, 11.375, 12.25], "texture": "#0"}
			}
		},
		{
			"name": "Maincube",
			"from": [11, 0.5, 2.5],
			"to": [13.25, 3, 5.5],
			"rotation": {"angle": 0, "axis": "y", "origin": [5, -7.5, 14]},
			"faces": {
				"north": {"uv": [11.625, 11.875, 11.875, 12.25], "texture": "#0"},
				"east": {"uv": [0.375, 11.25, 0.75, 11.625], "texture": "#0"},
				"south": {"uv": [11.875, 11.875, 12.125, 12.25], "texture": "#0"},
				"west": {"uv": [11.25, 0.375, 11.625, 0.75], "texture": "#0"},
				"up": {"uv": [0.25, 12.375, 0, 12], "texture": "#0"},
				"down": {"uv": [0.5, 12, 0.25, 12.375], "texture": "#0"}
			}
		},
		{
			"name": "Maincube",
			"from": [11, 0.5, 0.5],
			"to": [13.25, 3, 3.5],
			"rotation": {"angle": 0, "axis": "y", "origin": [5, -7.5, 12]},
			"faces": {
				"north": {"uv": [0.5, 12, 0.75, 12.375], "texture": "#0"},
				"east": {"uv": [11.25, 3.375, 11.625, 3.75], "texture": "#0"},
				"south": {"uv": [0.75, 12, 1, 12.375], "texture": "#0"},
				"west": {"uv": [11.25, 3.75, 11.625, 4.125], "texture": "#0"},
				"up": {"uv": [1.875, 12.375, 1.625, 12], "texture": "#0"},
				"down": {"uv": [2.125, 12, 1.875, 12.375], "texture": "#0"}
			}
		},
		{
			"name": "Maincube",
			"from": [12, 0.5, 1.5],
			"to": [14.25, 3, 4.5],
			"rotation": {"angle": 0, "axis": "y", "origin": [6, -7.5, 13]},
			"faces": {
				"north": {"uv": [2.25, 12, 2.5, 12.375], "texture": "#0"},
				"east": {"uv": [11.25, 5.375, 11.625, 5.75], "texture": "#0"},
				"south": {"uv": [3, 12, 3.25, 12.375], "texture": "#0"},
				"west": {"uv": [11.25, 5.75, 11.625, 6.125], "texture": "#0"},
				"up": {"uv": [3.5, 12.375, 3.25, 12], "texture": "#0"},
				"down": {"uv": [3.75, 12, 3.5, 12.375], "texture": "#0"}
			}
		},
		{
			"name": "Maincube",
			"from": [10, 0.5, 1.5],
			"to": [12.25, 3, 4.5],
			"rotation": {"angle": 0, "axis": "y", "origin": [4, -7.5, 13]},
			"faces": {
				"north": {"uv": [3.75, 12, 4, 12.375], "texture": "#0"},
				"east": {"uv": [6.75, 11.25, 7.125, 11.625], "texture": "#0"},
				"south": {"uv": [4, 12, 4.25, 12.375], "texture": "#0"},
				"west": {"uv": [7.75, 11.25, 8.125, 11.625], "texture": "#0"},
				"up": {"uv": [4.5, 12.375, 4.25, 12], "texture": "#0"},
				"down": {"uv": [4.75, 12, 4.5, 12.375], "texture": "#0"}
			}
		},
		{
			"from": [11, 0, 10],
			"to": [15, 2, 16],
			"rotation": {"angle": 0, "axis": "y", "origin": [-2, 0, 10]},
			"faces": {
				"north": {"uv": [5, 11.5, 5.5, 11.75], "texture": "#0"},
				"east": {"uv": [10.75, 10.75, 11.5, 11], "texture": "#0"},
				"south": {"uv": [6, 11.5, 6.5, 11.75], "texture": "#0"},
				"west": {"uv": [7.25, 10.875, 8, 11.125], "texture": "#0"},
				"up": {"uv": [3.5, 10.375, 3, 9.625], "texture": "#0"},
				"down": {"uv": [4, 9.625, 3.5, 10.375], "texture": "#0"}
			}
		},
		{
			"name": "Maincube",
			"from": [9, 2.5, 11.5],
			"to": [11.25, 4, 14.5],
			"rotation": {"angle": 0, "axis": "y", "origin": [3, -6.5, 23]},
			"faces": {
				"north": {"uv": [9.75, 10.625, 10, 10.875], "texture": "#0"},
				"east": {"uv": [4.75, 12, 5.125, 12.25], "texture": "#0"},
				"south": {"uv": [8.5, 10.875, 8.75, 11.125], "texture": "#0"},
				"west": {"uv": [5.125, 12, 5.5, 12.25], "texture": "#0"},
				"up": {"uv": [5.75, 12.375, 5.5, 12], "texture": "#0"},
				"down": {"uv": [6, 12, 5.75, 12.375], "texture": "#0"}
			}
		},
		{
			"name": "Maincube",
			"from": [9, 2.5, 7.5],
			"to": [11.25, 4, 10.5],
			"rotation": {"angle": 0, "axis": "y", "origin": [3, -6.5, 19]},
			"faces": {
				"north": {"uv": [4, 11.25, 4.25, 11.5], "texture": "#0"},
				"east": {"uv": [6.625, 12, 7, 12.25], "texture": "#0"},
				"south": {"uv": [0.25, 12.375, 0.5, 12.625], "texture": "#0"},
				"west": {"uv": [7, 12, 7.375, 12.25], "texture": "#0"},
				"up": {"uv": [7.625, 12.375, 7.375, 12], "texture": "#0"},
				"down": {"uv": [7.875, 12, 7.625, 12.375], "texture": "#0"}
			}
		},
		{
			"name": "Maincube",
			"from": [9, 2.5, 5.5],
			"to": [11.25, 4, 7.5],
			"rotation": {"angle": 0, "axis": "y", "origin": [3, -6.5, 17]},
			"faces": {
				"north": {"uv": [0.5, 12.375, 0.75, 12.625], "texture": "#0"},
				"east": {"uv": [7.875, 12, 8.25, 12.25], "texture": "#0"},
				"south": {"uv": [0.75, 12.375, 1, 12.625], "texture": "#0"},
				"west": {"uv": [8.25, 12, 8.625, 12.25], "texture": "#0"},
				"up": {"uv": [8.875, 12.375, 8.625, 12], "texture": "#0"},
				"down": {"uv": [9.125, 12, 8.875, 12.375], "texture": "#0"}
			}
		},
		{
			"name": "Maincube",
			"from": [12, 0.5, 11.5],
			"to": [14.25, 3, 14.5],
			"rotation": {"angle": 0, "axis": "y", "origin": [6, -7.5, 23]},
			"faces": {
				"north": {"uv": [9.125, 12, 9.375, 12.375], "texture": "#0"},
				"east": {"uv": [8.125, 11.25, 8.5, 11.625], "texture": "#0"},
				"south": {"uv": [9.375, 12, 9.625, 12.375], "texture": "#0"},
				"west": {"uv": [8.875, 11.25, 9.25, 11.625], "texture": "#0"},
				"up": {"uv": [9.875, 12.375, 9.625, 12], "texture": "#0"},
				"down": {"uv": [10.125, 12, 9.875, 12.375], "texture": "#0"}
			}
		},
		{
			"name": "Maincube",
			"from": [10, 0.5, 11.5],
			"to": [12.25, 3, 14.5],
			"rotation": {"angle": 0, "axis": "y", "origin": [4, -7.5, 23]},
			"faces": {
				"north": {"uv": [10.125, 12, 10.375, 12.375], "texture": "#0"},
				"east": {"uv": [9.25, 11.25, 9.625, 11.625], "texture": "#0"},
				"south": {"uv": [10.375, 12, 10.625, 12.375], "texture": "#0"},
				"west": {"uv": [9.625, 11.25, 10, 11.625], "texture": "#0"},
				"up": {"uv": [12.375, 3.25, 12.125, 2.875], "texture": "#0"},
				"down": {"uv": [6.25, 12.125, 6, 12.5], "texture": "#0"}
			}
		},
		{
			"from": [8, 16, 17],
			"to": [12, 19, 20],
			"rotation": {"angle": 0, "axis": "y", "origin": [9, 16, 16]},
			"faces": {
				"north": {"uv": [8, 10.875, 8.5, 11.25], "texture": "#0"},
				"east": {"uv": [11.25, 11, 11.625, 11.375], "texture": "#0"},
				"south": {"uv": [9, 10.875, 9.5, 11.25], "texture": "#0"},
				"west": {"uv": [11.375, 0.75, 11.75, 1.125], "texture": "#0"},
				"up": {"uv": [10, 11.25, 9.5, 10.875], "texture": "#0"},
				"down": {"uv": [11.25, 11, 10.75, 11.375], "texture": "#0"}
			}
		},
		{
			"from": [9, 0, 12],
			"to": [14, 4, 14],
			"rotation": {"angle": 0, "axis": "y", "origin": [-2, 0, 8]},
			"faces": {
				"north": {"uv": [9.75, 1.25, 10.375, 1.75], "texture": "#0"},
				"east": {"uv": [1.125, 9.5, 1.875, 10], "texture": "#0"},
				"south": {"uv": [2.375, 10, 3, 10.5], "texture": "#0"},
				"west": {"uv": [9.5, 5.375, 10.25, 5.875], "texture": "#0"},
				"up": {"uv": [9.375, 5.75, 8.75, 5], "texture": "#0"},
				"down": {"uv": [3.625, 8.875, 3, 9.625], "texture": "#0"}
			}
		},
		{
			"from": [9, 15, 17],
			"to": [11, 16, 20],
			"rotation": {"angle": 0, "axis": "y", "origin": [9, 15, 17]},
			"faces": {
				"north": {"uv": [12.375, 2.125, 12.625, 2.375], "texture": "#0"},
				"east": {"uv": [12, 11.375, 12.375, 11.625], "texture": "#0"},
				"south": {"uv": [2.25, 12.375, 2.5, 12.625], "texture": "#0"},
				"west": {"uv": [12.125, 9.5, 12.5, 9.75], "texture": "#0"},
				"up": {"uv": [6.5, 12.5, 6.25, 12.125], "texture": "#0"},
				"down": {"uv": [12.375, 11.875, 12.125, 12.25], "texture": "#0"}
			}
		},
		{
			"from": [9, 19, 17],
			"to": [11, 20, 20],
			"rotation": {"angle": 0, "axis": "y", "origin": [9, 18, 17]},
			"faces": {
				"north": {"uv": [2.5, 12.375, 2.75, 12.625], "texture": "#0"},
				"east": {"uv": [12.125, 9.75, 12.5, 10], "texture": "#0"},
				"south": {"uv": [2.75, 12.375, 3, 12.625], "texture": "#0"},
				"west": {"uv": [12.25, 1.875, 12.625, 2.125], "texture": "#0"},
				"up": {"uv": [5, 12.625, 4.75, 12.25], "texture": "#0"},
				"down": {"uv": [5.25, 12.25, 5, 12.625], "texture": "#0"}
			}
		},
		{
			"from": [9, 16, 16],
			"to": [11, 19, 17],
			"rotation": {"angle": 0, "axis": "y", "origin": [9, 16, 15]},
			"faces": {
				"north": {"uv": [5.25, 12.25, 5.5, 12.625], "texture": "#0"},
				"east": {"uv": [9.375, 5.375, 9.5, 5.75], "texture": "#0"},
				"south": {"uv": [6.625, 12.25, 6.875, 12.625], "texture": "#0"},
				"west": {"uv": [2.5, 12, 2.625, 12.375], "texture": "#0"},
				"up": {"uv": [12.875, 2, 12.625, 1.875], "texture": "#0"},
				"down": {"uv": [12.875, 2, 12.625, 2.125], "texture": "#0"}
			}
		},
		{
			"from": [9, 16, 20],
			"to": [11, 19, 21],
			"rotation": {"angle": 0, "axis": "y", "origin": [9, 17, 19]},
			"faces": {
				"north": {"uv": [6.875, 12.25, 7.125, 12.625], "texture": "#0"},
				"east": {"uv": [1, 12.375, 1.125, 12.75], "texture": "#0"},
				"south": {"uv": [7.125, 12.25, 7.375, 12.625], "texture": "#0"},
				"west": {"uv": [6.5, 12.375, 6.625, 12.75], "texture": "#0"},
				"up": {"uv": [12.875, 2.375, 12.625, 2.25], "texture": "#0"},
				"down": {"uv": [12.875, 2.375, 12.625, 2.5], "texture": "#0"}
			}
		},
		{
			"name": "Shaft",
			"from": [9, 14, -4],
			"to": [11, 16, 4],
			"rotation": {"angle": 45, "axis": "x", "origin": [9, 15, -1]},
			"faces": {
				"north": {"uv": [12.375, 3.125, 12.625, 3.375], "texture": "#0"},
				"east": {"uv": [10.5, 2.375, 11.5, 2.625], "texture": "#0"},
				"south": {"uv": [3.25, 12.375, 3.5, 12.625], "texture": "#0"},
				"west": {"uv": [10.5, 2.625, 11.5, 2.875], "texture": "#0"},
				"up": {"uv": [2.625, 11.5, 2.375, 10.5], "texture": "#0"},
				"down": {"uv": [2.875, 10.5, 2.625, 11.5], "texture": "#0"}
			}
		},
		{
			"name": "Shaft",
			"from": [9, 11, 15],
			"to": [11, 19, 17],
			"rotation": {"angle": 40, "axis": "x", "origin": [9, 14, 16]},
			"faces": {
				"north": {"uv": [4.5, 10.5, 4.75, 11.5], "texture": "#0"},
				"east": {"uv": [4.75, 10.5, 5, 11.5], "texture": "#0"},
				"south": {"uv": [5.25, 10.5, 5.5, 11.5], "texture": "#0"},
				"west": {"uv": [5.5, 10.5, 5.75, 11.5], "texture": "#0"},
				"up": {"uv": [3.75, 12.625, 3.5, 12.375], "texture": "#0"},
				"down": {"uv": [4, 12.375, 3.75, 12.625], "texture": "#0"}
			}
		},
		{
			"from": [8, 16, -4],
			"to": [12, 19, -1],
			"rotation": {"angle": 0, "axis": "y", "origin": [9, 16, -5]},
			"faces": {
				"north": {"uv": [7.25, 11.125, 7.75, 11.5], "texture": "#0"},
				"east": {"uv": [11.375, 4.5, 11.75, 4.875], "texture": "#0"},
				"south": {"uv": [11.125, 7.5, 11.625, 7.875], "texture": "#0"},
				"west": {"uv": [11.375, 4.875, 11.75, 5.25], "texture": "#0"},
				"up": {"uv": [11.625, 8.25, 11.125, 7.875], "texture": "#0"},
				"down": {"uv": [11.625, 8.25, 11.125, 8.625], "texture": "#0"}
			}
		},
		{
			"from": [9, 15, -4],
			"to": [11, 16, -1],
			"rotation": {"angle": 0, "axis": "y", "origin": [9, 15, -4]},
			"faces": {
				"north": {"uv": [4, 12.375, 4.25, 12.625], "texture": "#0"},
				"east": {"uv": [12.25, 4.125, 12.625, 4.375], "texture": "#0"},
				"south": {"uv": [4.25, 12.375, 4.5, 12.625], "texture": "#0"},
				"west": {"uv": [12.25, 6.125, 12.625, 6.375], "texture": "#0"},
				"up": {"uv": [8.125, 12.625, 7.875, 12.25], "texture": "#0"},
				"down": {"uv": [8.375, 12.25, 8.125, 12.625], "texture": "#0"}
			}
		},
		{
			"from": [9, 19, -4],
			"to": [11, 20, -1],
			"rotation": {"angle": 0, "axis": "y", "origin": [9, 18, -4]},
			"faces": {
				"north": {"uv": [4.5, 12.375, 4.75, 12.625], "texture": "#0"},
				"east": {"uv": [10.625, 12.25, 11, 12.5], "texture": "#0"},
				"south": {"uv": [5.5, 12.375, 5.75, 12.625], "texture": "#0"},
				"west": {"uv": [11, 12.25, 11.375, 12.5], "texture": "#0"},
				"up": {"uv": [8.625, 12.625, 8.375, 12.25], "texture": "#0"},
				"down": {"uv": [11.625, 12.25, 11.375, 12.625], "texture": "#0"}
			}
		},
		{
			"from": [9, 16, -5],
			"to": [11, 19, -4],
			"rotation": {"angle": 0, "axis": "y", "origin": [9, 16, -6]},
			"faces": {
				"north": {"uv": [11.625, 12.25, 11.875, 12.625], "texture": "#0"},
				"east": {"uv": [9.125, 12.375, 9.25, 12.75], "texture": "#0"},
				"south": {"uv": [11.875, 12.25, 12.125, 12.625], "texture": "#0"},
				"west": {"uv": [9.25, 12.375, 9.375, 12.75], "texture": "#0"},
				"up": {"uv": [2.75, 12.75, 2.5, 12.625], "texture": "#0"},
				"down": {"uv": [12.875, 2.5, 12.625, 2.625], "texture": "#0"}
			}
		},
		{
			"from": [9, 17, 0],
			"to": [11, 19, 0],
			"rotation": {"angle": 0, "axis": "y", "origin": [9, 17, -2]},
			"faces": {
				"north": {"uv": [5.75, 12.375, 6, 12.625], "texture": "#0"},
				"east": {"uv": [2.75, 12.625, 2.875, 12.875], "texture": "#0"},
				"south": {"uv": [7.375, 12.375, 7.625, 12.625], "texture": "#0"},
				"west": {"uv": [2.875, 12.625, 3, 12.875], "texture": "#0"},
				"up": {"uv": [12.875, 2.75, 12.625, 2.625], "texture": "#0"},
				"down": {"uv": [12.875, 2.875, 12.625, 3], "texture": "#0"}
			}
		},
		{
			"from": [9, 16, -1],
			"to": [11, 19, 0],
			"rotation": {"angle": 0, "axis": "y", "origin": [9, 17, -2]},
			"faces": {
				"north": {"uv": [12.125, 12.25, 12.375, 12.625], "texture": "#0"},
				"east": {"uv": [9.375, 12.375, 9.5, 12.75], "texture": "#0"},
				"south": {"uv": [0, 12.375, 0.25, 12.75], "texture": "#0"},
				"west": {"uv": [9.5, 12.375, 9.625, 12.75], "texture": "#0"},
				"up": {"uv": [3.25, 12.75, 3, 12.625], "texture": "#0"},
				"down": {"uv": [12.875, 3, 12.625, 3.125], "texture": "#0"}
			}
		},
		{
			"from": [16, 6, 7],
			"to": [17, 7, 8],
			"rotation": {"angle": 0, "axis": "y", "origin": [15, 6, 7]},
			"faces": {
				"north": {"uv": [3.5, 12.625, 3.75, 12.75], "texture": "#0"},
				"east": {"uv": [9, 12.625, 9.125, 12.75], "texture": "#0"},
				"south": {"uv": [12.625, 3.5, 12.875, 3.625], "texture": "#0"},
				"west": {"uv": [12.625, 9, 12.75, 9.125], "texture": "#0"},
				"up": {"uv": [12.875, 3.75, 12.625, 3.625], "texture": "#0"},
				"down": {"uv": [4, 12.625, 3.75, 12.75], "texture": "#0"}
			}
		},
		{
			"from": [16, 7, 7],
			"to": [17, 8, 8],
			"rotation": {"angle": 0, "axis": "y", "origin": [15, 6, 7]},
			"faces": {
				"north": {"uv": [4, 12.625, 4.25, 12.75], "texture": "#0"},
				"east": {"uv": [12.625, 9.125, 12.75, 9.25], "texture": "#0"},
				"south": {"uv": [12.625, 4, 12.875, 4.125], "texture": "#0"},
				"west": {"uv": [12.625, 9.25, 12.75, 9.375], "texture": "#0"},
				"up": {"uv": [12.875, 4.25, 12.625, 4.125], "texture": "#0"},
				"down": {"uv": [4.5, 12.625, 4.25, 12.75], "texture": "#0"}
			}
		},
		{
			"from": [16, 6, 8],
			"to": [17, 8, 9],
			"rotation": {"angle": 0, "axis": "y", "origin": [15, 6, 7]},
			"faces": {
				"north": {"uv": [12.375, 8.625, 12.625, 8.875], "texture": "#0"},
				"east": {"uv": [4.5, 12.625, 4.625, 12.875], "texture": "#0"},
				"south": {"uv": [8.875, 12.375, 9.125, 12.625], "texture": "#0"},
				"west": {"uv": [4.625, 12.625, 4.75, 12.875], "texture": "#0"},
				"up": {"uv": [12.875, 4.375, 12.625, 4.25], "texture": "#0"},
				"down": {"uv": [5, 12.625, 4.75, 12.75], "texture": "#0"}
			}
		},
		{
			"from": [16, 7, 11],
			"to": [17, 10, 11],
			"rotation": {"angle": 0, "axis": "y", "origin": [16, 7, 12]},
			"faces": {
				"north": {"uv": [9.625, 12.375, 9.75, 12.75], "texture": "#0"},
				"east": {"uv": [0, 0, 0, 0.375], "texture": "#0"},
				"south": {"uv": [9.75, 12.375, 9.875, 12.75], "texture": "#0"},
				"west": {"uv": [0, 0, 0, 0.375], "texture": "#0"},
				"up": {"uv": [0.125, 0, 0, 0], "texture": "#0"},
				"down": {"uv": [0.125, 0, 0, 0], "texture": "#0"}
			}
		},
		{
			"from": [16, 7, 11],
			"to": [17, 8, 12],
			"rotation": {"angle": 0, "axis": "y", "origin": [16, 7, 12]},
			"faces": {
				"north": {"uv": [12.625, 10.25, 12.75, 10.375], "texture": "#0"},
				"east": {"uv": [12.625, 10.375, 12.75, 10.5], "texture": "#0"},
				"south": {"uv": [12.625, 10.5, 12.75, 10.625], "texture": "#0"},
				"west": {"uv": [10.625, 12.625, 10.75, 12.75], "texture": "#0"},
				"up": {"uv": [10.875, 12.75, 10.75, 12.625], "texture": "#0"},
				"down": {"uv": [11, 12.625, 10.875, 12.75], "texture": "#0"}
			}
		},
		{
			"from": [16, 10, 11],
			"to": [17, 11, 12],
			"rotation": {"angle": 0, "axis": "y", "origin": [16, 10, 12]},
			"faces": {
				"north": {"uv": [11, 12.625, 11.125, 12.75], "texture": "#0"},
				"east": {"uv": [12.625, 11, 12.75, 11.125], "texture": "#0"},
				"south": {"uv": [11.125, 12.625, 11.25, 12.75], "texture": "#0"},
				"west": {"uv": [12.625, 11.125, 12.75, 11.25], "texture": "#0"},
				"up": {"uv": [11.375, 12.75, 11.25, 12.625], "texture": "#0"},
				"down": {"uv": [12.75, 11.25, 12.625, 11.375], "texture": "#0"}
			}
		},
		{
			"from": [16, 10, 12],
			"to": [17, 11, 13],
			"rotation": {"angle": 0, "axis": "y", "origin": [16, 10, 13]},
			"faces": {
				"north": {"uv": [11.375, 12.625, 11.5, 12.75], "texture": "#0"},
				"east": {"uv": [12.625, 11.375, 12.75, 11.5], "texture": "#0"},
				"south": {"uv": [11.5, 12.625, 11.625, 12.75], "texture": "#0"},
				"west": {"uv": [12.625, 11.5, 12.75, 11.625], "texture": "#0"},
				"up": {"uv": [11.75, 12.75, 11.625, 12.625], "texture": "#0"},
				"down": {"uv": [11.875, 12.625, 11.75, 12.75], "texture": "#0"}
			}
		},
		{
			"from": [16, 9, 13],
			"to": [17, 10, 14],
			"rotation": {"angle": 0, "axis": "y", "origin": [16, 9, 14]},
			"faces": {
				"north": {"uv": [12.625, 11.75, 12.75, 11.875], "texture": "#0"},
				"east": {"uv": [11.875, 12.625, 12, 12.75], "texture": "#0"},
				"south": {"uv": [12, 12.625, 12.125, 12.75], "texture": "#0"},
				"west": {"uv": [12.125, 12.625, 12.25, 12.75], "texture": "#0"},
				"up": {"uv": [12.375, 12.75, 12.25, 12.625], "texture": "#0"},
				"down": {"uv": [12.5, 12.625, 12.375, 12.75], "texture": "#0"}
			}
		},
		{
			"from": [16, 9, 10],
			"to": [17, 10, 11],
			"rotation": {"angle": 0, "axis": "y", "origin": [16, 9, 11]},
			"faces": {
				"north": {"uv": [12.5, 12.625, 12.625, 12.75], "texture": "#0"},
				"east": {"uv": [12.625, 12.625, 12.75, 12.75], "texture": "#0"},
				"south": {"uv": [0, 12.75, 0.125, 12.875], "texture": "#0"},
				"west": {"uv": [0.125, 12.75, 0.25, 12.875], "texture": "#0"},
				"up": {"uv": [0.375, 12.875, 0.25, 12.75], "texture": "#0"},
				"down": {"uv": [0.5, 12.75, 0.375, 12.875], "texture": "#0"}
			}
		},
		{
			"from": [16, 8, 10],
			"to": [17, 9, 11],
			"rotation": {"angle": 0, "axis": "y", "origin": [16, 8, 11]},
			"faces": {
				"north": {"uv": [0.5, 12.75, 0.625, 12.875], "texture": "#0"},
				"east": {"uv": [0.625, 12.75, 0.75, 12.875], "texture": "#0"},
				"south": {"uv": [0.75, 12.75, 0.875, 12.875], "texture": "#0"},
				"west": {"uv": [12.75, 0.75, 12.875, 0.875], "texture": "#0"},
				"up": {"uv": [1, 12.875, 0.875, 12.75], "texture": "#0"},
				"down": {"uv": [12.875, 0.875, 12.75, 1], "texture": "#0"}
			}
		},
		{
			"from": [16, 8, 11],
			"to": [17, 9, 11],
			"rotation": {"angle": 0, "axis": "y", "origin": [16, 8, 11]},
			"faces": {
				"north": {"uv": [1, 12.75, 1.125, 12.875], "texture": "#0"},
				"east": {"uv": [0, 0, 0, 0.125], "texture": "#0"},
				"south": {"uv": [12.75, 1, 12.875, 1.125], "texture": "#0"},
				"west": {"uv": [0, 0, 0, 0.125], "texture": "#0"},
				"up": {"uv": [0.125, 0, 0, 0], "texture": "#0"},
				"down": {"uv": [0.125, 0, 0, 0], "texture": "#0"}
			}
		},
		{
			"from": [16, 7, 12],
			"to": [17, 10, 12],
			"rotation": {"angle": 0, "axis": "y", "origin": [16, 7, 12]},
			"faces": {
				"north": {"uv": [9.875, 12.375, 10, 12.75], "texture": "#0"},
				"east": {"uv": [0, 0, 0, 0.375], "texture": "#0"},
				"south": {"uv": [10, 12.375, 10.125, 12.75], "texture": "#0"},
				"west": {"uv": [0, 0, 0, 0.375], "texture": "#0"},
				"up": {"uv": [0.125, 0, 0, 0], "texture": "#0"},
				"down": {"uv": [0.125, 0, 0, 0], "texture": "#0"}
			}
		},
		{
			"from": [16, 7, 12],
			"to": [17, 10, 12],
			"rotation": {"angle": 0, "axis": "y", "origin": [16, 7, 12]},
			"faces": {
				"north": {"uv": [10.5, 12.375, 10.625, 12.75], "texture": "#0"},
				"east": {"uv": [0, 0, 0, 0.375], "texture": "#0"},
				"south": {"uv": [12.375, 11.875, 12.5, 12.25], "texture": "#0"},
				"west": {"uv": [0, 0, 0, 0.375], "texture": "#0"},
				"up": {"uv": [0.125, 0, 0, 0], "texture": "#0"},
				"down": {"uv": [0.125, 0, 0, 0], "texture": "#0"}
			}
		},
		{
			"from": [16, 7, 12],
			"to": [17, 8, 13],
			"rotation": {"angle": 0, "axis": "y", "origin": [16, 7, 12]},
			"faces": {
				"north": {"uv": [1.125, 12.75, 1.25, 12.875], "texture": "#0"},
				"east": {"uv": [12.75, 1.125, 12.875, 1.25], "texture": "#0"},
				"south": {"uv": [1.25, 12.75, 1.375, 12.875], "texture": "#0"},
				"west": {"uv": [12.75, 1.25, 12.875, 1.375], "texture": "#0"},
				"up": {"uv": [1.5, 12.875, 1.375, 12.75], "texture": "#0"},
				"down": {"uv": [12.875, 1.375, 12.75, 1.5], "texture": "#0"}
			}
		},
		{
			"from": [16, 8, 13],
			"to": [17, 9, 14],
			"rotation": {"angle": 0, "axis": "y", "origin": [16, 7, 12]},
			"faces": {
				"north": {"uv": [1.875, 12.75, 2, 12.875], "texture": "#0"},
				"east": {"uv": [2, 12.75, 2.125, 12.875], "texture": "#0"},
				"south": {"uv": [2.25, 12.75, 2.375, 12.875], "texture": "#0"},
				"west": {"uv": [2.375, 12.75, 2.5, 12.875], "texture": "#0"},
				"up": {"uv": [2.625, 12.875, 2.5, 12.75], "texture": "#0"},
				"down": {"uv": [2.75, 12.75, 2.625, 12.875], "texture": "#0"}
			}
		},
		{
			"from": [16, 9, 13],
			"to": [17, 9, 14],
			"rotation": {"angle": 0, "axis": "y", "origin": [16, 7, 12]},
			"faces": {
				"north": {"uv": [0, 0, 0.125, 0], "texture": "#0"},
				"east": {"uv": [0, 0, 0.125, 0], "texture": "#0"},
				"south": {"uv": [0, 0, 0.125, 0], "texture": "#0"},
				"west": {"uv": [0, 0, 0.125, 0], "texture": "#0"},
				"up": {"uv": [12.875, 2.875, 12.75, 2.75], "texture": "#0"},
				"down": {"uv": [3.125, 12.75, 3, 12.875], "texture": "#0"}
			}
		},
		{
			"from": [16, 8, 11],
			"to": [17, 10, 11],
			"rotation": {"angle": 0, "axis": "y", "origin": [16, 7, 12]},
			"faces": {
				"north": {"uv": [5, 12.625, 5.125, 12.875], "texture": "#0"},
				"east": {"uv": [0, 0, 0, 0.25], "texture": "#0"},
				"south": {"uv": [5.125, 12.625, 5.25, 12.875], "texture": "#0"},
				"west": {"uv": [0, 0, 0, 0.25], "texture": "#0"},
				"up": {"uv": [0.125, 0, 0, 0], "texture": "#0"},
				"down": {"uv": [0.125, 0, 0, 0], "texture": "#0"}
			}
		},
		{
			"from": [16, 8, 11],
			"to": [17, 9, 12],
			"rotation": {"angle": 0, "axis": "y", "origin": [16, 7, 12]},
			"faces": {
				"north": {"uv": [3.125, 12.75, 3.25, 12.875], "texture": "#0"},
				"east": {"uv": [3.25, 12.75, 3.375, 12.875], "texture": "#0"},
				"south": {"uv": [3.375, 12.75, 3.5, 12.875], "texture": "#0"},
				"west": {"uv": [3.5, 12.75, 3.625, 12.875], "texture": "#0"},
				"up": {"uv": [3.75, 12.875, 3.625, 12.75], "texture": "#0"},
				"down": {"uv": [3.875, 12.75, 3.75, 12.875], "texture": "#0"}
			}
		},
		{
			"from": [16, 9, 11],
			"to": [17, 9, 12],
			"rotation": {"angle": 0, "axis": "y", "origin": [16, 7, 12]},
			"faces": {
				"north": {"uv": [0, 0, 0.125, 0], "texture": "#0"},
				"east": {"uv": [0, 0, 0.125, 0], "texture": "#0"},
				"south": {"uv": [0, 0, 0.125, 0], "texture": "#0"},
				"west": {"uv": [0, 0, 0.125, 0], "texture": "#0"},
				"up": {"uv": [4, 12.875, 3.875, 12.75], "texture": "#0"},
				"down": {"uv": [4.125, 12.75, 4, 12.875], "texture": "#0"}
			}
		},
		{
			"from": [16, 9, 11],
			"to": [17, 10, 12],
			"rotation": {"angle": 0, "axis": "y", "origin": [16, 7, 12]},
			"faces": {
				"north": {"uv": [4.125, 12.75, 4.25, 12.875], "texture": "#0"},
				"east": {"uv": [4.25, 12.75, 4.375, 12.875], "texture": "#0"},
				"south": {"uv": [4.375, 12.75, 4.5, 12.875], "texture": "#0"},
				"west": {"uv": [12.75, 4.5, 12.875, 4.625], "texture": "#0"},
				"up": {"uv": [12.875, 4.75, 12.75, 4.625], "texture": "#0"},
				"down": {"uv": [4.875, 12.75, 4.75, 12.875], "texture": "#0"}
			}
		},
		{
			"from": [16, 8, 12],
			"to": [17, 10, 12],
			"rotation": {"angle": 0, "axis": "y", "origin": [16, 7, 12]},
			"faces": {
				"north": {"uv": [5.25, 12.625, 5.375, 12.875], "texture": "#0"},
				"east": {"uv": [0, 0, 0, 0.25], "texture": "#0"},
				"south": {"uv": [5.375, 12.625, 5.5, 12.875], "texture": "#0"},
				"west": {"uv": [0, 0, 0, 0.25], "texture": "#0"},
				"up": {"uv": [0.125, 0, 0, 0], "texture": "#0"},
				"down": {"uv": [0.125, 0, 0, 0], "texture": "#0"}
			}
		},
		{
			"from": [16, 8, 12],
			"to": [17, 9, 13],
			"rotation": {"angle": 0, "axis": "y", "origin": [16, 7, 12]},
			"faces": {
				"north": {"uv": [12.75, 4.75, 12.875, 4.875], "texture": "#0"},
				"east": {"uv": [4.875, 12.75, 5, 12.875], "texture": "#0"},
				"south": {"uv": [12.75, 4.875, 12.875, 5], "texture": "#0"},
				"west": {"uv": [12.75, 5, 12.875, 5.125], "texture": "#0"},
				"up": {"uv": [12.875, 5.25, 12.75, 5.125], "texture": "#0"},
				"down": {"uv": [12.875, 5.25, 12.75, 5.375], "texture": "#0"}
			}
		},
		{
			"from": [16, 9, 12],
			"to": [17, 9, 13],
			"rotation": {"angle": 0, "axis": "y", "origin": [16, 7, 12]},
			"faces": {
				"north": {"uv": [0, 0, 0.125, 0], "texture": "#0"},
				"east": {"uv": [0, 0, 0.125, 0], "texture": "#0"},
				"south": {"uv": [0, 0, 0.125, 0], "texture": "#0"},
				"west": {"uv": [0, 0, 0.125, 0], "texture": "#0"},
				"up": {"uv": [12.875, 5.5, 12.75, 5.375], "texture": "#0"},
				"down": {"uv": [5.625, 12.75, 5.5, 12.875], "texture": "#0"}
			}
		},
		{
			"from": [16, 9, 12],
			"to": [17, 9, 13],
			"rotation": {"angle": 0, "axis": "y", "origin": [16, 7, 12]},
			"faces": {
				"north": {"uv": [0, 0, 0.125, 0], "texture": "#0"},
				"east": {"uv": [0, 0, 0.125, 0], "texture": "#0"},
				"south": {"uv": [0, 0, 0.125, 0], "texture": "#0"},
				"west": {"uv": [0, 0, 0.125, 0], "texture": "#0"},
				"up": {"uv": [12.875, 5.625, 12.75, 5.5], "texture": "#0"},
				"down": {"uv": [5.75, 12.75, 5.625, 12.875], "texture": "#0"}
			}
		},
		{
			"from": [16, 9, 12],
			"to": [17, 10, 13],
			"rotation": {"angle": 0, "axis": "y", "origin": [16, 7, 12]},
			"faces": {
				"north": {"uv": [12.75, 5.625, 12.875, 5.75], "texture": "#0"},
				"east": {"uv": [5.75, 12.75, 5.875, 12.875], "texture": "#0"},
				"south": {"uv": [12.75, 5.75, 12.875, 5.875], "texture": "#0"},
				"west": {"uv": [5.875, 12.75, 6, 12.875], "texture": "#0"},
				"up": {"uv": [12.875, 6, 12.75, 5.875], "texture": "#0"},
				"down": {"uv": [12.875, 6, 12.75, 6.125], "texture": "#0"}
			}
		},
		{
			"from": [16, 9, 13],
			"to": [17, 9, 14],
			"rotation": {"angle": 0, "axis": "y", "origin": [16, 7, 12]},
			"faces": {
				"north": {"uv": [0, 0, 0.125, 0], "texture": "#0"},
				"east": {"uv": [0, 0, 0.125, 0], "texture": "#0"},
				"south": {"uv": [0, 0, 0.125, 0], "texture": "#0"},
				"west": {"uv": [0, 0, 0.125, 0], "texture": "#0"},
				"up": {"uv": [12.875, 6.25, 12.75, 6.125], "texture": "#0"},
				"down": {"uv": [12.875, 6.25, 12.75, 6.375], "texture": "#0"}
			}
		},
		{
			"from": [14, 9, 4],
			"to": [15, 10, 5],
			"rotation": {"angle": 0, "axis": "y", "origin": [14, 7, 3]},
			"faces": {
				"north": {"uv": [12.75, 6.375, 12.875, 6.5], "texture": "#0"},
				"east": {"uv": [6.5, 12.75, 6.625, 12.875], "texture": "#0"},
				"south": {"uv": [12.75, 6.5, 12.875, 6.625], "texture": "#0"},
				"west": {"uv": [6.625, 12.75, 6.75, 12.875], "texture": "#0"},
				"up": {"uv": [12.875, 6.75, 12.75, 6.625], "texture": "#0"},
				"down": {"uv": [6.875, 12.75, 6.75, 12.875], "texture": "#0"}
			}
		},
		{
			"from": [16, 7, 3],
			"to": [17, 8, 4],
			"rotation": {"angle": 0, "axis": "y", "origin": [16, 7, 4]},
			"faces": {
				"north": {"uv": [12.75, 6.75, 12.875, 6.875], "texture": "#0"},
				"east": {"uv": [6.875, 12.75, 7, 12.875], "texture": "#0"},
				"south": {"uv": [12.75, 6.875, 12.875, 7], "texture": "#0"},
				"west": {"uv": [7, 12.75, 7.125, 12.875], "texture": "#0"},
				"up": {"uv": [12.875, 7.125, 12.75, 7], "texture": "#0"},
				"down": {"uv": [7.25, 12.75, 7.125, 12.875], "texture": "#0"}
			}
		},
		{
			"from": [16, 10, 3],
			"to": [17, 11, 4],
			"rotation": {"angle": 0, "axis": "y", "origin": [16, 10, 4]},
			"faces": {
				"north": {"uv": [12.75, 7.125, 12.875, 7.25], "texture": "#0"},
				"east": {"uv": [7.25, 12.75, 7.375, 12.875], "texture": "#0"},
				"south": {"uv": [12.75, 7.25, 12.875, 7.375], "texture": "#0"},
				"west": {"uv": [7.375, 12.75, 7.5, 12.875], "texture": "#0"},
				"up": {"uv": [12.875, 7.5, 12.75, 7.375], "texture": "#0"},
				"down": {"uv": [7.625, 12.75, 7.5, 12.875], "texture": "#0"}
			}
		},
		{
			"from": [16, 10, 4],
			"to": [17, 11, 5],
			"rotation": {"angle": 0, "axis": "y", "origin": [16, 10, 5]},
			"faces": {
				"north": {"uv": [12.75, 7.5, 12.875, 7.625], "texture": "#0"},
				"east": {"uv": [7.625, 12.75, 7.75, 12.875], "texture": "#0"},
				"south": {"uv": [12.75, 7.625, 12.875, 7.75], "texture": "#0"},
				"west": {"uv": [7.75, 12.75, 7.875, 12.875], "texture": "#0"},
				"up": {"uv": [12.875, 7.875, 12.75, 7.75], "texture": "#0"},
				"down": {"uv": [8, 12.75, 7.875, 12.875], "texture": "#0"}
			}
		},
		{
			"from": [16, 9, 2],
			"to": [17, 10, 3],
			"rotation": {"angle": 0, "axis": "y", "origin": [16, 9, 3]},
			"faces": {
				"north": {"uv": [12.75, 7.875, 12.875, 8], "texture": "#0"},
				"east": {"uv": [8, 12.75, 8.125, 12.875], "texture": "#0"},
				"south": {"uv": [12.75, 8, 12.875, 8.125], "texture": "#0"},
				"west": {"uv": [8.125, 12.75, 8.25, 12.875], "texture": "#0"},
				"up": {"uv": [12.875, 8.25, 12.75, 8.125], "texture": "#0"},
				"down": {"uv": [8.375, 12.75, 8.25, 12.875], "texture": "#0"}
			}
		},
		{
			"from": [16, 8, 2],
			"to": [17, 9, 3],
			"rotation": {"angle": 0, "axis": "y", "origin": [16, 8, 3]},
			"faces": {
				"north": {"uv": [12.75, 8.25, 12.875, 8.375], "texture": "#0"},
				"east": {"uv": [8.375, 12.75, 8.5, 12.875], "texture": "#0"},
				"south": {"uv": [12.75, 8.375, 12.875, 8.5], "texture": "#0"},
				"west": {"uv": [8.5, 12.75, 8.625, 12.875], "texture": "#0"},
				"up": {"uv": [12.875, 8.625, 12.75, 8.5], "texture": "#0"},
				"down": {"uv": [8.75, 12.75, 8.625, 12.875], "texture": "#0"}
			}
		},
		{
			"from": [16, 7, 4],
			"to": [17, 8, 5],
			"rotation": {"angle": 0, "axis": "y", "origin": [16, 7, 4]},
			"faces": {
				"north": {"uv": [12.75, 8.625, 12.875, 8.75], "texture": "#0"},
				"east": {"uv": [8.75, 12.75, 8.875, 12.875], "texture": "#0"},
				"south": {"uv": [12.75, 8.75, 12.875, 8.875], "texture": "#0"},
				"west": {"uv": [8.875, 12.75, 9, 12.875], "texture": "#0"},
				"up": {"uv": [12.875, 9, 12.75, 8.875], "texture": "#0"},
				"down": {"uv": [9.125, 12.75, 9, 12.875], "texture": "#0"}
			}
		},
		{
			"from": [16, 8, 4],
			"to": [17, 9, 5],
			"rotation": {"angle": 0, "axis": "y", "origin": [16, 7, 4]},
			"faces": {
				"north": {"uv": [12.75, 9.125, 12.875, 9.25], "texture": "#0"},
				"east": {"uv": [9.25, 12.75, 9.375, 12.875], "texture": "#0"},
				"south": {"uv": [12.75, 9.25, 12.875, 9.375], "texture": "#0"},
				"west": {"uv": [9.375, 12.75, 9.5, 12.875], "texture": "#0"},
				"up": {"uv": [9.625, 12.875, 9.5, 12.75], "texture": "#0"},
				"down": {"uv": [12.875, 9.5, 12.75, 9.625], "texture": "#0"}
			}
		},
		{
			"from": [16, 9, 4],
			"to": [17, 10, 5],
			"rotation": {"angle": 0, "axis": "y", "origin": [16, 7, 4]},
			"faces": {
				"north": {"uv": [9.625, 12.75, 9.75, 12.875], "texture": "#0"},
				"east": {"uv": [12.75, 9.625, 12.875, 9.75], "texture": "#0"},
				"south": {"uv": [9.75, 12.75, 9.875, 12.875], "texture": "#0"},
				"west": {"uv": [12.75, 9.75, 12.875, 9.875], "texture": "#0"},
				"up": {"uv": [10, 12.875, 9.875, 12.75], "texture": "#0"},
				"down": {"uv": [12.875, 9.875, 12.75, 10], "texture": "#0"}
			}
		},
		{
			"from": [16, 9, 5],
			"to": [17, 10, 5],
			"rotation": {"angle": 0, "axis": "y", "origin": [16, 7, 4]},
			"faces": {
				"north": {"uv": [10, 12.75, 10.125, 12.875], "texture": "#0"},
				"east": {"uv": [0, 0, 0, 0.125], "texture": "#0"},
				"south": {"uv": [12.75, 10, 12.875, 10.125], "texture": "#0"},
				"west": {"uv": [0, 0, 0, 0.125], "texture": "#0"},
				"up": {"uv": [0.125, 0, 0, 0], "texture": "#0"},
				"down": {"uv": [0.125, 0, 0, 0], "texture": "#0"}
			}
		},
		{
			"from": [16, 9, 5],
			"to": [17, 10, 6],
			"rotation": {"angle": 0, "axis": "y", "origin": [16, 9, 4]},
			"faces": {
				"north": {"uv": [10.125, 12.75, 10.25, 12.875], "texture": "#0"},
				"east": {"uv": [12.75, 10.125, 12.875, 10.25], "texture": "#0"},
				"south": {"uv": [10.25, 12.75, 10.375, 12.875], "texture": "#0"},
				"west": {"uv": [12.75, 10.25, 12.875, 10.375], "texture": "#0"},
				"up": {"uv": [10.5, 12.875, 10.375, 12.75], "texture": "#0"},
				"down": {"uv": [12.875, 10.375, 12.75, 10.5], "texture": "#0"}
			}
		},
		{
			"from": [16, 10, 5],
			"to": [17, 10, 6],
			"rotation": {"angle": 0, "axis": "y", "origin": [16, 9, 4]},
			"faces": {
				"north": {"uv": [0, 0, 0.125, 0], "texture": "#0"},
				"east": {"uv": [0, 0, 0.125, 0], "texture": "#0"},
				"south": {"uv": [0, 0, 0.125, 0], "texture": "#0"},
				"west": {"uv": [0, 0, 0.125, 0], "texture": "#0"},
				"up": {"uv": [10.625, 12.875, 10.5, 12.75], "texture": "#0"},
				"down": {"uv": [12.875, 10.5, 12.75, 10.625], "texture": "#0"}
			}
		},
		{
			"from": [16, 8, 5],
			"to": [17, 9, 6],
			"rotation": {"angle": 0, "axis": "y", "origin": [16, 7, 4]},
			"faces": {
				"north": {"uv": [10.625, 12.75, 10.75, 12.875], "texture": "#0"},
				"east": {"uv": [12.75, 10.625, 12.875, 10.75], "texture": "#0"},
				"south": {"uv": [10.75, 12.75, 10.875, 12.875], "texture": "#0"},
				"west": {"uv": [12.75, 10.75, 12.875, 10.875], "texture": "#0"},
				"up": {"uv": [11, 12.875, 10.875, 12.75], "texture": "#0"},
				"down": {"uv": [12.875, 10.875, 12.75, 11], "texture": "#0"}
			}
		},
		{
			"from": [16, 9, 5],
			"to": [17, 9, 6],
			"rotation": {"angle": 0, "axis": "y", "origin": [16, 7, 4]},
			"faces": {
				"north": {"uv": [0, 0, 0.125, 0], "texture": "#0"},
				"east": {"uv": [0, 0, 0.125, 0], "texture": "#0"},
				"south": {"uv": [0, 0, 0.125, 0], "texture": "#0"},
				"west": {"uv": [0, 0, 0.125, 0], "texture": "#0"},
				"up": {"uv": [11.125, 12.875, 11, 12.75], "texture": "#0"},
				"down": {"uv": [12.875, 11, 12.75, 11.125], "texture": "#0"}
			}
		},
		{
			"from": [16, 8, 3],
			"to": [17, 9, 4],
			"rotation": {"angle": 0, "axis": "y", "origin": [16, 7, 4]},
			"faces": {
				"north": {"uv": [11.125, 12.75, 11.25, 12.875], "texture": "#0"},
				"east": {"uv": [12.75, 11.125, 12.875, 11.25], "texture": "#0"},
				"south": {"uv": [11.25, 12.75, 11.375, 12.875], "texture": "#0"},
				"west": {"uv": [12.75, 11.25, 12.875, 11.375], "texture": "#0"},
				"up": {"uv": [11.5, 12.875, 11.375, 12.75], "texture": "#0"},
				"down": {"uv": [12.875, 11.375, 12.75, 11.5], "texture": "#0"}
			}
		},
		{
			"from": [16, 9, 3],
			"to": [17, 10, 4],
			"rotation": {"angle": 0, "axis": "y", "origin": [16, 7, 4]},
			"faces": {
				"north": {"uv": [11.5, 12.75, 11.625, 12.875], "texture": "#0"},
				"east": {"uv": [12.75, 11.5, 12.875, 11.625], "texture": "#0"},
				"south": {"uv": [11.625, 12.75, 11.75, 12.875], "texture": "#0"},
				"west": {"uv": [12.75, 11.625, 12.875, 11.75], "texture": "#0"},
				"up": {"uv": [11.875, 12.875, 11.75, 12.75], "texture": "#0"},
				"down": {"uv": [12.875, 11.75, 12.75, 11.875], "texture": "#0"}
			}
		},
		{
			"from": [16, 9, 5],
			"to": [17, 9, 6],
			"rotation": {"angle": 0, "axis": "y", "origin": [16, 7, 4]},
			"faces": {
				"north": {"uv": [0, 0, 0.125, 0], "texture": "#0"},
				"east": {"uv": [0, 0, 0.125, 0], "texture": "#0"},
				"south": {"uv": [0, 0, 0.125, 0], "texture": "#0"},
				"west": {"uv": [0, 0, 0.125, 0], "texture": "#0"},
				"up": {"uv": [12, 12.875, 11.875, 12.75], "texture": "#0"},
				"down": {"uv": [12.875, 11.875, 12.75, 12], "texture": "#0"}
			}
		}
	],
	"display": {
		"thirdperson_righthand": {
			"rotation": [0, 90, 90],
			"translation": [-6.5, 0, 15]
		},
		"thirdperson_lefthand": {
			"rotation": [67, -73, 0],
			"translation": [1.75, -0.75, 14],
			"scale": [0.25, 0.25, 0.25]
		},
		"ground": {
			"translation": [0, 3.75, 0]
		},
		"head": {
			"rotation": [0, 90, 0],
			"translation": [0, 16.25, 3.5],
			"scale": [1.2, 1.2, 1.2]
		},
		"fixed": {
			"rotation": [0, 90, 0],
			"translation": [-0.5, 1, 0]
		},
		"on_shelf": {
			"rotation": [0, -90, 0]
		}
	},
	"groups": [
		{
			"name": "MonncakeCircle",
			"origin": [8, 8, 8],
			"color": 6,
			"children": [
				0,
				1,
				2,
				3,
				4,
				5,
				6,
				7,
				8,
				9,
				10,
				11,
				12,
				13,
				14,
				15,
				16,
				17,
				18,
				19,
				20,
				21,
				22,
				23,
				24,
				25,
				26,
				27,
				28,
				29,
				30,
				31,
				32,
				33,
				34,
				35,
				36,
				37,
				38,
				39,
				40,
				41,
				42,
				43,
				44,
				45,
				46,
				47,
				48,
				49,
				50,
				51,
				52,
				53,
				54,
				55,
				56,
				57,
				58,
				59,
				60,
				61
			]
		},
		62,
		63,
		64,
		65,
		66,
		67,
		68,
		69,
		70,
		71,
		72,
		73,
		74,
		75,
		76,
		77,
		78,
		79,
		80,
		{
			"name": "Left foot",
			"origin": [8, 8, 8],
			"color": 0,
			"children": [81, 82, 83, 84, 85, 86, 87, 88, 89]
		},
		{
			"name": "Right foot",
			"origin": [8, 8, 8],
			"color": 0,
			"children": [90, 91, 92, 93, 94, 95, 96, 97]
		},
		{
			"name": "Left antenna",
			"origin": [11, 17, 0],
			"color": 0,
			"children": [98, 99, 100, 101, 102]
		},
		103,
		{
			"name": "Left antenna",
			"origin": [11, 17, 0],
			"color": 0,
			"children": [104, 105, 106, 107, 108, 109]
		},
		{
			"name": "Mouth vr1",
			"origin": [0, 0, 0],
			"color": 0,
			"children": [110, 111, 112]
		},
		{
			"name": "Mouth Version two",
			"origin": [8, 8, 8],
			"color": 0,
			"children": []
		},
		{
			"name": "Eye",
			"origin": [8, 8, 8],
			"color": 0,
			"children": [113, 114, 115, 116, 117, 118, 119, 120, 121, 122, 123, 124, 125, 126, 127, 128, 129, 130, 131, 132, 133, 134, 135, 136]
		},
		{
			"name": "Eye",
			"origin": [8, 8, 8],
			"color": 0,
			"children": [137, 138, 139, 140, 141, 142, 143, 144, 145, 146, 147, 148, 149, 150, 151, 152]
		}
	]
}
