{
	"credit": "Made with Blockbench",
	"texture_size": [64, 64],
	"textures": {
		"0": "customie:item/horizonjson",
		"particle": "customie:item/horizonjson"
	},
	"elements": [
		{
			"from": [-12.75, 0, 2],
			"to": [28.75, 1, 14],
			"rotation": {"angle": 0, "axis": "y", "origin": [14, 0, 7]},
			"faces": {
				"north": {"uv": [0, 6, 10.5, 6.25], "texture": "#0"},
				"east": {"uv": [0, 9.5, 3, 9.75], "texture": "#0"},
				"south": {"uv": [0, 6.25, 10.5, 6.5], "texture": "#0"},
				"west": {"uv": [3, 9.5, 6, 9.75], "texture": "#0"},
				"up": {"uv": [10.5, 3, 0, 0], "texture": "#0"},
				"down": {"uv": [10.5, 3, 0, 6], "texture": "#0"}
			}
		},
		{
			"from": [24, 0.5, 5],
			"to": [25, 1.5, 11],
			"rotation": {"angle": 0, "axis": "y", "origin": [23, 0.5, 11]},
			"faces": {
				"north": {"uv": [13.25, 0, 13.5, 0.25], "texture": "#0"},
				"east": {"uv": [9.5, 11, 11, 11.25], "texture": "#0"},
				"south": {"uv": [0.25, 13.25, 0.5, 13.5], "texture": "#0"},
				"west": {"uv": [11, 9.75, 12.5, 10], "texture": "#0"},
				"up": {"uv": [4.75, 12.25, 4.5, 10.75], "texture": "#0"},
				"down": {"uv": [5, 10.75, 4.75, 12.25], "texture": "#0"}
			}
		},
		{
			"from": [21, 0.5, 5],
			"to": [22, 1.5, 11],
			"rotation": {"angle": 0, "axis": "y", "origin": [20, 0.5, 11]},
			"faces": {
				"north": {"uv": [13.25, 0.25, 13.5, 0.5], "texture": "#0"},
				"east": {"uv": [11, 11, 12.5, 11.25], "texture": "#0"},
				"south": {"uv": [0.5, 13.25, 0.75, 13.5], "texture": "#0"},
				"west": {"uv": [0, 11.25, 1.5, 11.5], "texture": "#0"},
				"up": {"uv": [1.75, 12.75, 1.5, 11.25], "texture": "#0"},
				"down": {"uv": [2, 11.25, 1.75, 12.75], "texture": "#0"}
			}
		},
		{
			"from": [22, 0.5, 8],
			"to": [24, 1.5, 9],
			"rotation": {"angle": 0, "axis": "y", "origin": [22, 0.5, 8]},
			"faces": {
				"north": {"uv": [12, 11.25, 12.5, 11.5], "texture": "#0"},
				"east": {"uv": [13.25, 0.5, 13.5, 0.75], "texture": "#0"},
				"south": {"uv": [12.75, 5, 13.25, 5.25], "texture": "#0"},
				"west": {"uv": [0.75, 13.25, 1, 13.5], "texture": "#0"},
				"up": {"uv": [13.25, 5.5, 12.75, 5.25], "texture": "#0"},
				"down": {"uv": [6, 12.75, 5.5, 13], "texture": "#0"}
			}
		},
		{
			"from": [17, 0.5, 10],
			"to": [19, 1.5, 11],
			"rotation": {"angle": 0, "axis": "y", "origin": [16, 0.5, 10]},
			"faces": {
				"north": {"uv": [12.75, 5.5, 13.25, 5.75], "texture": "#0"},
				"east": {"uv": [13.25, 0.75, 13.5, 1], "texture": "#0"},
				"south": {"uv": [12.75, 5.75, 13.25, 6], "texture": "#0"},
				"west": {"uv": [1, 13.25, 1.25, 13.5], "texture": "#0"},
				"up": {"uv": [6.5, 13, 6, 12.75], "texture": "#0"},
				"down": {"uv": [13.25, 6, 12.75, 6.25], "texture": "#0"}
			}
		},
		{
			"from": [-4, 0.5, 6],
			"to": [-3, 1.5, 10],
			"rotation": {"angle": 0, "axis": "y", "origin": [-2, 0.5, 9]},
			"faces": {
				"north": {"uv": [13.25, 1, 13.5, 1.25], "texture": "#0"},
				"east": {"uv": [11.5, 9.5, 12.5, 9.75], "texture": "#0"},
				"south": {"uv": [1.25, 13.25, 1.5, 13.5], "texture": "#0"},
				"west": {"uv": [11.5, 10, 12.5, 10.25], "texture": "#0"},
				"up": {"uv": [9.5, 12.5, 9.25, 11.5], "texture": "#0"},
				"down": {"uv": [9.75, 11.5, 9.5, 12.5], "texture": "#0"}
			}
		},
		{
			"from": [-3, 0.5, 5],
			"to": [-1, 1.5, 6],
			"rotation": {"angle": 0, "axis": "y", "origin": [0, 0.5, 5]},
			"faces": {
				"north": {"uv": [12.75, 6.25, 13.25, 6.5], "texture": "#0"},
				"east": {"uv": [13.25, 1.25, 13.5, 1.5], "texture": "#0"},
				"south": {"uv": [6.5, 12.75, 7, 13], "texture": "#0"},
				"west": {"uv": [1.5, 13.25, 1.75, 13.5], "texture": "#0"},
				"up": {"uv": [7.5, 13, 7, 12.75], "texture": "#0"},
				"down": {"uv": [13.25, 8.5, 12.75, 8.75], "texture": "#0"}
			}
		},
		{
			"from": [-1, 0.5, 6],
			"to": [0, 1.5, 10],
			"rotation": {"angle": 0, "axis": "y", "origin": [1, 0.5, 9]},
			"faces": {
				"north": {"uv": [13.25, 1.5, 13.5, 1.75], "texture": "#0"},
				"east": {"uv": [11.5, 10.25, 12.5, 10.5], "texture": "#0"},
				"south": {"uv": [1.75, 13.25, 2, 13.5], "texture": "#0"},
				"west": {"uv": [10.5, 11.5, 11.5, 11.75], "texture": "#0"},
				"up": {"uv": [10, 12.5, 9.75, 11.5], "texture": "#0"},
				"down": {"uv": [11.75, 11.5, 11.5, 12.5], "texture": "#0"}
			}
		},
		{
			"from": [-3, 0.5, 10],
			"to": [-1, 1.5, 11],
			"rotation": {"angle": 0, "axis": "y", "origin": [0, 0.5, 10]},
			"faces": {
				"north": {"uv": [12.75, 8.75, 13.25, 9], "texture": "#0"},
				"east": {"uv": [13.25, 1.75, 13.5, 2], "texture": "#0"},
				"south": {"uv": [12.75, 9, 13.25, 9.25], "texture": "#0"},
				"west": {"uv": [2, 13.25, 2.25, 13.5], "texture": "#0"},
				"up": {"uv": [13.25, 9.5, 12.75, 9.25], "texture": "#0"},
				"down": {"uv": [10.5, 12.75, 10, 13], "texture": "#0"}
			}
		},
		{
			"from": [12, 0.5, 7],
			"to": [14, 1.5, 8],
			"rotation": {"angle": 0, "axis": "y", "origin": [11, 0.5, 7]},
			"faces": {
				"north": {"uv": [12.75, 11.5, 13.25, 11.75], "texture": "#0"},
				"east": {"uv": [13.25, 2, 13.5, 2.25], "texture": "#0"},
				"south": {"uv": [12.75, 11.75, 13.25, 12], "texture": "#0"},
				"west": {"uv": [2.25, 13.25, 2.5, 13.5], "texture": "#0"},
				"up": {"uv": [13.25, 12.25, 12.75, 12], "texture": "#0"},
				"down": {"uv": [13.25, 12.25, 12.75, 12.5], "texture": "#0"}
			}
		},
		{
			"from": [12, 0.5, 10],
			"to": [14, 1.5, 11],
			"rotation": {"angle": 0, "axis": "y", "origin": [11, 0.5, 10]},
			"faces": {
				"north": {"uv": [3, 13, 3.5, 13.25], "texture": "#0"},
				"east": {"uv": [13.25, 2.25, 13.5, 2.5], "texture": "#0"},
				"south": {"uv": [5.5, 13, 6, 13.25], "texture": "#0"},
				"west": {"uv": [2.5, 13.25, 2.75, 13.5], "texture": "#0"},
				"up": {"uv": [6.5, 13.25, 6, 13], "texture": "#0"},
				"down": {"uv": [7, 13, 6.5, 13.25], "texture": "#0"}
			}
		},
		{
			"from": [6, 0.5, 5],
			"to": [10, 1.5, 6],
			"rotation": {"angle": 0, "axis": "y", "origin": [5, 0.5, 5]},
			"faces": {
				"north": {"uv": [11.5, 10.5, 12.5, 10.75], "texture": "#0"},
				"east": {"uv": [13.25, 2.5, 13.5, 2.75], "texture": "#0"},
				"south": {"uv": [11.5, 10.75, 12.5, 11], "texture": "#0"},
				"west": {"uv": [2.75, 13.25, 3, 13.5], "texture": "#0"},
				"up": {"uv": [1, 12, 0, 11.75], "texture": "#0"},
				"down": {"uv": [12.75, 0, 11.75, 0.25], "texture": "#0"}
			}
		},
		{
			"from": [6, 0.5, 10],
			"to": [10, 1.5, 11],
			"rotation": {"angle": 0, "axis": "y", "origin": [5, 0.5, 10]},
			"faces": {
				"north": {"uv": [11.75, 0.25, 12.75, 0.5], "texture": "#0"},
				"east": {"uv": [13.25, 2.75, 13.5, 3], "texture": "#0"},
				"south": {"uv": [11.75, 0.5, 12.75, 0.75], "texture": "#0"},
				"west": {"uv": [3, 13.25, 3.25, 13.5], "texture": "#0"},
				"up": {"uv": [12.75, 1, 11.75, 0.75], "texture": "#0"},
				"down": {"uv": [12.75, 1, 11.75, 1.25], "texture": "#0"}
			}
		},
		{
			"from": [1, 0.5, 10],
			"to": [5, 1.5, 11],
			"rotation": {"angle": 0, "axis": "y", "origin": [1, 0.5, 10]},
			"faces": {
				"north": {"uv": [11.75, 1.25, 12.75, 1.5], "texture": "#0"},
				"east": {"uv": [13.25, 3, 13.5, 3.25], "texture": "#0"},
				"south": {"uv": [11.75, 1.5, 12.75, 1.75], "texture": "#0"},
				"west": {"uv": [3.25, 13.25, 3.5, 13.5], "texture": "#0"},
				"up": {"uv": [12.75, 2, 11.75, 1.75], "texture": "#0"},
				"down": {"uv": [12.75, 2, 11.75, 2.25], "texture": "#0"}
			}
		},
		{
			"from": [1, 0.5, 5],
			"to": [5, 1.5, 6],
			"rotation": {"angle": 0, "axis": "y", "origin": [1, 0.5, 5]},
			"faces": {
				"north": {"uv": [11.75, 2.25, 12.75, 2.5], "texture": "#0"},
				"east": {"uv": [13.25, 3.25, 13.5, 3.5], "texture": "#0"},
				"south": {"uv": [11.75, 2.5, 12.75, 2.75], "texture": "#0"},
				"west": {"uv": [3.5, 13.25, 3.75, 13.5], "texture": "#0"},
				"up": {"uv": [12.75, 3, 11.75, 2.75], "texture": "#0"},
				"down": {"uv": [11.5, 11.75, 10.5, 12], "texture": "#0"}
			}
		},
		{
			"from": [17, 0.5, 5],
			"to": [19, 1.5, 6],
			"rotation": {"angle": 0, "axis": "y", "origin": [16, 0.5, 5]},
			"faces": {
				"north": {"uv": [13, 6.5, 13.5, 6.75], "texture": "#0"},
				"east": {"uv": [13.25, 3.5, 13.5, 3.75], "texture": "#0"},
				"south": {"uv": [13, 6.75, 13.5, 7], "texture": "#0"},
				"west": {"uv": [3.75, 13.25, 4, 13.5], "texture": "#0"},
				"up": {"uv": [7.5, 13.25, 7, 13], "texture": "#0"},
				"down": {"uv": [13.5, 7, 13, 7.25], "texture": "#0"}
			}
		},
		{
			"from": [19, 0.5, 6],
			"to": [20, 1.5, 10],
			"rotation": {"angle": 0, "axis": "y", "origin": [18, 0.5, 9]},
			"faces": {
				"north": {"uv": [13.25, 3.75, 13.5, 4], "texture": "#0"},
				"east": {"uv": [11.75, 11.5, 12.75, 11.75], "texture": "#0"},
				"south": {"uv": [4, 13.25, 4.25, 13.5], "texture": "#0"},
				"west": {"uv": [11.75, 11.75, 12.75, 12], "texture": "#0"},
				"up": {"uv": [1.25, 12.75, 1, 11.75], "texture": "#0"},
				"down": {"uv": [1.5, 11.75, 1.25, 12.75], "texture": "#0"}
			}
		},
		{
			"from": [16, 0.5, 6],
			"to": [17, 1.5, 10],
			"rotation": {"angle": 0, "axis": "y", "origin": [15, 0.5, 9]},
			"faces": {
				"north": {"uv": [13.25, 4, 13.5, 4.25], "texture": "#0"},
				"east": {"uv": [0, 12, 1, 12.25], "texture": "#0"},
				"south": {"uv": [4.25, 13.25, 4.5, 13.5], "texture": "#0"},
				"west": {"uv": [2, 12, 3, 12.25], "texture": "#0"},
				"up": {"uv": [3.25, 13, 3, 12], "texture": "#0"},
				"down": {"uv": [3.5, 12, 3.25, 13], "texture": "#0"}
			}
		},
		{
			"from": [11, 0.5, 5],
			"to": [12, 1.5, 7],
			"rotation": {"angle": 0, "axis": "y", "origin": [10, 0.5, 8]},
			"faces": {
				"north": {"uv": [13.25, 4.25, 13.5, 4.5], "texture": "#0"},
				"east": {"uv": [13, 7.25, 13.5, 7.5], "texture": "#0"},
				"south": {"uv": [4.5, 13.25, 4.75, 13.5], "texture": "#0"},
				"west": {"uv": [7.5, 13, 8, 13.25], "texture": "#0"},
				"up": {"uv": [9.25, 12.5, 9, 12], "texture": "#0"},
				"down": {"uv": [13.25, 7.5, 13, 8], "texture": "#0"}
			}
		},
		{
			"from": [11, 0.5, 8],
			"to": [12, 1.5, 10],
			"rotation": {"angle": 0, "axis": "y", "origin": [10, 0.5, 11]},
			"faces": {
				"north": {"uv": [13.25, 4.5, 13.5, 4.75], "texture": "#0"},
				"east": {"uv": [8, 13, 8.5, 13.25], "texture": "#0"},
				"south": {"uv": [4.75, 13.25, 5, 13.5], "texture": "#0"},
				"west": {"uv": [13, 8, 13.5, 8.25], "texture": "#0"},
				"up": {"uv": [8.75, 13.5, 8.5, 13], "texture": "#0"},
				"down": {"uv": [9, 13, 8.75, 13.5], "texture": "#0"}
			}
		},
		{
			"from": [2, 0.5, 8],
			"to": [3, 1.5, 10],
			"rotation": {"angle": 0, "axis": "y", "origin": [1, 0.5, 11]},
			"faces": {
				"north": {"uv": [13.25, 4.75, 13.5, 5], "texture": "#0"},
				"east": {"uv": [13, 8.25, 13.5, 8.5], "texture": "#0"},
				"south": {"uv": [5, 13.25, 5.25, 13.5], "texture": "#0"},
				"west": {"uv": [9, 13, 9.5, 13.25], "texture": "#0"},
				"up": {"uv": [9.75, 13.5, 9.5, 13], "texture": "#0"},
				"down": {"uv": [13.25, 9.5, 13, 10], "texture": "#0"}
			}
		},
		{
			"from": [-7, 0.5, 8],
			"to": [-6, 1.5, 10],
			"rotation": {"angle": 0, "axis": "y", "origin": [-8, 0.5, 11]},
			"faces": {
				"north": {"uv": [13.25, 5, 13.5, 5.25], "texture": "#0"},
				"east": {"uv": [9.75, 13, 10.25, 13.25], "texture": "#0"},
				"south": {"uv": [5.25, 13.25, 5.5, 13.5], "texture": "#0"},
				"west": {"uv": [13, 10, 13.5, 10.25], "texture": "#0"},
				"up": {"uv": [10.5, 13.5, 10.25, 13], "texture": "#0"},
				"down": {"uv": [13.25, 10.25, 13, 10.75], "texture": "#0"}
			}
		},
		{
			"from": [3, 0.5, 6],
			"to": [4, 1.5, 8],
			"rotation": {"angle": 0, "axis": "y", "origin": [2, 0.5, 9]},
			"faces": {
				"north": {"uv": [13.25, 5.25, 13.5, 5.5], "texture": "#0"},
				"east": {"uv": [10.5, 13, 11, 13.25], "texture": "#0"},
				"south": {"uv": [5.5, 13.25, 5.75, 13.5], "texture": "#0"},
				"west": {"uv": [13, 10.75, 13.5, 11], "texture": "#0"},
				"up": {"uv": [11.25, 13.5, 11, 13], "texture": "#0"},
				"down": {"uv": [13.25, 11, 13, 11.5], "texture": "#0"}
			}
		},
		{
			"from": [-8, 0.5, 6],
			"to": [-7, 1.5, 8],
			"rotation": {"angle": 0, "axis": "y", "origin": [-9, 0.5, 9]},
			"faces": {
				"north": {"uv": [13.25, 5.5, 13.5, 5.75], "texture": "#0"},
				"east": {"uv": [11.25, 13, 11.75, 13.25], "texture": "#0"},
				"south": {"uv": [5.75, 13.25, 6, 13.5], "texture": "#0"},
				"west": {"uv": [11.75, 13, 12.25, 13.25], "texture": "#0"},
				"up": {"uv": [12.5, 13.5, 12.25, 13], "texture": "#0"},
				"down": {"uv": [12.75, 13, 12.5, 13.5], "texture": "#0"}
			}
		},
		{
			"from": [14, 0.5, 5],
			"to": [15, 1.5, 11],
			"rotation": {"angle": 0, "axis": "y", "origin": [13, 0.5, 9]},
			"faces": {
				"north": {"uv": [13.25, 5.75, 13.5, 6], "texture": "#0"},
				"east": {"uv": [2, 11.25, 3.5, 11.5], "texture": "#0"},
				"south": {"uv": [6, 13.25, 6.25, 13.5], "texture": "#0"},
				"west": {"uv": [5.5, 11.25, 7, 11.5], "texture": "#0"},
				"up": {"uv": [3.75, 12.75, 3.5, 11.25], "texture": "#0"},
				"down": {"uv": [4, 11.25, 3.75, 12.75], "texture": "#0"}
			}
		},
		{
			"from": [7.25, 0.5, 6],
			"to": [8.75, 1.5, 10],
			"rotation": {"angle": 0, "axis": "y", "origin": [6.25, 0.5, 9]},
			"faces": {
				"north": {"uv": [13, 12.5, 13.5, 12.75], "texture": "#0"},
				"east": {"uv": [5.5, 12, 6.5, 12.25], "texture": "#0"},
				"south": {"uv": [12.75, 13, 13.25, 13.25], "texture": "#0"},
				"west": {"uv": [6.5, 12, 7.5, 12.25], "texture": "#0"},
				"up": {"uv": [6, 11, 5.5, 10], "texture": "#0"},
				"down": {"uv": [6.5, 10, 6, 11], "texture": "#0"}
			}
		},
		{
			"from": [-9, 0.5, 5],
			"to": [-8, 1.5, 11],
			"rotation": {"angle": 0, "axis": "y", "origin": [-7, 0.5, 11]},
			"faces": {
				"north": {"uv": [13.25, 6, 13.5, 6.25], "texture": "#0"},
				"east": {"uv": [7, 11.25, 8.5, 11.5], "texture": "#0"},
				"south": {"uv": [6.25, 13.25, 6.5, 13.5], "texture": "#0"},
				"west": {"uv": [8.5, 11.25, 10, 11.5], "texture": "#0"},
				"up": {"uv": [10.25, 12.75, 10, 11.25], "texture": "#0"},
				"down": {"uv": [10.5, 11.25, 10.25, 12.75], "texture": "#0"}
			}
		},
		{
			"from": [-6, 0.5, 5],
			"to": [-5, 1.5, 11],
			"rotation": {"angle": 0, "axis": "y", "origin": [-4, 0.5, 11]},
			"faces": {
				"north": {"uv": [13.25, 6.25, 13.5, 6.5], "texture": "#0"},
				"east": {"uv": [10.5, 11.25, 12, 11.5], "texture": "#0"},
				"south": {"uv": [6.5, 13.25, 6.75, 13.5], "texture": "#0"},
				"west": {"uv": [0, 11.5, 1.5, 11.75], "texture": "#0"},
				"up": {"uv": [11.75, 1.5, 11.5, 0], "texture": "#0"},
				"down": {"uv": [11.75, 1.5, 11.5, 3], "texture": "#0"}
			}
		},
		{
			"from": [-1, 0, 14],
			"to": [1, 2, 16],
			"rotation": {"angle": 45, "axis": "y", "origin": [-1, 0, 14]},
			"faces": {
				"north": {"uv": [7.5, 12, 8, 12.5], "texture": "#0"},
				"east": {"uv": [8, 12, 8.5, 12.5], "texture": "#0"},
				"south": {"uv": [8.5, 12, 9, 12.5], "texture": "#0"},
				"west": {"uv": [10.5, 12, 11, 12.5], "texture": "#0"},
				"up": {"uv": [11.5, 12.5, 11, 12], "texture": "#0"},
				"down": {"uv": [12.25, 12, 11.75, 12.5], "texture": "#0"}
			}
		},
		{
			"from": [-14, 0, 2],
			"to": [-10, 1.5, 4],
			"rotation": {"angle": 45, "axis": "y", "origin": [-12, 0, 4]},
			"faces": {
				"north": {"uv": [6.5, 10, 7.5, 10.5], "texture": "#0"},
				"east": {"uv": [0, 12.25, 0.5, 12.75], "texture": "#0"},
				"south": {"uv": [7.5, 10, 8.5, 10.5], "texture": "#0"},
				"west": {"uv": [0.5, 12.25, 1, 12.75], "texture": "#0"},
				"up": {"uv": [9.5, 10.5, 8.5, 10], "texture": "#0"},
				"down": {"uv": [10.5, 10, 9.5, 10.5], "texture": "#0"}
			}
		},
		{
			"from": [-12, 0, 1],
			"to": [-5, 1.6, 3],
			"rotation": {"angle": 0, "axis": "y", "origin": [-7, 0, 3]},
			"faces": {
				"north": {"uv": [8, 6.5, 9.75, 7], "texture": "#0"},
				"east": {"uv": [2, 12.25, 2.5, 12.75], "texture": "#0"},
				"south": {"uv": [8, 7, 9.75, 7.5], "texture": "#0"},
				"west": {"uv": [2.5, 12.25, 3, 12.75], "texture": "#0"},
				"up": {"uv": [9.75, 8, 8, 7.5], "texture": "#0"},
				"down": {"uv": [9.75, 8, 8, 8.5], "texture": "#0"}
			}
		},
		{
			"from": [-6, 0, -1],
			"to": [2, 1.7, 1],
			"rotation": {"angle": 22.5, "axis": "y", "origin": [0, 0, 1]},
			"faces": {
				"north": {"uv": [0, 6.5, 2, 7], "texture": "#0"},
				"east": {"uv": [12.25, 3, 12.75, 3.5], "texture": "#0"},
				"south": {"uv": [2, 6.5, 4, 7], "texture": "#0"},
				"west": {"uv": [12.25, 3.5, 12.75, 4], "texture": "#0"},
				"up": {"uv": [6, 7, 4, 6.5], "texture": "#0"},
				"down": {"uv": [8, 6.5, 6, 7], "texture": "#0"}
			}
		},
		{
			"from": [0, 0, -2],
			"to": [4, 1.8, 0],
			"rotation": {"angle": -22.5, "axis": "y", "origin": [0, 0, 0]},
			"faces": {
				"north": {"uv": [0, 10.25, 1, 10.75], "texture": "#0"},
				"east": {"uv": [12.25, 4, 12.75, 4.5], "texture": "#0"},
				"south": {"uv": [1, 10.25, 2, 10.75], "texture": "#0"},
				"west": {"uv": [4.5, 12.25, 5, 12.75], "texture": "#0"},
				"up": {"uv": [3, 10.75, 2, 10.25], "texture": "#0"},
				"down": {"uv": [4, 10.25, 3, 10.75], "texture": "#0"}
			}
		},
		{
			"from": [1, 0, 1],
			"to": [4, 1.9, 3],
			"rotation": {"angle": 22.5, "axis": "y", "origin": [1, 0, 3]},
			"faces": {
				"north": {"uv": [2, 11.5, 2.75, 12], "texture": "#0"},
				"east": {"uv": [12.25, 4.5, 12.75, 5], "texture": "#0"},
				"south": {"uv": [2.75, 11.5, 3.5, 12], "texture": "#0"},
				"west": {"uv": [5, 12.25, 5.5, 12.75], "texture": "#0"},
				"up": {"uv": [12.25, 3.5, 11.5, 3], "texture": "#0"},
				"down": {"uv": [12.25, 3.5, 11.5, 4], "texture": "#0"}
			}
		},
		{
			"from": [-1, 0, 0],
			"to": [1, 2, 2],
			"rotation": {"angle": -45, "axis": "y", "origin": [-1, 0, 2]},
			"faces": {
				"north": {"uv": [12.25, 5, 12.75, 5.5], "texture": "#0"},
				"east": {"uv": [5.5, 12.25, 6, 12.75], "texture": "#0"},
				"south": {"uv": [12.25, 5.5, 12.75, 6], "texture": "#0"},
				"west": {"uv": [6, 12.25, 6.5, 12.75], "texture": "#0"},
				"up": {"uv": [12.75, 6.5, 12.25, 6], "texture": "#0"},
				"down": {"uv": [7, 12.25, 6.5, 12.75], "texture": "#0"}
			}
		},
		{
			"from": [15, 0, 0],
			"to": [17, 2, 2],
			"rotation": {"angle": 45, "axis": "y", "origin": [17, 0, 2]},
			"faces": {
				"north": {"uv": [7, 12.25, 7.5, 12.75], "texture": "#0"},
				"east": {"uv": [12.25, 8.5, 12.75, 9], "texture": "#0"},
				"south": {"uv": [12.25, 9, 12.75, 9.5], "texture": "#0"},
				"west": {"uv": [12.25, 12, 12.75, 12.5], "texture": "#0"},
				"up": {"uv": [13, 7, 12.5, 6.5], "texture": "#0"},
				"down": {"uv": [13, 7, 12.5, 7.5], "texture": "#0"}
			}
		},
		{
			"from": [1, 0, 13],
			"to": [4, 1.9, 15],
			"rotation": {"angle": -22.5, "axis": "y", "origin": [1, 0, 13]},
			"faces": {
				"north": {"uv": [11.5, 4, 12.25, 4.5], "texture": "#0"},
				"east": {"uv": [7.5, 12.5, 8, 13], "texture": "#0"},
				"south": {"uv": [11.5, 4.5, 12.25, 5], "texture": "#0"},
				"west": {"uv": [12.5, 7.5, 13, 8], "texture": "#0"},
				"up": {"uv": [12.25, 5.5, 11.5, 5], "texture": "#0"},
				"down": {"uv": [6.25, 11.5, 5.5, 12], "texture": "#0"}
			}
		},
		{
			"from": [12, 0, 1],
			"to": [15, 1.9, 3],
			"rotation": {"angle": -22.5, "axis": "y", "origin": [15, 0, 3]},
			"faces": {
				"north": {"uv": [11.5, 5.5, 12.25, 6], "texture": "#0"},
				"east": {"uv": [8, 12.5, 8.5, 13], "texture": "#0"},
				"south": {"uv": [11.5, 6, 12.25, 6.5], "texture": "#0"},
				"west": {"uv": [12.5, 8, 13, 8.5], "texture": "#0"},
				"up": {"uv": [7, 12, 6.25, 11.5], "texture": "#0"},
				"down": {"uv": [7.75, 11.5, 7, 12], "texture": "#0"}
			}
		},
		{
			"from": [0, 0, 16],
			"to": [4, 1.8, 18],
			"rotation": {"angle": 22.5, "axis": "y", "origin": [0, 0, 16]},
			"faces": {
				"north": {"uv": [4, 10.25, 5, 10.75], "texture": "#0"},
				"east": {"uv": [8.5, 12.5, 9, 13], "texture": "#0"},
				"south": {"uv": [10.5, 0, 11.5, 0.5], "texture": "#0"},
				"west": {"uv": [9, 12.5, 9.5, 13], "texture": "#0"},
				"up": {"uv": [11.5, 1, 10.5, 0.5], "texture": "#0"},
				"down": {"uv": [11.5, 1, 10.5, 1.5], "texture": "#0"}
			}
		},
		{
			"from": [12, 0, -2],
			"to": [16, 1.8, 0],
			"rotation": {"angle": 22.5, "axis": "y", "origin": [16, 0, 0]},
			"faces": {
				"north": {"uv": [10.5, 1.5, 11.5, 2], "texture": "#0"},
				"east": {"uv": [9.5, 12.5, 10, 13], "texture": "#0"},
				"south": {"uv": [10.5, 2, 11.5, 2.5], "texture": "#0"},
				"west": {"uv": [12.5, 9.5, 13, 10], "texture": "#0"},
				"up": {"uv": [11.5, 3, 10.5, 2.5], "texture": "#0"},
				"down": {"uv": [11.5, 3, 10.5, 3.5], "texture": "#0"}
			}
		},
		{
			"from": [-6, 0, 15],
			"to": [2, 1.7, 17],
			"rotation": {"angle": -22.5, "axis": "y", "origin": [0, 0, 15]},
			"faces": {
				"north": {"uv": [0, 7, 2, 7.5], "texture": "#0"},
				"east": {"uv": [12.5, 10, 13, 10.5], "texture": "#0"},
				"south": {"uv": [2, 7, 4, 7.5], "texture": "#0"},
				"west": {"uv": [10.5, 12.5, 11, 13], "texture": "#0"},
				"up": {"uv": [6, 7.5, 4, 7], "texture": "#0"},
				"down": {"uv": [8, 7, 6, 7.5], "texture": "#0"}
			}
		},
		{
			"from": [14, 0, -1],
			"to": [22, 1.7, 1],
			"rotation": {"angle": -22.5, "axis": "y", "origin": [16, 0, 1]},
			"faces": {
				"north": {"uv": [0, 7.5, 2, 8], "texture": "#0"},
				"east": {"uv": [12.5, 10.5, 13, 11], "texture": "#0"},
				"south": {"uv": [2, 7.5, 4, 8], "texture": "#0"},
				"west": {"uv": [11, 12.5, 11.5, 13], "texture": "#0"},
				"up": {"uv": [6, 8, 4, 7.5], "texture": "#0"},
				"down": {"uv": [8, 7.5, 6, 8], "texture": "#0"}
			}
		},
		{
			"from": [-12, 0, 13],
			"to": [-5, 1.6, 15],
			"rotation": {"angle": 0, "axis": "y", "origin": [-7, 0, 13]},
			"faces": {
				"north": {"uv": [0, 8.5, 1.75, 9], "texture": "#0"},
				"east": {"uv": [12.5, 11, 13, 11.5], "texture": "#0"},
				"south": {"uv": [1.75, 8.5, 3.5, 9], "texture": "#0"},
				"west": {"uv": [11.5, 12.5, 12, 13], "texture": "#0"},
				"up": {"uv": [5.25, 9, 3.5, 8.5], "texture": "#0"},
				"down": {"uv": [7, 8.5, 5.25, 9], "texture": "#0"}
			}
		},
		{
			"from": [21, 0, 1],
			"to": [28, 1.6, 3],
			"rotation": {"angle": 0, "axis": "y", "origin": [23, 0, 3]},
			"faces": {
				"north": {"uv": [7, 8.5, 8.75, 9], "texture": "#0"},
				"east": {"uv": [12, 12.5, 12.5, 13], "texture": "#0"},
				"south": {"uv": [8.75, 8.5, 10.5, 9], "texture": "#0"},
				"west": {"uv": [12.5, 12.5, 13, 13], "texture": "#0"},
				"up": {"uv": [1.75, 9.5, 0, 9], "texture": "#0"},
				"down": {"uv": [3.5, 9, 1.75, 9.5], "texture": "#0"}
			}
		},
		{
			"from": [-14, 0, 12],
			"to": [-10, 1.5, 14],
			"rotation": {"angle": -45, "axis": "y", "origin": [-12, 0, 12]},
			"faces": {
				"north": {"uv": [10.5, 3.5, 11.5, 4], "texture": "#0"},
				"east": {"uv": [0, 12.75, 0.5, 13.25], "texture": "#0"},
				"south": {"uv": [10.5, 4, 11.5, 4.5], "texture": "#0"},
				"west": {"uv": [12.75, 0, 13.25, 0.5], "texture": "#0"},
				"up": {"uv": [11.5, 5, 10.5, 4.5], "texture": "#0"},
				"down": {"uv": [11.5, 5, 10.5, 5.5], "texture": "#0"}
			}
		},
		{
			"from": [26, 0, 2],
			"to": [30, 1.5, 4],
			"rotation": {"angle": -45, "axis": "y", "origin": [28, 0, 4]},
			"faces": {
				"north": {"uv": [10.5, 5.5, 11.5, 6], "texture": "#0"},
				"east": {"uv": [0.5, 12.75, 1, 13.25], "texture": "#0"},
				"south": {"uv": [10.5, 6, 11.5, 6.5], "texture": "#0"},
				"west": {"uv": [12.75, 0.5, 13.25, 1], "texture": "#0"},
				"up": {"uv": [7.5, 11, 6.5, 10.5], "texture": "#0"},
				"down": {"uv": [8.5, 10.5, 7.5, 11], "texture": "#0"}
			}
		},
		{
			"from": [15, 0, 14],
			"to": [17, 2, 16],
			"rotation": {"angle": -45, "axis": "y", "origin": [17, 0, 14]},
			"faces": {
				"north": {"uv": [1, 12.75, 1.5, 13.25], "texture": "#0"},
				"east": {"uv": [12.75, 1, 13.25, 1.5], "texture": "#0"},
				"south": {"uv": [1.5, 12.75, 2, 13.25], "texture": "#0"},
				"west": {"uv": [12.75, 1.5, 13.25, 2], "texture": "#0"},
				"up": {"uv": [2.5, 13.25, 2, 12.75], "texture": "#0"},
				"down": {"uv": [13.25, 2, 12.75, 2.5], "texture": "#0"}
			}
		},
		{
			"from": [12, 0, 13],
			"to": [15, 1.9, 15],
			"rotation": {"angle": 22.5, "axis": "y", "origin": [15, 0, 13]},
			"faces": {
				"north": {"uv": [7.75, 11.5, 8.5, 12], "texture": "#0"},
				"east": {"uv": [2.5, 12.75, 3, 13.25], "texture": "#0"},
				"south": {"uv": [8.5, 11.5, 9.25, 12], "texture": "#0"},
				"west": {"uv": [12.75, 2.5, 13.25, 3], "texture": "#0"},
				"up": {"uv": [12.25, 9, 11.5, 8.5], "texture": "#0"},
				"down": {"uv": [12.25, 9, 11.5, 9.5], "texture": "#0"}
			}
		},
		{
			"from": [12, 0, 16],
			"to": [16, 1.8, 18],
			"rotation": {"angle": -22.5, "axis": "y", "origin": [16, 0, 16]},
			"faces": {
				"north": {"uv": [8.5, 10.5, 9.5, 11], "texture": "#0"},
				"east": {"uv": [12.75, 3, 13.25, 3.5], "texture": "#0"},
				"south": {"uv": [10.5, 8.5, 11.5, 9], "texture": "#0"},
				"west": {"uv": [3.5, 12.75, 4, 13.25], "texture": "#0"},
				"up": {"uv": [11.5, 9.5, 10.5, 9], "texture": "#0"},
				"down": {"uv": [10.5, 10.5, 9.5, 11], "texture": "#0"}
			}
		},
		{
			"from": [14, 0, 15],
			"to": [22, 1.7, 17],
			"rotation": {"angle": 22.5, "axis": "y", "origin": [16, 0, 15]},
			"faces": {
				"north": {"uv": [0, 8, 2, 8.5], "texture": "#0"},
				"east": {"uv": [12.75, 3.5, 13.25, 4], "texture": "#0"},
				"south": {"uv": [2, 8, 4, 8.5], "texture": "#0"},
				"west": {"uv": [4, 12.75, 4.5, 13.25], "texture": "#0"},
				"up": {"uv": [6, 8.5, 4, 8], "texture": "#0"},
				"down": {"uv": [8, 8, 6, 8.5], "texture": "#0"}
			}
		},
		{
			"from": [21, 0, 13],
			"to": [28, 1.6, 15],
			"rotation": {"angle": 0, "axis": "y", "origin": [23, 0, 13]},
			"faces": {
				"north": {"uv": [3.5, 9, 5.25, 9.5], "texture": "#0"},
				"east": {"uv": [12.75, 4, 13.25, 4.5], "texture": "#0"},
				"south": {"uv": [5.25, 9, 7, 9.5], "texture": "#0"},
				"west": {"uv": [4.5, 12.75, 5, 13.25], "texture": "#0"},
				"up": {"uv": [8.75, 9.5, 7, 9], "texture": "#0"},
				"down": {"uv": [10.5, 9, 8.75, 9.5], "texture": "#0"}
			}
		},
		{
			"from": [26, 0, 12],
			"to": [30, 1.5, 14],
			"rotation": {"angle": 45, "axis": "y", "origin": [28, 0, 12]},
			"faces": {
				"north": {"uv": [10.5, 10, 11.5, 10.5], "texture": "#0"},
				"east": {"uv": [12.75, 4.5, 13.25, 5], "texture": "#0"},
				"south": {"uv": [10.5, 10.5, 11.5, 11], "texture": "#0"},
				"west": {"uv": [5, 12.75, 5.5, 13.25], "texture": "#0"},
				"up": {"uv": [1, 11.25, 0, 10.75], "texture": "#0"},
				"down": {"uv": [2, 10.75, 1, 11.25], "texture": "#0"}
			}
		},
		{
			"from": [-13.75, 0, 4],
			"to": [-12.75, 1.4, 12],
			"rotation": {"angle": 0, "axis": "y", "origin": [-13.75, 0, 10]},
			"faces": {
				"north": {"uv": [6.75, 13.25, 7, 13.5], "texture": "#0"},
				"east": {"uv": [2, 10.75, 4, 11], "texture": "#0"},
				"south": {"uv": [7, 13.25, 7.25, 13.5], "texture": "#0"},
				"west": {"uv": [2, 11, 4, 11.25], "texture": "#0"},
				"up": {"uv": [5.25, 12.25, 5, 10.25], "texture": "#0"},
				"down": {"uv": [5.5, 10.25, 5.25, 12.25], "texture": "#0"}
			}
		},
		{
			"from": [28.75, 0, 4],
			"to": [29.75, 1.4, 12],
			"rotation": {"angle": 0, "axis": "y", "origin": [29.75, 0, 10]},
			"faces": {
				"north": {"uv": [7.25, 13.25, 7.5, 13.5], "texture": "#0"},
				"east": {"uv": [5.5, 11, 7.5, 11.25], "texture": "#0"},
				"south": {"uv": [7.5, 13.25, 7.75, 13.5], "texture": "#0"},
				"west": {"uv": [7.5, 11, 9.5, 11.25], "texture": "#0"},
				"up": {"uv": [4.25, 12.75, 4, 10.75], "texture": "#0"},
				"down": {"uv": [4.5, 10.75, 4.25, 12.75], "texture": "#0"}
			}
		},
		{
			"from": [-3, 0, 1],
			"to": [8, 1.4, 2],
			"rotation": {"angle": 0, "axis": "y", "origin": [0, 0, 1]},
			"faces": {
				"north": {"uv": [5.5, 9.75, 8.25, 10], "texture": "#0"},
				"east": {"uv": [13.25, 7.5, 13.5, 7.75], "texture": "#0"},
				"south": {"uv": [9.75, 6.5, 12.5, 6.75], "texture": "#0"},
				"west": {"uv": [7.75, 13.25, 8, 13.5], "texture": "#0"},
				"up": {"uv": [12.5, 7, 9.75, 6.75], "texture": "#0"},
				"down": {"uv": [12.5, 7, 9.75, 7.25], "texture": "#0"}
			}
		},
		{
			"from": [-3, 0, 14],
			"to": [8, 1.4, 15],
			"rotation": {"angle": 0, "axis": "y", "origin": [0, 0, 14]},
			"faces": {
				"north": {"uv": [9.75, 7.25, 12.5, 7.5], "texture": "#0"},
				"east": {"uv": [13.25, 7.75, 13.5, 8], "texture": "#0"},
				"south": {"uv": [9.75, 7.5, 12.5, 7.75], "texture": "#0"},
				"west": {"uv": [8, 13.25, 8.25, 13.5], "texture": "#0"},
				"up": {"uv": [12.5, 8, 9.75, 7.75], "texture": "#0"},
				"down": {"uv": [12.5, 8, 9.75, 8.25], "texture": "#0"}
			}
		},
		{
			"from": [8, 0, 14],
			"to": [19, 1.4, 15],
			"rotation": {"angle": 0, "axis": "y", "origin": [16, 0, 14]},
			"faces": {
				"north": {"uv": [8.25, 9.75, 11, 10], "texture": "#0"},
				"east": {"uv": [8.25, 13.25, 8.5, 13.5], "texture": "#0"},
				"south": {"uv": [9.75, 8.25, 12.5, 8.5], "texture": "#0"},
				"west": {"uv": [13.25, 8.5, 13.5, 8.75], "texture": "#0"},
				"up": {"uv": [2.75, 10.25, 0, 10], "texture": "#0"},
				"down": {"uv": [5.5, 10, 2.75, 10.25], "texture": "#0"}
			}
		},
		{
			"from": [8, 0, 1],
			"to": [19, 1.4, 2],
			"rotation": {"angle": 0, "axis": "y", "origin": [16, 0, 1]},
			"faces": {
				"north": {"uv": [6, 9.5, 8.75, 9.75], "texture": "#0"},
				"east": {"uv": [13, 12.75, 13.25, 13], "texture": "#0"},
				"south": {"uv": [8.75, 9.5, 11.5, 9.75], "texture": "#0"},
				"west": {"uv": [0, 13.25, 0.25, 13.5], "texture": "#0"},
				"up": {"uv": [2.75, 10, 0, 9.75], "texture": "#0"},
				"down": {"uv": [5.5, 9.75, 2.75, 10], "texture": "#0"}
			}
		}
	],
	"display": {
		"fixed": {
			"rotation": [-90, 0, 0],
			"translation": [0, 0, -29],
			"scale": [2.5, 4, 2.5]
		}
	}
}