{
	"format_version": "1.21.6",
	"credit": "Made with Blockbench",
	"texture_size": [64, 64],
	"textures": {
		"0": "customie:item/pumpking",
		"particle": "customie:item/pumpking"
	},
	"elements": [
		{
			"from": [4, 0, 4],
			"to": [12, 8, 12],
			"rotation": {"angle": 0, "axis": "y", "origin": [7, 0, 2]},
			"faces": {
				"north": {"uv": [0, 0, 2, 2], "texture": "#0"},
				"east": {"uv": [0, 2, 2, 4], "texture": "#0"},
				"south": {"uv": [2, 0, 4, 2], "texture": "#0"},
				"west": {"uv": [2, 2, 4, 4], "texture": "#0"},
				"up": {"uv": [2, 6, 0, 4], "texture": "#0"},
				"down": {"uv": [6, 0, 4, 2], "texture": "#0"}
			}
		},
		{
			"from": [4, 1, 12],
			"to": [12, 7, 13],
			"rotation": {"angle": 0, "axis": "y", "origin": [4, 3, 12]},
			"faces": {
				"north": {"uv": [2, 4, 4, 5.5], "texture": "#0"},
				"east": {"uv": [6.75, 7, 7, 8.5], "texture": "#0"},
				"south": {"uv": [4, 2, 6, 3.5], "texture": "#0"},
				"west": {"uv": [7.25, 6, 7.5, 7.5], "texture": "#0"},
				"up": {"uv": [9, 5.25, 7, 5], "texture": "#0"},
				"down": {"uv": [9, 5.25, 7, 5.5], "texture": "#0"}
			}
		},
		{
			"from": [6, 7, 12],
			"to": [10, 8, 13],
			"rotation": {"angle": 0, "axis": "y", "origin": [4, 7, 12]},
			"faces": {
				"north": {"uv": [7.5, 3.5, 8.5, 3.75], "texture": "#0"},
				"east": {"uv": [7, 8.25, 7.25, 8.5], "texture": "#0"},
				"south": {"uv": [7.5, 3.75, 8.5, 4], "texture": "#0"},
				"west": {"uv": [7.25, 8.25, 7.5, 8.5], "texture": "#0"},
				"up": {"uv": [5, 7.75, 4, 7.5], "texture": "#0"},
				"down": {"uv": [8.5, 4, 7.5, 4.25], "texture": "#0"}
			}
		},
		{
			"from": [6, 8, 10],
			"to": [10, 9, 11],
			"rotation": {"angle": 0, "axis": "y", "origin": [4, 8, 10]},
			"faces": {
				"north": {"uv": [7.5, 4.25, 8.5, 4.5], "texture": "#0"},
				"east": {"uv": [7.5, 8.25, 7.75, 8.5], "texture": "#0"},
				"south": {"uv": [7.5, 4.5, 8.5, 4.75], "texture": "#0"},
				"west": {"uv": [8.25, 7.5, 8.5, 7.75], "texture": "#0"},
				"up": {"uv": [8.5, 5, 7.5, 4.75], "texture": "#0"},
				"down": {"uv": [6, 7.5, 5, 7.75], "texture": "#0"}
			}
		},
		{
			"from": [6, 8, 5],
			"to": [10, 9, 6],
			"rotation": {"angle": 0, "axis": "y", "origin": [4, 8, 5]},
			"faces": {
				"north": {"uv": [7.5, 6, 8.5, 6.25], "texture": "#0"},
				"east": {"uv": [7.75, 8.25, 8, 8.5], "texture": "#0"},
				"south": {"uv": [7.5, 6.25, 8.5, 6.5], "texture": "#0"},
				"west": {"uv": [8.25, 7.75, 8.5, 8], "texture": "#0"},
				"up": {"uv": [8.5, 6.75, 7.5, 6.5], "texture": "#0"},
				"down": {"uv": [8.5, 6.75, 7.5, 7], "texture": "#0"}
			}
		},
		{
			"from": [6, 0, 12],
			"to": [10, 1, 13],
			"rotation": {"angle": 0, "axis": "y", "origin": [4, 2, 12]},
			"faces": {
				"north": {"uv": [7.5, 7, 8.5, 7.25], "texture": "#0"},
				"east": {"uv": [8, 8.25, 8.25, 8.5], "texture": "#0"},
				"south": {"uv": [7.25, 7.5, 8.25, 7.75], "texture": "#0"},
				"west": {"uv": [8.25, 8.25, 8.5, 8.5], "texture": "#0"},
				"up": {"uv": [8.5, 7.5, 7.5, 7.25], "texture": "#0"},
				"down": {"uv": [5, 7.75, 4, 8], "texture": "#0"}
			}
		},
		{
			"from": [6, 7, 3],
			"to": [10, 8, 4],
			"rotation": {"angle": 0, "axis": "y", "origin": [4, 7, 3]},
			"faces": {
				"north": {"uv": [5, 7.75, 6, 8], "texture": "#0"},
				"east": {"uv": [1.5, 8.5, 1.75, 8.75], "texture": "#0"},
				"south": {"uv": [7.25, 7.75, 8.25, 8], "texture": "#0"},
				"west": {"uv": [1.75, 8.5, 2, 8.75], "texture": "#0"},
				"up": {"uv": [9, 0.25, 8, 0], "texture": "#0"},
				"down": {"uv": [9, 0.25, 8, 0.5], "texture": "#0"}
			}
		},
		{
			"from": [4, 1, 3],
			"to": [12, 7, 4],
			"rotation": {"angle": 0, "axis": "y", "origin": [4, 3, 3]},
			"faces": {
				"north": {"uv": [4, 3.5, 6, 5], "texture": "#0"},
				"east": {"uv": [0, 7.5, 0.25, 9], "texture": "#0"},
				"south": {"uv": [4, 5, 6, 6.5], "texture": "#0"},
				"west": {"uv": [0.25, 7.5, 0.5, 9], "texture": "#0"},
				"up": {"uv": [9, 5.75, 7, 5.5], "texture": "#0"},
				"down": {"uv": [9, 5.75, 7, 6], "texture": "#0"}
			}
		},
		{
			"from": [6, 0, 3],
			"to": [10, 1, 4],
			"rotation": {"angle": 0, "axis": "y", "origin": [4, 2, 3]},
			"faces": {
				"north": {"uv": [8, 0.5, 9, 0.75], "texture": "#0"},
				"east": {"uv": [2, 8.5, 2.25, 8.75], "texture": "#0"},
				"south": {"uv": [8, 0.75, 9, 1], "texture": "#0"},
				"west": {"uv": [2.25, 8.5, 2.5, 8.75], "texture": "#0"},
				"up": {"uv": [9, 1.25, 8, 1], "texture": "#0"},
				"down": {"uv": [9, 1.25, 8, 1.5], "texture": "#0"}
			}
		},
		{
			"from": [3, 1, 4],
			"to": [4, 7, 12],
			"rotation": {"angle": 0, "axis": "y", "origin": [2, 3, 5]},
			"faces": {
				"north": {"uv": [0.5, 7.5, 0.75, 9], "texture": "#0"},
				"east": {"uv": [2, 5.5, 4, 7], "texture": "#0"},
				"south": {"uv": [0.75, 7.5, 1, 9], "texture": "#0"},
				"west": {"uv": [0, 6, 2, 7.5], "texture": "#0"},
				"up": {"uv": [6.25, 9, 6, 7], "texture": "#0"},
				"down": {"uv": [7.25, 6, 7, 8], "texture": "#0"}
			}
		},
		{
			"from": [3, 7, 6],
			"to": [4, 8, 10],
			"rotation": {"angle": 0, "axis": "y", "origin": [2, 7, 5]},
			"faces": {
				"north": {"uv": [8.5, 2.25, 8.75, 2.5], "texture": "#0"},
				"east": {"uv": [1.5, 8, 2.5, 8.25], "texture": "#0"},
				"south": {"uv": [8.5, 2.5, 8.75, 2.75], "texture": "#0"},
				"west": {"uv": [8, 1.5, 9, 1.75], "texture": "#0"},
				"up": {"uv": [8.25, 2.75, 8, 1.75], "texture": "#0"},
				"down": {"uv": [2.75, 8, 2.5, 9], "texture": "#0"}
			}
		},
		{
			"from": [3, 0, 6],
			"to": [4, 1, 10],
			"rotation": {"angle": 0, "axis": "y", "origin": [2, 2, 5]},
			"faces": {
				"north": {"uv": [3.25, 8.5, 3.5, 8.75], "texture": "#0"},
				"east": {"uv": [2.75, 8, 3.75, 8.25], "texture": "#0"},
				"south": {"uv": [3.5, 8.5, 3.75, 8.75], "texture": "#0"},
				"west": {"uv": [8, 2.75, 9, 3], "texture": "#0"},
				"up": {"uv": [4, 9, 3.75, 8], "texture": "#0"},
				"down": {"uv": [4.25, 8, 4, 9], "texture": "#0"}
			}
		},
		{
			"from": [12, 7, 6],
			"to": [13, 8, 10],
			"rotation": {"angle": 0, "axis": "y", "origin": [11, 7, 5]},
			"faces": {
				"north": {"uv": [8.5, 3.5, 8.75, 3.75], "texture": "#0"},
				"east": {"uv": [4.25, 8, 5.25, 8.25], "texture": "#0"},
				"south": {"uv": [8.5, 3.75, 8.75, 4], "texture": "#0"},
				"west": {"uv": [7, 8, 8, 8.25], "texture": "#0"},
				"up": {"uv": [5.5, 9, 5.25, 8], "texture": "#0"},
				"down": {"uv": [5.75, 8, 5.5, 9], "texture": "#0"}
			}
		},
		{
			"from": [5, 8, 6],
			"to": [11, 9, 10],
			"rotation": {"angle": 0, "axis": "y", "origin": [7, 8, 5]},
			"faces": {
				"north": {"uv": [7.5, 3, 9, 3.25], "texture": "#0"},
				"east": {"uv": [8, 8, 9, 8.25], "texture": "#0"},
				"south": {"uv": [7.5, 3.25, 9, 3.5], "texture": "#0"},
				"west": {"uv": [1.5, 8.25, 2.5, 8.5], "texture": "#0"},
				"up": {"uv": [7.5, 4, 6, 3], "texture": "#0"},
				"down": {"uv": [7.5, 4, 6, 5], "texture": "#0"}
			}
		},
		{
			"from": [12, 1, 4],
			"to": [13, 7, 12],
			"rotation": {"angle": 0, "axis": "y", "origin": [11, 3, 5]},
			"faces": {
				"north": {"uv": [1, 7.5, 1.25, 9], "texture": "#0"},
				"east": {"uv": [6, 0, 8, 1.5], "texture": "#0"},
				"south": {"uv": [1.25, 7.5, 1.5, 9], "texture": "#0"},
				"west": {"uv": [6, 1.5, 8, 3], "texture": "#0"},
				"up": {"uv": [6.5, 9, 6.25, 7], "texture": "#0"},
				"down": {"uv": [6.75, 7, 6.5, 9], "texture": "#0"}
			}
		},
		{
			"from": [12, 0, 6],
			"to": [13, 1, 10],
			"rotation": {"angle": 0, "axis": "y", "origin": [11, 2, 5]},
			"faces": {
				"north": {"uv": [8.5, 4, 8.75, 4.25], "texture": "#0"},
				"east": {"uv": [8.25, 1.75, 9.25, 2], "texture": "#0"},
				"south": {"uv": [4.25, 8.5, 4.5, 8.75], "texture": "#0"},
				"west": {"uv": [8.25, 2, 9.25, 2.25], "texture": "#0"},
				"up": {"uv": [6, 9, 5.75, 8], "texture": "#0"},
				"down": {"uv": [3, 8.25, 2.75, 9.25], "texture": "#0"}
			}
		},
		{
			"from": [4, 7, 5.5],
			"to": [8, 11, 9.5],
			"rotation": {"angle": 15, "axis": "z", "origin": [5, 9, 6.5]},
			"faces": {
				"north": {"uv": [6, 5, 7, 6], "texture": "#0"},
				"east": {"uv": [6, 6, 7, 7], "texture": "#0"},
				"south": {"uv": [4, 6.5, 5, 7.5], "texture": "#0"},
				"west": {"uv": [5, 6.5, 6, 7.5], "texture": "#0"},
				"up": {"uv": [3, 8, 2, 7], "texture": "#0"},
				"down": {"uv": [4, 7, 3, 8], "texture": "#0"}
			}
		},
		{
			"from": [6.48236, 10.93185, 5.5],
			"to": [7.48236, 11.93185, 6.5],
			"rotation": {"angle": 15, "axis": "z", "origin": [4.48236, 10.93185, 6.5]},
			"faces": {
				"north": {"uv": [8.5, 4.25, 8.75, 4.5], "texture": "#0"},
				"east": {"uv": [4.5, 8.5, 4.75, 8.75], "texture": "#0"},
				"south": {"uv": [8.5, 4.5, 8.75, 4.75], "texture": "#0"},
				"west": {"uv": [4.75, 8.5, 5, 8.75], "texture": "#0"},
				"up": {"uv": [8.75, 5, 8.5, 4.75], "texture": "#0"},
				"down": {"uv": [5.25, 8.5, 5, 8.75], "texture": "#0"}
			}
		},
		{
			"from": [3.58458, 10.15539, 5.5],
			"to": [4.58458, 11.15539, 6.5],
			"rotation": {"angle": 15, "axis": "z", "origin": [1.58458, 10.15539, 6.5]},
			"faces": {
				"north": {"uv": [8.5, 6, 8.75, 6.25], "texture": "#0"},
				"east": {"uv": [8.5, 6.25, 8.75, 6.5], "texture": "#0"},
				"south": {"uv": [8.5, 6.5, 8.75, 6.75], "texture": "#0"},
				"west": {"uv": [6.75, 8.5, 7, 8.75], "texture": "#0"},
				"up": {"uv": [8.75, 7, 8.5, 6.75], "texture": "#0"},
				"down": {"uv": [7.25, 8.5, 7, 8.75], "texture": "#0"}
			}
		},
		{
			"from": [6.48236, 10.93185, 8.5],
			"to": [7.48236, 11.93185, 9.5],
			"rotation": {"angle": 15, "axis": "z", "origin": [4.48236, 10.93185, 9.5]},
			"faces": {
				"north": {"uv": [8.5, 7, 8.75, 7.25], "texture": "#0"},
				"east": {"uv": [7.25, 8.5, 7.5, 8.75], "texture": "#0"},
				"south": {"uv": [8.5, 7.25, 8.75, 7.5], "texture": "#0"},
				"west": {"uv": [7.5, 8.5, 7.75, 8.75], "texture": "#0"},
				"up": {"uv": [8.75, 7.75, 8.5, 7.5], "texture": "#0"},
				"down": {"uv": [8, 8.5, 7.75, 8.75], "texture": "#0"}
			}
		},
		{
			"from": [3.58458, 10.15539, 8.5],
			"to": [4.58458, 11.15539, 9.5],
			"rotation": {"angle": 15, "axis": "z", "origin": [1.58458, 10.15539, 9.5]},
			"faces": {
				"north": {"uv": [8.5, 7.75, 8.75, 8], "texture": "#0"},
				"east": {"uv": [8, 8.5, 8.25, 8.75], "texture": "#0"},
				"south": {"uv": [8.25, 8.5, 8.5, 8.75], "texture": "#0"},
				"west": {"uv": [8.5, 8.25, 8.75, 8.5], "texture": "#0"},
				"up": {"uv": [8.75, 8.75, 8.5, 8.5], "texture": "#0"},
				"down": {"uv": [1.75, 8.75, 1.5, 9], "texture": "#0"}
			}
		},
		{
			"from": [8, 9, 8],
			"to": [9, 11, 9],
			"rotation": {"angle": 0, "axis": "y", "origin": [8, 9, 7]},
			"faces": {
				"north": {"uv": [1.5, 7.5, 1.75, 8], "texture": "#0"},
				"east": {"uv": [1.75, 7.5, 2, 8], "texture": "#0"},
				"south": {"uv": [8.25, 2.25, 8.5, 2.75], "texture": "#0"},
				"west": {"uv": [3, 8.25, 3.25, 8.75], "texture": "#0"},
				"up": {"uv": [2, 9, 1.75, 8.75], "texture": "#0"},
				"down": {"uv": [2.25, 8.75, 2, 9], "texture": "#0"}
			}
		},
		{
			"from": [9, 11, 9],
			"to": [10, 12, 10],
			"rotation": {"angle": 0, "axis": "y", "origin": [9, 10, 8]},
			"faces": {
				"north": {"uv": [3.25, 8.25, 3.5, 8.5], "texture": "#0"},
				"east": {"uv": [3.5, 8.25, 3.75, 8.5], "texture": "#0"},
				"south": {"uv": [4.25, 8.25, 4.5, 8.5], "texture": "#0"},
				"west": {"uv": [4.5, 8.25, 4.75, 8.5], "texture": "#0"},
				"up": {"uv": [5, 8.5, 4.75, 8.25], "texture": "#0"},
				"down": {"uv": [5.25, 8.25, 5, 8.5], "texture": "#0"}
			}
		}
	],
	"display": {
		"thirdperson_righthand": {
			"rotation": [23, 28, 12],
			"translation": [0, 2, 0.75],
			"scale": [0.5, 0.5, 0.5]
		},
		"thirdperson_lefthand": {
			"rotation": [13, 31, -12],
			"translation": [0, 2, 0.75],
			"scale": [0.5, 0.5, 0.5]
		},
		"firstperson_righthand": {
			"rotation": [-4, 141, -11],
			"translation": [1, 5, 0.25],
			"scale": [0.5, 0.5, 0.5]
		},
		"firstperson_lefthand": {
			"rotation": [-4, 141, -11],
			"translation": [0, 5, -0.25],
			"scale": [0.5, 0.5, 0.5]
		},
		"ground": {
			"translation": [0, 4.75, 0],
			"scale": [0.5, 0.5, 0.5]
		},
		"gui": {
			"rotation": [12, -167, 0],
			"translation": [0, 3, 0],
			"scale": [1.25, 1.25, 1.25]
		},
		"head": {
			"translation": [0.01, 7.5, -0.01],
			"scale": [1.77, 1.77, 1.77]
		},
		"fixed": {
			"translation": [0, 3, -0.25]
		}
	}
}