{
	"credit": "Made with Blockbench",
	"texture_size": [128, 128],
	"textures": {
		"2": "customie:item/strawhat",
		"particle": "customie:item/strawhat"
	},
	"elements": [
		{
			"from": [1, 12.25, 1],
			"to": [15, 16.25, 15],
			"rotation": {"angle": 0, "axis": "y", "origin": [7, 5.25, 8]},
			"faces": {
				"north": {"uv": [0.75, 5, 2.5, 5.5], "texture": "#2"},
				"east": {"uv": [5.125, 0.375, 6.875, 0.875], "texture": "#2"},
				"south": {"uv": [5.125, 0.875, 6.875, 1.375], "texture": "#2"},
				"west": {"uv": [5.125, 1.375, 6.875, 1.875], "texture": "#2"},
				"up": {"uv": [4.25, 5.5, 2.5, 3.75], "texture": "#2"},
				"down": {"uv": [6, 3.75, 4.25, 5.5], "texture": "#2"}
			}
		},
		{
			"from": [0.75, 11.25, 0.75],
			"to": [15.25, 13.25, 15.25],
			"rotation": {"angle": 0, "axis": "y", "origin": [7, 4.25, 8]},
			"faces": {
				"north": {"uv": [5.125, 1.875, 7, 2.125], "texture": "#2"},
				"east": {"uv": [5.125, 2.125, 7, 2.375], "texture": "#2"},
				"south": {"uv": [0.75, 5.5, 2.625, 5.75], "texture": "#2"},
				"west": {"uv": [2.625, 5.5, 4.5, 5.75], "texture": "#2"},
				"up": {"uv": [4.375, 1.875, 2.5, 0], "texture": "#2"},
				"down": {"uv": [4.375, 1.875, 2.5, 3.75], "texture": "#2"}
			}
		},
		{
			"from": [-2, 11, -2],
			"to": [18, 11.25, 18],
			"rotation": {"angle": 0, "axis": "y", "origin": [0, 11, 0]},
			"faces": {
				"north": {"uv": [4.375, 3.625, 6.875, 3.75], "texture": "#2"},
				"east": {"uv": [5.125, 2.375, 7.625, 2.5], "texture": "#2"},
				"south": {"uv": [4.5, 5.5, 7, 5.625], "texture": "#2"},
				"west": {"uv": [4.5, 5.625, 7, 5.75], "texture": "#2"},
				"up": {"uv": [2.5, 2.5, 0, 0], "texture": "#2"},
				"down": {"uv": [2.5, 2.5, 0, 5], "texture": "#2"}
			}
		},
		{
			"from": [18, 11, -2],
			"to": [21, 11.25, 18],
			"rotation": {"angle": -22.5, "axis": "z", "origin": [18, 11, 0]},
			"faces": {
				"north": {"uv": [6, 3.75, 6.375, 3.875], "texture": "#2"},
				"east": {"uv": [0.75, 5.75, 3.25, 5.875], "texture": "#2"},
				"south": {"uv": [6, 3.875, 6.375, 4], "texture": "#2"},
				"west": {"uv": [3.25, 5.75, 5.75, 5.875], "texture": "#2"},
				"up": {"uv": [4.75, 2.5, 4.375, 0], "texture": "#2"},
				"down": {"uv": [5.125, 0, 4.75, 2.5], "texture": "#2"}
			}
		},
		{
			"from": [-4.75209, 10.25366, -2],
			"to": [-1.75209, 10.50366, 18],
			"rotation": {"angle": 22.5, "axis": "z", "origin": [-3.75209, 10.25366, 0]},
			"faces": {
				"north": {"uv": [6, 4, 6.375, 4.125], "texture": "#2"},
				"east": {"uv": [5.75, 5.75, 8.25, 5.875], "texture": "#2"},
				"south": {"uv": [6, 4.125, 6.375, 4.25], "texture": "#2"},
				"west": {"uv": [0.75, 5.875, 3.25, 6], "texture": "#2"},
				"up": {"uv": [0.375, 7.5, 0, 5], "texture": "#2"},
				"down": {"uv": [0.75, 5, 0.375, 7.5], "texture": "#2"}
			}
		},
		{
			"from": [-5.52373, 9.10561, 0],
			"to": [-4.52373, 9.35561, 1],
			"rotation": {"angle": 22.5, "axis": "z", "origin": [-6.52373, 9.10561, 2]},
			"faces": {
				"north": {"uv": [6, 4.75, 6.125, 4.875], "texture": "#2"},
				"east": {"uv": [6, 4.875, 6.125, 5], "texture": "#2"},
				"south": {"uv": [6, 5, 6.125, 5.125], "texture": "#2"},
				"west": {"uv": [6, 5.125, 6.125, 5.25], "texture": "#2"},
				"up": {"uv": [6.125, 5.375, 6, 5.25], "texture": "#2"},
				"down": {"uv": [6.125, 5.375, 6, 5.5], "texture": "#2"}
			}
		},
		{
			"from": [-5.52373, 9.10561, 3],
			"to": [-4.52373, 9.35561, 4],
			"rotation": {"angle": 22.5, "axis": "z", "origin": [-6.52373, 9.10561, 5]},
			"faces": {
				"north": {"uv": [5.75, 6, 5.875, 6.125], "texture": "#2"},
				"east": {"uv": [5.875, 6, 6, 6.125], "texture": "#2"},
				"south": {"uv": [6, 6, 6.125, 6.125], "texture": "#2"},
				"west": {"uv": [0.75, 6.125, 0.875, 6.25], "texture": "#2"},
				"up": {"uv": [1, 6.25, 0.875, 6.125], "texture": "#2"},
				"down": {"uv": [1.125, 6.125, 1, 6.25], "texture": "#2"}
			}
		},
		{
			"from": [-5.52373, 9.10561, 5],
			"to": [-4.52373, 9.35561, 6],
			"rotation": {"angle": 22.5, "axis": "z", "origin": [-6.52373, 9.10561, 7]},
			"faces": {
				"north": {"uv": [1.125, 6.125, 1.25, 6.25], "texture": "#2"},
				"east": {"uv": [1.25, 6.125, 1.375, 6.25], "texture": "#2"},
				"south": {"uv": [1.375, 6.125, 1.5, 6.25], "texture": "#2"},
				"west": {"uv": [1.5, 6.125, 1.625, 6.25], "texture": "#2"},
				"up": {"uv": [1.75, 6.25, 1.625, 6.125], "texture": "#2"},
				"down": {"uv": [1.875, 6.125, 1.75, 6.25], "texture": "#2"}
			}
		},
		{
			"from": [-5.52373, 9.10561, 8],
			"to": [-4.52373, 9.35561, 9],
			"rotation": {"angle": 22.5, "axis": "z", "origin": [-6.52373, 9.10561, 10]},
			"faces": {
				"north": {"uv": [1.875, 6.125, 2, 6.25], "texture": "#2"},
				"east": {"uv": [2, 6.125, 2.125, 6.25], "texture": "#2"},
				"south": {"uv": [2.125, 6.125, 2.25, 6.25], "texture": "#2"},
				"west": {"uv": [2.25, 6.125, 2.375, 6.25], "texture": "#2"},
				"up": {"uv": [2.5, 6.25, 2.375, 6.125], "texture": "#2"},
				"down": {"uv": [2.625, 6.125, 2.5, 6.25], "texture": "#2"}
			}
		},
		{
			"from": [-5.52373, 9.10561, 12],
			"to": [-4.52373, 9.35561, 13],
			"rotation": {"angle": 22.5, "axis": "z", "origin": [-6.52373, 9.10561, 14]},
			"faces": {
				"north": {"uv": [2.625, 6.125, 2.75, 6.25], "texture": "#2"},
				"east": {"uv": [2.75, 6.125, 2.875, 6.25], "texture": "#2"},
				"south": {"uv": [2.875, 6.125, 3, 6.25], "texture": "#2"},
				"west": {"uv": [3, 6.125, 3.125, 6.25], "texture": "#2"},
				"up": {"uv": [3.25, 6.25, 3.125, 6.125], "texture": "#2"},
				"down": {"uv": [3.375, 6.125, 3.25, 6.25], "texture": "#2"}
			}
		},
		{
			"from": [-5.52373, 9.10561, 15],
			"to": [-4.52373, 9.35561, 16],
			"rotation": {"angle": 22.5, "axis": "z", "origin": [-6.52373, 9.10561, 17]},
			"faces": {
				"north": {"uv": [3.375, 6.125, 3.5, 6.25], "texture": "#2"},
				"east": {"uv": [3.5, 6.125, 3.625, 6.25], "texture": "#2"},
				"south": {"uv": [3.625, 6.125, 3.75, 6.25], "texture": "#2"},
				"west": {"uv": [3.75, 6.125, 3.875, 6.25], "texture": "#2"},
				"up": {"uv": [4, 6.25, 3.875, 6.125], "texture": "#2"},
				"down": {"uv": [4.125, 6.125, 4, 6.25], "texture": "#2"}
			}
		},
		{
			"from": [-1, 12.93245, 20.71507],
			"to": [0, 13.18245, 21.71507],
			"rotation": {"angle": -22.5, "axis": "x", "origin": [-2, 12.93245, 22.71507]},
			"faces": {
				"north": {"uv": [4.125, 6.125, 4.25, 6.25], "texture": "#2"},
				"east": {"uv": [4.25, 6.125, 4.375, 6.25], "texture": "#2"},
				"south": {"uv": [4.375, 6.125, 4.5, 6.25], "texture": "#2"},
				"west": {"uv": [4.5, 6.125, 4.625, 6.25], "texture": "#2"},
				"up": {"uv": [4.75, 6.25, 4.625, 6.125], "texture": "#2"},
				"down": {"uv": [4.875, 6.125, 4.75, 6.25], "texture": "#2"}
			}
		},
		{
			"from": [2, 12.93245, 20.71507],
			"to": [3, 13.18245, 21.71507],
			"rotation": {"angle": -22.5, "axis": "x", "origin": [1, 12.93245, 22.71507]},
			"faces": {
				"north": {"uv": [6.125, 4.75, 6.25, 4.875], "texture": "#2"},
				"east": {"uv": [4.875, 6.125, 5, 6.25], "texture": "#2"},
				"south": {"uv": [6.125, 4.875, 6.25, 5], "texture": "#2"},
				"west": {"uv": [5, 6.125, 5.125, 6.25], "texture": "#2"},
				"up": {"uv": [6.25, 5.125, 6.125, 5], "texture": "#2"},
				"down": {"uv": [5.25, 6.125, 5.125, 6.25], "texture": "#2"}
			}
		},
		{
			"from": [5, 12.93245, 20.71507],
			"to": [6, 13.18245, 21.71507],
			"rotation": {"angle": -22.5, "axis": "x", "origin": [4, 12.93245, 22.71507]},
			"faces": {
				"north": {"uv": [6.125, 5.125, 6.25, 5.25], "texture": "#2"},
				"east": {"uv": [5.25, 6.125, 5.375, 6.25], "texture": "#2"},
				"south": {"uv": [6.125, 5.25, 6.25, 5.375], "texture": "#2"},
				"west": {"uv": [5.375, 6.125, 5.5, 6.25], "texture": "#2"},
				"up": {"uv": [6.25, 5.5, 6.125, 5.375], "texture": "#2"},
				"down": {"uv": [5.625, 6.125, 5.5, 6.25], "texture": "#2"}
			}
		},
		{
			"from": [8, 12.93245, 20.71507],
			"to": [9, 13.18245, 21.71507],
			"rotation": {"angle": -22.5, "axis": "x", "origin": [7, 12.93245, 22.71507]},
			"faces": {
				"north": {"uv": [5.625, 6.125, 5.75, 6.25], "texture": "#2"},
				"east": {"uv": [5.75, 6.125, 5.875, 6.25], "texture": "#2"},
				"south": {"uv": [5.875, 6.125, 6, 6.25], "texture": "#2"},
				"west": {"uv": [6, 6.125, 6.125, 6.25], "texture": "#2"},
				"up": {"uv": [6.25, 6.125, 6.125, 6], "texture": "#2"},
				"down": {"uv": [6.25, 6.125, 6.125, 6.25], "texture": "#2"}
			}
		},
		{
			"from": [12, 12.93245, 20.71507],
			"to": [13, 13.18245, 21.71507],
			"rotation": {"angle": -22.5, "axis": "x", "origin": [11, 12.93245, 22.71507]},
			"faces": {
				"north": {"uv": [0.75, 6.25, 0.875, 6.375], "texture": "#2"},
				"east": {"uv": [0.875, 6.25, 1, 6.375], "texture": "#2"},
				"south": {"uv": [1, 6.25, 1.125, 6.375], "texture": "#2"},
				"west": {"uv": [1.125, 6.25, 1.25, 6.375], "texture": "#2"},
				"up": {"uv": [1.375, 6.375, 1.25, 6.25], "texture": "#2"},
				"down": {"uv": [1.5, 6.25, 1.375, 6.375], "texture": "#2"}
			}
		},
		{
			"from": [15, 12.93245, 20.71507],
			"to": [16, 13.18245, 21.71507],
			"rotation": {"angle": -22.5, "axis": "x", "origin": [14, 12.93245, 22.71507]},
			"faces": {
				"north": {"uv": [1.5, 6.25, 1.625, 6.375], "texture": "#2"},
				"east": {"uv": [1.625, 6.25, 1.75, 6.375], "texture": "#2"},
				"south": {"uv": [1.75, 6.25, 1.875, 6.375], "texture": "#2"},
				"west": {"uv": [1.875, 6.25, 2, 6.375], "texture": "#2"},
				"up": {"uv": [2.125, 6.375, 2, 6.25], "texture": "#2"},
				"down": {"uv": [2.25, 6.25, 2.125, 6.375], "texture": "#2"}
			}
		},
		{
			"from": [20.84776, 10.23463, 15],
			"to": [21.84776, 10.48463, 16],
			"rotation": {"angle": -22.5, "axis": "z", "origin": [19.84776, 10.23463, 17]},
			"faces": {
				"north": {"uv": [2.25, 6.25, 2.375, 6.375], "texture": "#2"},
				"east": {"uv": [2.375, 6.25, 2.5, 6.375], "texture": "#2"},
				"south": {"uv": [2.5, 6.25, 2.625, 6.375], "texture": "#2"},
				"west": {"uv": [2.625, 6.25, 2.75, 6.375], "texture": "#2"},
				"up": {"uv": [2.875, 6.375, 2.75, 6.25], "texture": "#2"},
				"down": {"uv": [3, 6.25, 2.875, 6.375], "texture": "#2"}
			}
		},
		{
			"from": [20.84776, 10.23463, 12],
			"to": [21.84776, 10.48463, 13],
			"rotation": {"angle": -22.5, "axis": "z", "origin": [19.84776, 10.23463, 14]},
			"faces": {
				"north": {"uv": [3, 6.25, 3.125, 6.375], "texture": "#2"},
				"east": {"uv": [3.125, 6.25, 3.25, 6.375], "texture": "#2"},
				"south": {"uv": [3.25, 6.25, 3.375, 6.375], "texture": "#2"},
				"west": {"uv": [3.375, 6.25, 3.5, 6.375], "texture": "#2"},
				"up": {"uv": [3.625, 6.375, 3.5, 6.25], "texture": "#2"},
				"down": {"uv": [3.75, 6.25, 3.625, 6.375], "texture": "#2"}
			}
		},
		{
			"from": [20.84776, 10.23463, 10],
			"to": [21.84776, 10.48463, 11],
			"rotation": {"angle": -22.5, "axis": "z", "origin": [19.84776, 10.23463, 12]},
			"faces": {
				"north": {"uv": [3.75, 6.25, 3.875, 6.375], "texture": "#2"},
				"east": {"uv": [3.875, 6.25, 4, 6.375], "texture": "#2"},
				"south": {"uv": [4, 6.25, 4.125, 6.375], "texture": "#2"},
				"west": {"uv": [4.125, 6.25, 4.25, 6.375], "texture": "#2"},
				"up": {"uv": [4.375, 6.375, 4.25, 6.25], "texture": "#2"},
				"down": {"uv": [4.5, 6.25, 4.375, 6.375], "texture": "#2"}
			}
		},
		{
			"from": [20.84776, 10.23463, 6],
			"to": [21.84776, 10.48463, 7],
			"rotation": {"angle": -22.5, "axis": "z", "origin": [19.84776, 10.23463, 8]},
			"faces": {
				"north": {"uv": [4.5, 6.25, 4.625, 6.375], "texture": "#2"},
				"east": {"uv": [4.625, 6.25, 4.75, 6.375], "texture": "#2"},
				"south": {"uv": [4.75, 6.25, 4.875, 6.375], "texture": "#2"},
				"west": {"uv": [6.25, 4.75, 6.375, 4.875], "texture": "#2"},
				"up": {"uv": [5, 6.375, 4.875, 6.25], "texture": "#2"},
				"down": {"uv": [6.375, 4.875, 6.25, 5], "texture": "#2"}
			}
		},
		{
			"from": [20.84776, 10.23463, 3],
			"to": [21.84776, 10.48463, 4],
			"rotation": {"angle": -22.5, "axis": "z", "origin": [19.84776, 10.23463, 5]},
			"faces": {
				"north": {"uv": [5, 6.25, 5.125, 6.375], "texture": "#2"},
				"east": {"uv": [6.25, 5, 6.375, 5.125], "texture": "#2"},
				"south": {"uv": [5.125, 6.25, 5.25, 6.375], "texture": "#2"},
				"west": {"uv": [6.25, 5.125, 6.375, 5.25], "texture": "#2"},
				"up": {"uv": [5.375, 6.375, 5.25, 6.25], "texture": "#2"},
				"down": {"uv": [6.375, 5.25, 6.25, 5.375], "texture": "#2"}
			}
		},
		{
			"from": [20.84776, 10.23463, 1],
			"to": [21.84776, 10.48463, 2],
			"rotation": {"angle": -22.5, "axis": "z", "origin": [19.84776, 10.23463, 3]},
			"faces": {
				"north": {"uv": [5.375, 6.25, 5.5, 6.375], "texture": "#2"},
				"east": {"uv": [6.25, 5.375, 6.375, 5.5], "texture": "#2"},
				"south": {"uv": [5.5, 6.25, 5.625, 6.375], "texture": "#2"},
				"west": {"uv": [5.625, 6.25, 5.75, 6.375], "texture": "#2"},
				"up": {"uv": [5.875, 6.375, 5.75, 6.25], "texture": "#2"},
				"down": {"uv": [6, 6.25, 5.875, 6.375], "texture": "#2"}
			}
		},
		{
			"from": [4, 11.7844, -5.94343],
			"to": [5, 12.0344, -4.94343],
			"rotation": {"angle": 22.5, "axis": "x", "origin": [3, 11.7844, -3.94343]},
			"faces": {
				"north": {"uv": [6, 6.25, 6.125, 6.375], "texture": "#2"},
				"east": {"uv": [6.25, 6, 6.375, 6.125], "texture": "#2"},
				"south": {"uv": [6.125, 6.25, 6.25, 6.375], "texture": "#2"},
				"west": {"uv": [6.25, 6.125, 6.375, 6.25], "texture": "#2"},
				"up": {"uv": [6.375, 6.375, 6.25, 6.25], "texture": "#2"},
				"down": {"uv": [0.875, 6.375, 0.75, 6.5], "texture": "#2"}
			}
		},
		{
			"from": [12, 11.7844, -5.94343],
			"to": [13, 12.0344, -4.94343],
			"rotation": {"angle": 22.5, "axis": "x", "origin": [11, 11.7844, -3.94343]},
			"faces": {
				"north": {"uv": [0.875, 6.375, 1, 6.5], "texture": "#2"},
				"east": {"uv": [1, 6.375, 1.125, 6.5], "texture": "#2"},
				"south": {"uv": [1.125, 6.375, 1.25, 6.5], "texture": "#2"},
				"west": {"uv": [1.25, 6.375, 1.375, 6.5], "texture": "#2"},
				"up": {"uv": [1.5, 6.5, 1.375, 6.375], "texture": "#2"},
				"down": {"uv": [1.625, 6.375, 1.5, 6.5], "texture": "#2"}
			}
		},
		{
			"from": [-1, 11.7844, -5.94343],
			"to": [0, 12.0344, -4.94343],
			"rotation": {"angle": 22.5, "axis": "x", "origin": [-2, 11.7844, -3.94343]},
			"faces": {
				"north": {"uv": [1.625, 6.375, 1.75, 6.5], "texture": "#2"},
				"east": {"uv": [1.75, 6.375, 1.875, 6.5], "texture": "#2"},
				"south": {"uv": [1.875, 6.375, 2, 6.5], "texture": "#2"},
				"west": {"uv": [2, 6.375, 2.125, 6.5], "texture": "#2"},
				"up": {"uv": [2.25, 6.5, 2.125, 6.375], "texture": "#2"},
				"down": {"uv": [2.375, 6.375, 2.25, 6.5], "texture": "#2"}
			}
		},
		{
			"from": [15, 11.7844, -5.94343],
			"to": [16, 12.0344, -4.94343],
			"rotation": {"angle": 22.5, "axis": "x", "origin": [14, 11.7844, -3.94343]},
			"faces": {
				"north": {"uv": [2.375, 6.375, 2.5, 6.5], "texture": "#2"},
				"east": {"uv": [2.5, 6.375, 2.625, 6.5], "texture": "#2"},
				"south": {"uv": [2.625, 6.375, 2.75, 6.5], "texture": "#2"},
				"west": {"uv": [2.75, 6.375, 2.875, 6.5], "texture": "#2"},
				"up": {"uv": [3, 6.5, 2.875, 6.375], "texture": "#2"},
				"down": {"uv": [3.125, 6.375, 3, 6.5], "texture": "#2"}
			}
		},
		{
			"from": [2, 11.7844, -5.94343],
			"to": [3, 12.0344, -4.94343],
			"rotation": {"angle": 22.5, "axis": "x", "origin": [1, 11.7844, -3.94343]},
			"faces": {
				"north": {"uv": [3.125, 6.375, 3.25, 6.5], "texture": "#2"},
				"east": {"uv": [3.25, 6.375, 3.375, 6.5], "texture": "#2"},
				"south": {"uv": [3.375, 6.375, 3.5, 6.5], "texture": "#2"},
				"west": {"uv": [3.5, 6.375, 3.625, 6.5], "texture": "#2"},
				"up": {"uv": [3.75, 6.5, 3.625, 6.375], "texture": "#2"},
				"down": {"uv": [3.875, 6.375, 3.75, 6.5], "texture": "#2"}
			}
		},
		{
			"from": [-2, 4.8961, 19.3136],
			"to": [18, 5.1461, 22.3136],
			"rotation": {"angle": -22.5, "axis": "x", "origin": [14, 4.8961, 3.3136]},
			"faces": {
				"north": {"uv": [3.25, 5.875, 5.75, 6], "texture": "#2"},
				"east": {"uv": [6, 4.25, 6.375, 4.375], "texture": "#2"},
				"south": {"uv": [5.75, 5.875, 8.25, 6], "texture": "#2"},
				"west": {"uv": [6, 4.375, 6.375, 4.5], "texture": "#2"},
				"up": {"uv": [6.875, 2.875, 4.375, 2.5], "texture": "#2"},
				"down": {"uv": [6.875, 2.875, 4.375, 3.25], "texture": "#2"}
			}
		},
		{
			"from": [-2, 17.90733, -3.7255],
			"to": [18, 18.15733, -0.7255],
			"rotation": {"angle": 22.5, "axis": "x", "origin": [14, 17.90733, -18.7255]},
			"faces": {
				"north": {"uv": [0.75, 6, 3.25, 6.125], "texture": "#2"},
				"east": {"uv": [6, 4.5, 6.375, 4.625], "texture": "#2"},
				"south": {"uv": [3.25, 6, 5.75, 6.125], "texture": "#2"},
				"west": {"uv": [6, 4.625, 6.375, 4.75], "texture": "#2"},
				"up": {"uv": [6.875, 3.625, 4.375, 3.25], "texture": "#2"},
				"down": {"uv": [7.625, 0, 5.125, 0.375], "texture": "#2"}
			}
		}
	],
	"display": {
		"thirdperson_righthand": {
			"rotation": [13, 27, 0],
			"scale": [0.5, 0.5, 0.5]
		},
		"thirdperson_lefthand": {
			"scale": [0.5, 0.5, 0.5]
		},
		"firstperson_righthand": {
			"scale": [0.5, 0.5, 0.5]
		},
		"firstperson_lefthand": {
			"scale": [0.5, 0.5, 0.5]
		},
		"ground": {
			"scale": [0.5, 0.5, 0.5]
		},
		"gui": {
			"rotation": [44, -52, 11],
			"translation": [-0.25, -1.5, 0],
			"scale": [0.5, 0.5, 0.5]
		},
		"head": {
			"rotation": [5, 0, 0]
		}
	}
}