{
	"format_version": "1.21.6",
	"credit": "Made with Blockbench",
	"texture_size": [64, 64],
	"textures": {
		"0": "chambolism:item/awasword2",
		"particle": "chambolism:item/awasword2"
	},
	"elements": [
		{
			"from": [7.25, 2, 7.5],
			"to": [8.75, 32, 8.5],
			"rotation": {"angle": 0, "axis": "y", "origin": [7, 0, 7]},
			"faces": {
				"north": {"uv": [0, 0, 0.5, 7.5], "texture": "#0"},
				"east": {"uv": [1, 0, 1.25, 7.5], "texture": "#0"},
				"south": {"uv": [0.5, 0, 1, 7.5], "texture": "#0"},
				"west": {"uv": [1.25, 0, 1.5, 7.5], "texture": "#0"},
				"up": {"uv": [8.75, 0.25, 8.25, 0], "texture": "#0"},
				"down": {"uv": [0.75, 8.25, 0.25, 8.5], "texture": "#0"}
			}
		},
		{
			"from": [6.25, 2, 7.5],
			"to": [7.25, 29.55, 8.5],
			"rotation": {"angle": 0, "axis": "y", "origin": [7, 0, 7]},
			"faces": {
				"north": {"uv": [1.5, 0, 1.75, 7], "texture": "#0"},
				"east": {"uv": [1.75, 0, 2, 7], "texture": "#0"},
				"south": {"uv": [2, 0, 2.25, 7], "texture": "#0"},
				"west": {"uv": [2.25, 0, 2.5, 7], "texture": "#0"},
				"up": {"uv": [9, 4.25, 8.75, 4], "texture": "#0"},
				"down": {"uv": [4.5, 8.75, 4.25, 9], "texture": "#0"}
			}
		},
		{
			"from": [8.75, 2, 7.5],
			"to": [9.75, 29.55, 8.5],
			"rotation": {"angle": 0, "axis": "y", "origin": [9.5, 0, 7]},
			"faces": {
				"north": {"uv": [2.5, 0, 2.75, 7], "texture": "#0"},
				"east": {"uv": [2.75, 0, 3, 7], "texture": "#0"},
				"south": {"uv": [3, 0, 3.25, 7], "texture": "#0"},
				"west": {"uv": [3.25, 0, 3.5, 7], "texture": "#0"},
				"up": {"uv": [9, 4.5, 8.75, 4.25], "texture": "#0"},
				"down": {"uv": [4.75, 8.75, 4.5, 9], "texture": "#0"}
			}
		},
		{
			"from": [9.25, 29.55, 7.5],
			"to": [9.5, 30.25, 8.5],
			"rotation": {"angle": 0, "axis": "y", "origin": [10, 1, 7]},
			"faces": {
				"north": {"uv": [8.75, 5.75, 9, 6], "texture": "#0"},
				"east": {"uv": [6, 8.75, 6.25, 9], "texture": "#0"},
				"south": {"uv": [8.75, 6, 9, 6.25], "texture": "#0"},
				"west": {"uv": [6.25, 8.75, 6.5, 9], "texture": "#0"},
				"up": {"uv": [9, 6.5, 8.75, 6.25], "texture": "#0"},
				"down": {"uv": [6.75, 8.75, 6.5, 9], "texture": "#0"}
			}
		},
		{
			"from": [6.5, 29.55, 7.5],
			"to": [6.75, 30.5, 8.5],
			"rotation": {"angle": 0, "axis": "y", "origin": [6.5, 1, 7]},
			"faces": {
				"north": {"uv": [8.75, 4.5, 9, 4.75], "texture": "#0"},
				"east": {"uv": [4.75, 8.75, 5, 9], "texture": "#0"},
				"south": {"uv": [5, 8.75, 5.25, 9], "texture": "#0"},
				"west": {"uv": [8.75, 5, 9, 5.25], "texture": "#0"},
				"up": {"uv": [5.5, 9, 5.25, 8.75], "texture": "#0"},
				"down": {"uv": [6, 8.75, 5.75, 9], "texture": "#0"}
			}
		},
		{
			"from": [9, 29.55, 7.5],
			"to": [9.25, 31.25, 8.5],
			"rotation": {"angle": 0, "axis": "y", "origin": [9.75, 1, 7]},
			"faces": {
				"north": {"uv": [0.5, 8.5, 0.75, 9], "texture": "#0"},
				"east": {"uv": [8.5, 0.5, 8.75, 1], "texture": "#0"},
				"south": {"uv": [8.5, 1, 8.75, 1.5], "texture": "#0"},
				"west": {"uv": [8.5, 1.5, 8.75, 2], "texture": "#0"},
				"up": {"uv": [9, 7.75, 8.75, 7.5], "texture": "#0"},
				"down": {"uv": [8, 8.75, 7.75, 9], "texture": "#0"}
			}
		},
		{
			"from": [6.75, 29.55, 7.5],
			"to": [7, 31.25, 8.5],
			"rotation": {"angle": 0, "axis": "y", "origin": [6.75, 1, 7]},
			"faces": {
				"north": {"uv": [8.25, 7.5, 8.5, 8], "texture": "#0"},
				"east": {"uv": [8, 8.25, 8.25, 8.75], "texture": "#0"},
				"south": {"uv": [8.25, 8, 8.5, 8.5], "texture": "#0"},
				"west": {"uv": [0.25, 8.5, 0.5, 9], "texture": "#0"},
				"up": {"uv": [7.5, 9, 7.25, 8.75], "texture": "#0"},
				"down": {"uv": [7.75, 8.75, 7.5, 9], "texture": "#0"}
			}
		},
		{
			"from": [7, 29.55, 7.5],
			"to": [7.25, 31.75, 8.5],
			"rotation": {"angle": 0, "axis": "y", "origin": [7, 1, 7]},
			"faces": {
				"north": {"uv": [8.25, 5.25, 8.5, 5.75], "texture": "#0"},
				"east": {"uv": [6.25, 8.25, 6.5, 8.75], "texture": "#0"},
				"south": {"uv": [8.25, 6.5, 8.5, 7], "texture": "#0"},
				"west": {"uv": [8.25, 7, 8.5, 7.5], "texture": "#0"},
				"up": {"uv": [9, 7, 8.75, 6.75], "texture": "#0"},
				"down": {"uv": [7.25, 8.75, 7, 9], "texture": "#0"}
			}
		},
		{
			"from": [8.75, 29.55, 7.5],
			"to": [9, 31.75, 8.5],
			"rotation": {"angle": 0, "axis": "y", "origin": [9.5, 1, 7]},
			"faces": {
				"north": {"uv": [3.25, 8.25, 3.5, 8.75], "texture": "#0"},
				"east": {"uv": [4.5, 8.25, 4.75, 8.75], "texture": "#0"},
				"south": {"uv": [5, 8.25, 5.25, 8.75], "texture": "#0"},
				"west": {"uv": [5.25, 8.25, 5.5, 8.75], "texture": "#0"},
				"up": {"uv": [9, 6.75, 8.75, 6.5], "texture": "#0"},
				"down": {"uv": [7, 8.75, 6.75, 9], "texture": "#0"}
			}
		},
		{
			"from": [7.25, -16, 7.25],
			"to": [8.75, -6, 8.75],
			"rotation": {"angle": 0, "axis": "y", "origin": [7, -18, 7]},
			"faces": {
				"north": {"uv": [3.5, 0, 4, 2.5], "texture": "#0"},
				"east": {"uv": [3.5, 2.5, 4, 5], "texture": "#0"},
				"south": {"uv": [4, 0, 4.5, 2.5], "texture": "#0"},
				"west": {"uv": [4, 2.5, 4.5, 5], "texture": "#0"},
				"up": {"uv": [8, 6.5, 7.5, 6], "texture": "#0"},
				"down": {"uv": [7.5, 7.5, 7, 8], "texture": "#0"}
			}
		},
		{
			"from": [7.25, -7, 8.75],
			"to": [8.75, -6.5, 9],
			"rotation": {"angle": 0, "axis": "y", "origin": [7, -18, 8.5]},
			"faces": {
				"north": {"uv": [8.25, 5.75, 8.75, 6], "texture": "#0"},
				"east": {"uv": [8.75, 7.75, 9, 8], "texture": "#0"},
				"south": {"uv": [8.5, 2, 9, 2.25], "texture": "#0"},
				"west": {"uv": [8, 8.75, 8.25, 9], "texture": "#0"},
				"up": {"uv": [9, 2.5, 8.5, 2.25], "texture": "#0"},
				"down": {"uv": [9, 2.5, 8.5, 2.75], "texture": "#0"}
			}
		},
		{
			"from": [7.25, -7, 7],
			"to": [8.75, -6.5, 7.25],
			"rotation": {"angle": 0, "axis": "y", "origin": [7, -18, 6.75]},
			"faces": {
				"north": {"uv": [8.5, 2.75, 9, 3], "texture": "#0"},
				"east": {"uv": [8.75, 8, 9, 8.25], "texture": "#0"},
				"south": {"uv": [8.5, 3, 9, 3.25], "texture": "#0"},
				"west": {"uv": [8.25, 8.75, 8.5, 9], "texture": "#0"},
				"up": {"uv": [4.5, 8.75, 4, 8.5], "texture": "#0"},
				"down": {"uv": [9, 4.75, 8.5, 5], "texture": "#0"}
			}
		},
		{
			"from": [8.75, -7, 7.25],
			"to": [9, -6.5, 8.75],
			"rotation": {"angle": 0, "axis": "y", "origin": [9.25, -18, 7]},
			"faces": {
				"north": {"uv": [8.75, 8.5, 9, 8.75], "texture": "#0"},
				"east": {"uv": [8.5, 7, 9, 7.25], "texture": "#0"},
				"south": {"uv": [8.75, 8.75, 9, 9], "texture": "#0"},
				"west": {"uv": [8.5, 7.25, 9, 7.5], "texture": "#0"},
				"up": {"uv": [8.75, 8, 8.5, 7.5], "texture": "#0"},
				"down": {"uv": [8.75, 8, 8.5, 8.5], "texture": "#0"}
			}
		},
		{
			"from": [7, -7, 7.25],
			"to": [7.25, -6.5, 8.75],
			"rotation": {"angle": 0, "axis": "y", "origin": [7.5, -18, 7]},
			"faces": {
				"north": {"uv": [8.75, 8.25, 9, 8.5], "texture": "#0"},
				"east": {"uv": [8.5, 5.25, 9, 5.5], "texture": "#0"},
				"south": {"uv": [8.5, 8.75, 8.75, 9], "texture": "#0"},
				"west": {"uv": [8.5, 5.5, 9, 5.75], "texture": "#0"},
				"up": {"uv": [5.75, 9, 5.5, 8.5], "texture": "#0"},
				"down": {"uv": [8.75, 6.5, 8.5, 7], "texture": "#0"}
			}
		},
		{
			"from": [8.75, -15.5, 7.25],
			"to": [9, -15, 8.75],
			"rotation": {"angle": 0, "axis": "y", "origin": [9.25, -26.5, 7]},
			"faces": {
				"north": {"uv": [1.25, 9, 1.5, 9.25], "texture": "#0"},
				"east": {"uv": [2.5, 8.75, 3, 9], "texture": "#0"},
				"south": {"uv": [1.5, 9, 1.75, 9.25], "texture": "#0"},
				"west": {"uv": [3, 8.75, 3.5, 9], "texture": "#0"},
				"up": {"uv": [9, 3.75, 8.75, 3.25], "texture": "#0"},
				"down": {"uv": [3.75, 8.75, 3.5, 9.25], "texture": "#0"}
			}
		},
		{
			"from": [7.25, -15.5, 8.75],
			"to": [8.75, -15, 9],
			"rotation": {"angle": 0, "axis": "y", "origin": [7, -26.5, 8.5]},
			"faces": {
				"north": {"uv": [1.5, 8.75, 2, 9], "texture": "#0"},
				"east": {"uv": [9, 0.5, 9.25, 0.75], "texture": "#0"},
				"south": {"uv": [8.75, 1.5, 9.25, 1.75], "texture": "#0"},
				"west": {"uv": [1, 9, 1.25, 9.25], "texture": "#0"},
				"up": {"uv": [9.25, 2, 8.75, 1.75], "texture": "#0"},
				"down": {"uv": [2.5, 8.75, 2, 9], "texture": "#0"}
			}
		},
		{
			"from": [7.25, -15.5, 7],
			"to": [8.75, -15, 7.25],
			"rotation": {"angle": 0, "axis": "y", "origin": [7, -26.5, 6.75]},
			"faces": {
				"north": {"uv": [8.75, 0.75, 9.25, 1], "texture": "#0"},
				"east": {"uv": [9, 0.25, 9.25, 0.5], "texture": "#0"},
				"south": {"uv": [1, 8.75, 1.5, 9], "texture": "#0"},
				"west": {"uv": [0.5, 9, 0.75, 9.25], "texture": "#0"},
				"up": {"uv": [9.25, 1.25, 8.75, 1], "texture": "#0"},
				"down": {"uv": [9.25, 1.25, 8.75, 1.5], "texture": "#0"}
			}
		},
		{
			"from": [7, -15.5, 7.25],
			"to": [7.25, -15, 8.75],
			"rotation": {"angle": 0, "axis": "y", "origin": [7.5, -26.5, 7]},
			"faces": {
				"north": {"uv": [0, 9, 0.25, 9.25], "texture": "#0"},
				"east": {"uv": [8.25, 8.5, 8.75, 8.75], "texture": "#0"},
				"south": {"uv": [0.25, 9, 0.5, 9.25], "texture": "#0"},
				"west": {"uv": [8.75, 0, 9.25, 0.25], "texture": "#0"},
				"up": {"uv": [9, 0.75, 8.75, 0.25], "texture": "#0"},
				"down": {"uv": [1, 8.75, 0.75, 9.25], "texture": "#0"}
			}
		},
		{
			"from": [6, 0, 6.75],
			"to": [10, 2, 9.25],
			"rotation": {"angle": 0, "axis": "y", "origin": [6, 0, 7]},
			"faces": {
				"north": {"uv": [5, 5.75, 6, 6.25], "texture": "#0"},
				"east": {"uv": [6.25, 1, 7, 1.5], "texture": "#0"},
				"south": {"uv": [5.75, 5.25, 6.75, 5.75], "texture": "#0"},
				"west": {"uv": [6.25, 1.5, 7, 2], "texture": "#0"},
				"up": {"uv": [5.5, 0.75, 4.5, 0], "texture": "#0"},
				"down": {"uv": [5.5, 0.75, 4.5, 1.5], "texture": "#0"}
			}
		},
		{
			"from": [7, -3, 6.75],
			"to": [9, -1, 9.25],
			"rotation": {"angle": 0, "axis": "y", "origin": [6, -3, 7]},
			"faces": {
				"north": {"uv": [7.5, 7.5, 8, 8], "texture": "#0"},
				"east": {"uv": [7.25, 5, 8, 5.5], "texture": "#0"},
				"south": {"uv": [7.75, 0, 8.25, 0.5], "texture": "#0"},
				"west": {"uv": [0, 7.5, 0.75, 8], "texture": "#0"},
				"up": {"uv": [4.5, 8, 4, 7.25], "texture": "#0"},
				"down": {"uv": [7, 7.25, 6.5, 8], "texture": "#0"}
			}
		},
		{
			"from": [9.25, -3, 6.85],
			"to": [9.5, -1, 9.15],
			"rotation": {"angle": 0, "axis": "y", "origin": [6.5, -3, 7]},
			"faces": {
				"north": {"uv": [8.25, 1.75, 8.5, 2.25], "texture": "#0"},
				"east": {"uv": [1.5, 7.75, 2, 8.25], "texture": "#0"},
				"south": {"uv": [2, 8.25, 2.25, 8.75], "texture": "#0"},
				"west": {"uv": [2, 7.75, 2.5, 8.25], "texture": "#0"},
				"up": {"uv": [2.5, 8.75, 2.25, 8.25], "texture": "#0"},
				"down": {"uv": [8.5, 2.25, 8.25, 2.75], "texture": "#0"}
			}
		},
		{
			"from": [6.5, -3, 6.85],
			"to": [6.75, -1, 9.15],
			"rotation": {"angle": 0, "axis": "y", "origin": [3.75, -3, 7]},
			"faces": {
				"north": {"uv": [2.5, 8.25, 2.75, 8.75], "texture": "#0"},
				"east": {"uv": [2.5, 7.75, 3, 8.25], "texture": "#0"},
				"south": {"uv": [2.75, 8.25, 3, 8.75], "texture": "#0"},
				"west": {"uv": [3, 7.75, 3.5, 8.25], "texture": "#0"},
				"up": {"uv": [8.5, 3.25, 8.25, 2.75], "texture": "#0"},
				"down": {"uv": [3.25, 8.25, 3, 8.75], "texture": "#0"}
			}
		},
		{
			"from": [7.05, -3.55, 6.85],
			"to": [9.05, -3.3, 9.15],
			"rotation": {"angle": 0, "axis": "y", "origin": [9.05, -6.3, 7]},
			"faces": {
				"north": {"uv": [4, 8.25, 4.5, 8.5], "texture": "#0"},
				"east": {"uv": [8.25, 4, 8.75, 4.25], "texture": "#0"},
				"south": {"uv": [8.25, 4.25, 8.75, 4.5], "texture": "#0"},
				"west": {"uv": [8.25, 4.5, 8.75, 4.75], "texture": "#0"},
				"up": {"uv": [8.25, 7, 7.75, 6.5], "texture": "#0"},
				"down": {"uv": [8.25, 7, 7.75, 7.5], "texture": "#0"}
			}
		},
		{
			"from": [7.05, -0.7, 6.85],
			"to": [9.05, -0.45, 9.15],
			"rotation": {"angle": 0, "axis": "y", "origin": [9.05, -3.45, 7]},
			"faces": {
				"north": {"uv": [8.25, 0.25, 8.75, 0.5], "texture": "#0"},
				"east": {"uv": [8.25, 3.25, 8.75, 3.5], "texture": "#0"},
				"south": {"uv": [8.25, 3.5, 8.75, 3.75], "texture": "#0"},
				"west": {"uv": [8.25, 3.75, 8.75, 4], "texture": "#0"},
				"up": {"uv": [8.25, 4.75, 7.75, 4.25], "texture": "#0"},
				"down": {"uv": [5.5, 7.75, 5, 8.25], "texture": "#0"}
			}
		},
		{
			"from": [12, -1, 6.75],
			"to": [13, 0, 9.25],
			"rotation": {"angle": 0, "axis": "y", "origin": [12, -2, 7]},
			"faces": {
				"north": {"uv": [6.5, 5, 6.75, 5.25], "texture": "#0"},
				"east": {"uv": [7.75, 0.5, 8.5, 0.75], "texture": "#0"},
				"south": {"uv": [6.75, 0.75, 7, 1], "texture": "#0"},
				"west": {"uv": [7.75, 4.75, 8.5, 5], "texture": "#0"},
				"up": {"uv": [6.5, 8.25, 6.25, 7.5], "texture": "#0"},
				"down": {"uv": [5.75, 7.75, 5.5, 8.5], "texture": "#0"}
			}
		},
		{
			"from": [12, -2.8, 6.75],
			"to": [13.6, -1.2, 9.25],
			"rotation": {"angle": 0, "axis": "y", "origin": [12, -3.2, 7]},
			"faces": {
				"north": {"uv": [5.25, 4.5, 5.75, 5], "texture": "#0"},
				"east": {"uv": [4.5, 7, 5.25, 7.5], "texture": "#0"},
				"south": {"uv": [4.5, 7.5, 5, 8], "texture": "#0"},
				"west": {"uv": [7, 4.5, 7.75, 5], "texture": "#0"},
				"up": {"uv": [5.75, 7.75, 5.25, 7], "texture": "#0"},
				"down": {"uv": [7.5, 5.75, 7, 6.5], "texture": "#0"}
			}
		},
		{
			"from": [2.4, -2.8, 6.75],
			"to": [4, -1.2, 9.25],
			"rotation": {"angle": 0, "axis": "y", "origin": [2.4, -3.2, 7]},
			"faces": {
				"north": {"uv": [7.5, 5.5, 8, 6], "texture": "#0"},
				"east": {"uv": [7, 6.5, 7.75, 7], "texture": "#0"},
				"south": {"uv": [5.75, 7.5, 6.25, 8], "texture": "#0"},
				"west": {"uv": [7, 7, 7.75, 7.5], "texture": "#0"},
				"up": {"uv": [7.75, 0.75, 7.25, 0], "texture": "#0"},
				"down": {"uv": [4, 7.25, 3.5, 8], "texture": "#0"}
			}
		},
		{
			"from": [12, -4, 6.75],
			"to": [13, -3, 9.25],
			"rotation": {"angle": 0, "axis": "y", "origin": [12, -4, 7]},
			"faces": {
				"north": {"uv": [7.25, 5.5, 7.5, 5.75], "texture": "#0"},
				"east": {"uv": [0, 8, 0.75, 8.25], "texture": "#0"},
				"south": {"uv": [7.5, 4.25, 7.75, 4.5], "texture": "#0"},
				"west": {"uv": [0.75, 8, 1.5, 8.25], "texture": "#0"},
				"up": {"uv": [3.75, 8.75, 3.5, 8], "texture": "#0"},
				"down": {"uv": [4, 8, 3.75, 8.75], "texture": "#0"}
			}
		},
		{
			"from": [3, -1, 6.75],
			"to": [4, 0, 9.25],
			"rotation": {"angle": 0, "axis": "y", "origin": [3, -2, 7]},
			"faces": {
				"north": {"uv": [8.75, 3.75, 9, 4], "texture": "#0"},
				"east": {"uv": [8, 6, 8.75, 6.25], "texture": "#0"},
				"south": {"uv": [4, 8.75, 4.25, 9], "texture": "#0"},
				"west": {"uv": [8, 6.25, 8.75, 6.5], "texture": "#0"},
				"up": {"uv": [6, 8.75, 5.75, 8], "texture": "#0"},
				"down": {"uv": [6.25, 8, 6, 8.75], "texture": "#0"}
			}
		},
		{
			"from": [3, -4, 6.75],
			"to": [4, -3, 9.25],
			"rotation": {"angle": 0, "axis": "y", "origin": [3, -4, 7]},
			"faces": {
				"north": {"uv": [5, 7.5, 5.25, 7.75], "texture": "#0"},
				"east": {"uv": [4, 8, 4.75, 8.25], "texture": "#0"},
				"south": {"uv": [3.75, 8.75, 4, 9], "texture": "#0"},
				"west": {"uv": [8, 5, 8.75, 5.25], "texture": "#0"},
				"up": {"uv": [5, 8.75, 4.75, 8], "texture": "#0"},
				"down": {"uv": [8.25, 5.25, 8, 6], "texture": "#0"}
			}
		},
		{
			"from": [6, -6, 6.75],
			"to": [10, -4, 9.25],
			"rotation": {"angle": 0, "axis": "y", "origin": [6, -6, 7]},
			"faces": {
				"north": {"uv": [6, 3, 7, 3.5], "texture": "#0"},
				"east": {"uv": [6.25, 2, 7, 2.5], "texture": "#0"},
				"south": {"uv": [3.5, 6, 4.5, 6.5], "texture": "#0"},
				"west": {"uv": [6.25, 2.5, 7, 3], "texture": "#0"},
				"up": {"uv": [5.5, 2.25, 4.5, 1.5], "texture": "#0"},
				"down": {"uv": [5.5, 2.25, 4.5, 3], "texture": "#0"}
			}
		},
		{
			"from": [4, -4, 6.75],
			"to": [6, 0, 9.25],
			"rotation": {"angle": 0, "axis": "y", "origin": [4, 0, 7]},
			"faces": {
				"north": {"uv": [6, 5.75, 6.5, 6.75], "texture": "#0"},
				"east": {"uv": [3.5, 5, 4.25, 6], "texture": "#0"},
				"south": {"uv": [6.25, 0, 6.75, 1], "texture": "#0"},
				"west": {"uv": [4.25, 5, 5, 6], "texture": "#0"},
				"up": {"uv": [4, 7.25, 3.5, 6.5], "texture": "#0"},
				"down": {"uv": [7, 3.5, 6.5, 4.25], "texture": "#0"}
			}
		},
		{
			"from": [2.35, -1.9, 6.75],
			"to": [4.35, 1.1, 9.25],
			"rotation": {"angle": 45, "axis": "z", "origin": [2.35, 2.25, 7]},
			"faces": {
				"north": {"uv": [2.5, 7, 3, 7.75], "texture": "#0"},
				"east": {"uv": [5.5, 2.25, 6.25, 3], "texture": "#0"},
				"south": {"uv": [3, 7, 3.5, 7.75], "texture": "#0"},
				"west": {"uv": [5.75, 4.5, 6.5, 5.25], "texture": "#0"},
				"up": {"uv": [7.5, 3.75, 7, 3], "texture": "#0"},
				"down": {"uv": [7.5, 3.75, 7, 4.5], "texture": "#0"}
			}
		},
		{
			"from": [2.85, -3.9, 6.75],
			"to": [3.85, -1.9, 9.25],
			"rotation": {"angle": 45, "axis": "z", "origin": [2.35, 2.25, 7]},
			"faces": {
				"north": {"uv": [1.5, 8.25, 1.75, 8.75], "texture": "#0"},
				"east": {"uv": [7.5, 3.25, 8.25, 3.75], "texture": "#0"},
				"south": {"uv": [1.75, 8.25, 2, 8.75], "texture": "#0"},
				"west": {"uv": [7.5, 3.75, 8.25, 4.25], "texture": "#0"},
				"up": {"uv": [8, 8.75, 7.75, 8], "texture": "#0"},
				"down": {"uv": [0.25, 8.25, 0, 9], "texture": "#0"}
			}
		},
		{
			"from": [5.1, -6.25, 6.75],
			"to": [7.1, -3.25, 9.25],
			"rotation": {"angle": -45, "axis": "z", "origin": [5.1, -3.5, 7]},
			"faces": {
				"north": {"uv": [1.5, 7, 2, 7.75], "texture": "#0"},
				"east": {"uv": [5.5, 0.75, 6.25, 1.5], "texture": "#0"},
				"south": {"uv": [7, 1.5, 7.5, 2.25], "texture": "#0"},
				"west": {"uv": [5.5, 1.5, 6.25, 2.25], "texture": "#0"},
				"up": {"uv": [2.5, 7.75, 2, 7], "texture": "#0"},
				"down": {"uv": [7.5, 2.25, 7, 3], "texture": "#0"}
			}
		},
		{
			"from": [5.6, -3.25, 6.75],
			"to": [6.6, -1.25, 9.25],
			"rotation": {"angle": -45, "axis": "z", "origin": [5.1, -3.5, 7]},
			"faces": {
				"north": {"uv": [8.25, 0.75, 8.5, 1.25], "texture": "#0"},
				"east": {"uv": [7.5, 1.25, 8.25, 1.75], "texture": "#0"},
				"south": {"uv": [1, 8.25, 1.25, 8.75], "texture": "#0"},
				"west": {"uv": [7.5, 1.75, 8.25, 2.25], "texture": "#0"},
				"up": {"uv": [7.25, 8.75, 7, 8], "texture": "#0"},
				"down": {"uv": [7.5, 8, 7.25, 8.75], "texture": "#0"}
			}
		},
		{
			"from": [10, -4, 6.75],
			"to": [12, 0, 9.25],
			"rotation": {"angle": 0, "axis": "y", "origin": [10, 0, 7]},
			"faces": {
				"north": {"uv": [6, 3.5, 6.5, 4.5], "texture": "#0"},
				"east": {"uv": [4.5, 3, 5.25, 4], "texture": "#0"},
				"south": {"uv": [4.5, 6, 5, 7], "texture": "#0"},
				"west": {"uv": [4.5, 4, 5.25, 5], "texture": "#0"},
				"up": {"uv": [5.5, 7, 5, 6.25], "texture": "#0"},
				"down": {"uv": [6, 6.25, 5.5, 7], "texture": "#0"}
			}
		},
		{
			"from": [9.5, -7.65, 6.75],
			"to": [11.5, -4.65, 9.25],
			"rotation": {"angle": 45, "axis": "z", "origin": [9.5, -4.9, 7]},
			"faces": {
				"north": {"uv": [6.75, 0, 7.25, 0.75], "texture": "#0"},
				"east": {"uv": [5.25, 3.75, 6, 4.5], "texture": "#0"},
				"south": {"uv": [6.75, 5, 7.25, 5.75], "texture": "#0"},
				"west": {"uv": [5.5, 0, 6.25, 0.75], "texture": "#0"},
				"up": {"uv": [6.5, 7.5, 6, 6.75], "texture": "#0"},
				"down": {"uv": [7.5, 0.75, 7, 1.5], "texture": "#0"}
			}
		},
		{
			"from": [10, -4.65, 6.75],
			"to": [11, -2.65, 9.25],
			"rotation": {"angle": 45, "axis": "z", "origin": [9.5, -4.9, 7]},
			"faces": {
				"north": {"uv": [1.25, 8.25, 1.5, 8.75], "texture": "#0"},
				"east": {"uv": [7.5, 2.25, 8.25, 2.75], "texture": "#0"},
				"south": {"uv": [8.25, 1.25, 8.5, 1.75], "texture": "#0"},
				"west": {"uv": [7.5, 2.75, 8.25, 3.25], "texture": "#0"},
				"up": {"uv": [7.75, 8.75, 7.5, 8], "texture": "#0"},
				"down": {"uv": [8.25, 7.5, 8, 8.25], "texture": "#0"}
			}
		},
		{
			"from": [12.5, -0.6, 6.75],
			"to": [14.5, 2.4, 9.25],
			"rotation": {"angle": -45, "axis": "z", "origin": [12.5, 3.9, 7]},
			"faces": {
				"north": {"uv": [4, 6.5, 4.5, 7.25], "texture": "#0"},
				"east": {"uv": [5, 5, 5.75, 5.75], "texture": "#0"},
				"south": {"uv": [6.5, 4.25, 7, 5], "texture": "#0"},
				"west": {"uv": [5.25, 3, 6, 3.75], "texture": "#0"},
				"up": {"uv": [7, 6.5, 6.5, 5.75], "texture": "#0"},
				"down": {"uv": [7, 6.5, 6.5, 7.25], "texture": "#0"}
			}
		},
		{
			"from": [13, -2.6, 6.75],
			"to": [14, -0.6, 9.25],
			"rotation": {"angle": -45, "axis": "z", "origin": [12.5, 3.9, 7]},
			"faces": {
				"north": {"uv": [5.75, 7, 6, 7.5], "texture": "#0"},
				"east": {"uv": [0.75, 7.5, 1.5, 8], "texture": "#0"},
				"south": {"uv": [0.75, 8.25, 1, 8.75], "texture": "#0"},
				"west": {"uv": [7.5, 0.75, 8.25, 1.25], "texture": "#0"},
				"up": {"uv": [6.75, 8.75, 6.5, 8], "texture": "#0"},
				"down": {"uv": [7, 8, 6.75, 8.75], "texture": "#0"}
			}
		}
	],
	"display": {
		"thirdperson_righthand": {
			"rotation": [-161.9, 88.97, 163.08],
			"translation": [0, 15.25, 0]
		},
		"thirdperson_lefthand": {
			"rotation": [161.9, 88.97, -163.08],
			"translation": [0, 15.25, 0]
		},
		"firstperson_righthand": {
			"rotation": [0, 88.5, 0],
			"translation": [0, 7.5, 0]
		},
		"firstperson_lefthand": {
			"rotation": [0, 88.5, 0],
			"translation": [0, 7.5, 0]
		},
		"ground": {
			"rotation": [0, 0, 45],
			"translation": [0, 6.25, 0],
			"scale": [0.4, 0.4, 0.4]
		},
		"gui": {
			"rotation": [0, 0, -45],
			"scale": [0.4, 0.4, 0.4]
		},
		"fixed": {
			"rotation": [0, 0, 45],
			"scale": [0.4, 0.4, 0.4]
		},
		"on_shelf": {
			"scale": [0.55, 0.55, 0.55]
		}
	}
}
