{
	"format_version": "1.21.6",
	"credit": "Made with Blockbench",
	"texture_size": [32, 32],
	"textures": {
		"0": "chambolism:item/customielicense",
		"1": "chambolism:item/customielicenseimage",
		"particle": "chambolism:item/customielicense"
	},
	"elements": [
		{
			"from": [1.06448, 0, 8.04505],
			"to": [14.06448, 7, 9.04505],
			"rotation": {"angle": 0, "axis": "y", "origin": [8.06448, 3.5, 8.54505]},
			"faces": {
				"north": {"uv": [0, 0, 16, 16], "texture": "#1", "cullface": "north"},
				"east": {"uv": [6.5, 1, 7, 4.5], "texture": "#0"},
				"south": {"uv": [0, 3.5, 6.5, 7], "texture": "#0"},
				"west": {"uv": [6.5, 4.5, 7, 8], "texture": "#0"},
				"up": {"uv": [13, 0.5, 6.5, 0], "texture": "#0"},
				"down": {"uv": [13, 0.5, 6.5, 1], "texture": "#0"}
			}
		}
	],
	"gui_light": "front",
	"display": {
		"thirdperson_righthand": {
			"rotation": [90, 90, -90],
			"translation": [-0.25, 1.75, -2.5],
			"scale": [0.5, 0.5, 0.5]
		},
		"thirdperson_lefthand": {
			"rotation": [90, 90, -90],
			"translation": [-0.25, 1.75, -2.5],
			"scale": [0.5, 0.5, 0.5]
		},
		"firstperson_righthand": {
			"rotation": [0, 100, 0],
			"translation": [-2.25, 8, 0.75],
			"scale": [0.75, 0.75, 0.75]
		},
		"firstperson_lefthand": {
			"rotation": [0, 100, 0],
			"translation": [-2.25, 8, 0.75],
			"scale": [0.75, 0.75, 0.75]
		},
		"ground": {
			"rotation": [0, -180, 0],
			"translation": [-0.25, 2, 0.75],
			"scale": [0.5, 0.5, 0.5]
		},
		"gui": {
			"rotation": [0, -180, 0],
			"translation": [-0.5, 4.25, 0]
		},
		"head": {
			"translation": [0, 14.5, 0]
		},
		"fixed": {
			"translation": [0.25, 4.5, -1]
		},
		"on_shelf": {
			"rotation": [0, -180, 0],
			"translation": [0, 0, -2.5]
		}
	}
}
