{
	"credit": "Made with Blockbench",
	"textures": {
		"0": "chambolism:item/eurotenpound",
		"particle": "chambolism:item/eurotenpound"
	},
	"elements": [
		{
			"from": [2, 0, 6],
			"to": [13, 1, 11],
			"rotation": {"angle": 0, "axis": "y", "origin": [7, 0, 7]},
			"faces": {
				"north": {"uv": [0, 10, 11, 11], "texture": "#0"},
				"east": {"uv": [11, 0, 16, 1], "texture": "#0"},
				"south": {"uv": [0, 11, 11, 12], "texture": "#0"},
				"west": {"uv": [11, 1, 16, 2], "texture": "#0"},
				"up": {"uv": [11, 5, 0, 0], "texture": "#0"},
				"down": {"uv": [11, 5, 0, 10], "texture": "#0"}
			}
		}
	],
	"display": {
		"thirdperson_righthand": {
			"rotation": [90, 0, 90],
			"translation": [-3.75, 0.5, -1.25],
			"scale": [0.75, 0.5, 0.75]
		},
		"thirdperson_lefthand": {
			"rotation": [90, 0, 90],
			"translation": [3.75, -0.25, -1],
			"scale": [-0.75, -0.5, -0.75]
		},
		"firstperson_righthand": {
			"rotation": [90, 0, 90],
			"translation": [-4.75, 3.25, -0.75]
		},
		"firstperson_lefthand": {
			"rotation": [90, 0, 90],
			"translation": [-6, 4, 0]
		},
		"ground": {
			"rotation": [90, 0, 0],
			"translation": [0.5, 1, 5.75],
			"scale": [0.75, 0.5, 0.75]
		},
		"gui": {
			"rotation": [90, 0, 0],
			"translation": [0.5, 0.25, -0.25],
			"scale": [1.26, 1, 1.29]
		},
		"head": {
			"rotation": [-91, 0, 0],
			"translation": [0.5, -0.25, -0.5]
		},
		"fixed": {
			"rotation": [90, 0, 0],
			"translation": [0.75, 0, 10.75],
			"scale": [1.76, 1.52, 1.76]
		}
	}
}