{
	"credit": "Made with Blockbench",
	"texture_size": [32, 32],
	"textures": {
		"0": "chambolism:item/euroonepound",
		"particle": "chambolism:item/euroonepound"
	},
	"elements": [
		{
			"from": [5, 0, 5],
			"to": [11, 1, 11],
			"rotation": {"angle": 0, "axis": "y", "origin": [7, 0, 7]},
			"faces": {
				"north": {"uv": [3, 2, 6, 2.5], "texture": "#0"},
				"east": {"uv": [3, 2.5, 6, 3], "texture": "#0"},
				"south": {"uv": [3, 3, 6, 3.5], "texture": "#0"},
				"west": {"uv": [3, 3.5, 6, 4], "texture": "#0"},
				"up": {"uv": [3, 3, 0, 0], "texture": "#0"},
				"down": {"uv": [3, 3, 0, 6], "texture": "#0"}
			}
		},
		{
			"from": [4, 0, 5],
			"to": [5, 1, 11],
			"rotation": {"angle": 0, "axis": "y", "origin": [4, 0, 7]},
			"faces": {
				"north": {"uv": [1.5, 6, 2, 6.5], "texture": "#0"},
				"east": {"uv": [3, 4, 6, 4.5], "texture": "#0"},
				"south": {"uv": [2, 6, 2.5, 6.5], "texture": "#0"},
				"west": {"uv": [3, 4.5, 6, 5], "texture": "#0"},
				"up": {"uv": [3.5, 8, 3, 5], "texture": "#0"},
				"down": {"uv": [4, 5, 3.5, 8], "texture": "#0"}
			}
		},
		{
			"from": [11, 0, 5],
			"to": [12, 1, 11],
			"rotation": {"angle": 0, "axis": "y", "origin": [11, 0, 7]},
			"faces": {
				"north": {"uv": [2.5, 6, 3, 6.5], "texture": "#0"},
				"east": {"uv": [4, 5, 7, 5.5], "texture": "#0"},
				"south": {"uv": [6, 4.5, 6.5, 5], "texture": "#0"},
				"west": {"uv": [4, 5.5, 7, 6], "texture": "#0"},
				"up": {"uv": [0.5, 9, 0, 6], "texture": "#0"},
				"down": {"uv": [6.5, 0, 6, 3], "texture": "#0"}
			}
		},
		{
			"from": [5, 0, 11],
			"to": [11, 1, 12],
			"rotation": {"angle": 0, "axis": "y", "origin": [7, 0, 12]},
			"faces": {
				"north": {"uv": [6, 3, 9, 3.5], "texture": "#0"},
				"east": {"uv": [6.5, 0, 7, 0.5], "texture": "#0"},
				"south": {"uv": [6, 3.5, 9, 4], "texture": "#0"},
				"west": {"uv": [0.5, 6.5, 1, 7], "texture": "#0"},
				"up": {"uv": [7, 6.5, 4, 6], "texture": "#0"},
				"down": {"uv": [9, 4, 6, 4.5], "texture": "#0"}
			}
		},
		{
			"from": [5, 0, 4],
			"to": [11, 1, 5],
			"rotation": {"angle": 0, "axis": "y", "origin": [7, 0, 5]},
			"faces": {
				"north": {"uv": [3, 0, 6, 0.5], "texture": "#0"},
				"east": {"uv": [0.5, 6, 1, 6.5], "texture": "#0"},
				"south": {"uv": [3, 0.5, 6, 1], "texture": "#0"},
				"west": {"uv": [1, 6, 1.5, 6.5], "texture": "#0"},
				"up": {"uv": [6, 1.5, 3, 1], "texture": "#0"},
				"down": {"uv": [6, 1.5, 3, 2], "texture": "#0"}
			}
		}
	],
	"display": {
		"thirdperson_righthand": {
			"rotation": [4, 180, -90],
			"translation": [-5.75, 0, 0.25],
			"scale": [0.5, 0.75, 0.49]
		},
		"thirdperson_lefthand": {
			"rotation": [-90, 180, -90],
			"translation": [-5.75, 0, 0.25],
			"scale": [0.5, 0.75, 0.5]
		},
		"firstperson_righthand": {
			"rotation": [90, 0, 90],
			"translation": [-4, 2.75, -0.5]
		},
		"firstperson_lefthand": {
			"rotation": [90, -1, 90],
			"translation": [16.25, 0, -4.25],
			"scale": [-1, -1, 1]
		},
		"ground": {
			"rotation": [-90, 0, 0],
			"translation": [0, 0, -1.75],
			"scale": [0.49, 0.5, 0.5]
		},
		"gui": {
			"rotation": [90, 0, 0],
			"translation": [0, 0, -1]
		},
		"head": {
			"rotation": [90, 0, 0],
			"translation": [0, -0.25, 14.5]
		},
		"fixed": {
			"rotation": [90, 0, 0],
			"translation": [0, 0, 7]
		}
	},
	"groups": [
		{
			"name": "group",
			"origin": [0, 0, 0],
			"color": 0,
			"children": [0, 1, 2, 3, 4]
		}
	]
}