{
	"format_version": "1.21.6",
	"credit": "Made with Blockbench",
	"texture_size": [32, 32],
	"textures": {
		"0": "chambolism:item/kreshgiftimage",
		"3": "chambolism:item/kreshgift2",
		"4": "chambolism:item/kreshgift3",
		"5": "chambolism:item/kreshgift",
		"particle": "chambolism:item/kreshgiftimage"
	},
	"elements": [
		{
			"from": [7, 0, 11],
			"to": [9, 5, 12],
			"rotation": {"angle": -32.5, "axis": "x", "origin": [7, 0, 11]},
			"faces": {
				"north": {"uv": [0, 0, 2, 5], "texture": "#4"},
				"east": {"uv": [4, 0, 5, 5], "texture": "#4"},
				"south": {"uv": [2, 0, 4, 5], "texture": "#4"},
				"west": {"uv": [0, 5, 1, 10], "texture": "#4"},
				"up": {"uv": [7, 1, 5, 0], "texture": "#4"},
				"down": {"uv": [3, 5, 1, 6], "texture": "#4"}
			}
		},
		{
			"from": [3, 0, 8],
			"to": [13, 1, 9],
			"rotation": {"angle": 15, "axis": "x", "origin": [8, 4, 8.5]},
			"faces": {
				"north": {"uv": [0, 0, 10, 1], "texture": "#3"},
				"east": {"uv": [9, 8, 10, 9], "texture": "#3"},
				"south": {"uv": [0, 1, 10, 2], "texture": "#3"},
				"west": {"uv": [9, 9, 10, 10], "texture": "#3"},
				"up": {"uv": [10, 3, 0, 2], "texture": "#3"},
				"down": {"uv": [10, 3, 0, 4], "texture": "#3"}
			}
		},
		{
			"from": [3, 7, 8],
			"to": [13, 8, 9],
			"rotation": {"angle": 15, "axis": "x", "origin": [8, 4, 8.5]},
			"faces": {
				"north": {"uv": [0, 4, 10, 5], "texture": "#3"},
				"east": {"uv": [10, 0, 11, 1], "texture": "#3"},
				"south": {"uv": [0, 5, 10, 6], "texture": "#3"},
				"west": {"uv": [10, 1, 11, 2], "texture": "#3"},
				"up": {"uv": [10, 7, 0, 6], "texture": "#3"},
				"down": {"uv": [10, 7, 0, 8], "texture": "#3"}
			}
		},
		{
			"from": [2, 0, 8],
			"to": [3, 8, 9],
			"rotation": {"angle": 15, "axis": "x", "origin": [8, 4, 8.5]},
			"faces": {
				"north": {"uv": [0, 8, 1, 16], "texture": "#3"},
				"east": {"uv": [1, 8, 2, 16], "texture": "#3"},
				"south": {"uv": [2, 8, 3, 16], "texture": "#3"},
				"west": {"uv": [3, 8, 4, 16], "texture": "#3"},
				"up": {"uv": [9, 9, 8, 8], "texture": "#3"},
				"down": {"uv": [9, 9, 8, 10], "texture": "#3"}
			}
		},
		{
			"from": [13, 0, 8],
			"to": [14, 8, 9],
			"rotation": {"angle": 15, "axis": "x", "origin": [8, 4, 8.5]},
			"faces": {
				"north": {"uv": [4, 8, 5, 16], "texture": "#3"},
				"east": {"uv": [5, 8, 6, 16], "texture": "#3"},
				"south": {"uv": [6, 8, 7, 16], "texture": "#3"},
				"west": {"uv": [7, 8, 8, 16], "texture": "#3"},
				"up": {"uv": [11, 3, 10, 2], "texture": "#3"},
				"down": {"uv": [11, 3, 10, 4], "texture": "#3"}
			}
		},
		{
			"from": [3, 1, 8],
			"to": [13, 7, 9],
			"rotation": {"angle": 15, "axis": "x", "origin": [8, 4, 8.5]},
			"faces": {
				"north": {"uv": [0, 0, 16, 16], "texture": "#0"},
				"east": {"uv": [5, 1, 5.5, 4], "texture": "#5"},
				"south": {"uv": [0, 3, 5, 6], "texture": "#5"},
				"west": {"uv": [5, 4, 5.5, 7], "texture": "#5"},
				"up": {"uv": [10, 0.5, 5, 0], "texture": "#5"},
				"down": {"uv": [10, 0.5, 5, 1], "texture": "#5"}
			}
		}
	],
	"display": {
		"thirdperson_righthand": {
			"rotation": [0, 90, 0],
			"translation": [-0.5, 2.25, -2.75],
			"scale": [0.75, 0.75, 0.75]
		},
		"thirdperson_lefthand": {
			"rotation": [75, 90, -74],
			"translation": [0, 3, -3.25],
			"scale": [0.75, 0.75, 0.75]
		},
		"firstperson_righthand": {
			"rotation": [0, 90, 0],
			"translation": [0, 8, 0]
		},
		"firstperson_lefthand": {
			"rotation": [0, 90, 0],
			"translation": [0, 8, 0]
		},
		"ground": {
			"rotation": [15, -180, 0],
			"translation": [0, 1.75, 3.25]
		},
		"gui": {
			"rotation": [-15, -180, 0]
		},
		"head": {
			"translation": [0, 14.25, 0]
		},
		"fixed": {
			"rotation": [-90, 0, 0],
			"translation": [0, -3.5, -15],
			"scale": [2, 2, 2]
		},
		"on_shelf": {
			"rotation": [15, 180, 0],
			"translation": [0, 0, -1.75]
		}
	},
	"groups": [
		0,
		{
			"name": "group",
			"origin": [12, 0, 3],
			"color": 0,
			"children": [1, 2, 3, 4]
		},
		5
	]
}
