{
	"format_version": "1.21.6",
	"credit": "Made with Blockbench",
	"texture_size": [32, 32],
	"textures": {
		"0": "chambolism:item/narrowguitar",
		"1": "chambolism:item/narrowguitar1",
		"particle": "chambolism:item/narrowguitar"
	},
	"elements": [
		{
			"from": [-1, 1, 7],
			"to": [19, 2, 9],
			"rotation": {"angle": 0, "axis": "y", "origin": [-1, 1, 7]},
			"faces": {
				"north": {"uv": [4, 2, 13.5, 2.5], "texture": "#1"},
				"east": {"uv": [1, 3, 1.9375, 3.5], "texture": "#1"},
				"south": {"uv": [0, 2.5, 9, 3], "texture": "#1"},
				"west": {"uv": [1, 3, 2, 3.5], "texture": "#1"},
				"up": {"uv": [13.5, 1, 3.5625, 0], "texture": "#1"},
				"down": {"uv": [13.5, 1, 3.5, 2], "texture": "#1"}
			}
		},
		{
			"from": [18, 0, 5],
			"to": [31, 2, 7],
			"rotation": {"angle": 0, "axis": "y", "origin": [17, 0, 5]},
			"faces": {
				"north": {"uv": [7, 0, 13.5, 1], "texture": "#0"},
				"east": {"uv": [8, 13, 9, 14], "texture": "#0"},
				"south": {"uv": [7, 1, 13.5, 2], "texture": "#0"},
				"west": {"uv": [9, 13, 10, 14], "texture": "#0"},
				"up": {"uv": [13.5, 3, 7, 2], "texture": "#0"},
				"down": {"uv": [13.5, 3, 7, 4], "texture": "#0"}
			}
		},
		{
			"from": [17, 0, 9],
			"to": [31, 2, 11],
			"rotation": {"angle": 0, "axis": "y", "origin": [17, 0, 9]},
			"faces": {
				"north": {"uv": [0, 0, 7, 1], "texture": "#0"},
				"east": {"uv": [10, 13, 11, 14], "texture": "#0"},
				"south": {"uv": [0, 1, 7, 2], "texture": "#0"},
				"west": {"uv": [11, 13, 12, 14], "texture": "#0"},
				"up": {"uv": [7, 3, 0, 2], "texture": "#0"},
				"down": {"uv": [7, 3, 0, 4], "texture": "#0"}
			}
		},
		{
			"from": [19, 0, 7],
			"to": [31, 2, 9],
			"rotation": {"angle": 0, "axis": "y", "origin": [17, 0, 7]},
			"faces": {
				"north": {"uv": [0, 8, 6, 9], "texture": "#0"},
				"east": {"uv": [13, 11, 14, 12], "texture": "#0"},
				"south": {"uv": [6, 8, 12, 9], "texture": "#0"},
				"west": {"uv": [12, 13, 13, 14], "texture": "#0"},
				"up": {"uv": [6, 10, 0, 9], "texture": "#0"},
				"down": {"uv": [12, 9, 6, 10], "texture": "#0"}
			}
		},
		{
			"from": [16, 0, 11],
			"to": [30, 2, 12],
			"rotation": {"angle": 0, "axis": "y", "origin": [16, 0, 10]},
			"faces": {
				"north": {"uv": [0, 4, 7, 5], "texture": "#0"},
				"east": {"uv": [5.5, 13.5, 6, 14.5], "texture": "#0"},
				"south": {"uv": [0, 5, 7, 6], "texture": "#0"},
				"west": {"uv": [13.5, 5.5, 14, 6.5], "texture": "#0"},
				"up": {"uv": [7, 10.5, 0, 10], "texture": "#0"},
				"down": {"uv": [14, 10, 7, 10.5], "texture": "#0"}
			}
		},
		{
			"from": [17, 0, 4],
			"to": [30, 2, 5],
			"rotation": {"angle": 0, "axis": "y", "origin": [16, 0, 3]},
			"faces": {
				"north": {"uv": [7, 4, 13.5, 5], "texture": "#0"},
				"east": {"uv": [6, 13.5, 6.5, 14.5], "texture": "#0"},
				"south": {"uv": [7, 5, 13.5, 6], "texture": "#0"},
				"west": {"uv": [6.5, 13.5, 7, 14.5], "texture": "#0"},
				"up": {"uv": [6.5, 11.5, 0, 11], "texture": "#0"},
				"down": {"uv": [13, 11, 6.5, 11.5], "texture": "#0"}
			}
		},
		{
			"from": [16, 0, 3],
			"to": [29, 2, 4],
			"rotation": {"angle": 0, "axis": "y", "origin": [15, 0, 2]},
			"faces": {
				"north": {"uv": [7, 6, 13.5, 7], "texture": "#0"},
				"east": {"uv": [13.5, 6.5, 14, 7.5], "texture": "#0"},
				"south": {"uv": [7, 7, 13.5, 8], "texture": "#0"},
				"west": {"uv": [7, 13.5, 7.5, 14.5], "texture": "#0"},
				"up": {"uv": [6.5, 12, 0, 11.5], "texture": "#0"},
				"down": {"uv": [13, 11.5, 6.5, 12], "texture": "#0"}
			}
		},
		{
			"from": [18, 0, 2],
			"to": [22, 2, 3],
			"rotation": {"angle": 0, "axis": "y", "origin": [17, 0, 1]},
			"faces": {
				"north": {"uv": [5, 12, 7, 13], "texture": "#0"},
				"east": {"uv": [7.5, 13.5, 8, 14.5], "texture": "#0"},
				"south": {"uv": [7, 12, 9, 13], "texture": "#0"},
				"west": {"uv": [13, 13.5, 13.5, 14.5], "texture": "#0"},
				"up": {"uv": [15, 12.5, 13, 12], "texture": "#0"},
				"down": {"uv": [15, 12.5, 13, 13], "texture": "#0"}
			}
		},
		{
			"from": [25, 0, 2],
			"to": [28, 2, 3],
			"rotation": {"angle": 0, "axis": "y", "origin": [23, 0, 1]},
			"faces": {
				"north": {"uv": [0, 13, 1.5, 14], "texture": "#0"},
				"east": {"uv": [13.5, 13.5, 14, 14.5], "texture": "#0"},
				"south": {"uv": [1.5, 13, 3, 14], "texture": "#0"},
				"west": {"uv": [0, 14, 0.5, 15], "texture": "#0"},
				"up": {"uv": [15, 2, 13.5, 1.5], "texture": "#0"},
				"down": {"uv": [15, 2, 13.5, 2.5], "texture": "#0"}
			}
		},
		{
			"from": [15, 0, 12],
			"to": [29, 2, 13],
			"rotation": {"angle": 0, "axis": "y", "origin": [15, 0, 11]},
			"faces": {
				"north": {"uv": [0, 6, 7, 7], "texture": "#0"},
				"east": {"uv": [0.5, 14, 1, 15], "texture": "#0"},
				"south": {"uv": [0, 7, 7, 8], "texture": "#0"},
				"west": {"uv": [1, 14, 1.5, 15], "texture": "#0"},
				"up": {"uv": [7, 11, 0, 10.5], "texture": "#0"},
				"down": {"uv": [14, 10.5, 7, 11], "texture": "#0"}
			}
		},
		{
			"from": [17, 0, 13],
			"to": [21, 2, 14],
			"rotation": {"angle": 0, "axis": "y", "origin": [15, 0, 12]},
			"faces": {
				"north": {"uv": [12, 8, 14, 9], "texture": "#0"},
				"east": {"uv": [14, 8, 14.5, 9], "texture": "#0"},
				"south": {"uv": [9, 12, 11, 13], "texture": "#0"},
				"west": {"uv": [9, 14, 9.5, 15], "texture": "#0"},
				"up": {"uv": [15, 13.5, 13, 13], "texture": "#0"},
				"down": {"uv": [15.5, 0, 13.5, 0.5], "texture": "#0"}
			}
		},
		{
			"from": [24, 0, 13],
			"to": [28, 2, 14],
			"rotation": {"angle": 0, "axis": "y", "origin": [22, 0, 12]},
			"faces": {
				"north": {"uv": [12, 9, 14, 10], "texture": "#0"},
				"east": {"uv": [14, 9, 14.5, 10], "texture": "#0"},
				"south": {"uv": [11, 12, 13, 13], "texture": "#0"},
				"west": {"uv": [9.5, 14, 10, 15], "texture": "#0"},
				"up": {"uv": [15.5, 1, 13.5, 0.5], "texture": "#0"},
				"down": {"uv": [15.5, 1, 13.5, 1.5], "texture": "#0"}
			}
		},
		{
			"from": [-5.9, 0.5, 7],
			"to": [-0.9, 1.5, 9],
			"rotation": {"angle": 7.5, "axis": "z", "origin": [-5.15, 1, 8]},
			"faces": {
				"north": {"uv": [3, 13, 5.5, 13.5], "texture": "#0"},
				"east": {"uv": [13.5, 7.5, 14.5, 8], "texture": "#0"},
				"south": {"uv": [5.5, 13, 8, 13.5], "texture": "#0"},
				"west": {"uv": [1.5, 14, 2.5, 14.5], "texture": "#0"},
				"up": {"uv": [2.5, 13, 0, 12], "texture": "#0"},
				"down": {"uv": [5, 12, 2.5, 13], "texture": "#0"}
			}
		},
		{
			"from": [-3.9, 0.5, 9],
			"to": [-1.9, 1.5, 10],
			"rotation": {"angle": 7.5, "axis": "z", "origin": [-5.15, 1, 8]},
			"faces": {
				"north": {"uv": [2.5, 14, 3.5, 14.5], "texture": "#0"},
				"east": {"uv": [10.5, 14, 11, 14.5], "texture": "#0"},
				"south": {"uv": [3.5, 14, 4.5, 14.5], "texture": "#0"},
				"west": {"uv": [14, 10.5, 14.5, 11], "texture": "#0"},
				"up": {"uv": [5.5, 14.5, 4.5, 14], "texture": "#0"},
				"down": {"uv": [15, 5.5, 14, 6], "texture": "#0"}
			}
		},
		{
			"from": [-4.9, 0.5, 6],
			"to": [-2.9, 1.5, 7],
			"rotation": {"angle": 7.5, "axis": "z", "origin": [-5.15, 1, 8]},
			"faces": {
				"north": {"uv": [14, 6, 15, 6.5], "texture": "#0"},
				"east": {"uv": [11, 14, 11.5, 14.5], "texture": "#0"},
				"south": {"uv": [14, 6.5, 15, 7], "texture": "#0"},
				"west": {"uv": [14, 11, 14.5, 11.5], "texture": "#0"},
				"up": {"uv": [15, 7.5, 14, 7], "texture": "#0"},
				"down": {"uv": [9, 14, 8, 14.5], "texture": "#0"}
			}
		},
		{
			"from": [-8.9, 0.5, 6],
			"to": [-5.9, 1.5, 7],
			"rotation": {"angle": 7.5, "axis": "z", "origin": [-5.15, 1, 8]},
			"faces": {
				"north": {"uv": [13.5, 2.5, 15, 3], "texture": "#0"},
				"east": {"uv": [11.5, 14, 12, 14.5], "texture": "#0"},
				"south": {"uv": [3, 13.5, 4.5, 14], "texture": "#0"},
				"west": {"uv": [14, 11.5, 14.5, 12], "texture": "#0"},
				"up": {"uv": [15, 3.5, 13.5, 3], "texture": "#0"},
				"down": {"uv": [15, 3.5, 13.5, 4], "texture": "#0"}
			}
		},
		{
			"from": [-7.9, 0.5, 7],
			"to": [-5.9, 1.5, 8],
			"rotation": {"angle": 7.5, "axis": "z", "origin": [-5.15, 1, 8]},
			"faces": {
				"north": {"uv": [13.5, 4, 14.5, 4.5], "texture": "#0"},
				"east": {"uv": [10, 14, 10.5, 14.5], "texture": "#0"},
				"south": {"uv": [4.5, 13.5, 5.5, 14], "texture": "#0"},
				"west": {"uv": [14, 10, 14.5, 10.5], "texture": "#0"},
				"up": {"uv": [14.5, 5, 13.5, 4.5], "texture": "#0"},
				"down": {"uv": [14.5, 5, 13.5, 5.5], "texture": "#0"}
			}
		}
	],
	"display": {
		"thirdperson_righthand": {
			"rotation": [4, 165, 0],
			"translation": [0.25, 6.75, 0.25]
		},
		"thirdperson_lefthand": {
			"rotation": [0, -13, 0],
			"translation": [0.25, 6.75, 0.25]
		},
		"firstperson_righthand": {
			"rotation": [-90, 21, 0],
			"translation": [-15, 3.75, -4.25]
		},
		"firstperson_lefthand": {
			"rotation": [90, -28, 180],
			"translation": [-14.5, 6.25, -1]
		},
		"ground": {
			"rotation": [91, 0, 0],
			"translation": [-3.25, -0.25, 8.25]
		},
		"gui": {
			"rotation": [90, -90, 0],
			"translation": [-0.25, 1.25, 0],
			"scale": [0.4, 0.4, 0.4]
		},
		"head": {
			"rotation": [-91, 90, 0],
			"translation": [0, 29, -7.25]
		},
		"fixed": {
			"rotation": [-90, 90, 0],
			"translation": [0.5, -16.25, -15.5],
			"scale": [2, 2, 2]
		},
		"on_shelf": {
			"rotation": [90, -90, 1],
			"translation": [0, -8.75, 4]
		}
	},
	"groups": [
		0,
		1,
		2,
		3,
		4,
		5,
		6,
		7,
		8,
		9,
		10,
		11,
		{
			"name": "group",
			"origin": [-12, 0, 7],
			"color": 0,
			"children": [12, 13, 14, 15, 16]
		}
	]
}
