{
	"credit": "Made with Blockbench",
	"texture_size": [64, 64],
	"textures": {
		"0": "chambolism:item/scrapperplacker",
		"particle": "chambolism:item/scrapperplacker"
	},
	"elements": [
		{
			"from": [-15, 0, 3],
			"to": [18, 1, 12],
			"rotation": {"angle": 0, "axis": "y", "origin": [14, 0, 7]},
			"faces": {
				"north": {"uv": [0, 7.5, 8.25, 7.75], "texture": "#0"},
				"east": {"uv": [8.25, 0, 10.5, 0.25], "texture": "#0"},
				"south": {"uv": [0, 7.75, 8.25, 8], "texture": "#0"},
				"west": {"uv": [8.25, 0.25, 10.5, 0.5], "texture": "#0"},
				"up": {"uv": [8.25, 2.25, 0, 0], "texture": "#0"},
				"down": {"uv": [8.25, 2.25, 0, 4.5], "texture": "#0"}
			}
		},
		{
			"from": [-16, 0, 2],
			"to": [19, 2, 3],
			"rotation": {"angle": 0, "axis": "y", "origin": [14, 0, 2]},
			"faces": {
				"north": {"uv": [0, 4.5, 8.75, 5], "texture": "#0"},
				"east": {"uv": [8.25, 2.75, 8.5, 3.25], "texture": "#0"},
				"south": {"uv": [0, 5, 8.75, 5.5], "texture": "#0"},
				"west": {"uv": [8.25, 3.25, 8.5, 3.75], "texture": "#0"},
				"up": {"uv": [8.75, 6.75, 0, 6.5], "texture": "#0"},
				"down": {"uv": [8.75, 6.75, 0, 7], "texture": "#0"}
			}
		},
		{
			"from": [-16, 0, 12],
			"to": [19, 2, 13],
			"rotation": {"angle": 0, "axis": "y", "origin": [14, 0, 12]},
			"faces": {
				"north": {"uv": [0, 5.5, 8.75, 6], "texture": "#0"},
				"east": {"uv": [8.25, 3.75, 8.5, 4.25], "texture": "#0"},
				"south": {"uv": [0, 6, 8.75, 6.5], "texture": "#0"},
				"west": {"uv": [8.25, 7.5, 8.5, 8], "texture": "#0"},
				"up": {"uv": [8.75, 7.25, 0, 7], "texture": "#0"},
				"down": {"uv": [8.75, 7.25, 0, 7.5], "texture": "#0"}
			}
		},
		{
			"from": [-16, 0, 3],
			"to": [-15, 2, 12],
			"rotation": {"angle": 0, "axis": "y", "origin": [-16, 0, 3]},
			"faces": {
				"north": {"uv": [8.5, 0.5, 8.75, 1], "texture": "#0"},
				"east": {"uv": [0, 8, 2.25, 8.5], "texture": "#0"},
				"south": {"uv": [0.75, 8.5, 1, 9], "texture": "#0"},
				"west": {"uv": [2.25, 8, 4.5, 8.5], "texture": "#0"},
				"up": {"uv": [8.5, 2.75, 8.25, 0.5], "texture": "#0"},
				"down": {"uv": [0.25, 8.5, 0, 10.75], "texture": "#0"}
			}
		},
		{
			"from": [18, 0, 3],
			"to": [19, 2, 12],
			"rotation": {"angle": 0, "axis": "y", "origin": [18, 0, 3]},
			"faces": {
				"north": {"uv": [1, 8.5, 1.25, 9], "texture": "#0"},
				"east": {"uv": [4.5, 8, 6.75, 8.5], "texture": "#0"},
				"south": {"uv": [8.5, 1, 8.75, 1.5], "texture": "#0"},
				"west": {"uv": [6.75, 8, 9, 8.5], "texture": "#0"},
				"up": {"uv": [0.5, 10.75, 0.25, 8.5], "texture": "#0"},
				"down": {"uv": [0.75, 8.5, 0.5, 10.75], "texture": "#0"}
			}
		},
		{
			"from": [-12, 1, 5],
			"to": [-11, 2, 6],
			"rotation": {"angle": 0, "axis": "y", "origin": [-12, 0, 5]},
			"faces": {
				"north": {"uv": [2, 8.5, 2.25, 8.75], "texture": "#0"},
				"east": {"uv": [8.5, 2, 8.75, 2.25], "texture": "#0"},
				"south": {"uv": [2.25, 8.5, 2.5, 8.75], "texture": "#0"},
				"west": {"uv": [8.5, 2.25, 8.75, 2.5], "texture": "#0"},
				"up": {"uv": [2.75, 8.75, 2.5, 8.5], "texture": "#0"},
				"down": {"uv": [8.75, 2.5, 8.5, 2.75], "texture": "#0"}
			}
		},
		{
			"from": [-14, 1, 6],
			"to": [-13, 2, 7],
			"rotation": {"angle": 0, "axis": "y", "origin": [-14, 0, 6]},
			"faces": {
				"north": {"uv": [2.75, 8.5, 3, 8.75], "texture": "#0"},
				"east": {"uv": [8.5, 2.75, 8.75, 3], "texture": "#0"},
				"south": {"uv": [3, 8.5, 3.25, 8.75], "texture": "#0"},
				"west": {"uv": [8.5, 3, 8.75, 3.25], "texture": "#0"},
				"up": {"uv": [3.5, 8.75, 3.25, 8.5], "texture": "#0"},
				"down": {"uv": [8.75, 3.25, 8.5, 3.5], "texture": "#0"}
			}
		},
		{
			"from": [-13, 1, 5],
			"to": [-12, 2, 6],
			"rotation": {"angle": 0, "axis": "y", "origin": [-13, 0, 5]},
			"faces": {
				"north": {"uv": [3.5, 8.5, 3.75, 8.75], "texture": "#0"},
				"east": {"uv": [8.5, 3.5, 8.75, 3.75], "texture": "#0"},
				"south": {"uv": [3.75, 8.5, 4, 8.75], "texture": "#0"},
				"west": {"uv": [8.5, 3.75, 8.75, 4], "texture": "#0"},
				"up": {"uv": [4.25, 8.75, 4, 8.5], "texture": "#0"},
				"down": {"uv": [8.75, 4, 8.5, 4.25], "texture": "#0"}
			}
		},
		{
			"from": [-14, 1, 5],
			"to": [-13, 2, 6],
			"rotation": {"angle": 0, "axis": "y", "origin": [-14, 0, 5]},
			"faces": {
				"north": {"uv": [4.25, 8.5, 4.5, 8.75], "texture": "#0"},
				"east": {"uv": [8.5, 4.25, 8.75, 4.5], "texture": "#0"},
				"south": {"uv": [4.5, 8.5, 4.75, 8.75], "texture": "#0"},
				"west": {"uv": [4.75, 8.5, 5, 8.75], "texture": "#0"},
				"up": {"uv": [5.25, 8.75, 5, 8.5], "texture": "#0"},
				"down": {"uv": [5.5, 8.5, 5.25, 8.75], "texture": "#0"}
			}
		},
		{
			"from": [-14, 1, 7],
			"to": [-13, 2, 8],
			"rotation": {"angle": 0, "axis": "y", "origin": [-14, 0, 7]},
			"faces": {
				"north": {"uv": [5.5, 8.5, 5.75, 8.75], "texture": "#0"},
				"east": {"uv": [5.75, 8.5, 6, 8.75], "texture": "#0"},
				"south": {"uv": [6, 8.5, 6.25, 8.75], "texture": "#0"},
				"west": {"uv": [6.25, 8.5, 6.5, 8.75], "texture": "#0"},
				"up": {"uv": [6.75, 8.75, 6.5, 8.5], "texture": "#0"},
				"down": {"uv": [7, 8.5, 6.75, 8.75], "texture": "#0"}
			}
		},
		{
			"from": [-13, 1, 7],
			"to": [-12, 2, 8],
			"rotation": {"angle": 0, "axis": "y", "origin": [-13, 0, 7]},
			"faces": {
				"north": {"uv": [7, 8.5, 7.25, 8.75], "texture": "#0"},
				"east": {"uv": [7.25, 8.5, 7.5, 8.75], "texture": "#0"},
				"south": {"uv": [7.5, 8.5, 7.75, 8.75], "texture": "#0"},
				"west": {"uv": [8.5, 7.5, 8.75, 7.75], "texture": "#0"},
				"up": {"uv": [8, 8.75, 7.75, 8.5], "texture": "#0"},
				"down": {"uv": [8.75, 7.75, 8.5, 8], "texture": "#0"}
			}
		},
		{
			"from": [-12, 1, 7],
			"to": [-11, 2, 8],
			"rotation": {"angle": 0, "axis": "y", "origin": [-12, 0, 7]},
			"faces": {
				"north": {"uv": [8, 8.5, 8.25, 8.75], "texture": "#0"},
				"east": {"uv": [8.25, 8.5, 8.5, 8.75], "texture": "#0"},
				"south": {"uv": [8.5, 8.5, 8.75, 8.75], "texture": "#0"},
				"west": {"uv": [8.75, 0.5, 9, 0.75], "texture": "#0"},
				"up": {"uv": [9, 1, 8.75, 0.75], "texture": "#0"},
				"down": {"uv": [9, 1, 8.75, 1.25], "texture": "#0"}
			}
		},
		{
			"from": [-12, 1, 8],
			"to": [-11, 2, 9],
			"rotation": {"angle": 0, "axis": "y", "origin": [-12, 0, 8]},
			"faces": {
				"north": {"uv": [1.25, 8.75, 1.5, 9], "texture": "#0"},
				"east": {"uv": [8.75, 1.25, 9, 1.5], "texture": "#0"},
				"south": {"uv": [1.5, 8.75, 1.75, 9], "texture": "#0"},
				"west": {"uv": [8.75, 1.5, 9, 1.75], "texture": "#0"},
				"up": {"uv": [2, 9, 1.75, 8.75], "texture": "#0"},
				"down": {"uv": [9, 1.75, 8.75, 2], "texture": "#0"}
			}
		},
		{
			"from": [-12, 1, 9],
			"to": [-11, 2, 10],
			"rotation": {"angle": 0, "axis": "y", "origin": [-12, 0, 9]},
			"faces": {
				"north": {"uv": [2, 8.75, 2.25, 9], "texture": "#0"},
				"east": {"uv": [8.75, 2, 9, 2.25], "texture": "#0"},
				"south": {"uv": [2.25, 8.75, 2.5, 9], "texture": "#0"},
				"west": {"uv": [8.75, 2.25, 9, 2.5], "texture": "#0"},
				"up": {"uv": [2.75, 9, 2.5, 8.75], "texture": "#0"},
				"down": {"uv": [9, 2.5, 8.75, 2.75], "texture": "#0"}
			}
		},
		{
			"from": [-13, 1, 9],
			"to": [-12, 2, 10],
			"rotation": {"angle": 0, "axis": "y", "origin": [-13, 0, 9]},
			"faces": {
				"north": {"uv": [2.75, 8.75, 3, 9], "texture": "#0"},
				"east": {"uv": [8.75, 2.75, 9, 3], "texture": "#0"},
				"south": {"uv": [3, 8.75, 3.25, 9], "texture": "#0"},
				"west": {"uv": [8.75, 3, 9, 3.25], "texture": "#0"},
				"up": {"uv": [3.5, 9, 3.25, 8.75], "texture": "#0"},
				"down": {"uv": [9, 3.25, 8.75, 3.5], "texture": "#0"}
			}
		},
		{
			"from": [-14, 1, 9],
			"to": [-13, 2, 10],
			"rotation": {"angle": 0, "axis": "y", "origin": [-14, 0, 9]},
			"faces": {
				"north": {"uv": [3.5, 8.75, 3.75, 9], "texture": "#0"},
				"east": {"uv": [8.75, 3.5, 9, 3.75], "texture": "#0"},
				"south": {"uv": [3.75, 8.75, 4, 9], "texture": "#0"},
				"west": {"uv": [8.75, 3.75, 9, 4], "texture": "#0"},
				"up": {"uv": [4.25, 9, 4, 8.75], "texture": "#0"},
				"down": {"uv": [9, 4, 8.75, 4.25], "texture": "#0"}
			}
		},
		{
			"from": [-10, 1, 9],
			"to": [-9, 2, 10],
			"rotation": {"angle": 0, "axis": "y", "origin": [-10, 0, 9]},
			"faces": {
				"north": {"uv": [4.25, 8.75, 4.5, 9], "texture": "#0"},
				"east": {"uv": [8.75, 4.25, 9, 4.5], "texture": "#0"},
				"south": {"uv": [4.5, 8.75, 4.75, 9], "texture": "#0"},
				"west": {"uv": [8.75, 4.5, 9, 4.75], "texture": "#0"},
				"up": {"uv": [5, 9, 4.75, 8.75], "texture": "#0"},
				"down": {"uv": [9, 4.75, 8.75, 5], "texture": "#0"}
			}
		},
		{
			"from": [-10, 1, 8],
			"to": [-9, 2, 9],
			"rotation": {"angle": 0, "axis": "y", "origin": [-10, 0, 8]},
			"faces": {
				"north": {"uv": [5, 8.75, 5.25, 9], "texture": "#0"},
				"east": {"uv": [8.75, 5, 9, 5.25], "texture": "#0"},
				"south": {"uv": [5.25, 8.75, 5.5, 9], "texture": "#0"},
				"west": {"uv": [8.75, 5.25, 9, 5.5], "texture": "#0"},
				"up": {"uv": [5.75, 9, 5.5, 8.75], "texture": "#0"},
				"down": {"uv": [9, 5.5, 8.75, 5.75], "texture": "#0"}
			}
		},
		{
			"from": [-10, 1, 7],
			"to": [-9, 2, 8],
			"rotation": {"angle": 0, "axis": "y", "origin": [-10, 0, 7]},
			"faces": {
				"north": {"uv": [5.75, 8.75, 6, 9], "texture": "#0"},
				"east": {"uv": [8.75, 5.75, 9, 6], "texture": "#0"},
				"south": {"uv": [6, 8.75, 6.25, 9], "texture": "#0"},
				"west": {"uv": [8.75, 6, 9, 6.25], "texture": "#0"},
				"up": {"uv": [6.5, 9, 6.25, 8.75], "texture": "#0"},
				"down": {"uv": [9, 6.25, 8.75, 6.5], "texture": "#0"}
			}
		},
		{
			"from": [-10, 1, 6],
			"to": [-9, 2, 7],
			"rotation": {"angle": 0, "axis": "y", "origin": [-10, 0, 6]},
			"faces": {
				"north": {"uv": [6.5, 8.75, 6.75, 9], "texture": "#0"},
				"east": {"uv": [8.75, 6.5, 9, 6.75], "texture": "#0"},
				"south": {"uv": [6.75, 8.75, 7, 9], "texture": "#0"},
				"west": {"uv": [8.75, 6.75, 9, 7], "texture": "#0"},
				"up": {"uv": [7.25, 9, 7, 8.75], "texture": "#0"},
				"down": {"uv": [9, 7, 8.75, 7.25], "texture": "#0"}
			}
		},
		{
			"from": [-10, 1, 5],
			"to": [-9, 2, 6],
			"rotation": {"angle": 0, "axis": "y", "origin": [-10, 0, 5]},
			"faces": {
				"north": {"uv": [7.25, 8.75, 7.5, 9], "texture": "#0"},
				"east": {"uv": [8.75, 7.25, 9, 7.5], "texture": "#0"},
				"south": {"uv": [7.5, 8.75, 7.75, 9], "texture": "#0"},
				"west": {"uv": [8.75, 7.5, 9, 7.75], "texture": "#0"},
				"up": {"uv": [8, 9, 7.75, 8.75], "texture": "#0"},
				"down": {"uv": [9, 7.75, 8.75, 8], "texture": "#0"}
			}
		},
		{
			"from": [-9, 1, 5],
			"to": [-8, 2, 6],
			"rotation": {"angle": 0, "axis": "y", "origin": [-9, 0, 5]},
			"faces": {
				"north": {"uv": [8, 8.75, 8.25, 9], "texture": "#0"},
				"east": {"uv": [8.25, 8.75, 8.5, 9], "texture": "#0"},
				"south": {"uv": [8.5, 8.75, 8.75, 9], "texture": "#0"},
				"west": {"uv": [8.75, 8.5, 9, 8.75], "texture": "#0"},
				"up": {"uv": [9, 9, 8.75, 8.75], "texture": "#0"},
				"down": {"uv": [9.25, 0.5, 9, 0.75], "texture": "#0"}
			}
		},
		{
			"from": [-8, 1, 5],
			"to": [-7, 2, 6],
			"rotation": {"angle": 0, "axis": "y", "origin": [-8, 0, 5]},
			"faces": {
				"north": {"uv": [0.75, 9, 1, 9.25], "texture": "#0"},
				"east": {"uv": [9, 0.75, 9.25, 1], "texture": "#0"},
				"south": {"uv": [1, 9, 1.25, 9.25], "texture": "#0"},
				"west": {"uv": [9, 1, 9.25, 1.25], "texture": "#0"},
				"up": {"uv": [1.5, 9.25, 1.25, 9], "texture": "#0"},
				"down": {"uv": [9.25, 1.25, 9, 1.5], "texture": "#0"}
			}
		},
		{
			"from": [-8, 1, 9],
			"to": [-7, 2, 10],
			"rotation": {"angle": 0, "axis": "y", "origin": [-8, 0, 9]},
			"faces": {
				"north": {"uv": [1.5, 9, 1.75, 9.25], "texture": "#0"},
				"east": {"uv": [9, 1.5, 9.25, 1.75], "texture": "#0"},
				"south": {"uv": [1.75, 9, 2, 9.25], "texture": "#0"},
				"west": {"uv": [9, 1.75, 9.25, 2], "texture": "#0"},
				"up": {"uv": [2.25, 9.25, 2, 9], "texture": "#0"},
				"down": {"uv": [9.25, 2, 9, 2.25], "texture": "#0"}
			}
		},
		{
			"from": [-6, 1, 9],
			"to": [-5, 2, 10],
			"rotation": {"angle": 0, "axis": "y", "origin": [-6, 0, 9]},
			"faces": {
				"north": {"uv": [2.25, 9, 2.5, 9.25], "texture": "#0"},
				"east": {"uv": [9, 2.25, 9.25, 2.5], "texture": "#0"},
				"south": {"uv": [2.5, 9, 2.75, 9.25], "texture": "#0"},
				"west": {"uv": [9, 2.5, 9.25, 2.75], "texture": "#0"},
				"up": {"uv": [3, 9.25, 2.75, 9], "texture": "#0"},
				"down": {"uv": [9.25, 2.75, 9, 3], "texture": "#0"}
			}
		},
		{
			"from": [-6, 1, 8],
			"to": [-5, 2, 9],
			"rotation": {"angle": 0, "axis": "y", "origin": [-6, 0, 8]},
			"faces": {
				"north": {"uv": [3, 9, 3.25, 9.25], "texture": "#0"},
				"east": {"uv": [9, 3, 9.25, 3.25], "texture": "#0"},
				"south": {"uv": [3.25, 9, 3.5, 9.25], "texture": "#0"},
				"west": {"uv": [9, 3.25, 9.25, 3.5], "texture": "#0"},
				"up": {"uv": [3.75, 9.25, 3.5, 9], "texture": "#0"},
				"down": {"uv": [9.25, 3.5, 9, 3.75], "texture": "#0"}
			}
		},
		{
			"from": [-6, 1, 7],
			"to": [-5, 2, 8],
			"rotation": {"angle": 0, "axis": "y", "origin": [-6, 0, 7]},
			"faces": {
				"north": {"uv": [3.75, 9, 4, 9.25], "texture": "#0"},
				"east": {"uv": [9, 3.75, 9.25, 4], "texture": "#0"},
				"south": {"uv": [4, 9, 4.25, 9.25], "texture": "#0"},
				"west": {"uv": [9, 4, 9.25, 4.25], "texture": "#0"},
				"up": {"uv": [4.5, 9.25, 4.25, 9], "texture": "#0"},
				"down": {"uv": [9.25, 4.25, 9, 4.5], "texture": "#0"}
			}
		},
		{
			"from": [-6, 1, 6],
			"to": [-5, 2, 7],
			"rotation": {"angle": 0, "axis": "y", "origin": [-6, 0, 6]},
			"faces": {
				"north": {"uv": [4.5, 9, 4.75, 9.25], "texture": "#0"},
				"east": {"uv": [9, 4.5, 9.25, 4.75], "texture": "#0"},
				"south": {"uv": [4.75, 9, 5, 9.25], "texture": "#0"},
				"west": {"uv": [9, 4.75, 9.25, 5], "texture": "#0"},
				"up": {"uv": [5.25, 9.25, 5, 9], "texture": "#0"},
				"down": {"uv": [9.25, 5, 9, 5.25], "texture": "#0"}
			}
		},
		{
			"from": [-6, 1, 5],
			"to": [-5, 2, 6],
			"rotation": {"angle": 0, "axis": "y", "origin": [-6, 0, 5]},
			"faces": {
				"north": {"uv": [5.25, 9, 5.5, 9.25], "texture": "#0"},
				"east": {"uv": [9, 5.25, 9.25, 5.5], "texture": "#0"},
				"south": {"uv": [5.5, 9, 5.75, 9.25], "texture": "#0"},
				"west": {"uv": [9, 5.5, 9.25, 5.75], "texture": "#0"},
				"up": {"uv": [6, 9.25, 5.75, 9], "texture": "#0"},
				"down": {"uv": [9.25, 5.75, 9, 6], "texture": "#0"}
			}
		},
		{
			"from": [-5, 1, 5],
			"to": [-4, 2, 6],
			"rotation": {"angle": 0, "axis": "y", "origin": [-5, 0, 5]},
			"faces": {
				"north": {"uv": [6, 9, 6.25, 9.25], "texture": "#0"},
				"east": {"uv": [9, 6, 9.25, 6.25], "texture": "#0"},
				"south": {"uv": [6.25, 9, 6.5, 9.25], "texture": "#0"},
				"west": {"uv": [9, 6.25, 9.25, 6.5], "texture": "#0"},
				"up": {"uv": [6.75, 9.25, 6.5, 9], "texture": "#0"},
				"down": {"uv": [9.25, 6.5, 9, 6.75], "texture": "#0"}
			}
		},
		{
			"from": [-4, 1, 5],
			"to": [-3, 2, 6],
			"rotation": {"angle": 0, "axis": "y", "origin": [-4, 0, 5]},
			"faces": {
				"north": {"uv": [6.75, 9, 7, 9.25], "texture": "#0"},
				"east": {"uv": [9, 6.75, 9.25, 7], "texture": "#0"},
				"south": {"uv": [7, 9, 7.25, 9.25], "texture": "#0"},
				"west": {"uv": [9, 7, 9.25, 7.25], "texture": "#0"},
				"up": {"uv": [7.5, 9.25, 7.25, 9], "texture": "#0"},
				"down": {"uv": [9.25, 7.25, 9, 7.5], "texture": "#0"}
			}
		},
		{
			"from": [-5, 1, 7],
			"to": [-4, 2, 8],
			"rotation": {"angle": 0, "axis": "y", "origin": [-5, 0, 7]},
			"faces": {
				"north": {"uv": [7.5, 9, 7.75, 9.25], "texture": "#0"},
				"east": {"uv": [9, 7.5, 9.25, 7.75], "texture": "#0"},
				"south": {"uv": [7.75, 9, 8, 9.25], "texture": "#0"},
				"west": {"uv": [9, 7.75, 9.25, 8], "texture": "#0"},
				"up": {"uv": [8.25, 9.25, 8, 9], "texture": "#0"},
				"down": {"uv": [9.25, 8, 9, 8.25], "texture": "#0"}
			}
		},
		{
			"from": [-4, 1, 6],
			"to": [-3, 2, 7],
			"rotation": {"angle": 0, "axis": "y", "origin": [-4, 0, 6]},
			"faces": {
				"north": {"uv": [8.25, 9, 8.5, 9.25], "texture": "#0"},
				"east": {"uv": [9, 8.25, 9.25, 8.5], "texture": "#0"},
				"south": {"uv": [8.5, 9, 8.75, 9.25], "texture": "#0"},
				"west": {"uv": [9, 8.5, 9.25, 8.75], "texture": "#0"},
				"up": {"uv": [9, 9.25, 8.75, 9], "texture": "#0"},
				"down": {"uv": [9.25, 8.75, 9, 9], "texture": "#0"}
			}
		},
		{
			"from": [-4, 1, 8],
			"to": [-3, 2, 9],
			"rotation": {"angle": 0, "axis": "y", "origin": [-4, 0, 8]},
			"faces": {
				"north": {"uv": [9, 9, 9.25, 9.25], "texture": "#0"},
				"east": {"uv": [9.25, 0.5, 9.5, 0.75], "texture": "#0"},
				"south": {"uv": [0.75, 9.25, 1, 9.5], "texture": "#0"},
				"west": {"uv": [9.25, 0.75, 9.5, 1], "texture": "#0"},
				"up": {"uv": [1.25, 9.5, 1, 9.25], "texture": "#0"},
				"down": {"uv": [9.5, 1, 9.25, 1.25], "texture": "#0"}
			}
		},
		{
			"from": [-4, 1, 9],
			"to": [-3, 2, 10],
			"rotation": {"angle": 0, "axis": "y", "origin": [-4, 0, 9]},
			"faces": {
				"north": {"uv": [1.25, 9.25, 1.5, 9.5], "texture": "#0"},
				"east": {"uv": [9.25, 1.25, 9.5, 1.5], "texture": "#0"},
				"south": {"uv": [1.5, 9.25, 1.75, 9.5], "texture": "#0"},
				"west": {"uv": [9.25, 1.5, 9.5, 1.75], "texture": "#0"},
				"up": {"uv": [2, 9.5, 1.75, 9.25], "texture": "#0"},
				"down": {"uv": [9.5, 1.75, 9.25, 2], "texture": "#0"}
			}
		},
		{
			"from": [16, 1, 4.95],
			"to": [17, 2, 5.95],
			"rotation": {"angle": 0, "axis": "y", "origin": [16, 0, 4.95]},
			"faces": {
				"north": {"uv": [2, 9.25, 2.25, 9.5], "texture": "#0"},
				"east": {"uv": [9.25, 2, 9.5, 2.25], "texture": "#0"},
				"south": {"uv": [2.25, 9.25, 2.5, 9.5], "texture": "#0"},
				"west": {"uv": [9.25, 2.25, 9.5, 2.5], "texture": "#0"},
				"up": {"uv": [2.75, 9.5, 2.5, 9.25], "texture": "#0"},
				"down": {"uv": [9.5, 2.5, 9.25, 2.75], "texture": "#0"}
			}
		},
		{
			"from": [15, 1, 4.95],
			"to": [16, 2, 5.95],
			"rotation": {"angle": 0, "axis": "y", "origin": [15, 0, 4.95]},
			"faces": {
				"north": {"uv": [2.75, 9.25, 3, 9.5], "texture": "#0"},
				"east": {"uv": [9.25, 2.75, 9.5, 3], "texture": "#0"},
				"south": {"uv": [3, 9.25, 3.25, 9.5], "texture": "#0"},
				"west": {"uv": [9.25, 3, 9.5, 3.25], "texture": "#0"},
				"up": {"uv": [3.5, 9.5, 3.25, 9.25], "texture": "#0"},
				"down": {"uv": [9.5, 3.25, 9.25, 3.5], "texture": "#0"}
			}
		},
		{
			"from": [14, 1, 4.95],
			"to": [15, 2, 5.95],
			"rotation": {"angle": 0, "axis": "y", "origin": [14, 0, 4.95]},
			"faces": {
				"north": {"uv": [3.5, 9.25, 3.75, 9.5], "texture": "#0"},
				"east": {"uv": [9.25, 3.5, 9.5, 3.75], "texture": "#0"},
				"south": {"uv": [3.75, 9.25, 4, 9.5], "texture": "#0"},
				"west": {"uv": [9.25, 3.75, 9.5, 4], "texture": "#0"},
				"up": {"uv": [4.25, 9.5, 4, 9.25], "texture": "#0"},
				"down": {"uv": [9.5, 4, 9.25, 4.25], "texture": "#0"}
			}
		},
		{
			"from": [14, 1, 5.95],
			"to": [15, 2, 6.95],
			"rotation": {"angle": 0, "axis": "y", "origin": [14, 0, 5.95]},
			"faces": {
				"north": {"uv": [4.25, 9.25, 4.5, 9.5], "texture": "#0"},
				"east": {"uv": [9.25, 4.25, 9.5, 4.5], "texture": "#0"},
				"south": {"uv": [4.5, 9.25, 4.75, 9.5], "texture": "#0"},
				"west": {"uv": [9.25, 4.5, 9.5, 4.75], "texture": "#0"},
				"up": {"uv": [5, 9.5, 4.75, 9.25], "texture": "#0"},
				"down": {"uv": [9.5, 4.75, 9.25, 5], "texture": "#0"}
			}
		},
		{
			"from": [14, 1, 6.95],
			"to": [15, 2, 7.95],
			"rotation": {"angle": 0, "axis": "y", "origin": [14, 0, 6.95]},
			"faces": {
				"north": {"uv": [5, 9.25, 5.25, 9.5], "texture": "#0"},
				"east": {"uv": [9.25, 5, 9.5, 5.25], "texture": "#0"},
				"south": {"uv": [5.25, 9.25, 5.5, 9.5], "texture": "#0"},
				"west": {"uv": [9.25, 5.25, 9.5, 5.5], "texture": "#0"},
				"up": {"uv": [5.75, 9.5, 5.5, 9.25], "texture": "#0"},
				"down": {"uv": [9.5, 5.5, 9.25, 5.75], "texture": "#0"}
			}
		},
		{
			"from": [14, 1, 7.95],
			"to": [15, 2, 8.95],
			"rotation": {"angle": 0, "axis": "y", "origin": [14, 0, 7.95]},
			"faces": {
				"north": {"uv": [5.75, 9.25, 6, 9.5], "texture": "#0"},
				"east": {"uv": [9.25, 5.75, 9.5, 6], "texture": "#0"},
				"south": {"uv": [6, 9.25, 6.25, 9.5], "texture": "#0"},
				"west": {"uv": [9.25, 6, 9.5, 6.25], "texture": "#0"},
				"up": {"uv": [6.5, 9.5, 6.25, 9.25], "texture": "#0"},
				"down": {"uv": [9.5, 6.25, 9.25, 6.5], "texture": "#0"}
			}
		},
		{
			"from": [14, 1, 8.95],
			"to": [15, 2, 9.95],
			"rotation": {"angle": 0, "axis": "y", "origin": [14, 0, 8.95]},
			"faces": {
				"north": {"uv": [6.5, 9.25, 6.75, 9.5], "texture": "#0"},
				"east": {"uv": [9.25, 6.5, 9.5, 6.75], "texture": "#0"},
				"south": {"uv": [6.75, 9.25, 7, 9.5], "texture": "#0"},
				"west": {"uv": [9.25, 6.75, 9.5, 7], "texture": "#0"},
				"up": {"uv": [7.25, 9.5, 7, 9.25], "texture": "#0"},
				"down": {"uv": [9.5, 7, 9.25, 7.25], "texture": "#0"}
			}
		},
		{
			"from": [15, 1, 6.95],
			"to": [16, 2, 7.95],
			"rotation": {"angle": 0, "axis": "y", "origin": [15, 0, 6.95]},
			"faces": {
				"north": {"uv": [7.25, 9.25, 7.5, 9.5], "texture": "#0"},
				"east": {"uv": [9.25, 7.25, 9.5, 7.5], "texture": "#0"},
				"south": {"uv": [7.5, 9.25, 7.75, 9.5], "texture": "#0"},
				"west": {"uv": [9.25, 7.5, 9.5, 7.75], "texture": "#0"},
				"up": {"uv": [8, 9.5, 7.75, 9.25], "texture": "#0"},
				"down": {"uv": [9.5, 7.75, 9.25, 8], "texture": "#0"}
			}
		},
		{
			"from": [16, 1, 7.95],
			"to": [17, 2, 8.95],
			"rotation": {"angle": 0, "axis": "y", "origin": [16, 0, 7.95]},
			"faces": {
				"north": {"uv": [8, 9.25, 8.25, 9.5], "texture": "#0"},
				"east": {"uv": [9.25, 8, 9.5, 8.25], "texture": "#0"},
				"south": {"uv": [8.25, 9.25, 8.5, 9.5], "texture": "#0"},
				"west": {"uv": [9.25, 8.25, 9.5, 8.5], "texture": "#0"},
				"up": {"uv": [8.75, 9.5, 8.5, 9.25], "texture": "#0"},
				"down": {"uv": [9.5, 8.5, 9.25, 8.75], "texture": "#0"}
			}
		},
		{
			"from": [16, 1, 8.95],
			"to": [17, 2, 9.95],
			"rotation": {"angle": 0, "axis": "y", "origin": [16, 0, 8.95]},
			"faces": {
				"north": {"uv": [8.75, 9.25, 9, 9.5], "texture": "#0"},
				"east": {"uv": [9.25, 8.75, 9.5, 9], "texture": "#0"},
				"south": {"uv": [9, 9.25, 9.25, 9.5], "texture": "#0"},
				"west": {"uv": [9.25, 9, 9.5, 9.25], "texture": "#0"},
				"up": {"uv": [9.5, 9.5, 9.25, 9.25], "texture": "#0"},
				"down": {"uv": [9.75, 0.5, 9.5, 0.75], "texture": "#0"}
			}
		},
		{
			"from": [16, 1, 5.95],
			"to": [17, 2, 6.95],
			"rotation": {"angle": 0, "axis": "y", "origin": [16, 0, 5.95]},
			"faces": {
				"north": {"uv": [0.75, 9.5, 1, 9.75], "texture": "#0"},
				"east": {"uv": [9.5, 0.75, 9.75, 1], "texture": "#0"},
				"south": {"uv": [1, 9.5, 1.25, 9.75], "texture": "#0"},
				"west": {"uv": [9.5, 1, 9.75, 1.25], "texture": "#0"},
				"up": {"uv": [1.5, 9.75, 1.25, 9.5], "texture": "#0"},
				"down": {"uv": [9.75, 1.25, 9.5, 1.5], "texture": "#0"}
			}
		},
		{
			"from": [-2, 1, 9],
			"to": [-1, 2, 10],
			"rotation": {"angle": 0, "axis": "y", "origin": [-2, 0, 9]},
			"faces": {
				"north": {"uv": [1.5, 9.5, 1.75, 9.75], "texture": "#0"},
				"east": {"uv": [9.5, 1.5, 9.75, 1.75], "texture": "#0"},
				"south": {"uv": [1.75, 9.5, 2, 9.75], "texture": "#0"},
				"west": {"uv": [9.5, 1.75, 9.75, 2], "texture": "#0"},
				"up": {"uv": [2.25, 9.75, 2, 9.5], "texture": "#0"},
				"down": {"uv": [9.75, 2, 9.5, 2.25], "texture": "#0"}
			}
		},
		{
			"from": [-2, 1, 8],
			"to": [-1, 2, 9],
			"rotation": {"angle": 0, "axis": "y", "origin": [-2, 0, 8]},
			"faces": {
				"north": {"uv": [2.25, 9.5, 2.5, 9.75], "texture": "#0"},
				"east": {"uv": [9.5, 2.25, 9.75, 2.5], "texture": "#0"},
				"south": {"uv": [2.5, 9.5, 2.75, 9.75], "texture": "#0"},
				"west": {"uv": [9.5, 2.5, 9.75, 2.75], "texture": "#0"},
				"up": {"uv": [3, 9.75, 2.75, 9.5], "texture": "#0"},
				"down": {"uv": [9.75, 2.75, 9.5, 3], "texture": "#0"}
			}
		},
		{
			"from": [-2, 1, 7],
			"to": [-1, 2, 8],
			"rotation": {"angle": 0, "axis": "y", "origin": [-2, 0, 7]},
			"faces": {
				"north": {"uv": [3, 9.5, 3.25, 9.75], "texture": "#0"},
				"east": {"uv": [9.5, 3, 9.75, 3.25], "texture": "#0"},
				"south": {"uv": [3.25, 9.5, 3.5, 9.75], "texture": "#0"},
				"west": {"uv": [9.5, 3.25, 9.75, 3.5], "texture": "#0"},
				"up": {"uv": [3.75, 9.75, 3.5, 9.5], "texture": "#0"},
				"down": {"uv": [9.75, 3.5, 9.5, 3.75], "texture": "#0"}
			}
		},
		{
			"from": [-2, 1, 6],
			"to": [-1, 2, 7],
			"rotation": {"angle": 0, "axis": "y", "origin": [-2, 0, 6]},
			"faces": {
				"north": {"uv": [3.75, 9.5, 4, 9.75], "texture": "#0"},
				"east": {"uv": [9.5, 3.75, 9.75, 4], "texture": "#0"},
				"south": {"uv": [4, 9.5, 4.25, 9.75], "texture": "#0"},
				"west": {"uv": [9.5, 4, 9.75, 4.25], "texture": "#0"},
				"up": {"uv": [4.5, 9.75, 4.25, 9.5], "texture": "#0"},
				"down": {"uv": [9.75, 4.25, 9.5, 4.5], "texture": "#0"}
			}
		},
		{
			"from": [-2, 1, 5],
			"to": [-1, 2, 6],
			"rotation": {"angle": 0, "axis": "y", "origin": [-2, 0, 5]},
			"faces": {
				"north": {"uv": [4.5, 9.5, 4.75, 9.75], "texture": "#0"},
				"east": {"uv": [9.5, 4.5, 9.75, 4.75], "texture": "#0"},
				"south": {"uv": [4.75, 9.5, 5, 9.75], "texture": "#0"},
				"west": {"uv": [9.5, 4.75, 9.75, 5], "texture": "#0"},
				"up": {"uv": [5.25, 9.75, 5, 9.5], "texture": "#0"},
				"down": {"uv": [9.75, 5, 9.5, 5.25], "texture": "#0"}
			}
		},
		{
			"from": [-1, 1, 5],
			"to": [0, 2, 6],
			"rotation": {"angle": 0, "axis": "y", "origin": [-1, 0, 5]},
			"faces": {
				"north": {"uv": [5.25, 9.5, 5.5, 9.75], "texture": "#0"},
				"east": {"uv": [9.5, 5.25, 9.75, 5.5], "texture": "#0"},
				"south": {"uv": [5.5, 9.5, 5.75, 9.75], "texture": "#0"},
				"west": {"uv": [9.5, 5.5, 9.75, 5.75], "texture": "#0"},
				"up": {"uv": [6, 9.75, 5.75, 9.5], "texture": "#0"},
				"down": {"uv": [9.75, 5.75, 9.5, 6], "texture": "#0"}
			}
		},
		{
			"from": [0, 1, 5],
			"to": [1, 2, 6],
			"rotation": {"angle": 0, "axis": "y", "origin": [0, 0, 5]},
			"faces": {
				"north": {"uv": [6, 9.5, 6.25, 9.75], "texture": "#0"},
				"east": {"uv": [9.5, 6, 9.75, 6.25], "texture": "#0"},
				"south": {"uv": [6.25, 9.5, 6.5, 9.75], "texture": "#0"},
				"west": {"uv": [9.5, 6.25, 9.75, 6.5], "texture": "#0"},
				"up": {"uv": [6.75, 9.75, 6.5, 9.5], "texture": "#0"},
				"down": {"uv": [9.75, 6.5, 9.5, 6.75], "texture": "#0"}
			}
		},
		{
			"from": [0, 1, 6],
			"to": [1, 2, 7],
			"rotation": {"angle": 0, "axis": "y", "origin": [0, 0, 6]},
			"faces": {
				"north": {"uv": [6.75, 9.5, 7, 9.75], "texture": "#0"},
				"east": {"uv": [9.5, 6.75, 9.75, 7], "texture": "#0"},
				"south": {"uv": [7, 9.5, 7.25, 9.75], "texture": "#0"},
				"west": {"uv": [9.5, 7, 9.75, 7.25], "texture": "#0"},
				"up": {"uv": [7.5, 9.75, 7.25, 9.5], "texture": "#0"},
				"down": {"uv": [9.75, 7.25, 9.5, 7.5], "texture": "#0"}
			}
		},
		{
			"from": [0, 1, 7],
			"to": [1, 2, 8],
			"rotation": {"angle": 0, "axis": "y", "origin": [0, 0, 7]},
			"faces": {
				"north": {"uv": [7.5, 9.5, 7.75, 9.75], "texture": "#0"},
				"east": {"uv": [9.5, 7.5, 9.75, 7.75], "texture": "#0"},
				"south": {"uv": [7.75, 9.5, 8, 9.75], "texture": "#0"},
				"west": {"uv": [9.5, 7.75, 9.75, 8], "texture": "#0"},
				"up": {"uv": [8.25, 9.75, 8, 9.5], "texture": "#0"},
				"down": {"uv": [9.75, 8, 9.5, 8.25], "texture": "#0"}
			}
		},
		{
			"from": [0, 1, 8],
			"to": [1, 2, 9],
			"rotation": {"angle": 0, "axis": "y", "origin": [0, 0, 8]},
			"faces": {
				"north": {"uv": [8.25, 9.5, 8.5, 9.75], "texture": "#0"},
				"east": {"uv": [9.5, 8.25, 9.75, 8.5], "texture": "#0"},
				"south": {"uv": [8.5, 9.5, 8.75, 9.75], "texture": "#0"},
				"west": {"uv": [9.5, 8.5, 9.75, 8.75], "texture": "#0"},
				"up": {"uv": [9, 9.75, 8.75, 9.5], "texture": "#0"},
				"down": {"uv": [9.75, 8.75, 9.5, 9], "texture": "#0"}
			}
		},
		{
			"from": [0, 1, 9],
			"to": [1, 2, 10],
			"rotation": {"angle": 0, "axis": "y", "origin": [0, 0, 9]},
			"faces": {
				"north": {"uv": [9, 9.5, 9.25, 9.75], "texture": "#0"},
				"east": {"uv": [9.5, 9, 9.75, 9.25], "texture": "#0"},
				"south": {"uv": [9.25, 9.5, 9.5, 9.75], "texture": "#0"},
				"west": {"uv": [9.5, 9.25, 9.75, 9.5], "texture": "#0"},
				"up": {"uv": [9.75, 9.75, 9.5, 9.5], "texture": "#0"},
				"down": {"uv": [10, 0.5, 9.75, 0.75], "texture": "#0"}
			}
		},
		{
			"from": [-1, 1, 7],
			"to": [0, 2, 8],
			"rotation": {"angle": 0, "axis": "y", "origin": [-1, 0, 7]},
			"faces": {
				"north": {"uv": [0.75, 9.75, 1, 10], "texture": "#0"},
				"east": {"uv": [9.75, 0.75, 10, 1], "texture": "#0"},
				"south": {"uv": [1, 9.75, 1.25, 10], "texture": "#0"},
				"west": {"uv": [9.75, 1, 10, 1.25], "texture": "#0"},
				"up": {"uv": [1.5, 10, 1.25, 9.75], "texture": "#0"},
				"down": {"uv": [10, 1.25, 9.75, 1.5], "texture": "#0"}
			}
		},
		{
			"from": [2, 1, 9],
			"to": [3, 2, 10],
			"rotation": {"angle": 0, "axis": "y", "origin": [2, 0, 9]},
			"faces": {
				"north": {"uv": [1.5, 9.75, 1.75, 10], "texture": "#0"},
				"east": {"uv": [9.75, 1.5, 10, 1.75], "texture": "#0"},
				"south": {"uv": [1.75, 9.75, 2, 10], "texture": "#0"},
				"west": {"uv": [9.75, 1.75, 10, 2], "texture": "#0"},
				"up": {"uv": [2.25, 10, 2, 9.75], "texture": "#0"},
				"down": {"uv": [10, 2, 9.75, 2.25], "texture": "#0"}
			}
		},
		{
			"from": [2, 1, 8],
			"to": [3, 2, 9],
			"rotation": {"angle": 0, "axis": "y", "origin": [2, 0, 8]},
			"faces": {
				"north": {"uv": [2.25, 9.75, 2.5, 10], "texture": "#0"},
				"east": {"uv": [9.75, 2.25, 10, 2.5], "texture": "#0"},
				"south": {"uv": [2.5, 9.75, 2.75, 10], "texture": "#0"},
				"west": {"uv": [9.75, 2.5, 10, 2.75], "texture": "#0"},
				"up": {"uv": [3, 10, 2.75, 9.75], "texture": "#0"},
				"down": {"uv": [10, 2.75, 9.75, 3], "texture": "#0"}
			}
		},
		{
			"from": [2, 1, 7],
			"to": [3, 2, 8],
			"rotation": {"angle": 0, "axis": "y", "origin": [2, 0, 7]},
			"faces": {
				"north": {"uv": [3, 9.75, 3.25, 10], "texture": "#0"},
				"east": {"uv": [9.75, 3, 10, 3.25], "texture": "#0"},
				"south": {"uv": [3.25, 9.75, 3.5, 10], "texture": "#0"},
				"west": {"uv": [9.75, 3.25, 10, 3.5], "texture": "#0"},
				"up": {"uv": [3.75, 10, 3.5, 9.75], "texture": "#0"},
				"down": {"uv": [10, 3.5, 9.75, 3.75], "texture": "#0"}
			}
		},
		{
			"from": [2, 1, 6.1],
			"to": [3, 2, 7.1],
			"rotation": {"angle": 0, "axis": "y", "origin": [2, 0, 6.1]},
			"faces": {
				"north": {"uv": [3.75, 9.75, 4, 10], "texture": "#0"},
				"east": {"uv": [9.75, 3.75, 10, 4], "texture": "#0"},
				"south": {"uv": [4, 9.75, 4.25, 10], "texture": "#0"},
				"west": {"uv": [9.75, 4, 10, 4.25], "texture": "#0"},
				"up": {"uv": [4.5, 10, 4.25, 9.75], "texture": "#0"},
				"down": {"uv": [10, 4.25, 9.75, 4.5], "texture": "#0"}
			}
		},
		{
			"from": [2, 1, 5.1],
			"to": [3, 2, 6.1],
			"rotation": {"angle": 0, "axis": "y", "origin": [2, 0, 5.1]},
			"faces": {
				"north": {"uv": [4.5, 9.75, 4.75, 10], "texture": "#0"},
				"east": {"uv": [9.75, 4.5, 10, 4.75], "texture": "#0"},
				"south": {"uv": [4.75, 9.75, 5, 10], "texture": "#0"},
				"west": {"uv": [9.75, 4.75, 10, 5], "texture": "#0"},
				"up": {"uv": [5.25, 10, 5, 9.75], "texture": "#0"},
				"down": {"uv": [10, 5, 9.75, 5.25], "texture": "#0"}
			}
		},
		{
			"from": [3, 1, 5.1],
			"to": [4, 2, 6.1],
			"rotation": {"angle": 0, "axis": "y", "origin": [3, 0, 5.1]},
			"faces": {
				"north": {"uv": [5.25, 9.75, 5.5, 10], "texture": "#0"},
				"east": {"uv": [9.75, 5.25, 10, 5.5], "texture": "#0"},
				"south": {"uv": [5.5, 9.75, 5.75, 10], "texture": "#0"},
				"west": {"uv": [9.75, 5.5, 10, 5.75], "texture": "#0"},
				"up": {"uv": [6, 10, 5.75, 9.75], "texture": "#0"},
				"down": {"uv": [10, 5.75, 9.75, 6], "texture": "#0"}
			}
		},
		{
			"from": [4, 1, 5.1],
			"to": [5, 2, 6.1],
			"rotation": {"angle": 0, "axis": "y", "origin": [4, 0, 5.1]},
			"faces": {
				"north": {"uv": [6, 9.75, 6.25, 10], "texture": "#0"},
				"east": {"uv": [9.75, 6, 10, 6.25], "texture": "#0"},
				"south": {"uv": [6.25, 9.75, 6.5, 10], "texture": "#0"},
				"west": {"uv": [9.75, 6.25, 10, 6.5], "texture": "#0"},
				"up": {"uv": [6.75, 10, 6.5, 9.75], "texture": "#0"},
				"down": {"uv": [10, 6.5, 9.75, 6.75], "texture": "#0"}
			}
		},
		{
			"from": [4, 1, 6.1],
			"to": [5, 2, 7.1],
			"rotation": {"angle": 0, "axis": "y", "origin": [4, 0, 6.1]},
			"faces": {
				"north": {"uv": [6.75, 9.75, 7, 10], "texture": "#0"},
				"east": {"uv": [9.75, 6.75, 10, 7], "texture": "#0"},
				"south": {"uv": [7, 9.75, 7.25, 10], "texture": "#0"},
				"west": {"uv": [9.75, 7, 10, 7.25], "texture": "#0"},
				"up": {"uv": [7.5, 10, 7.25, 9.75], "texture": "#0"},
				"down": {"uv": [10, 7.25, 9.75, 7.5], "texture": "#0"}
			}
		},
		{
			"from": [3, 1, 7],
			"to": [4, 2, 8],
			"rotation": {"angle": 0, "axis": "y", "origin": [3, 0, 7]},
			"faces": {
				"north": {"uv": [7.5, 9.75, 7.75, 10], "texture": "#0"},
				"east": {"uv": [9.75, 7.5, 10, 7.75], "texture": "#0"},
				"south": {"uv": [7.75, 9.75, 8, 10], "texture": "#0"},
				"west": {"uv": [9.75, 7.75, 10, 8], "texture": "#0"},
				"up": {"uv": [8.25, 10, 8, 9.75], "texture": "#0"},
				"down": {"uv": [10, 8, 9.75, 8.25], "texture": "#0"}
			}
		},
		{
			"from": [6, 1, 8.9],
			"to": [7, 2, 9.9],
			"rotation": {"angle": 0, "axis": "y", "origin": [6, 0, 8.9]},
			"faces": {
				"north": {"uv": [8.25, 9.75, 8.5, 10], "texture": "#0"},
				"east": {"uv": [9.75, 8.25, 10, 8.5], "texture": "#0"},
				"south": {"uv": [8.5, 9.75, 8.75, 10], "texture": "#0"},
				"west": {"uv": [9.75, 8.5, 10, 8.75], "texture": "#0"},
				"up": {"uv": [9, 10, 8.75, 9.75], "texture": "#0"},
				"down": {"uv": [10, 8.75, 9.75, 9], "texture": "#0"}
			}
		},
		{
			"from": [8, 1, 5],
			"to": [9, 2, 6],
			"rotation": {"angle": 0, "axis": "y", "origin": [8, 0, 5]},
			"faces": {
				"north": {"uv": [9, 9.75, 9.25, 10], "texture": "#0"},
				"east": {"uv": [9.75, 9, 10, 9.25], "texture": "#0"},
				"south": {"uv": [9.25, 9.75, 9.5, 10], "texture": "#0"},
				"west": {"uv": [9.75, 9.25, 10, 9.5], "texture": "#0"},
				"up": {"uv": [9.75, 10, 9.5, 9.75], "texture": "#0"},
				"down": {"uv": [10, 9.5, 9.75, 9.75], "texture": "#0"}
			}
		},
		{
			"from": [7, 1, 5],
			"to": [8, 2, 6],
			"rotation": {"angle": 0, "axis": "y", "origin": [7, 0, 5]},
			"faces": {
				"north": {"uv": [9.75, 9.75, 10, 10], "texture": "#0"},
				"east": {"uv": [10, 0.5, 10.25, 0.75], "texture": "#0"},
				"south": {"uv": [0.75, 10, 1, 10.25], "texture": "#0"},
				"west": {"uv": [10, 0.75, 10.25, 1], "texture": "#0"},
				"up": {"uv": [1.25, 10.25, 1, 10], "texture": "#0"},
				"down": {"uv": [10.25, 1, 10, 1.25], "texture": "#0"}
			}
		},
		{
			"from": [6, 1, 5],
			"to": [7, 2, 6],
			"rotation": {"angle": 0, "axis": "y", "origin": [6, 0, 5]},
			"faces": {
				"north": {"uv": [1.25, 10, 1.5, 10.25], "texture": "#0"},
				"east": {"uv": [10, 1.25, 10.25, 1.5], "texture": "#0"},
				"south": {"uv": [1.5, 10, 1.75, 10.25], "texture": "#0"},
				"west": {"uv": [10, 1.5, 10.25, 1.75], "texture": "#0"},
				"up": {"uv": [2, 10.25, 1.75, 10], "texture": "#0"},
				"down": {"uv": [10.25, 1.75, 10, 2], "texture": "#0"}
			}
		},
		{
			"from": [6, 1, 5.9],
			"to": [7, 2, 6.9],
			"rotation": {"angle": 0, "axis": "y", "origin": [6, 0, 5.9]},
			"faces": {
				"north": {"uv": [2, 10, 2.25, 10.25], "texture": "#0"},
				"east": {"uv": [10, 2, 10.25, 2.25], "texture": "#0"},
				"south": {"uv": [2.25, 10, 2.5, 10.25], "texture": "#0"},
				"west": {"uv": [10, 2.25, 10.25, 2.5], "texture": "#0"},
				"up": {"uv": [2.75, 10.25, 2.5, 10], "texture": "#0"},
				"down": {"uv": [10.25, 2.5, 10, 2.75], "texture": "#0"}
			}
		},
		{
			"from": [6, 1, 6.9],
			"to": [7, 2, 7.9],
			"rotation": {"angle": 0, "axis": "y", "origin": [6, 0, 6.9]},
			"faces": {
				"north": {"uv": [2.75, 10, 3, 10.25], "texture": "#0"},
				"east": {"uv": [10, 2.75, 10.25, 3], "texture": "#0"},
				"south": {"uv": [3, 10, 3.25, 10.25], "texture": "#0"},
				"west": {"uv": [10, 3, 10.25, 3.25], "texture": "#0"},
				"up": {"uv": [3.5, 10.25, 3.25, 10], "texture": "#0"},
				"down": {"uv": [10.25, 3.25, 10, 3.5], "texture": "#0"}
			}
		},
		{
			"from": [6, 1, 7.9],
			"to": [7, 2, 8.9],
			"rotation": {"angle": 0, "axis": "y", "origin": [6, 0, 7.9]},
			"faces": {
				"north": {"uv": [3.5, 10, 3.75, 10.25], "texture": "#0"},
				"east": {"uv": [10, 3.5, 10.25, 3.75], "texture": "#0"},
				"south": {"uv": [3.75, 10, 4, 10.25], "texture": "#0"},
				"west": {"uv": [10, 3.75, 10.25, 4], "texture": "#0"},
				"up": {"uv": [4.25, 10.25, 4, 10], "texture": "#0"},
				"down": {"uv": [10.25, 4, 10, 4.25], "texture": "#0"}
			}
		},
		{
			"from": [7, 1, 7],
			"to": [8, 2, 8],
			"rotation": {"angle": 0, "axis": "y", "origin": [7, 0, 7]},
			"faces": {
				"north": {"uv": [4.25, 10, 4.5, 10.25], "texture": "#0"},
				"east": {"uv": [10, 4.25, 10.25, 4.5], "texture": "#0"},
				"south": {"uv": [4.5, 10, 4.75, 10.25], "texture": "#0"},
				"west": {"uv": [10, 4.5, 10.25, 4.75], "texture": "#0"},
				"up": {"uv": [5, 10.25, 4.75, 10], "texture": "#0"},
				"down": {"uv": [10.25, 4.75, 10, 5], "texture": "#0"}
			}
		},
		{
			"from": [8, 1, 6],
			"to": [9, 2, 7],
			"rotation": {"angle": 0, "axis": "y", "origin": [8, 0, 6]},
			"faces": {
				"north": {"uv": [5, 10, 5.25, 10.25], "texture": "#0"},
				"east": {"uv": [10, 5, 10.25, 5.25], "texture": "#0"},
				"south": {"uv": [5.25, 10, 5.5, 10.25], "texture": "#0"},
				"west": {"uv": [10, 5.25, 10.25, 5.5], "texture": "#0"},
				"up": {"uv": [5.75, 10.25, 5.5, 10], "texture": "#0"},
				"down": {"uv": [10.25, 5.5, 10, 5.75], "texture": "#0"}
			}
		},
		{
			"from": [10, 1, 5.95],
			"to": [11, 2, 6.95],
			"rotation": {"angle": 0, "axis": "y", "origin": [10, 0, 5.95]},
			"faces": {
				"north": {"uv": [5.75, 10, 6, 10.25], "texture": "#0"},
				"east": {"uv": [10, 5.75, 10.25, 6], "texture": "#0"},
				"south": {"uv": [6, 10, 6.25, 10.25], "texture": "#0"},
				"west": {"uv": [10, 6, 10.25, 6.25], "texture": "#0"},
				"up": {"uv": [6.5, 10.25, 6.25, 10], "texture": "#0"},
				"down": {"uv": [10.25, 6.25, 10, 6.5], "texture": "#0"}
			}
		},
		{
			"from": [10, 1, 6.95],
			"to": [11, 2, 7.95],
			"rotation": {"angle": 0, "axis": "y", "origin": [10, 0, 6.95]},
			"faces": {
				"north": {"uv": [6.5, 10, 6.75, 10.25], "texture": "#0"},
				"east": {"uv": [10, 6.5, 10.25, 6.75], "texture": "#0"},
				"south": {"uv": [6.75, 10, 7, 10.25], "texture": "#0"},
				"west": {"uv": [10, 6.75, 10.25, 7], "texture": "#0"},
				"up": {"uv": [7.25, 10.25, 7, 10], "texture": "#0"},
				"down": {"uv": [10.25, 7, 10, 7.25], "texture": "#0"}
			}
		},
		{
			"from": [10, 1, 7.95],
			"to": [11, 2, 8.95],
			"rotation": {"angle": 0, "axis": "y", "origin": [10, 0, 7.95]},
			"faces": {
				"north": {"uv": [7.25, 10, 7.5, 10.25], "texture": "#0"},
				"east": {"uv": [10, 7.25, 10.25, 7.5], "texture": "#0"},
				"south": {"uv": [7.5, 10, 7.75, 10.25], "texture": "#0"},
				"west": {"uv": [10, 7.5, 10.25, 7.75], "texture": "#0"},
				"up": {"uv": [8, 10.25, 7.75, 10], "texture": "#0"},
				"down": {"uv": [10.25, 7.75, 10, 8], "texture": "#0"}
			}
		},
		{
			"from": [10, 1, 8.95],
			"to": [11, 2, 9.95],
			"rotation": {"angle": 0, "axis": "y", "origin": [10, 0, 8.95]},
			"faces": {
				"north": {"uv": [8, 10, 8.25, 10.25], "texture": "#0"},
				"east": {"uv": [10, 8, 10.25, 8.25], "texture": "#0"},
				"south": {"uv": [8.25, 10, 8.5, 10.25], "texture": "#0"},
				"west": {"uv": [10, 8.25, 10.25, 8.5], "texture": "#0"},
				"up": {"uv": [8.75, 10.25, 8.5, 10], "texture": "#0"},
				"down": {"uv": [10.25, 8.5, 10, 8.75], "texture": "#0"}
			}
		},
		{
			"from": [10, 1, 4.95],
			"to": [11, 2, 5.95],
			"rotation": {"angle": 0, "axis": "y", "origin": [10, 0, 4.95]},
			"faces": {
				"north": {"uv": [8.75, 10, 9, 10.25], "texture": "#0"},
				"east": {"uv": [10, 8.75, 10.25, 9], "texture": "#0"},
				"south": {"uv": [9, 10, 9.25, 10.25], "texture": "#0"},
				"west": {"uv": [10, 9, 10.25, 9.25], "texture": "#0"},
				"up": {"uv": [9.5, 10.25, 9.25, 10], "texture": "#0"},
				"down": {"uv": [10.25, 9.25, 10, 9.5], "texture": "#0"}
			}
		},
		{
			"from": [11, 1, 4.95],
			"to": [12, 2, 5.95],
			"rotation": {"angle": 0, "axis": "y", "origin": [11, 0, 4.95]},
			"faces": {
				"north": {"uv": [9.5, 10, 9.75, 10.25], "texture": "#0"},
				"east": {"uv": [10, 9.5, 10.25, 9.75], "texture": "#0"},
				"south": {"uv": [9.75, 10, 10, 10.25], "texture": "#0"},
				"west": {"uv": [10, 9.75, 10.25, 10], "texture": "#0"},
				"up": {"uv": [10.25, 10.25, 10, 10], "texture": "#0"},
				"down": {"uv": [10.5, 0.5, 10.25, 0.75], "texture": "#0"}
			}
		},
		{
			"from": [12, 1, 4.95],
			"to": [13, 2, 5.95],
			"rotation": {"angle": 0, "axis": "y", "origin": [12, 0, 4.95]},
			"faces": {
				"north": {"uv": [0.75, 10.25, 1, 10.5], "texture": "#0"},
				"east": {"uv": [10.25, 0.75, 10.5, 1], "texture": "#0"},
				"south": {"uv": [1, 10.25, 1.25, 10.5], "texture": "#0"},
				"west": {"uv": [10.25, 1, 10.5, 1.25], "texture": "#0"},
				"up": {"uv": [1.5, 10.5, 1.25, 10.25], "texture": "#0"},
				"down": {"uv": [10.5, 1.25, 10.25, 1.5], "texture": "#0"}
			}
		},
		{
			"from": [12, 1, 6.95],
			"to": [13, 2, 7.95],
			"rotation": {"angle": 0, "axis": "y", "origin": [12, 0, 6.95]},
			"faces": {
				"north": {"uv": [1.5, 10.25, 1.75, 10.5], "texture": "#0"},
				"east": {"uv": [10.25, 1.5, 10.5, 1.75], "texture": "#0"},
				"south": {"uv": [1.75, 10.25, 2, 10.5], "texture": "#0"},
				"west": {"uv": [10.25, 1.75, 10.5, 2], "texture": "#0"},
				"up": {"uv": [2.25, 10.5, 2, 10.25], "texture": "#0"},
				"down": {"uv": [10.5, 2, 10.25, 2.25], "texture": "#0"}
			}
		},
		{
			"from": [11, 1, 6.95],
			"to": [12, 2, 7.95],
			"rotation": {"angle": 0, "axis": "y", "origin": [11, 0, 6.95]},
			"faces": {
				"north": {"uv": [2.25, 10.25, 2.5, 10.5], "texture": "#0"},
				"east": {"uv": [10.25, 2.25, 10.5, 2.5], "texture": "#0"},
				"south": {"uv": [2.5, 10.25, 2.75, 10.5], "texture": "#0"},
				"west": {"uv": [10.25, 2.5, 10.5, 2.75], "texture": "#0"},
				"up": {"uv": [3, 10.5, 2.75, 10.25], "texture": "#0"},
				"down": {"uv": [10.5, 2.75, 10.25, 3], "texture": "#0"}
			}
		},
		{
			"from": [11, 1, 8.95],
			"to": [12, 2, 9.95],
			"rotation": {"angle": 0, "axis": "y", "origin": [11, 0, 8.95]},
			"faces": {
				"north": {"uv": [3, 10.25, 3.25, 10.5], "texture": "#0"},
				"east": {"uv": [10.25, 3, 10.5, 3.25], "texture": "#0"},
				"south": {"uv": [3.25, 10.25, 3.5, 10.5], "texture": "#0"},
				"west": {"uv": [10.25, 3.25, 10.5, 3.5], "texture": "#0"},
				"up": {"uv": [3.75, 10.5, 3.5, 10.25], "texture": "#0"},
				"down": {"uv": [10.5, 3.5, 10.25, 3.75], "texture": "#0"}
			}
		},
		{
			"from": [12, 1, 8.95],
			"to": [13, 2, 9.95],
			"rotation": {"angle": 0, "axis": "y", "origin": [12, 0, 8.95]},
			"faces": {
				"north": {"uv": [3.75, 10.25, 4, 10.5], "texture": "#0"},
				"east": {"uv": [10.25, 3.75, 10.5, 4], "texture": "#0"},
				"south": {"uv": [4, 10.25, 4.25, 10.5], "texture": "#0"},
				"west": {"uv": [10.25, 4, 10.5, 4.25], "texture": "#0"},
				"up": {"uv": [4.5, 10.5, 4.25, 10.25], "texture": "#0"},
				"down": {"uv": [10.5, 4.25, 10.25, 4.5], "texture": "#0"}
			}
		},
		{
			"from": [-9, 1, 9],
			"to": [-8, 2, 10],
			"rotation": {"angle": 0, "axis": "y", "origin": [-9, 0, 9]},
			"faces": {
				"north": {"uv": [8.25, 4.25, 8.5, 4.5], "texture": "#0"},
				"east": {"uv": [1.25, 8.5, 1.5, 8.75], "texture": "#0"},
				"south": {"uv": [1.5, 8.5, 1.75, 8.75], "texture": "#0"},
				"west": {"uv": [8.5, 1.5, 8.75, 1.75], "texture": "#0"},
				"up": {"uv": [2, 8.75, 1.75, 8.5], "texture": "#0"},
				"down": {"uv": [8.75, 1.75, 8.5, 2], "texture": "#0"}
			}
		}
	],
	"display": {
		"firstperson_righthand": {
			"translation": [0, 6.25, 0]
		},
		"firstperson_lefthand": {
			"translation": [0, 6.5, 0]
		},
		"ground": {
			"translation": [0, 3.75, 0]
		},
		"gui": {
			"rotation": [90, 0, 0],
			"translation": [3.5, -0.25, -1.75],
			"scale": [0.5, 0.5, 0.5]
		},
		"head": {
			"rotation": [90, 0, 180],
			"translation": [-6.75, 7.75, -14.5]
		},
		"fixed": {
			"rotation": [90, 0, 180],
			"translation": [-6.75, -0.25, -7.75]
		}
	}
}