{
	"format_version": "1.21.11",
	"credit": "Made with Blockbench",
	"texture_size": [128, 128],
	"textures": {
		"0": "derp:item/50_scale",
		"particle": "derp:item/50_scale"
	},
	"elements": [
		{
			"from": [-14, 0, -14],
			"to": [30, 2, 30],
			"rotation": {"angle": 0, "axis": "y", "origin": [8, 0, 8]},
			"faces": {
				"north": {"uv": [5.5, 4, 11, 4.25], "texture": "#0"},
				"east": {"uv": [5.5, 4.25, 11, 4.5], "texture": "#0"},
				"south": {"uv": [5.5, 4.5, 11, 4.75], "texture": "#0"},
				"west": {"uv": [5.5, 4.75, 11, 5], "texture": "#0"},
				"up": {"uv": [5.5, 5.5, 0, 0], "texture": "#0"},
				"down": {"uv": [5.5, 5.5, 0, 11], "texture": "#0"}
			}
		},
		{
			"from": [30, -1, -12],
			"to": [32, 3, 28],
			"rotation": {"angle": 0, "axis": "y", "origin": [8, 0, 8]},
			"faces": {
				"north": {"uv": [6.5, 6, 6.75, 6.5], "texture": "#0"},
				"east": {"uv": [5.5, 0, 10.5, 0.5], "texture": "#0"},
				"south": {"uv": [6.5, 6.5, 6.75, 7], "texture": "#0"},
				"west": {"uv": [5.5, 0.5, 10.5, 1], "texture": "#0"},
				"up": {"uv": [5.75, 10, 5.5, 5], "texture": "#0"},
				"down": {"uv": [6, 5, 5.75, 10], "texture": "#0"}
			}
		},
		{
			"from": [-16, -1, -12],
			"to": [-14, 3, 28],
			"rotation": {"angle": 0, "axis": "y", "origin": [8, 0, 8]},
			"faces": {
				"north": {"uv": [6.75, 6, 7, 6.5], "texture": "#0"},
				"east": {"uv": [5.5, 1, 10.5, 1.5], "texture": "#0"},
				"south": {"uv": [6.75, 6.5, 7, 7], "texture": "#0"},
				"west": {"uv": [5.5, 1.5, 10.5, 2], "texture": "#0"},
				"up": {"uv": [6.25, 10, 6, 5], "texture": "#0"},
				"down": {"uv": [6.5, 5, 6.25, 10], "texture": "#0"}
			}
		},
		{
			"from": [-12, -1, -16],
			"to": [28, 3, -14],
			"rotation": {"angle": 0, "axis": "y", "origin": [8, 0, 8]},
			"faces": {
				"north": {"uv": [5.5, 2, 10.5, 2.5], "texture": "#0"},
				"east": {"uv": [7, 6, 7.25, 6.5], "texture": "#0"},
				"south": {"uv": [5.5, 2.5, 10.5, 3], "texture": "#0"},
				"west": {"uv": [6.5, 7, 6.75, 7.5], "texture": "#0"},
				"up": {"uv": [11.5, 5.25, 6.5, 5], "texture": "#0"},
				"down": {"uv": [11.5, 5.25, 6.5, 5.5], "texture": "#0"}
			}
		},
		{
			"from": [-12, -1, 30],
			"to": [28, 3, 32],
			"rotation": {"angle": 0, "axis": "y", "origin": [8, 0, 8]},
			"faces": {
				"north": {"uv": [5.5, 3, 10.5, 3.5], "texture": "#0"},
				"east": {"uv": [7, 6.5, 7.25, 7], "texture": "#0"},
				"south": {"uv": [5.5, 3.5, 10.5, 4], "texture": "#0"},
				"west": {"uv": [6.75, 7, 7, 7.5], "texture": "#0"},
				"up": {"uv": [11.5, 5.75, 6.5, 5.5], "texture": "#0"},
				"down": {"uv": [11.5, 5.75, 6.5, 6], "texture": "#0"}
			}
		},
		{
			"from": [-14, -1, 28],
			"to": [-12, 3, 30],
			"rotation": {"angle": 0, "axis": "y", "origin": [8, 0, 8]},
			"faces": {
				"north": {"uv": [7, 7, 7.25, 7.5], "texture": "#0"},
				"east": {"uv": [7.25, 6, 7.5, 6.5], "texture": "#0"},
				"south": {"uv": [7.25, 6.5, 7.5, 7], "texture": "#0"},
				"west": {"uv": [7.25, 7, 7.5, 7.5], "texture": "#0"},
				"up": {"uv": [8.25, 6.25, 8, 6], "texture": "#0"},
				"down": {"uv": [8.25, 6.25, 8, 6.5], "texture": "#0"}
			}
		},
		{
			"from": [-14, -1, -14],
			"to": [-12, 3, -12],
			"rotation": {"angle": 0, "axis": "y", "origin": [8, 0, 8]},
			"faces": {
				"north": {"uv": [7.5, 6, 7.75, 6.5], "texture": "#0"},
				"east": {"uv": [6.5, 7.5, 6.75, 8], "texture": "#0"},
				"south": {"uv": [7.5, 6.5, 7.75, 7], "texture": "#0"},
				"west": {"uv": [6.75, 7.5, 7, 8], "texture": "#0"},
				"up": {"uv": [6.75, 8.25, 6.5, 8], "texture": "#0"},
				"down": {"uv": [8.25, 6.5, 8, 6.75], "texture": "#0"}
			}
		},
		{
			"from": [28, -1, -14],
			"to": [30, 3, -12],
			"rotation": {"angle": 0, "axis": "y", "origin": [8, 0, 8]},
			"faces": {
				"north": {"uv": [7, 7.5, 7.25, 8], "texture": "#0"},
				"east": {"uv": [7.5, 7, 7.75, 7.5], "texture": "#0"},
				"south": {"uv": [7.25, 7.5, 7.5, 8], "texture": "#0"},
				"west": {"uv": [7.5, 7.5, 7.75, 8], "texture": "#0"},
				"up": {"uv": [7, 8.25, 6.75, 8], "texture": "#0"},
				"down": {"uv": [8.25, 6.75, 8, 7], "texture": "#0"}
			}
		},
		{
			"from": [28, -1, 28],
			"to": [30, 3, 30],
			"rotation": {"angle": 0, "axis": "y", "origin": [8, 0, 8]},
			"faces": {
				"north": {"uv": [7.75, 6, 8, 6.5], "texture": "#0"},
				"east": {"uv": [7.75, 6.5, 8, 7], "texture": "#0"},
				"south": {"uv": [7.75, 7, 8, 7.5], "texture": "#0"},
				"west": {"uv": [7.75, 7.5, 8, 8], "texture": "#0"},
				"up": {"uv": [7.25, 8.25, 7, 8], "texture": "#0"},
				"down": {"uv": [8.25, 7, 8, 7.25], "texture": "#0"}
			}
		}
	],
	"display": {
		"thirdperson_righthand": {
			"rotation": [0, -90, 0],
			"translation": [0, 0.5, 0],
			"scale": [0.05, 0.05, 0.05]
		},
		"thirdperson_lefthand": {
			"rotation": [0, 90, 0],
			"translation": [0, 0.5, 0],
			"scale": [0.05, 0.05, 0.05]
		},
		"firstperson_righthand": {
			"rotation": [17, 64, 56],
			"translation": [2.25, 1.25, 0.25],
			"scale": [0.06, 0.06, 0.06]
		},
		"firstperson_lefthand": {
			"rotation": [11, -124, -67],
			"translation": [2.25, 1.25, 0.25],
			"scale": [0.06, 0.06, 0.06]
		},
		"ground": {
			"rotation": [90, 90, 0],
			"translation": [0, 1.75, 0],
			"scale": [0.05, 0.05, 0.05]
		},
		"gui": {
			"rotation": [-180, 90, -90],
			"scale": [0.25, 0.25, 0.25]
		},
		"head": {
			"rotation": [0, -90, 0],
			"translation": [0, 7, 0],
			"scale": [0.05, 0.05, 0.05]
		},
		"fixed": {
			"rotation": [90, 90, 0],
			"translation": [0, 0, 0.75],
			"scale": [0.1, 0.1, 0.1]
		},
		"on_shelf": {
			"rotation": [90, 90, 0],
			"translation": [0, 0, -1.25],
			"scale": [0.25, 0.25, 0.25]
		}
	},
	"groups": [
		{
			"name": "coin surface",
			"origin": [7, 0, 7],
			"color": 0,
			"children": [0, 1, 2, 3, 4, 5, 6, 7, 8]
		}
	]
}