{
	"format_version": "1.21.11",
	"credit": "Made with Blockbench",
	"texture_size": [128, 128],
	"textures": {
		"0": "derp:item/5_scale",
		"particle": "derp:item/5_scale"
	},
	"elements": [
		{
			"from": [-14, 0, -14],
			"to": [30, 2, 5],
			"rotation": {"angle": 0, "axis": "y", "origin": [8, 0, 8]},
			"faces": {
				"north": {"uv": [7.125, 7.125, 12.625, 7.375], "texture": "#0"},
				"east": {"uv": [0, 8.125, 2.375, 8.375], "texture": "#0"},
				"south": {"uv": [7.125, 7.375, 12.625, 7.625], "texture": "#0"},
				"west": {"uv": [2.375, 8.125, 4.75, 8.375], "texture": "#0"},
				"up": {"uv": [5.5, 2.375, 0, 0], "texture": "#0"},
				"down": {"uv": [5.5, 2.375, 0, 4.75], "texture": "#0"}
			}
		},
		{
			"from": [-14, 0, 11],
			"to": [30, 2, 30],
			"rotation": {"angle": 0, "axis": "y", "origin": [8, 0, 8]},
			"faces": {
				"north": {"uv": [7.125, 7.625, 12.625, 7.875], "texture": "#0"},
				"east": {"uv": [6.5, 8.125, 8.875, 8.375], "texture": "#0"},
				"south": {"uv": [0, 7.875, 5.5, 8.125], "texture": "#0"},
				"west": {"uv": [0, 8.375, 2.375, 8.625], "texture": "#0"},
				"up": {"uv": [5.5, 7.125, 0, 4.75], "texture": "#0"},
				"down": {"uv": [11, 0, 5.5, 2.375], "texture": "#0"}
			}
		},
		{
			"from": [11, 0, 5],
			"to": [30, 2, 11],
			"rotation": {"angle": 0, "axis": "y", "origin": [8, 0, 8]},
			"faces": {
				"north": {"uv": [2.375, 8.375, 4.75, 8.625], "texture": "#0"},
				"east": {"uv": [8, 8.625, 8.75, 8.875], "texture": "#0"},
				"south": {"uv": [6.5, 8.375, 8.875, 8.625], "texture": "#0"},
				"west": {"uv": [8.75, 8.625, 9.5, 8.875], "texture": "#0"},
				"up": {"uv": [7.875, 7.125, 5.5, 6.375], "texture": "#0"},
				"down": {"uv": [2.375, 7.125, 0, 7.875], "texture": "#0"}
			}
		},
		{
			"from": [-14, 0, 5],
			"to": [5, 2, 11],
			"rotation": {"angle": 0, "axis": "y", "origin": [8, 0, 8]},
			"faces": {
				"north": {"uv": [0, 8.625, 2.375, 8.875], "texture": "#0"},
				"east": {"uv": [0, 8.875, 0.75, 9.125], "texture": "#0"},
				"south": {"uv": [2.375, 8.625, 4.75, 8.875], "texture": "#0"},
				"west": {"uv": [0.75, 8.875, 1.5, 9.125], "texture": "#0"},
				"up": {"uv": [4.75, 7.875, 2.375, 7.125], "texture": "#0"},
				"down": {"uv": [7.125, 7.125, 4.75, 7.875], "texture": "#0"}
			}
		},
		{
			"from": [30, -1, -12],
			"to": [32, 3, 28],
			"rotation": {"angle": 0, "axis": "y", "origin": [8, 0, 8]},
			"faces": {
				"north": {"uv": [2.5, 8.875, 2.75, 9.375], "texture": "#0"},
				"east": {"uv": [5.5, 2.375, 11, 2.875], "texture": "#0"},
				"south": {"uv": [2.75, 8.875, 3, 9.375], "texture": "#0"},
				"west": {"uv": [5.5, 2.875, 11, 3.375], "texture": "#0"},
				"up": {"uv": [5.75, 13.375, 5.5, 7.875], "texture": "#0"},
				"down": {"uv": [6, 7.875, 5.75, 13.375], "texture": "#0"}
			}
		},
		{
			"from": [5, -1, 5],
			"to": [7, 3, 11],
			"rotation": {"angle": 0, "axis": "y", "origin": [8, 0, 8]},
			"faces": {
				"north": {"uv": [3, 8.875, 3.25, 9.375], "texture": "#0"},
				"east": {"uv": [4.75, 8.125, 5.5, 8.625], "texture": "#0"},
				"south": {"uv": [3.25, 8.875, 3.5, 9.375], "texture": "#0"},
				"west": {"uv": [4.75, 8.625, 5.5, 9.125], "texture": "#0"},
				"up": {"uv": [1.75, 9.625, 1.5, 8.875], "texture": "#0"},
				"down": {"uv": [2, 8.875, 1.75, 9.625], "texture": "#0"}
			}
		},
		{
			"from": [9, -1, 5],
			"to": [11, 3, 11],
			"rotation": {"angle": 0, "axis": "y", "origin": [8, 0, 8]},
			"faces": {
				"north": {"uv": [3.5, 8.875, 3.75, 9.375], "texture": "#0"},
				"east": {"uv": [6.5, 8.625, 7.25, 9.125], "texture": "#0"},
				"south": {"uv": [3.75, 8.875, 4, 9.375], "texture": "#0"},
				"west": {"uv": [7.25, 8.625, 8, 9.125], "texture": "#0"},
				"up": {"uv": [2.25, 9.625, 2, 8.875], "texture": "#0"},
				"down": {"uv": [2.5, 8.875, 2.25, 9.625], "texture": "#0"}
			}
		},
		{
			"from": [7, -1, 5],
			"to": [9, 3, 7],
			"rotation": {"angle": 0, "axis": "y", "origin": [8, 0, 8]},
			"faces": {
				"north": {"uv": [4, 8.875, 4.25, 9.375], "texture": "#0"},
				"east": {"uv": [4.25, 8.875, 4.5, 9.375], "texture": "#0"},
				"south": {"uv": [4.5, 8.875, 4.75, 9.375], "texture": "#0"},
				"west": {"uv": [8, 8.875, 8.25, 9.375], "texture": "#0"},
				"up": {"uv": [3.75, 9.625, 3.5, 9.375], "texture": "#0"},
				"down": {"uv": [4, 9.375, 3.75, 9.625], "texture": "#0"}
			}
		},
		{
			"from": [7, -1, 9],
			"to": [9, 3, 11],
			"rotation": {"angle": 0, "axis": "y", "origin": [8, 0, 8]},
			"faces": {
				"north": {"uv": [8.875, 8.125, 9.125, 8.625], "texture": "#0"},
				"east": {"uv": [8.25, 8.875, 8.5, 9.375], "texture": "#0"},
				"south": {"uv": [8.5, 8.875, 8.75, 9.375], "texture": "#0"},
				"west": {"uv": [8.75, 8.875, 9, 9.375], "texture": "#0"},
				"up": {"uv": [4.25, 9.625, 4, 9.375], "texture": "#0"},
				"down": {"uv": [4.5, 9.375, 4.25, 9.625], "texture": "#0"}
			}
		},
		{
			"from": [-16, -1, -12],
			"to": [-14, 3, 28],
			"rotation": {"angle": 0, "axis": "y", "origin": [8, 0, 8]},
			"faces": {
				"north": {"uv": [9, 8.875, 9.25, 9.375], "texture": "#0"},
				"east": {"uv": [5.5, 3.375, 11, 3.875], "texture": "#0"},
				"south": {"uv": [0, 9.125, 0.25, 9.625], "texture": "#0"},
				"west": {"uv": [5.5, 3.875, 11, 4.375], "texture": "#0"},
				"up": {"uv": [6.25, 13.375, 6, 7.875], "texture": "#0"},
				"down": {"uv": [6.5, 7.875, 6.25, 13.375], "texture": "#0"}
			}
		},
		{
			"from": [-12, -1, -16],
			"to": [28, 3, -14],
			"rotation": {"angle": 0, "axis": "y", "origin": [8, 0, 8]},
			"faces": {
				"north": {"uv": [5.5, 4.375, 11, 4.875], "texture": "#0"},
				"east": {"uv": [0.25, 9.125, 0.5, 9.625], "texture": "#0"},
				"south": {"uv": [5.5, 4.875, 11, 5.375], "texture": "#0"},
				"west": {"uv": [0.5, 9.125, 0.75, 9.625], "texture": "#0"},
				"up": {"uv": [13.375, 6.625, 7.875, 6.375], "texture": "#0"},
				"down": {"uv": [12, 7.875, 6.5, 8.125], "texture": "#0"}
			}
		},
		{
			"from": [-12, -1, 30],
			"to": [28, 3, 32],
			"rotation": {"angle": 0, "axis": "y", "origin": [8, 0, 8]},
			"faces": {
				"north": {"uv": [5.5, 5.375, 11, 5.875], "texture": "#0"},
				"east": {"uv": [0.75, 9.125, 1, 9.625], "texture": "#0"},
				"south": {"uv": [5.5, 5.875, 11, 6.375], "texture": "#0"},
				"west": {"uv": [1, 9.125, 1.25, 9.625], "texture": "#0"},
				"up": {"uv": [13.375, 6.875, 7.875, 6.625], "texture": "#0"},
				"down": {"uv": [13.375, 6.875, 7.875, 7.125], "texture": "#0"}
			}
		},
		{
			"from": [-14, -1, 28],
			"to": [-12, 3, 30],
			"rotation": {"angle": 0, "axis": "y", "origin": [8, 0, 8]},
			"faces": {
				"north": {"uv": [1.25, 9.125, 1.5, 9.625], "texture": "#0"},
				"east": {"uv": [4.75, 9.125, 5, 9.625], "texture": "#0"},
				"south": {"uv": [5, 9.125, 5.25, 9.625], "texture": "#0"},
				"west": {"uv": [5.25, 9.125, 5.5, 9.625], "texture": "#0"},
				"up": {"uv": [4.75, 9.625, 4.5, 9.375], "texture": "#0"},
				"down": {"uv": [8.25, 9.375, 8, 9.625], "texture": "#0"}
			}
		},
		{
			"from": [-14, -1, -14],
			"to": [-12, 3, -12],
			"rotation": {"angle": 0, "axis": "y", "origin": [8, 0, 8]},
			"faces": {
				"north": {"uv": [6.5, 9.125, 6.75, 9.625], "texture": "#0"},
				"east": {"uv": [6.75, 9.125, 7, 9.625], "texture": "#0"},
				"south": {"uv": [7, 9.125, 7.25, 9.625], "texture": "#0"},
				"west": {"uv": [7.25, 9.125, 7.5, 9.625], "texture": "#0"},
				"up": {"uv": [9.625, 8.375, 9.375, 8.125], "texture": "#0"},
				"down": {"uv": [8.5, 9.375, 8.25, 9.625], "texture": "#0"}
			}
		},
		{
			"from": [28, -1, -14],
			"to": [30, 3, -12],
			"rotation": {"angle": 0, "axis": "y", "origin": [8, 0, 8]},
			"faces": {
				"north": {"uv": [7.5, 9.125, 7.75, 9.625], "texture": "#0"},
				"east": {"uv": [7.75, 9.125, 8, 9.625], "texture": "#0"},
				"south": {"uv": [9.125, 8.125, 9.375, 8.625], "texture": "#0"},
				"west": {"uv": [9.25, 8.875, 9.5, 9.375], "texture": "#0"},
				"up": {"uv": [9.625, 8.625, 9.375, 8.375], "texture": "#0"},
				"down": {"uv": [8.75, 9.375, 8.5, 9.625], "texture": "#0"}
			}
		},
		{
			"from": [28, -1, 28],
			"to": [30, 3, 30],
			"rotation": {"angle": 0, "axis": "y", "origin": [8, 0, 8]},
			"faces": {
				"north": {"uv": [2.5, 9.375, 2.75, 9.875], "texture": "#0"},
				"east": {"uv": [2.75, 9.375, 3, 9.875], "texture": "#0"},
				"south": {"uv": [3, 9.375, 3.25, 9.875], "texture": "#0"},
				"west": {"uv": [3.25, 9.375, 3.5, 9.875], "texture": "#0"},
				"up": {"uv": [9, 9.625, 8.75, 9.375], "texture": "#0"},
				"down": {"uv": [9.25, 9.375, 9, 9.625], "texture": "#0"}
			}
		}
	],
	"display": {
		"thirdperson_righthand": {
			"rotation": [0, -90, 0],
			"translation": [0, 0.5, 0],
			"scale": [0.05, 0.05, 0.05]
		},
		"thirdperson_lefthand": {
			"rotation": [0, 90, 0],
			"translation": [0, 0.5, 0],
			"scale": [0.05, 0.05, 0.05]
		},
		"firstperson_righthand": {
			"rotation": [17, 64, 56],
			"translation": [2.25, 1.25, 0.25],
			"scale": [0.06, 0.06, 0.06]
		},
		"firstperson_lefthand": {
			"rotation": [11, -124, -67],
			"translation": [2.25, 1.25, 0.25],
			"scale": [0.06, 0.06, 0.06]
		},
		"ground": {
			"rotation": [90, 90, 0],
			"translation": [0, 1.75, 0],
			"scale": [0.05, 0.05, 0.05]
		},
		"gui": {
			"rotation": [-180, 90, -90],
			"scale": [0.25, 0.25, 0.25]
		},
		"head": {
			"rotation": [0, -90, 0],
			"translation": [0, 7, 0],
			"scale": [0.05, 0.05, 0.05]
		},
		"fixed": {
			"rotation": [90, 90, 0],
			"translation": [0, 0, 0.75],
			"scale": [0.1, 0.1, 0.1]
		},
		"on_shelf": {
			"rotation": [90, 90, 0],
			"translation": [0, 0, -1.25],
			"scale": [0.25, 0.25, 0.25]
		}
	},
	"groups": [
		{
			"name": "coin surface",
			"origin": [7, 0, 7],
			"color": 0,
			"children": [0, 1, 2, 3, 4, 5, 6, 7, 8, 9, 10, 11, 12, 13, 14, 15]
		}
	]
}