{
	"credit": "Made with Blockbench",
	"texture_size": [32, 32],
	"textures": {
		"0": "derp:item/anchor_rusted",
		"particle": "derp:item/anchor_rusted"
	},
	"elements": [
		{
			"from": [8.7, 13.7, 7],
			"to": [9.6, 16.9, 9],
			"rotation": {"angle": 0, "axis": "y", "origin": [9.3, 14.3, 7]},
			"faces": {
				"north": {"uv": [1.75, 4.5, 2, 5.25], "texture": "#0"},
				"east": {"uv": [3.5, 1, 4, 1.75], "texture": "#0"},
				"south": {"uv": [2, 4.5, 2.25, 5.25], "texture": "#0"},
				"west": {"uv": [1.25, 3.75, 1.75, 4.5], "texture": "#0"},
				"up": {"uv": [5.25, 2.75, 5, 2.25], "texture": "#0"},
				"down": {"uv": [2.75, 5, 2.5, 5.5], "texture": "#0"}
			}
		},
		{
			"from": [2.075, 2.725, 7.4],
			"to": [5.075, 4.3, 8.6],
			"rotation": {"angle": -22.5, "axis": "z", "origin": [2.075, 1.3, 0]},
			"faces": {
				"north": {"uv": [2.75, 0.25, 3.5, 0.75], "texture": "#0"},
				"east": {"uv": [4.5, 2, 4.75, 2.5], "texture": "#0"},
				"south": {"uv": [2.75, 0.75, 3.5, 1.25], "texture": "#0"},
				"west": {"uv": [2.25, 4.5, 2.5, 5], "texture": "#0"},
				"up": {"uv": [4.75, 1.75, 4, 1.5], "texture": "#0"},
				"down": {"uv": [5, 3.5, 4.25, 3.75], "texture": "#0"}
			}
		},
		{
			"from": [-1.425, 5.25, 7.5],
			"to": [2.675, 6.45, 8.5],
			"rotation": {"angle": -45, "axis": "z", "origin": [-0.325, 3.75, 0]},
			"faces": {
				"north": {"uv": [2.75, 1.75, 3.75, 2], "texture": "#0"},
				"east": {"uv": [1.25, 3.5, 1.5, 3.75], "texture": "#0"},
				"south": {"uv": [1.75, 3.75, 2.75, 4], "texture": "#0"},
				"west": {"uv": [0.5, 4, 0.75, 4.25], "texture": "#0"},
				"up": {"uv": [4.75, 2, 3.75, 1.75], "texture": "#0"},
				"down": {"uv": [3.75, 3.75, 2.75, 4], "texture": "#0"}
			}
		},
		{
			"from": [-0.3, 5.725, 7.5],
			"to": [1.6, 6.625, 8.5],
			"rotation": {"angle": -22.5, "axis": "z", "origin": [-0.2, 3.725, 0]},
			"faces": {
				"north": {"uv": [4.5, 1.25, 5, 1.5], "texture": "#0"},
				"east": {"uv": [4, 2.5, 4.25, 2.75], "texture": "#0"},
				"south": {"uv": [2.5, 4.5, 3, 4.75], "texture": "#0"},
				"west": {"uv": [1, 4.25, 1.25, 4.5], "texture": "#0"},
				"up": {"uv": [3.5, 4.75, 3, 4.5], "texture": "#0"},
				"down": {"uv": [4, 4.5, 3.5, 4.75], "texture": "#0"}
			}
		},
		{
			"from": [4.775, 1.425, 7.2],
			"to": [7.775, 3.2, 8.8],
			"rotation": {"angle": -22.5, "axis": "z", "origin": [4.775, 0.2, 0]},
			"faces": {
				"north": {"uv": [2.75, 1.25, 3.5, 1.75], "texture": "#0"},
				"east": {"uv": [3.75, 2.75, 4.25, 3.25], "texture": "#0"},
				"south": {"uv": [1.5, 2.75, 2.25, 3.25], "texture": "#0"},
				"west": {"uv": [3.75, 3.25, 4.25, 3.75], "texture": "#0"},
				"up": {"uv": [3, 3.25, 2.25, 2.75], "texture": "#0"},
				"down": {"uv": [0.75, 3, 0, 3.5], "texture": "#0"}
			}
		},
		{
			"from": [10.925, 2.725, 7.4],
			"to": [13.925, 4.3, 8.6],
			"rotation": {"angle": 22.5, "axis": "z", "origin": [13.925, 1.3, 0]},
			"faces": {
				"north": {"uv": [0.75, 3, 1.5, 3.5], "texture": "#0"},
				"east": {"uv": [4, 4.5, 4.25, 5], "texture": "#0"},
				"south": {"uv": [3, 2.75, 3.75, 3.25], "texture": "#0"},
				"west": {"uv": [4.25, 4.5, 4.5, 5], "texture": "#0"},
				"up": {"uv": [1.75, 4.75, 1, 4.5], "texture": "#0"},
				"down": {"uv": [5.25, 1, 4.5, 1.25], "texture": "#0"}
			}
		},
		{
			"from": [13.325, 5.25, 7.5],
			"to": [17.425, 6.35, 8.5],
			"rotation": {"angle": 45, "axis": "z", "origin": [16.325, 3.75, 0]},
			"faces": {
				"north": {"uv": [3.75, 3.75, 4.75, 4], "texture": "#0"},
				"east": {"uv": [5, 1.25, 5.25, 1.5], "texture": "#0"},
				"south": {"uv": [4, 0.25, 5, 0.5], "texture": "#0"},
				"west": {"uv": [2.75, 5, 3, 5.25], "texture": "#0"},
				"up": {"uv": [5, 0.75, 4, 0.5], "texture": "#0"},
				"down": {"uv": [5, 0.75, 4, 1], "texture": "#0"}
			}
		},
		{
			"from": [14.475, 5.65, 7.5],
			"to": [16.375, 6.55, 8.5],
			"rotation": {"angle": 22.5, "axis": "z", "origin": [16.275, 3.65, 0]},
			"faces": {
				"north": {"uv": [4.5, 4.5, 5, 4.75], "texture": "#0"},
				"east": {"uv": [5, 3, 5.25, 3.25], "texture": "#0"},
				"south": {"uv": [0.5, 4.75, 1, 5], "texture": "#0"},
				"west": {"uv": [3.25, 5, 3.5, 5.25], "texture": "#0"},
				"up": {"uv": [1.5, 5, 1, 4.75], "texture": "#0"},
				"down": {"uv": [5.25, 1.5, 4.75, 1.75], "texture": "#0"}
			}
		},
		{
			"from": [8.225, 1.425, 7.2],
			"to": [11.225, 3.2, 8.8],
			"rotation": {"angle": 22.5, "axis": "z", "origin": [11.225, 0.2, 0]},
			"faces": {
				"north": {"uv": [1.5, 3.25, 2.25, 3.75], "texture": "#0"},
				"east": {"uv": [0, 4, 0.5, 4.5], "texture": "#0"},
				"south": {"uv": [2.25, 3.25, 3, 3.75], "texture": "#0"},
				"west": {"uv": [4, 1, 4.5, 1.5], "texture": "#0"},
				"up": {"uv": [3.75, 3.75, 3, 3.25], "texture": "#0"},
				"down": {"uv": [0.75, 3.5, 0, 4], "texture": "#0"}
			}
		},
		{
			"from": [7.2, 2.4, 7.45],
			"to": [8.8, 14.5, 8.55],
			"rotation": {"angle": 0, "axis": "y", "origin": [7, 2, 7]},
			"faces": {
				"north": {"uv": [0, 0, 0.5, 3], "texture": "#0"},
				"east": {"uv": [1, 0, 1.25, 3], "texture": "#0"},
				"south": {"uv": [0.5, 0, 1, 3], "texture": "#0"},
				"west": {"uv": [1.25, 0, 1.5, 3], "texture": "#0"},
				"up": {"uv": [5.25, 2, 4.75, 1.75], "texture": "#0"},
				"down": {"uv": [5.25, 2, 4.75, 2.25], "texture": "#0"}
			}
		},
		{
			"from": [7.2, 0.7, 7.15],
			"to": [8.8, 2.4, 8.05],
			"rotation": {"angle": -22.5, "axis": "x", "origin": [0, 1, 7.25]},
			"faces": {
				"north": {"uv": [1.75, 4, 2.25, 4.5], "texture": "#0"},
				"east": {"uv": [1.5, 4.75, 1.75, 5.25], "texture": "#0"},
				"south": {"uv": [4, 2, 4.5, 2.5], "texture": "#0"},
				"west": {"uv": [4.75, 2.25, 5, 2.75], "texture": "#0"},
				"up": {"uv": [3, 5, 2.5, 4.75], "texture": "#0"},
				"down": {"uv": [5.25, 2.75, 4.75, 3], "texture": "#0"}
			}
		},
		{
			"from": [7.2, 0.7, 7.95],
			"to": [8.8, 2.4, 8.85],
			"rotation": {"angle": 22.5, "axis": "x", "origin": [0, 1, 8.75]},
			"faces": {
				"north": {"uv": [2.25, 4, 2.75, 4.5], "texture": "#0"},
				"east": {"uv": [3, 4.75, 3.25, 5.25], "texture": "#0"},
				"south": {"uv": [2.75, 4, 3.25, 4.5], "texture": "#0"},
				"west": {"uv": [4.75, 3, 5, 3.5], "texture": "#0"},
				"up": {"uv": [3.75, 5, 3.25, 4.75], "texture": "#0"},
				"down": {"uv": [5.25, 3.75, 4.75, 4], "texture": "#0"}
			}
		},
		{
			"from": [5.7, 11.75, 7.25],
			"to": [10.3, 13.25, 8.75],
			"rotation": {"angle": 0, "axis": "y", "origin": [7, 12, 7]},
			"faces": {
				"north": {"uv": [1.5, 0, 2.75, 0.5], "texture": "#0"},
				"east": {"uv": [3.25, 4, 3.75, 4.5], "texture": "#0"},
				"south": {"uv": [1.5, 0.5, 2.75, 1], "texture": "#0"},
				"west": {"uv": [3.75, 4, 4.25, 4.5], "texture": "#0"},
				"up": {"uv": [2.75, 1.5, 1.5, 1], "texture": "#0"},
				"down": {"uv": [2.75, 1.5, 1.5, 2], "texture": "#0"}
			}
		},
		{
			"from": [2.9, 11.9, 7.4],
			"to": [4.1, 13.1, 8.6],
			"rotation": {"angle": 0, "axis": "y", "origin": [1, 12, 7]},
			"faces": {
				"north": {"uv": [5, 3.25, 5.25, 3.5], "texture": "#0"},
				"east": {"uv": [3.5, 5, 3.75, 5.25], "texture": "#0"},
				"south": {"uv": [5, 3.5, 5.25, 3.75], "texture": "#0"},
				"west": {"uv": [4, 5, 4.25, 5.25], "texture": "#0"},
				"up": {"uv": [4.5, 5.25, 4.25, 5], "texture": "#0"},
				"down": {"uv": [4.75, 5, 4.5, 5.25], "texture": "#0"}
			}
		},
		{
			"from": [11.9, 11.9, 7.4],
			"to": [13.1, 13.1, 8.6],
			"rotation": {"angle": 0, "axis": "y", "origin": [10, 12, 7]},
			"faces": {
				"north": {"uv": [5, 4.5, 5.25, 4.75], "texture": "#0"},
				"east": {"uv": [4.75, 5, 5, 5.25], "texture": "#0"},
				"south": {"uv": [5, 4.75, 5.25, 5], "texture": "#0"},
				"west": {"uv": [5, 5, 5.25, 5.25], "texture": "#0"},
				"up": {"uv": [0.25, 5.5, 0, 5.25], "texture": "#0"},
				"down": {"uv": [5.5, 0, 5.25, 0.25], "texture": "#0"}
			}
		},
		{
			"from": [2.95, 12, 7.5],
			"to": [13.05, 13, 8.5],
			"rotation": {"angle": 0, "axis": "y", "origin": [7, 12, 7]},
			"faces": {
				"north": {"uv": [1.5, 2, 4, 2.25], "texture": "#0"},
				"east": {"uv": [0.25, 5.25, 0.5, 5.5], "texture": "#0"},
				"south": {"uv": [1.5, 2.25, 4, 2.5], "texture": "#0"},
				"west": {"uv": [0.5, 5.25, 0.75, 5.5], "texture": "#0"},
				"up": {"uv": [4, 2.75, 1.5, 2.5], "texture": "#0"},
				"down": {"uv": [5.25, 0, 2.75, 0.25], "texture": "#0"}
			}
		},
		{
			"from": [6.9, 13.7, 7],
			"to": [9.1, 14.6, 9],
			"rotation": {"angle": 0, "axis": "y", "origin": [7, 14, 7]},
			"faces": {
				"north": {"uv": [4.75, 4, 5.25, 4.25], "texture": "#0"},
				"east": {"uv": [4.75, 4.25, 5.25, 4.5], "texture": "#0"},
				"south": {"uv": [4.5, 4.75, 5, 5], "texture": "#0"},
				"west": {"uv": [5, 0.25, 5.5, 0.5], "texture": "#0"},
				"up": {"uv": [1, 4.75, 0.5, 4.25], "texture": "#0"},
				"down": {"uv": [4.75, 2.5, 4.25, 3], "texture": "#0"}
			}
		},
		{
			"from": [6.9, 16, 7],
			"to": [9.1, 16.9, 9],
			"rotation": {"angle": 0, "axis": "y", "origin": [7, 16, 7]},
			"faces": {
				"north": {"uv": [0.5, 5, 1, 5.25], "texture": "#0"},
				"east": {"uv": [5, 0.5, 5.5, 0.75], "texture": "#0"},
				"south": {"uv": [5, 0.75, 5.5, 1], "texture": "#0"},
				"west": {"uv": [1, 5, 1.5, 5.25], "texture": "#0"},
				"up": {"uv": [4.75, 3.5, 4.25, 3], "texture": "#0"},
				"down": {"uv": [4.75, 4, 4.25, 4.5], "texture": "#0"}
			}
		},
		{
			"from": [6.4, 13.7, 7],
			"to": [7.3, 16.9, 9],
			"rotation": {"angle": 0, "axis": "y", "origin": [7.3, 14.3, 7]},
			"faces": {
				"north": {"uv": [0, 4.5, 0.25, 5.25], "texture": "#0"},
				"east": {"uv": [3.5, 0.25, 4, 1], "texture": "#0"},
				"south": {"uv": [0.25, 4.5, 0.5, 5.25], "texture": "#0"},
				"west": {"uv": [0.75, 3.5, 1.25, 4.25], "texture": "#0"},
				"up": {"uv": [4, 5.25, 3.75, 4.75], "texture": "#0"},
				"down": {"uv": [2.5, 5, 2.25, 5.5], "texture": "#0"}
			}
		},
		{
			"from": [6.45, 1.025, 7.075],
			"to": [6.75, 2.65, 7.175],
			"rotation": {"angle": 0, "axis": "y", "origin": [5.6, 0.65, 6.125]},
			"faces": {
				"north": {"uv": [0, 5.5, 0.25, 6.25], "texture": "#0"},
				"east": {"uv": [5.5, 0, 5.75, 0.75], "texture": "#0"},
				"south": {"uv": [0.5, 5.5, 0.75, 6.25], "texture": "#0"},
				"west": {"uv": [1, 5.5, 1.25, 6.25], "texture": "#0"},
				"up": {"uv": [2.25, 6.75, 2, 6.5], "texture": "#0"},
				"down": {"uv": [6.75, 2, 6.5, 2.25], "texture": "#0"}
			}
		},
		{
			"from": [6.4, 0.1, 7.125],
			"to": [6.6, 1.275, 7.225],
			"rotation": {"angle": 0, "axis": "y", "origin": [5.475, -0.525, 6.175]},
			"faces": {
				"north": {"uv": [2.5, 5.5, 2.75, 6], "texture": "#0"},
				"east": {"uv": [3, 5.5, 3.25, 6], "texture": "#0"},
				"south": {"uv": [5.5, 3, 5.75, 3.5], "texture": "#0"},
				"west": {"uv": [3.5, 5.5, 3.75, 6], "texture": "#0"},
				"up": {"uv": [2.75, 6.75, 2.5, 6.5], "texture": "#0"},
				"down": {"uv": [6.75, 2.5, 6.5, 2.75], "texture": "#0"}
			}
		},
		{
			"from": [6.075, 1.4, 7.1],
			"to": [6.275, 2.475, 7.225],
			"rotation": {"angle": 0, "axis": "y", "origin": [5.125, 0.675, 6.175]},
			"faces": {
				"north": {"uv": [5.5, 3.5, 5.75, 4], "texture": "#0"},
				"east": {"uv": [4, 5.5, 4.25, 6], "texture": "#0"},
				"south": {"uv": [5.5, 4, 5.75, 4.5], "texture": "#0"},
				"west": {"uv": [4.5, 5.5, 4.75, 6], "texture": "#0"},
				"up": {"uv": [3.25, 6.75, 3, 6.5], "texture": "#0"},
				"down": {"uv": [6.75, 3, 6.5, 3.25], "texture": "#0"}
			}
		},
		{
			"from": [6.725, 0.675, 7.125],
			"to": [6.85, 1.55, 7.225],
			"rotation": {"angle": 0, "axis": "y", "origin": [5.775, -0.25, 6.175]},
			"faces": {
				"north": {"uv": [5.5, 4.5, 5.75, 5], "texture": "#0"},
				"east": {"uv": [5, 5.5, 5.25, 6], "texture": "#0"},
				"south": {"uv": [5.5, 5, 5.75, 5.5], "texture": "#0"},
				"west": {"uv": [5.5, 5.5, 5.75, 6], "texture": "#0"},
				"up": {"uv": [3.75, 6.75, 3.5, 6.5], "texture": "#0"},
				"down": {"uv": [6.75, 3.5, 6.5, 3.75], "texture": "#0"}
			}
		},
		{
			"from": [6.1, 2.225, 7.05],
			"to": [6.6, 2.7, 7.225],
			"rotation": {"angle": 0, "axis": "y", "origin": [5.35, 2.225, 6.175]},
			"faces": {
				"north": {"uv": [4, 6.5, 4.25, 6.75], "texture": "#0"},
				"east": {"uv": [6.5, 4, 6.75, 4.25], "texture": "#0"},
				"south": {"uv": [4.5, 6.5, 4.75, 6.75], "texture": "#0"},
				"west": {"uv": [6.5, 4.5, 6.75, 4.75], "texture": "#0"},
				"up": {"uv": [5.25, 6.75, 5, 6.5], "texture": "#0"},
				"down": {"uv": [6.75, 5, 6.5, 5.25], "texture": "#0"}
			}
		},
		{
			"from": [5.875, 2.2, 8.75],
			"to": [6.325, 2.825, 8.95],
			"rotation": {"angle": 0, "axis": "y", "origin": [5.125, 2.35, 7.9]},
			"faces": {
				"north": {"uv": [5.5, 6.5, 5.75, 6.75], "texture": "#0"},
				"east": {"uv": [6.5, 5.5, 6.75, 5.75], "texture": "#0"},
				"south": {"uv": [6, 6.5, 6.25, 6.75], "texture": "#0"},
				"west": {"uv": [6.5, 6, 6.75, 6.25], "texture": "#0"},
				"up": {"uv": [6.75, 6.75, 6.5, 6.5], "texture": "#0"},
				"down": {"uv": [0.25, 7, 0, 7.25], "texture": "#0"}
			}
		},
		{
			"from": [5.825, 0.825, 8.8],
			"to": [6.025, 2.5, 8.925],
			"rotation": {"angle": 0, "axis": "y", "origin": [5.025, 1.725, 7.875]},
			"faces": {
				"north": {"uv": [5.5, 1, 5.75, 1.75], "texture": "#0"},
				"east": {"uv": [1.5, 5.5, 1.75, 6.25], "texture": "#0"},
				"south": {"uv": [2, 5.5, 2.25, 6.25], "texture": "#0"},
				"west": {"uv": [5.5, 2, 5.75, 2.75], "texture": "#0"},
				"up": {"uv": [7.25, 0.25, 7, 0], "texture": "#0"},
				"down": {"uv": [0.75, 7, 0.5, 7.25], "texture": "#0"}
			}
		},
		{
			"from": [5.725, 0.15, 8.775],
			"to": [5.9, 1.275, 8.9],
			"rotation": {"angle": 0, "axis": "y", "origin": [4.75, 0.925, 7.85]},
			"faces": {
				"north": {"uv": [6, 0, 6.25, 0.5], "texture": "#0"},
				"east": {"uv": [6, 0.5, 6.25, 1], "texture": "#0"},
				"south": {"uv": [6, 1, 6.25, 1.5], "texture": "#0"},
				"west": {"uv": [6, 1.5, 6.25, 2], "texture": "#0"},
				"up": {"uv": [7.25, 0.75, 7, 0.5], "texture": "#0"},
				"down": {"uv": [1.25, 7, 1, 7.25], "texture": "#0"}
			}
		},
		{
			"from": [5.975, 0.4, 8.825],
			"to": [6.075, 0.925, 8.95],
			"rotation": {"angle": 0, "axis": "y", "origin": [5.175, 0.475, 7.9]},
			"faces": {
				"north": {"uv": [7, 1, 7.25, 1.25], "texture": "#0"},
				"east": {"uv": [1.5, 7, 1.75, 7.25], "texture": "#0"},
				"south": {"uv": [7, 1.5, 7.25, 1.75], "texture": "#0"},
				"west": {"uv": [2, 7, 2.25, 7.25], "texture": "#0"},
				"up": {"uv": [7.25, 2.25, 7, 2], "texture": "#0"},
				"down": {"uv": [2.75, 7, 2.5, 7.25], "texture": "#0"}
			}
		},
		{
			"from": [6.175, 1.675, 8.775],
			"to": [6.4, 2.325, 8.9],
			"rotation": {"angle": 0, "axis": "y", "origin": [5.4, 1.75, 7.85]},
			"faces": {
				"north": {"uv": [7, 2.5, 7.25, 2.75], "texture": "#0"},
				"east": {"uv": [3, 7, 3.25, 7.25], "texture": "#0"},
				"south": {"uv": [7, 3, 7.25, 3.25], "texture": "#0"},
				"west": {"uv": [3.5, 7, 3.75, 7.25], "texture": "#0"},
				"up": {"uv": [7.25, 3.75, 7, 3.5], "texture": "#0"},
				"down": {"uv": [4.25, 7, 4, 7.25], "texture": "#0"}
			}
		},
		{
			"from": [6.15, 1.15, 8.775],
			"to": [6.3, 1.675, 8.9],
			"rotation": {"angle": 0, "axis": "y", "origin": [5.4, 1.225, 7.85]},
			"faces": {
				"north": {"uv": [7, 4, 7.25, 4.25], "texture": "#0"},
				"east": {"uv": [4.5, 7, 4.75, 7.25], "texture": "#0"},
				"south": {"uv": [7, 4.5, 7.25, 4.75], "texture": "#0"},
				"west": {"uv": [5, 7, 5.25, 7.25], "texture": "#0"},
				"up": {"uv": [7.25, 5.25, 7, 5], "texture": "#0"},
				"down": {"uv": [5.75, 7, 5.5, 7.25], "texture": "#0"}
			}
		},
		{
			"from": [5.875, 2.95, 7.125],
			"to": [6.475, 3.2, 7.675],
			"rotation": {"angle": -22.5, "axis": "z", "origin": [5.35, 2.225, 6.175]},
			"faces": {
				"north": {"uv": [7, 5.5, 7.25, 5.75], "texture": "#0"},
				"east": {"uv": [6, 7, 6.25, 7.25], "texture": "#0"},
				"south": {"uv": [7, 6, 7.25, 6.25], "texture": "#0"},
				"west": {"uv": [6.5, 7, 6.75, 7.25], "texture": "#0"},
				"up": {"uv": [7.25, 6.75, 7, 6.5], "texture": "#0"},
				"down": {"uv": [7.25, 7, 7, 7.25], "texture": "#0"}
			}
		},
		{
			"from": [5.65, 3.15, 7.95],
			"to": [6.075, 3.4, 8.9],
			"rotation": {"angle": -22.5, "axis": "z", "origin": [4.925, 2.425, 7.2]},
			"faces": {
				"north": {"uv": [0, 7.5, 0.25, 7.75], "texture": "#0"},
				"east": {"uv": [6, 2, 6.5, 2.25], "texture": "#0"},
				"south": {"uv": [7.5, 0, 7.75, 0.25], "texture": "#0"},
				"west": {"uv": [2.5, 6, 3, 6.25], "texture": "#0"},
				"up": {"uv": [6.25, 3, 6, 2.5], "texture": "#0"},
				"down": {"uv": [3.25, 6, 3, 6.5], "texture": "#0"}
			}
		},
		{
			"from": [5.8, 3.05, 7.625],
			"to": [6.275, 3.375, 8.3],
			"rotation": {"angle": -22.5, "axis": "z", "origin": [5.125, 2.325, 6.675]},
			"faces": {
				"north": {"uv": [0.5, 7.5, 0.75, 7.75], "texture": "#0"},
				"east": {"uv": [7.5, 0.5, 7.75, 0.75], "texture": "#0"},
				"south": {"uv": [1, 7.5, 1.25, 7.75], "texture": "#0"},
				"west": {"uv": [7.5, 1, 7.75, 1.25], "texture": "#0"},
				"up": {"uv": [1.75, 7.75, 1.5, 7.5], "texture": "#0"},
				"down": {"uv": [7.75, 1.5, 7.5, 1.75], "texture": "#0"}
			}
		},
		{
			"from": [2.525, 2.675, 7.425],
			"to": [2.875, 3.15, 7.6],
			"rotation": {"angle": 0, "axis": "y", "origin": [1.525, 2.675, 6.55]},
			"faces": {
				"north": {"uv": [2, 7.5, 2.25, 7.75], "texture": "#0"},
				"east": {"uv": [7.5, 2, 7.75, 2.25], "texture": "#0"},
				"south": {"uv": [2.5, 7.5, 2.75, 7.75], "texture": "#0"},
				"west": {"uv": [7.5, 2.5, 7.75, 2.75], "texture": "#0"},
				"up": {"uv": [3.25, 7.75, 3, 7.5], "texture": "#0"},
				"down": {"uv": [7.75, 3, 7.5, 3.25], "texture": "#0"}
			}
		},
		{
			"from": [2.15, 2.725, 7.45],
			"to": [2.65, 3.1, 7.6],
			"rotation": {"angle": 22.5, "axis": "z", "origin": [2.175, 4.075, 6.55]},
			"faces": {
				"north": {"uv": [3.5, 7.5, 3.75, 7.75], "texture": "#0"},
				"east": {"uv": [7.5, 3.5, 7.75, 3.75], "texture": "#0"},
				"south": {"uv": [4, 7.5, 4.25, 7.75], "texture": "#0"},
				"west": {"uv": [7.5, 4, 7.75, 4.25], "texture": "#0"},
				"up": {"uv": [4.75, 7.75, 4.5, 7.5], "texture": "#0"},
				"down": {"uv": [7.75, 4.5, 7.5, 4.75], "texture": "#0"}
			}
		},
		{
			"from": [2.45, 2.2, 7.45],
			"to": [2.7, 2.675, 7.575],
			"rotation": {"angle": 0, "axis": "y", "origin": [1.4, 2.2, 6.575]},
			"faces": {
				"north": {"uv": [5, 7.5, 5.25, 7.75], "texture": "#0"},
				"east": {"uv": [7.5, 5, 7.75, 5.25], "texture": "#0"},
				"south": {"uv": [5.5, 7.5, 5.75, 7.75], "texture": "#0"},
				"west": {"uv": [7.5, 5.5, 7.75, 5.75], "texture": "#0"},
				"up": {"uv": [6.25, 7.75, 6, 7.5], "texture": "#0"},
				"down": {"uv": [7.75, 6, 7.5, 6.25], "texture": "#0"}
			}
		},
		{
			"from": [2.6, 1.95, 7.525],
			"to": [2.725, 2.325, 7.65],
			"rotation": {"angle": 0, "axis": "y", "origin": [1.525, 1.85, 6.65]},
			"faces": {
				"north": {"uv": [6.5, 7.5, 6.75, 7.75], "texture": "#0"},
				"east": {"uv": [7.5, 6.5, 7.75, 6.75], "texture": "#0"},
				"south": {"uv": [7, 7.5, 7.25, 7.75], "texture": "#0"},
				"west": {"uv": [7.5, 7, 7.75, 7.25], "texture": "#0"},
				"up": {"uv": [7.75, 7.75, 7.5, 7.5], "texture": "#0"},
				"down": {"uv": [0.25, 8, 0, 8.25], "texture": "#0"}
			}
		},
		{
			"from": [2.425, 1.7, 7.375],
			"to": [2.525, 2.225, 7.5],
			"rotation": {"angle": 0, "axis": "y", "origin": [1.35, 1.75, 6.5]},
			"faces": {
				"north": {"uv": [8, 0, 8.25, 0.25], "texture": "#0"},
				"east": {"uv": [0.5, 8, 0.75, 8.25], "texture": "#0"},
				"south": {"uv": [8, 0.5, 8.25, 0.75], "texture": "#0"},
				"west": {"uv": [1, 8, 1.25, 8.25], "texture": "#0"},
				"up": {"uv": [8.25, 1.25, 8, 1], "texture": "#0"},
				"down": {"uv": [1.75, 8, 1.5, 8.25], "texture": "#0"}
			}
		},
		{
			"from": [10.525, 11.85, 7.425],
			"to": [11.075, 13.05, 7.75],
			"rotation": {"angle": 0, "axis": "y", "origin": [9.6, 11.05, 6.475]},
			"faces": {
				"north": {"uv": [6, 3, 6.25, 3.5], "texture": "#0"},
				"east": {"uv": [3.5, 6, 3.75, 6.5], "texture": "#0"},
				"south": {"uv": [6, 3.5, 6.25, 4], "texture": "#0"},
				"west": {"uv": [4, 6, 4.25, 6.5], "texture": "#0"},
				"up": {"uv": [8.25, 1.75, 8, 1.5], "texture": "#0"},
				"down": {"uv": [2.25, 8, 2, 8.25], "texture": "#0"}
			}
		},
		{
			"from": [10.15, 12.875, 8.1],
			"to": [10.65, 13.05, 8.425],
			"rotation": {"angle": 22.5, "axis": "y", "origin": [9.175, 12.075, 7.05]},
			"faces": {
				"north": {"uv": [8, 2, 8.25, 2.25], "texture": "#0"},
				"east": {"uv": [2.5, 8, 2.75, 8.25], "texture": "#0"},
				"south": {"uv": [8, 2.5, 8.25, 2.75], "texture": "#0"},
				"west": {"uv": [3, 8, 3.25, 8.25], "texture": "#0"},
				"up": {"uv": [8.25, 3.25, 8, 3], "texture": "#0"},
				"down": {"uv": [3.75, 8, 3.5, 8.25], "texture": "#0"}
			}
		},
		{
			"from": [10.875, 11.15, 7.475],
			"to": [11.2, 12.225, 7.7],
			"rotation": {"angle": 0, "axis": "y", "origin": [9.85, 10.225, 6.525]},
			"faces": {
				"north": {"uv": [6, 4, 6.25, 4.5], "texture": "#0"},
				"east": {"uv": [4.5, 6, 4.75, 6.5], "texture": "#0"},
				"south": {"uv": [6, 4.5, 6.25, 5], "texture": "#0"},
				"west": {"uv": [5, 6, 5.25, 6.5], "texture": "#0"},
				"up": {"uv": [8.25, 3.75, 8, 3.5], "texture": "#0"},
				"down": {"uv": [4.25, 8, 4, 8.25], "texture": "#0"}
			}
		},
		{
			"from": [10.375, 11.425, 7.475],
			"to": [10.6, 12.5, 7.775],
			"rotation": {"angle": 0, "axis": "y", "origin": [9.325, 10.5, 6.525]},
			"faces": {
				"north": {"uv": [6, 5, 6.25, 5.5], "texture": "#0"},
				"east": {"uv": [5.5, 6, 5.75, 6.5], "texture": "#0"},
				"south": {"uv": [6, 5.5, 6.25, 6], "texture": "#0"},
				"west": {"uv": [6, 6, 6.25, 6.5], "texture": "#0"},
				"up": {"uv": [8.25, 4.25, 8, 4], "texture": "#0"},
				"down": {"uv": [4.75, 8, 4.5, 8.25], "texture": "#0"}
			}
		},
		{
			"from": [10.35, 10.575, 7.55],
			"to": [10.5, 11.525, 7.8],
			"rotation": {"angle": 0, "axis": "y", "origin": [9.225, 9.525, 6.525]},
			"faces": {
				"north": {"uv": [0, 6.5, 0.25, 7], "texture": "#0"},
				"east": {"uv": [6.5, 0, 6.75, 0.5], "texture": "#0"},
				"south": {"uv": [0.5, 6.5, 0.75, 7], "texture": "#0"},
				"west": {"uv": [6.5, 0.5, 6.75, 1], "texture": "#0"},
				"up": {"uv": [8.25, 4.75, 8, 4.5], "texture": "#0"},
				"down": {"uv": [5.25, 8, 5, 8.25], "texture": "#0"}
			}
		},
		{
			"from": [10.8, 10.9, 7.575],
			"to": [10.95, 11.525, 7.75],
			"rotation": {"angle": 0, "axis": "y", "origin": [9.675, 9.525, 6.55]},
			"faces": {
				"north": {"uv": [8, 5, 8.25, 5.25], "texture": "#0"},
				"east": {"uv": [5.5, 8, 5.75, 8.25], "texture": "#0"},
				"south": {"uv": [8, 5.5, 8.25, 5.75], "texture": "#0"},
				"west": {"uv": [6, 8, 6.25, 8.25], "texture": "#0"},
				"up": {"uv": [8.25, 6.25, 8, 6], "texture": "#0"},
				"down": {"uv": [6.75, 8, 6.5, 8.25], "texture": "#0"}
			}
		},
		{
			"from": [11.125, 10.225, 7.425],
			"to": [11.275, 11.3, 7.6],
			"rotation": {"angle": 0, "axis": "y", "origin": [10, 9.3, 6.4]},
			"faces": {
				"north": {"uv": [1, 6.5, 1.25, 7], "texture": "#0"},
				"east": {"uv": [6.5, 1, 6.75, 1.5], "texture": "#0"},
				"south": {"uv": [1.5, 6.5, 1.75, 7], "texture": "#0"},
				"west": {"uv": [6.5, 1.5, 6.75, 2], "texture": "#0"},
				"up": {"uv": [8.25, 6.75, 8, 6.5], "texture": "#0"},
				"down": {"uv": [7.25, 8, 7, 8.25], "texture": "#0"}
			}
		}
	],
	"display": {},
	"groups": [
		{
			"name": "group",
			"origin": [7.3, 14.3, 7],
			"color": 0,
			"children": [0, 1, 2, 3, 4, 5, 6, 7, 8, 9, 10, 11, 12, 13, 14, 15, 16, 17, 18]
		},
		{
			"name": "group",
			"origin": [5.125, 2.325, 6.675],
			"color": 0,
			"children": [19, 20, 21, 22, 23, 24, 25, 26, 27, 28, 29, 30, 31, 32]
		},
		{
			"name": "group",
			"origin": [1.35, 1.75, 6.5],
			"color": 0,
			"children": [33, 34, 35, 36, 37]
		},
		{
			"name": "group",
			"origin": [10, 9.3, 6.4],
			"color": 0,
			"children": [38, 39, 40, 41, 42, 43, 44]
		}
	]
}