{
	"credit": "Made with Blockbench",
	"texture_size": [32, 32],
	"textures": {
		"0": "derp:item/anchor",
		"particle": "derp:item/anchor"
	},
	"elements": [
		{
			"from": [2.075, 2.725, 7.4],
			"to": [5.075, 4.3, 8.6],
			"rotation": {"angle": -22.5, "axis": "z", "origin": [2.075, 1.3, 0]},
			"faces": {
				"north": {"uv": [5.5, 0.5, 7, 1.5], "texture": "#0"},
				"east": {"uv": [9, 4, 9.5, 5], "texture": "#0"},
				"south": {"uv": [5.5, 1.5, 7, 2.5], "texture": "#0"},
				"west": {"uv": [4.5, 9, 5, 10], "texture": "#0"},
				"up": {"uv": [9.5, 3.5, 8, 3], "texture": "#0"},
				"down": {"uv": [10, 7, 8.5, 7.5], "texture": "#0"}
			}
		},
		{
			"from": [-1.425, 5.25, 7.5],
			"to": [2.675, 6.45, 8.5],
			"rotation": {"angle": -45, "axis": "z", "origin": [-0.325, 3.75, 0]},
			"faces": {
				"north": {"uv": [5.5, 3.5, 7.5, 4], "texture": "#0"},
				"east": {"uv": [2.5, 7, 3, 7.5], "texture": "#0"},
				"south": {"uv": [3.5, 7.5, 5.5, 8], "texture": "#0"},
				"west": {"uv": [1, 8, 1.5, 8.5], "texture": "#0"},
				"up": {"uv": [9.5, 4, 7.5, 3.5], "texture": "#0"},
				"down": {"uv": [7.5, 7.5, 5.5, 8], "texture": "#0"}
			}
		},
		{
			"from": [-0.3, 5.725, 7.5],
			"to": [1.6, 6.625, 8.5],
			"rotation": {"angle": -22.5, "axis": "z", "origin": [-0.2, 3.725, 0]},
			"faces": {
				"north": {"uv": [9, 2.5, 10, 3], "texture": "#0"},
				"east": {"uv": [8, 5, 8.5, 5.5], "texture": "#0"},
				"south": {"uv": [5, 9, 6, 9.5], "texture": "#0"},
				"west": {"uv": [2, 8.5, 2.5, 9], "texture": "#0"},
				"up": {"uv": [7, 9.5, 6, 9], "texture": "#0"},
				"down": {"uv": [8, 9, 7, 9.5], "texture": "#0"}
			}
		},
		{
			"from": [4.775, 1.425, 7.2],
			"to": [7.775, 3.2, 8.8],
			"rotation": {"angle": -22.5, "axis": "z", "origin": [4.775, 0.2, 0]},
			"faces": {
				"north": {"uv": [5.5, 2.5, 7, 3.5], "texture": "#0"},
				"east": {"uv": [7.5, 5.5, 8.5, 6.5], "texture": "#0"},
				"south": {"uv": [3, 5.5, 4.5, 6.5], "texture": "#0"},
				"west": {"uv": [7.5, 6.5, 8.5, 7.5], "texture": "#0"},
				"up": {"uv": [6, 6.5, 4.5, 5.5], "texture": "#0"},
				"down": {"uv": [1.5, 6, 0, 7], "texture": "#0"}
			}
		},
		{
			"from": [10.925, 2.725, 7.4],
			"to": [13.925, 4.3, 8.6],
			"rotation": {"angle": 22.5, "axis": "z", "origin": [13.925, 1.3, 0]},
			"faces": {
				"north": {"uv": [1.5, 6, 3, 7], "texture": "#0"},
				"east": {"uv": [8, 9, 8.5, 10], "texture": "#0"},
				"south": {"uv": [6, 5.5, 7.5, 6.5], "texture": "#0"},
				"west": {"uv": [8.5, 9, 9, 10], "texture": "#0"},
				"up": {"uv": [3.5, 9.5, 2, 9], "texture": "#0"},
				"down": {"uv": [10.5, 2, 9, 2.5], "texture": "#0"}
			}
		},
		{
			"from": [13.325, 5.25, 7.5],
			"to": [17.425, 6.35, 8.5],
			"rotation": {"angle": 45, "axis": "z", "origin": [16.325, 3.75, 0]},
			"faces": {
				"north": {"uv": [7.5, 7.5, 9.5, 8], "texture": "#0"},
				"east": {"uv": [10, 2.5, 10.5, 3], "texture": "#0"},
				"south": {"uv": [8, 0.5, 10, 1], "texture": "#0"},
				"west": {"uv": [5.5, 10, 6, 10.5], "texture": "#0"},
				"up": {"uv": [10, 1.5, 8, 1], "texture": "#0"},
				"down": {"uv": [10, 1.5, 8, 2], "texture": "#0"}
			}
		},
		{
			"from": [14.475, 5.65, 7.5],
			"to": [16.375, 6.55, 8.5],
			"rotation": {"angle": 22.5, "axis": "z", "origin": [16.275, 3.65, 0]},
			"faces": {
				"north": {"uv": [9, 9, 10, 9.5], "texture": "#0"},
				"east": {"uv": [10, 6, 10.5, 6.5], "texture": "#0"},
				"south": {"uv": [1, 9.5, 2, 10], "texture": "#0"},
				"west": {"uv": [6.5, 10, 7, 10.5], "texture": "#0"},
				"up": {"uv": [3, 10, 2, 9.5], "texture": "#0"},
				"down": {"uv": [10.5, 3, 9.5, 3.5], "texture": "#0"}
			}
		},
		{
			"from": [8.225, 1.425, 7.2],
			"to": [11.225, 3.2, 8.8],
			"rotation": {"angle": 22.5, "axis": "z", "origin": [11.225, 0.2, 0]},
			"faces": {
				"north": {"uv": [3, 6.5, 4.5, 7.5], "texture": "#0"},
				"east": {"uv": [0, 8, 1, 9], "texture": "#0"},
				"south": {"uv": [4.5, 6.5, 6, 7.5], "texture": "#0"},
				"west": {"uv": [8, 2, 9, 3], "texture": "#0"},
				"up": {"uv": [7.5, 7.5, 6, 6.5], "texture": "#0"},
				"down": {"uv": [1.5, 7, 0, 8], "texture": "#0"}
			}
		},
		{
			"from": [7.2, 2.4, 7.45],
			"to": [8.8, 14.5, 8.55],
			"rotation": {"angle": 0, "axis": "y", "origin": [7, 2, 7]},
			"faces": {
				"north": {"uv": [0, 0, 1, 6], "texture": "#0"},
				"east": {"uv": [2, 0, 2.5, 6], "texture": "#0"},
				"south": {"uv": [1, 0, 2, 6], "texture": "#0"},
				"west": {"uv": [2.5, 0, 3, 6], "texture": "#0"},
				"up": {"uv": [10.5, 4, 9.5, 3.5], "texture": "#0"},
				"down": {"uv": [10.5, 4, 9.5, 4.5], "texture": "#0"}
			}
		},
		{
			"from": [7.2, 0.7, 7.15],
			"to": [8.8, 2.4, 8.05],
			"rotation": {"angle": -22.5, "axis": "x", "origin": [0, 1, 7.25]},
			"faces": {
				"north": {"uv": [3.5, 8, 4.5, 9], "texture": "#0"},
				"east": {"uv": [3, 9.5, 3.5, 10.5], "texture": "#0"},
				"south": {"uv": [8, 4, 9, 5], "texture": "#0"},
				"west": {"uv": [9.5, 4.5, 10, 5.5], "texture": "#0"},
				"up": {"uv": [6, 10, 5, 9.5], "texture": "#0"},
				"down": {"uv": [10.5, 5.5, 9.5, 6], "texture": "#0"}
			}
		},
		{
			"from": [7.2, 0.7, 7.95],
			"to": [8.8, 2.4, 8.85],
			"rotation": {"angle": 22.5, "axis": "x", "origin": [0, 1, 8.75]},
			"faces": {
				"north": {"uv": [4.5, 8, 5.5, 9], "texture": "#0"},
				"east": {"uv": [6, 9.5, 6.5, 10.5], "texture": "#0"},
				"south": {"uv": [5.5, 8, 6.5, 9], "texture": "#0"},
				"west": {"uv": [9.5, 6, 10, 7], "texture": "#0"},
				"up": {"uv": [7.5, 10, 6.5, 9.5], "texture": "#0"},
				"down": {"uv": [10.5, 7.5, 9.5, 8], "texture": "#0"}
			}
		},
		{
			"from": [5.7, 11.75, 7.25],
			"to": [10.3, 13.25, 8.75],
			"rotation": {"angle": 0, "axis": "y", "origin": [7, 12, 7]},
			"faces": {
				"north": {"uv": [3, 0, 5.5, 1], "texture": "#0"},
				"east": {"uv": [6.5, 8, 7.5, 9], "texture": "#0"},
				"south": {"uv": [3, 1, 5.5, 2], "texture": "#0"},
				"west": {"uv": [7.5, 8, 8.5, 9], "texture": "#0"},
				"up": {"uv": [5.5, 3, 3, 2], "texture": "#0"},
				"down": {"uv": [5.5, 3, 3, 4], "texture": "#0"}
			}
		},
		{
			"from": [2.9, 11.9, 7.4],
			"to": [4.1, 13.1, 8.6],
			"rotation": {"angle": 0, "axis": "y", "origin": [1, 12, 7]},
			"faces": {
				"north": {"uv": [10, 6.5, 10.5, 7], "texture": "#0"},
				"east": {"uv": [7, 10, 7.5, 10.5], "texture": "#0"},
				"south": {"uv": [10, 7, 10.5, 7.5], "texture": "#0"},
				"west": {"uv": [8, 10, 8.5, 10.5], "texture": "#0"},
				"up": {"uv": [9, 10.5, 8.5, 10], "texture": "#0"},
				"down": {"uv": [9.5, 10, 9, 10.5], "texture": "#0"}
			}
		},
		{
			"from": [11.9, 11.9, 7.4],
			"to": [13.1, 13.1, 8.6],
			"rotation": {"angle": 0, "axis": "y", "origin": [10, 12, 7]},
			"faces": {
				"north": {"uv": [10, 9, 10.5, 9.5], "texture": "#0"},
				"east": {"uv": [9.5, 10, 10, 10.5], "texture": "#0"},
				"south": {"uv": [10, 9.5, 10.5, 10], "texture": "#0"},
				"west": {"uv": [10, 10, 10.5, 10.5], "texture": "#0"},
				"up": {"uv": [0.5, 11, 0, 10.5], "texture": "#0"},
				"down": {"uv": [11, 0, 10.5, 0.5], "texture": "#0"}
			}
		},
		{
			"from": [2.95, 12, 7.5],
			"to": [13.05, 13, 8.5],
			"rotation": {"angle": 0, "axis": "y", "origin": [7, 12, 7]},
			"faces": {
				"north": {"uv": [3, 4, 8, 4.5], "texture": "#0"},
				"east": {"uv": [0.5, 10.5, 1, 11], "texture": "#0"},
				"south": {"uv": [3, 4.5, 8, 5], "texture": "#0"},
				"west": {"uv": [1, 10.5, 1.5, 11], "texture": "#0"},
				"up": {"uv": [8, 5.5, 3, 5], "texture": "#0"},
				"down": {"uv": [10.5, 0, 5.5, 0.5], "texture": "#0"}
			}
		},
		{
			"from": [6.9, 13.7, 7],
			"to": [9.1, 14.6, 9],
			"rotation": {"angle": 0, "axis": "y", "origin": [7, 14, 7]},
			"faces": {
				"north": {"uv": [9.5, 8, 10.5, 8.5], "texture": "#0"},
				"east": {"uv": [9.5, 8.5, 10.5, 9], "texture": "#0"},
				"south": {"uv": [9, 9.5, 10, 10], "texture": "#0"},
				"west": {"uv": [10, 0.5, 11, 1], "texture": "#0"},
				"up": {"uv": [2, 9.5, 1, 8.5], "texture": "#0"},
				"down": {"uv": [9.5, 5, 8.5, 6], "texture": "#0"}
			}
		},
		{
			"from": [6.9, 16, 7],
			"to": [9.1, 16.9, 9],
			"rotation": {"angle": 0, "axis": "y", "origin": [7, 16, 7]},
			"faces": {
				"north": {"uv": [1, 10, 2, 10.5], "texture": "#0"},
				"east": {"uv": [10, 1, 11, 1.5], "texture": "#0"},
				"south": {"uv": [10, 1.5, 11, 2], "texture": "#0"},
				"west": {"uv": [2, 10, 3, 10.5], "texture": "#0"},
				"up": {"uv": [9.5, 7, 8.5, 6], "texture": "#0"},
				"down": {"uv": [9.5, 8, 8.5, 9], "texture": "#0"}
			}
		},
		{
			"from": [6.4, 13.7, 7],
			"to": [7.3, 16.9, 9],
			"rotation": {"angle": 0, "axis": "z", "origin": [7.3, 14.3, 7]},
			"faces": {
				"north": {"uv": [0, 9, 0.5, 10.5], "texture": "#0"},
				"east": {"uv": [7, 0.5, 8, 2], "texture": "#0"},
				"south": {"uv": [0.5, 9, 1, 10.5], "texture": "#0"},
				"west": {"uv": [1.5, 7, 2.5, 8.5], "texture": "#0"},
				"up": {"uv": [8, 10.5, 7.5, 9.5], "texture": "#0"},
				"down": {"uv": [5, 10, 4.5, 11], "texture": "#0"}
			}
		},
		{
			"from": [8.7, 13.7, 7],
			"to": [9.6, 16.9, 9],
			"rotation": {"angle": 0, "axis": "z", "origin": [9.3, 14.3, 7]},
			"faces": {
				"north": {"uv": [3.5, 9, 4, 10.5], "texture": "#0"},
				"east": {"uv": [7, 2, 8, 3.5], "texture": "#0"},
				"south": {"uv": [4, 9, 4.5, 10.5], "texture": "#0"},
				"west": {"uv": [2.5, 7.5, 3.5, 9], "texture": "#0"},
				"up": {"uv": [10.5, 5.5, 10, 4.5], "texture": "#0"},
				"down": {"uv": [5.5, 10, 5, 11], "texture": "#0"}
			}
		}
	],
	"display": {}
}