{
	"credit": "Made with Blockbench",
	"textures": {
		"0": "derp:item/castaways_catch_sign",
		"particle": "derp:item/castaways_catch_sign"
	},
	"elements": [
		{
			"from": [-13.79498, 0.7079, 15.1099],
			"to": [24.41497, 19.4777, 16.4506],
			"rotation": {"angle": 0, "axis": "y", "origin": [-5.4156, -5.9956, 13.7692]},
			"faces": {
				"north": {"uv": [0, 0, 7.25, 3.5], "texture": "#0"},
				"east": {"uv": [2.5, 7.25, 2.75, 10.75], "texture": "#0"},
				"south": {"uv": [0, 3.5, 7.25, 7], "texture": "#0"},
				"west": {"uv": [2.75, 7.25, 3, 10.75], "texture": "#0"},
				"up": {"uv": [9.25, 7.25, 2, 7], "texture": "#0"},
				"down": {"uv": [14.5, 0, 7.25, 0.25], "texture": "#0"}
			}
		},
		{
			"from": [8.55177, 21.39559, 14.00322],
			"to": [14.94321, 25.15527, 15.63145],
			"rotation": {"angle": -22.5, "axis": "z", "origin": [7.29855, 15.12947, 14.00322]},
			"faces": {
				"north": {"uv": [7.25, 0.25, 8.75, 1.25], "texture": "#0"},
				"east": {"uv": [6.75, 7.25, 7.25, 8.25], "texture": "#0"},
				"south": {"uv": [7.25, 1.25, 8.75, 2.25], "texture": "#0"},
				"west": {"uv": [7.25, 7.25, 7.75, 8.25], "texture": "#0"},
				"up": {"uv": [4.5, 7.75, 3, 7.25], "texture": "#0"},
				"down": {"uv": [6, 7.25, 4.5, 7.75], "texture": "#0"}
			}
		},
		{
			"from": [14.81789, 24.15269, 14.25387],
			"to": [16.5724, 25.10527, 15.50709],
			"rotation": {"angle": -22.5, "axis": "z", "origin": [7.29855, 15.12947, 14.25387]},
			"faces": {
				"north": {"uv": [5.5, 7.75, 6, 8], "texture": "#0"},
				"east": {"uv": [10.25, 10.25, 10.5, 10.5], "texture": "#0"},
				"south": {"uv": [8.75, 2.5, 9.25, 2.75], "texture": "#0"},
				"west": {"uv": [0, 10.5, 0.25, 10.75], "texture": "#0"},
				"up": {"uv": [9.25, 4.5, 8.75, 4.25], "texture": "#0"},
				"down": {"uv": [9.75, 4, 9.25, 4.25], "texture": "#0"}
			}
		},
		{
			"from": [5.54403, 22.64882, 14.37919],
			"to": [8.55177, 25.78188, 15.63242],
			"rotation": {"angle": -22.5, "axis": "z", "origin": [4.7921, 15.12947, 14.37919]},
			"faces": {
				"north": {"uv": [7.25, 5.5, 8, 6.25], "texture": "#0"},
				"east": {"uv": [8.25, 2.75, 8.5, 3.5], "texture": "#0"},
				"south": {"uv": [6, 7.25, 6.75, 8], "texture": "#0"},
				"west": {"uv": [4.75, 8.25, 5, 9], "texture": "#0"},
				"up": {"uv": [8.75, 6, 8, 5.75], "texture": "#0"},
				"down": {"uv": [8.75, 6, 8, 6.25], "texture": "#0"}
			}
		},
		{
			"from": [6.79726, 24.15269, 14.25387],
			"to": [7.29855, 25.28059, 15.50709],
			"rotation": {"angle": -22.5, "axis": "z", "origin": [4.7921, 15.63076, 14.25387]},
			"faces": {
				"north": {"uv": [0.25, 10.5, 0.5, 10.75], "texture": "#0"},
				"east": {"uv": [10.5, 0.25, 10.75, 0.5], "texture": "#0"},
				"south": {"uv": [0.5, 10.5, 0.75, 10.75], "texture": "#0"},
				"west": {"uv": [10.5, 0.5, 10.75, 0.75], "texture": "#0"},
				"up": {"uv": [10.75, 1, 10.5, 0.75], "texture": "#0"},
				"down": {"uv": [10.75, 1, 10.5, 1.25], "texture": "#0"}
			}
		},
		{
			"from": [17.31918, 17.6385, 14.35548],
			"to": [18.5724, 20.14495, 15.6837],
			"rotation": {"angle": 22.5, "axis": "z", "origin": [17.31918, 10.11916, 14.88048]},
			"faces": {
				"north": {"uv": [5, 8.25, 5.25, 9], "texture": "#0"},
				"east": {"uv": [7.75, 2.75, 8.25, 3.5], "texture": "#0"},
				"south": {"uv": [5.25, 8.25, 5.5, 9], "texture": "#0"},
				"west": {"uv": [3, 7.75, 3.5, 8.5], "texture": "#0"},
				"up": {"uv": [9, 6.25, 8.75, 5.75], "texture": "#0"},
				"down": {"uv": [9.25, 6.25, 9, 6.75], "texture": "#0"}
			}
		},
		{
			"from": [24.969, 11.3698, 14.37919],
			"to": [26.09691, 16.63334, 15.63242],
			"rotation": {"angle": 22.5, "axis": "z", "origin": [25.84626, 6.60755, 14.37919]},
			"faces": {
				"north": {"uv": [3.5, 7.75, 3.75, 9], "texture": "#0"},
				"east": {"uv": [3.75, 7.75, 4, 9], "texture": "#0"},
				"south": {"uv": [4, 7.75, 4.25, 9], "texture": "#0"},
				"west": {"uv": [4.25, 7.75, 4.5, 9], "texture": "#0"},
				"up": {"uv": [10.75, 1.5, 10.5, 1.25], "texture": "#0"},
				"down": {"uv": [10.75, 1.5, 10.5, 1.75], "texture": "#0"}
			}
		},
		{
			"from": [20.58272, 10.49255, 14.37919],
			"to": [25.84626, 11.62045, 15.63242],
			"rotation": {"angle": -22.5, "axis": "z", "origin": [30.60851, 11.3698, 14.37919]},
			"faces": {
				"north": {"uv": [7.25, 6.75, 8.5, 7], "texture": "#0"},
				"east": {"uv": [10.5, 1.75, 10.75, 2], "texture": "#0"},
				"south": {"uv": [7.75, 3.5, 9, 3.75], "texture": "#0"},
				"west": {"uv": [10.5, 2, 10.75, 2.25], "texture": "#0"},
				"up": {"uv": [9, 4, 7.75, 3.75], "texture": "#0"},
				"down": {"uv": [9, 4, 7.75, 4.25], "texture": "#0"}
			}
		},
		{
			"from": [25.97158, 9.13997, 14.62984],
			"to": [27.09949, 12.12174, 15.88306],
			"rotation": {"angle": 22.5, "axis": "z", "origin": [26.84884, 3.09852, 14.62984]},
			"faces": {
				"north": {"uv": [5.5, 8.25, 5.75, 9], "texture": "#0"},
				"east": {"uv": [5.75, 8.25, 6, 9], "texture": "#0"},
				"south": {"uv": [6, 8.25, 6.25, 9], "texture": "#0"},
				"west": {"uv": [6.25, 8.25, 6.5, 9], "texture": "#0"},
				"up": {"uv": [2.5, 10.75, 2.25, 10.5], "texture": "#0"},
				"down": {"uv": [10.75, 2.25, 10.5, 2.5], "texture": "#0"}
			}
		},
		{
			"from": [30.73384, 13.50028, 14.62984],
			"to": [31.86174, 16.13205, 15.88306],
			"rotation": {"angle": 45, "axis": "z", "origin": [31.61109, 7.10884, 14.62984]},
			"faces": {
				"north": {"uv": [6.75, 8.25, 7, 9], "texture": "#0"},
				"east": {"uv": [7, 8.25, 7.25, 9], "texture": "#0"},
				"south": {"uv": [7.25, 8.25, 7.5, 9], "texture": "#0"},
				"west": {"uv": [7.5, 8.25, 7.75, 9], "texture": "#0"},
				"up": {"uv": [10.75, 2.75, 10.5, 2.5], "texture": "#0"},
				"down": {"uv": [10.75, 2.75, 10.5, 3], "texture": "#0"}
			}
		},
		{
			"from": [19.45482, 18.26253, 14.42919],
			"to": [22.08659, 19.39044, 15.60742],
			"rotation": {"angle": 45, "axis": "z", "origin": [28.47803, 19.13979, 14.37919]},
			"faces": {
				"north": {"uv": [8.25, 6.25, 9, 6.5], "texture": "#0"},
				"east": {"uv": [10.5, 3, 10.75, 3.25], "texture": "#0"},
				"south": {"uv": [8.25, 6.5, 9, 6.75], "texture": "#0"},
				"west": {"uv": [10.5, 3.25, 10.75, 3.5], "texture": "#0"},
				"up": {"uv": [9, 8.25, 8.25, 8], "texture": "#0"},
				"down": {"uv": [9, 8.25, 8.25, 8.5], "texture": "#0"}
			}
		},
		{
			"from": [18.57756, 19.89173, 14.27887],
			"to": [21.45998, 20.76898, 15.50709],
			"rotation": {"angle": 0, "axis": "y", "origin": [28.60335, 19.13979, 14.25387]},
			"faces": {
				"north": {"uv": [8.5, 2.75, 9.25, 3], "texture": "#0"},
				"east": {"uv": [10.5, 3.5, 10.75, 3.75], "texture": "#0"},
				"south": {"uv": [8.5, 3, 9.25, 3.25], "texture": "#0"},
				"west": {"uv": [3.75, 10.5, 4, 10.75], "texture": "#0"},
				"up": {"uv": [9.25, 3.5, 8.5, 3.25], "texture": "#0"},
				"down": {"uv": [9.25, 6.75, 8.5, 7], "texture": "#0"}
			}
		},
		{
			"from": [14.56725, 21.27027, 14.20387],
			"to": [18.70288, 22.5235, 15.60709],
			"rotation": {"angle": 0, "axis": "y", "origin": [26.22223, 21.27027, 14.25387]},
			"faces": {
				"north": {"uv": [7.75, 4.25, 8.75, 4.5], "texture": "#0"},
				"east": {"uv": [10.5, 3.75, 10.75, 4], "texture": "#0"},
				"south": {"uv": [4.5, 7.75, 5.5, 8], "texture": "#0"},
				"west": {"uv": [4, 10.5, 4.25, 10.75], "texture": "#0"},
				"up": {"uv": [8.75, 7.5, 7.75, 7.25], "texture": "#0"},
				"down": {"uv": [8.75, 7.5, 7.75, 7.75], "texture": "#0"}
			}
		},
		{
			"from": [17.07369, 17.38528, 14.25387],
			"to": [20.58272, 18.6385, 15.50709],
			"rotation": {"angle": -22.5, "axis": "z", "origin": [27.60078, 16.3827, 14.25387]},
			"faces": {
				"north": {"uv": [7.75, 7.75, 8.75, 8], "texture": "#0"},
				"east": {"uv": [4.5, 10.5, 4.75, 10.75], "texture": "#0"},
				"south": {"uv": [4.5, 8, 5.5, 8.25], "texture": "#0"},
				"west": {"uv": [10.5, 4.75, 10.75, 5], "texture": "#0"},
				"up": {"uv": [6.5, 8.25, 5.5, 8], "texture": "#0"},
				"down": {"uv": [9, 5.5, 8, 5.75], "texture": "#0"}
			}
		},
		{
			"from": [16.07111, 4.85304, 13.97822],
			"to": [20.33208, 13.62561, 15.68145],
			"rotation": {"angle": 45, "axis": "z", "origin": [9.80499, 14.87883, 14.00322]},
			"faces": {
				"north": {"uv": [0, 7, 1, 9.25], "texture": "#0"},
				"east": {"uv": [2, 7.25, 2.5, 9.5], "texture": "#0"},
				"south": {"uv": [1, 7, 2, 9.25], "texture": "#0"},
				"west": {"uv": [7.25, 2.25, 7.75, 4.5], "texture": "#0"},
				"up": {"uv": [8.25, 6.75, 7.25, 6.25], "texture": "#0"},
				"down": {"uv": [8.75, 2.25, 7.75, 2.75], "texture": "#0"}
			}
		},
		{
			"from": [16.09611, 13.12432, 14.07822],
			"to": [17.07369, 15.2548, 15.25645],
			"rotation": {"angle": 45, "axis": "z", "origin": [9.80499, 14.87883, 14.00322]},
			"faces": {
				"north": {"uv": [9.5, 0.25, 9.75, 0.75], "texture": "#0"},
				"east": {"uv": [9.5, 0.75, 9.75, 1.25], "texture": "#0"},
				"south": {"uv": [9.5, 1.25, 9.75, 1.75], "texture": "#0"},
				"west": {"uv": [9.5, 1.75, 9.75, 2.25], "texture": "#0"},
				"up": {"uv": [10.75, 5.25, 10.5, 5], "texture": "#0"},
				"down": {"uv": [10.75, 5.25, 10.5, 5.5], "texture": "#0"}
			}
		},
		{
			"from": [10.75341, 11.15195, 14.99426],
			"to": [12.31574, 11.5307, 16.26395],
			"rotation": {"angle": -45, "axis": "z", "origin": [11.32153, 7.60119, 11]},
			"faces": {
				"north": {"uv": [10.5, 5.5, 10.75, 5.75], "texture": "#0"},
				"east": {"uv": [10.5, 5.75, 10.75, 6], "texture": "#0"},
				"south": {"uv": [10.5, 6, 10.75, 6.25], "texture": "#0"},
				"west": {"uv": [10.5, 6.25, 10.75, 6.5], "texture": "#0"},
				"up": {"uv": [10.75, 6.75, 10.5, 6.5], "texture": "#0"},
				"down": {"uv": [7, 10.5, 6.75, 10.75], "texture": "#0"}
			}
		},
		{
			"from": [14.11479, 9.82634, 14.99426],
			"to": [15.39307, 10.77321, 16.26395],
			"rotation": {"angle": 0, "axis": "y", "origin": [11.60559, 9.82634, 11]},
			"faces": {
				"north": {"uv": [10.5, 6.75, 10.75, 7], "texture": "#0"},
				"east": {"uv": [7, 10.5, 7.25, 10.75], "texture": "#0"},
				"south": {"uv": [10.5, 7, 10.75, 7.25], "texture": "#0"},
				"west": {"uv": [7.25, 10.5, 7.5, 10.75], "texture": "#0"},
				"up": {"uv": [10.75, 7.5, 10.5, 7.25], "texture": "#0"},
				"down": {"uv": [7.75, 10.5, 7.5, 10.75], "texture": "#0"}
			}
		},
		{
			"from": [13.6887, 10.29977, 14.99426],
			"to": [14.11479, 10.77321, 16.26395],
			"rotation": {"angle": 0, "axis": "y", "origin": [10.32732, 9.82634, 11]},
			"faces": {
				"north": {"uv": [10.5, 7.5, 10.75, 7.75], "texture": "#0"},
				"east": {"uv": [7.75, 10.5, 8, 10.75], "texture": "#0"},
				"south": {"uv": [10.5, 7.75, 10.75, 8], "texture": "#0"},
				"west": {"uv": [8, 10.5, 8.25, 10.75], "texture": "#0"},
				"up": {"uv": [10.75, 8.25, 10.5, 8], "texture": "#0"},
				"down": {"uv": [8.5, 10.5, 8.25, 10.75], "texture": "#0"}
			}
		},
		{
			"from": [16.52931, 7.1751, 14.99426],
			"to": [17.47618, 8.50072, 16.26395],
			"rotation": {"angle": 45, "axis": "z", "origin": [13.6887, 7.12776, 11]},
			"faces": {
				"north": {"uv": [10.5, 8.25, 10.75, 8.5], "texture": "#0"},
				"east": {"uv": [8.5, 10.5, 8.75, 10.75], "texture": "#0"},
				"south": {"uv": [10.5, 8.5, 10.75, 8.75], "texture": "#0"},
				"west": {"uv": [8.75, 10.5, 9, 10.75], "texture": "#0"},
				"up": {"uv": [10.75, 9, 10.5, 8.75], "texture": "#0"},
				"down": {"uv": [9.25, 10.5, 9, 10.75], "texture": "#0"}
			}
		},
		{
			"from": [15.5351, 8.54806, 14.99426],
			"to": [16.48197, 9.87368, 16.26395],
			"rotation": {"angle": -45, "axis": "z", "origin": [12.69449, 8.50072, 11]},
			"faces": {
				"north": {"uv": [10.5, 9, 10.75, 9.25], "texture": "#0"},
				"east": {"uv": [9.25, 10.5, 9.5, 10.75], "texture": "#0"},
				"south": {"uv": [10.5, 9.25, 10.75, 9.5], "texture": "#0"},
				"west": {"uv": [9.5, 10.5, 9.75, 10.75], "texture": "#0"},
				"up": {"uv": [10.75, 9.75, 10.5, 9.5], "texture": "#0"},
				"down": {"uv": [10, 10.5, 9.75, 10.75], "texture": "#0"}
			}
		},
		{
			"from": [0.00644, 7.88525, 14.99426],
			"to": [0.57456, 9.21087, 16.26395],
			"rotation": {"angle": -45, "axis": "z", "origin": [-3.21292, 7.83791, 11]},
			"faces": {
				"north": {"uv": [10.5, 9.75, 10.75, 10], "texture": "#0"},
				"east": {"uv": [10, 10.5, 10.25, 10.75], "texture": "#0"},
				"south": {"uv": [10.5, 10, 10.75, 10.25], "texture": "#0"},
				"west": {"uv": [10.25, 10.5, 10.5, 10.75], "texture": "#0"},
				"up": {"uv": [10.75, 10.5, 10.5, 10.25], "texture": "#0"},
				"down": {"uv": [10.75, 10.5, 10.5, 10.75], "texture": "#0"}
			}
		},
		{
			"from": [0.00644, 3.38762, 14.99426],
			"to": [0.57456, 4.71324, 16.26395],
			"rotation": {"angle": 45, "axis": "z", "origin": [-3.21292, 4.76058, 11]},
			"faces": {
				"north": {"uv": [0, 10.75, 0.25, 11], "texture": "#0"},
				"east": {"uv": [0.25, 10.75, 0.5, 11], "texture": "#0"},
				"south": {"uv": [10.75, 0.25, 11, 0.5], "texture": "#0"},
				"west": {"uv": [0.5, 10.75, 0.75, 11], "texture": "#0"},
				"up": {"uv": [11, 0.75, 10.75, 0.5], "texture": "#0"},
				"down": {"uv": [1, 10.75, 0.75, 11], "texture": "#0"}
			}
		},
		{
			"from": [-1.60324, 3.15091, 14.99426],
			"to": [-1.03512, 4.71324, 16.26395],
			"rotation": {"angle": -45, "axis": "z", "origin": [2.18424, 4.76058, 11]},
			"faces": {
				"north": {"uv": [10.75, 0.75, 11, 1], "texture": "#0"},
				"east": {"uv": [1, 10.75, 1.25, 11], "texture": "#0"},
				"south": {"uv": [10.75, 1, 11, 1.25], "texture": "#0"},
				"west": {"uv": [1.25, 10.75, 1.5, 11], "texture": "#0"},
				"up": {"uv": [11, 1.5, 10.75, 1.25], "texture": "#0"},
				"down": {"uv": [1.75, 10.75, 1.5, 11], "texture": "#0"}
			}
		},
		{
			"from": [-1.60324, 7.88525, 14.99426],
			"to": [-1.03512, 8.87947, 16.26395],
			"rotation": {"angle": 45, "axis": "z", "origin": [2.18424, 7.83791, 11]},
			"faces": {
				"north": {"uv": [10.75, 1.5, 11, 1.75], "texture": "#0"},
				"east": {"uv": [1.75, 10.75, 2, 11], "texture": "#0"},
				"south": {"uv": [10.75, 1.75, 11, 2], "texture": "#0"},
				"west": {"uv": [2, 10.75, 2.25, 11], "texture": "#0"},
				"up": {"uv": [11, 2.25, 10.75, 2], "texture": "#0"},
				"down": {"uv": [2.5, 10.75, 2.25, 11], "texture": "#0"}
			}
		},
		{
			"from": [15.285, 6.8, 14.9943],
			"to": [16.335, 9.825, 16.3193],
			"rotation": {"angle": 0, "axis": "y", "origin": [12.4195, 6.8, 11]},
			"faces": {
				"north": {"uv": [0, 13, 1, 16], "texture": "#0"},
				"east": {"uv": [13, 1, 13.25, 4], "texture": "#0"},
				"south": {"uv": [1, 13, 2, 16], "texture": "#0"},
				"west": {"uv": [2, 13, 2.25, 16], "texture": "#0"},
				"up": {"uv": [4, 13.25, 3, 13], "texture": "#0"},
				"down": {"uv": [5, 13, 4, 13.25], "texture": "#0"}
			}
		},
		{
			"from": [-0.18293, 5.84948, 14.99426],
			"to": [15.39307, 6.79635, 16.26395],
			"rotation": {"angle": 0, "axis": "y", "origin": [11.60559, 5.84948, 11]},
			"faces": {
				"north": {"uv": [7.25, 4.5, 10.25, 4.75], "texture": "#0"},
				"east": {"uv": [10.75, 2.25, 11, 2.5], "texture": "#0"},
				"south": {"uv": [7.25, 4.75, 10.25, 5], "texture": "#0"},
				"west": {"uv": [2.5, 10.75, 2.75, 11], "texture": "#0"},
				"up": {"uv": [10.25, 5.25, 7.25, 5], "texture": "#0"},
				"down": {"uv": [10.25, 5.25, 7.25, 5.5], "texture": "#0"}
			}
		},
		{
			"from": [12.36309, 6.98573, 14.99426],
			"to": [13.30995, 10.77321, 16.26395],
			"rotation": {"angle": 0, "axis": "y", "origin": [13.30995, 5.09199, 11]},
			"faces": {
				"north": {"uv": [3, 8.5, 3.25, 9.25], "texture": "#0"},
				"east": {"uv": [3.25, 8.5, 3.5, 9.25], "texture": "#0"},
				"south": {"uv": [8.25, 8.5, 8.5, 9.25], "texture": "#0"},
				"west": {"uv": [8.5, 8.5, 8.75, 9.25], "texture": "#0"},
				"up": {"uv": [11, 2.75, 10.75, 2.5], "texture": "#0"},
				"down": {"uv": [3, 10.75, 2.75, 11], "texture": "#0"}
			}
		},
		{
			"from": [10.32732, 8.73744, 14.99426],
			"to": [13.45199, 9.0215, 16.26395],
			"rotation": {"angle": 0, "axis": "y", "origin": [13.30995, 5.09199, 11]},
			"faces": {
				"north": {"uv": [9.25, 4.25, 9.75, 4.5], "texture": "#0"},
				"east": {"uv": [10.75, 2.75, 11, 3], "texture": "#0"},
				"south": {"uv": [9.5, 2.25, 10, 2.5], "texture": "#0"},
				"west": {"uv": [3, 10.75, 3.25, 11], "texture": "#0"},
				"up": {"uv": [10, 2.75, 9.5, 2.5], "texture": "#0"},
				"down": {"uv": [10, 2.75, 9.5, 3], "texture": "#0"}
			}
		},
		{
			"from": [10.46935, 6.98573, 14.99426],
			"to": [11.41622, 10.77321, 16.26395],
			"rotation": {"angle": 0, "axis": "y", "origin": [11.41622, 5.09199, 11]},
			"faces": {
				"north": {"uv": [8.75, 0.25, 9, 1], "texture": "#0"},
				"east": {"uv": [8.75, 1, 9, 1.75], "texture": "#0"},
				"south": {"uv": [8.75, 1.75, 9, 2.5], "texture": "#0"},
				"west": {"uv": [8.75, 7.25, 9, 8], "texture": "#0"},
				"up": {"uv": [11, 3.25, 10.75, 3], "texture": "#0"},
				"down": {"uv": [3.5, 10.75, 3.25, 11], "texture": "#0"}
			}
		},
		{
			"from": [11.41622, 9.82634, 14.99426],
			"to": [12.36309, 10.77321, 16.26395],
			"rotation": {"angle": 0, "axis": "y", "origin": [8.57561, 9.82634, 11]},
			"faces": {
				"north": {"uv": [10.75, 3.25, 11, 3.5], "texture": "#0"},
				"east": {"uv": [3.5, 10.75, 3.75, 11], "texture": "#0"},
				"south": {"uv": [10.75, 3.5, 11, 3.75], "texture": "#0"},
				"west": {"uv": [3.75, 10.75, 4, 11], "texture": "#0"},
				"up": {"uv": [11, 4, 10.75, 3.75], "texture": "#0"},
				"down": {"uv": [4.25, 10.75, 4, 11], "texture": "#0"}
			}
		},
		{
			"from": [11.41622, 7.9326, 14.99426],
			"to": [12.36309, 8.87947, 16.26395],
			"rotation": {"angle": 0, "axis": "y", "origin": [8.57561, 7.9326, 11]},
			"faces": {
				"north": {"uv": [10.75, 4, 11, 4.25], "texture": "#0"},
				"east": {"uv": [4.25, 10.75, 4.5, 11], "texture": "#0"},
				"south": {"uv": [10.75, 4.25, 11, 4.5], "texture": "#0"},
				"west": {"uv": [4.5, 10.75, 4.75, 11], "texture": "#0"},
				"up": {"uv": [11, 4.75, 10.75, 4.5], "texture": "#0"},
				"down": {"uv": [5, 10.75, 4.75, 11], "texture": "#0"}
			}
		},
		{
			"from": [8.05483, 6.98573, 14.99426],
			"to": [9.0017, 9.82634, 16.26395],
			"rotation": {"angle": 0, "axis": "y", "origin": [9.0017, 4.14512, 11]},
			"faces": {
				"north": {"uv": [9.5, 3, 9.75, 3.5], "texture": "#0"},
				"east": {"uv": [9.5, 3.5, 9.75, 4], "texture": "#0"},
				"south": {"uv": [9.5, 5.5, 9.75, 6], "texture": "#0"},
				"west": {"uv": [9.5, 6, 9.75, 6.5], "texture": "#0"},
				"up": {"uv": [11, 5, 10.75, 4.75], "texture": "#0"},
				"down": {"uv": [5.25, 10.75, 5, 11], "texture": "#0"}
			}
		},
		{
			"from": [7.10796, 9.82634, 14.99426],
			"to": [9.94857, 10.77321, 16.26395],
			"rotation": {"angle": 0, "axis": "y", "origin": [5.21422, 9.82634, 11]},
			"faces": {
				"north": {"uv": [9.5, 6.5, 10, 6.75], "texture": "#0"},
				"east": {"uv": [10.75, 5, 11, 5.25], "texture": "#0"},
				"south": {"uv": [9.5, 6.75, 10, 7], "texture": "#0"},
				"west": {"uv": [5.25, 10.75, 5.5, 11], "texture": "#0"},
				"up": {"uv": [10, 7.25, 9.5, 7], "texture": "#0"},
				"down": {"uv": [10, 7.25, 9.5, 7.5], "texture": "#0"}
			}
		},
		{
			"from": [7.96014, 8.73744, 14.99426],
			"to": [9.09639, 9.0215, 16.26395],
			"rotation": {"angle": 0, "axis": "y", "origin": [9.99591, 5.09199, 11]},
			"faces": {
				"north": {"uv": [10.75, 5.25, 11, 5.5], "texture": "#0"},
				"east": {"uv": [5.5, 10.75, 5.75, 11], "texture": "#0"},
				"south": {"uv": [10.75, 5.5, 11, 5.75], "texture": "#0"},
				"west": {"uv": [5.75, 10.75, 6, 11], "texture": "#0"},
				"up": {"uv": [11, 6, 10.75, 5.75], "texture": "#0"},
				"down": {"uv": [6.25, 10.75, 6, 11], "texture": "#0"}
			}
		},
		{
			"from": [9.47513, 9.54228, 14.99426],
			"to": [9.94857, 9.82634, 16.26395],
			"rotation": {"angle": 0, "axis": "y", "origin": [10.65872, 5.89683, 11]},
			"faces": {
				"north": {"uv": [10.75, 6, 11, 6.25], "texture": "#0"},
				"east": {"uv": [6.25, 10.75, 6.5, 11], "texture": "#0"},
				"south": {"uv": [10.75, 6.25, 11, 6.5], "texture": "#0"},
				"west": {"uv": [6.5, 10.75, 6.75, 11], "texture": "#0"},
				"up": {"uv": [11, 6.75, 10.75, 6.5], "texture": "#0"},
				"down": {"uv": [7, 10.75, 6.75, 11], "texture": "#0"}
			}
		},
		{
			"from": [7.10796, 9.54228, 14.99426],
			"to": [7.5814, 9.82634, 16.26395],
			"rotation": {"angle": 0, "axis": "y", "origin": [8.29155, 5.89683, 11]},
			"faces": {
				"north": {"uv": [10.75, 6.75, 11, 7], "texture": "#0"},
				"east": {"uv": [7, 10.75, 7.25, 11], "texture": "#0"},
				"south": {"uv": [10.75, 7, 11, 7.25], "texture": "#0"},
				"west": {"uv": [7.25, 10.75, 7.5, 11], "texture": "#0"},
				"up": {"uv": [11, 7.5, 10.75, 7.25], "texture": "#0"},
				"down": {"uv": [7.75, 10.75, 7.5, 11], "texture": "#0"}
			}
		},
		{
			"from": [5.735, 6.98573, 14.99426],
			"to": [6.68187, 10.77321, 16.26395],
			"rotation": {"angle": 0, "axis": "y", "origin": [6.68187, 5.09199, 11]},
			"faces": {
				"north": {"uv": [8.75, 8.5, 9, 9.25], "texture": "#0"},
				"east": {"uv": [9, 0.25, 9.25, 1], "texture": "#0"},
				"south": {"uv": [9, 1, 9.25, 1.75], "texture": "#0"},
				"west": {"uv": [9, 1.75, 9.25, 2.5], "texture": "#0"},
				"up": {"uv": [11, 7.75, 10.75, 7.5], "texture": "#0"},
				"down": {"uv": [8, 10.75, 7.75, 11], "texture": "#0"}
			}
		},
		{
			"from": [5.59297, 8.73744, 14.99426],
			"to": [6.8239, 9.0215, 16.26395],
			"rotation": {"angle": 0, "axis": "y", "origin": [6.68187, 5.09199, 11]},
			"faces": {
				"north": {"uv": [10.75, 7.75, 11, 8], "texture": "#0"},
				"east": {"uv": [8, 10.75, 8.25, 11], "texture": "#0"},
				"south": {"uv": [10.75, 8, 11, 8.25], "texture": "#0"},
				"west": {"uv": [8.25, 10.75, 8.5, 11], "texture": "#0"},
				"up": {"uv": [11, 8.5, 10.75, 8.25], "texture": "#0"},
				"down": {"uv": [8.75, 10.75, 8.5, 11], "texture": "#0"}
			}
		},
		{
			"from": [3.84126, 9.82634, 14.99426],
			"to": [5.735, 10.77321, 16.26395],
			"rotation": {"angle": 0, "axis": "y", "origin": [1.94752, 9.82634, 11]},
			"faces": {
				"north": {"uv": [10.75, 8.5, 11, 8.75], "texture": "#0"},
				"east": {"uv": [8.75, 10.75, 9, 11], "texture": "#0"},
				"south": {"uv": [10.75, 8.75, 11, 9], "texture": "#0"},
				"west": {"uv": [9, 10.75, 9.25, 11], "texture": "#0"},
				"up": {"uv": [11, 9.25, 10.75, 9], "texture": "#0"},
				"down": {"uv": [9.5, 10.75, 9.25, 11], "texture": "#0"}
			}
		},
		{
			"from": [3.84126, 6.98573, 14.99426],
			"to": [5.735, 7.9326, 16.26395],
			"rotation": {"angle": 0, "axis": "y", "origin": [1.94752, 6.98573, 11]},
			"faces": {
				"north": {"uv": [10.75, 9.25, 11, 9.5], "texture": "#0"},
				"east": {"uv": [9.5, 10.75, 9.75, 11], "texture": "#0"},
				"south": {"uv": [10.75, 9.5, 11, 9.75], "texture": "#0"},
				"west": {"uv": [9.75, 10.75, 10, 11], "texture": "#0"},
				"up": {"uv": [11, 10, 10.75, 9.75], "texture": "#0"},
				"down": {"uv": [10.25, 10.75, 10, 11], "texture": "#0"}
			}
		},
		{
			"from": [2.42096, 6.98573, 14.99426],
			"to": [3.36783, 10.77321, 16.26395],
			"rotation": {"angle": 0, "axis": "y", "origin": [3.36783, 5.09199, 11]},
			"faces": {
				"north": {"uv": [3.5, 9, 3.75, 9.75], "texture": "#0"},
				"east": {"uv": [9, 3.5, 9.25, 4.25], "texture": "#0"},
				"south": {"uv": [3.75, 9, 4, 9.75], "texture": "#0"},
				"west": {"uv": [4, 9, 4.25, 9.75], "texture": "#0"},
				"up": {"uv": [11, 10.25, 10.75, 10], "texture": "#0"},
				"down": {"uv": [10.5, 10.75, 10.25, 11], "texture": "#0"}
			}
		},
		{
			"from": [0.38519, 8.73744, 14.99426],
			"to": [3.50986, 9.0215, 16.26395],
			"rotation": {"angle": 0, "axis": "y", "origin": [3.36783, 5.09199, 11]},
			"faces": {
				"north": {"uv": [9.5, 7.5, 10, 7.75], "texture": "#0"},
				"east": {"uv": [10.75, 10.25, 11, 10.5], "texture": "#0"},
				"south": {"uv": [9.5, 7.75, 10, 8], "texture": "#0"},
				"west": {"uv": [10.5, 10.75, 10.75, 11], "texture": "#0"},
				"up": {"uv": [10, 8.25, 9.5, 8], "texture": "#0"},
				"down": {"uv": [10, 8.25, 9.5, 8.5], "texture": "#0"}
			}
		},
		{
			"from": [0.52722, 6.98573, 14.99426],
			"to": [1.47409, 10.77321, 16.26395],
			"rotation": {"angle": 0, "axis": "y", "origin": [1.47409, 5.09199, 11]},
			"faces": {
				"north": {"uv": [4.25, 9, 4.5, 9.75], "texture": "#0"},
				"east": {"uv": [4.75, 9, 5, 9.75], "texture": "#0"},
				"south": {"uv": [5, 9, 5.25, 9.75], "texture": "#0"},
				"west": {"uv": [5.25, 9, 5.5, 9.75], "texture": "#0"},
				"up": {"uv": [11, 10.75, 10.75, 10.5], "texture": "#0"},
				"down": {"uv": [11, 10.75, 10.75, 11], "texture": "#0"}
			}
		},
		{
			"from": [1.47409, 8.35869, 14.99426],
			"to": [2.42096, 9.30556, 16.26395],
			"rotation": {"angle": 0, "axis": "y", "origin": [-1.36652, 8.35869, 11]},
			"faces": {
				"north": {"uv": [0, 11, 0.25, 11.25], "texture": "#0"},
				"east": {"uv": [0.25, 11, 0.5, 11.25], "texture": "#0"},
				"south": {"uv": [11, 0.25, 11.25, 0.5], "texture": "#0"},
				"west": {"uv": [0.5, 11, 0.75, 11.25], "texture": "#0"},
				"up": {"uv": [11.25, 0.75, 11, 0.5], "texture": "#0"},
				"down": {"uv": [1, 11, 0.75, 11.25], "texture": "#0"}
			}
		},
		{
			"from": [17.09743, 11.72007, 14.96075],
			"to": [18.0443, 15.50755, 16.23043],
			"rotation": {"angle": 0, "axis": "y", "origin": [18.0443, 9.82634, 11]},
			"faces": {
				"north": {"uv": [5.5, 9, 5.75, 9.75], "texture": "#0"},
				"east": {"uv": [9, 5.5, 9.25, 6.25], "texture": "#0"},
				"south": {"uv": [5.75, 9, 6, 9.75], "texture": "#0"},
				"west": {"uv": [6, 9, 6.25, 9.75], "texture": "#0"},
				"up": {"uv": [11.25, 1, 11, 0.75], "texture": "#0"},
				"down": {"uv": [1.25, 11, 1, 11.25], "texture": "#0"}
			}
		},
		{
			"from": [16.9554, 13.47178, 14.96075],
			"to": [18.18633, 13.75584, 16.23043],
			"rotation": {"angle": 0, "axis": "y", "origin": [18.0443, 9.82634, 11]},
			"faces": {
				"north": {"uv": [11, 1, 11.25, 1.25], "texture": "#0"},
				"east": {"uv": [1.25, 11, 1.5, 11.25], "texture": "#0"},
				"south": {"uv": [11, 1.25, 11.25, 1.5], "texture": "#0"},
				"west": {"uv": [1.5, 11, 1.75, 11.25], "texture": "#0"},
				"up": {"uv": [11.25, 1.75, 11, 1.5], "texture": "#0"},
				"down": {"uv": [2, 11, 1.75, 11.25], "texture": "#0"}
			}
		},
		{
			"from": [15.20369, 14.56068, 14.96075],
			"to": [17.09743, 15.50755, 16.23043],
			"rotation": {"angle": 0, "axis": "y", "origin": [13.30995, 14.56068, 11]},
			"faces": {
				"north": {"uv": [11, 1.75, 11.25, 2], "texture": "#0"},
				"east": {"uv": [2, 11, 2.25, 11.25], "texture": "#0"},
				"south": {"uv": [11, 2, 11.25, 2.25], "texture": "#0"},
				"west": {"uv": [2.25, 11, 2.5, 11.25], "texture": "#0"},
				"up": {"uv": [11.25, 2.5, 11, 2.25], "texture": "#0"},
				"down": {"uv": [2.75, 11, 2.5, 11.25], "texture": "#0"}
			}
		},
		{
			"from": [15.20369, 11.72007, 14.96075],
			"to": [17.09743, 12.66694, 16.23043],
			"rotation": {"angle": 0, "axis": "y", "origin": [13.30995, 11.72007, 11]},
			"faces": {
				"north": {"uv": [11, 2.5, 11.25, 2.75], "texture": "#0"},
				"east": {"uv": [2.75, 11, 3, 11.25], "texture": "#0"},
				"south": {"uv": [11, 2.75, 11.25, 3], "texture": "#0"},
				"west": {"uv": [3, 11, 3.25, 11.25], "texture": "#0"},
				"up": {"uv": [11.25, 3.25, 11, 3], "texture": "#0"},
				"down": {"uv": [3.5, 11, 3.25, 11.25], "texture": "#0"}
			}
		},
		{
			"from": [13.78339, 11.72007, 14.96075],
			"to": [14.73026, 15.50755, 16.23043],
			"rotation": {"angle": 0, "axis": "y", "origin": [14.73026, 9.82634, 11]},
			"faces": {
				"north": {"uv": [6.25, 9, 6.5, 9.75], "texture": "#0"},
				"east": {"uv": [6.5, 9, 6.75, 9.75], "texture": "#0"},
				"south": {"uv": [6.75, 9, 7, 9.75], "texture": "#0"},
				"west": {"uv": [7, 9, 7.25, 9.75], "texture": "#0"},
				"up": {"uv": [11.25, 3.5, 11, 3.25], "texture": "#0"},
				"down": {"uv": [3.75, 11, 3.5, 11.25], "texture": "#0"}
			}
		},
		{
			"from": [11.74762, 13.47178, 14.96075],
			"to": [14.87229, 13.75584, 16.23043],
			"rotation": {"angle": 0, "axis": "y", "origin": [14.73026, 9.82634, 11]},
			"faces": {
				"north": {"uv": [9.5, 8.5, 10, 8.75], "texture": "#0"},
				"east": {"uv": [11, 3.5, 11.25, 3.75], "texture": "#0"},
				"south": {"uv": [9.5, 8.75, 10, 9], "texture": "#0"},
				"west": {"uv": [3.75, 11, 4, 11.25], "texture": "#0"},
				"up": {"uv": [10, 9.25, 9.5, 9], "texture": "#0"},
				"down": {"uv": [10, 9.25, 9.5, 9.5], "texture": "#0"}
			}
		},
		{
			"from": [11.88965, 11.72007, 14.96075],
			"to": [12.83652, 15.50755, 16.23043],
			"rotation": {"angle": 0, "axis": "y", "origin": [12.83652, 9.82634, 11]},
			"faces": {
				"north": {"uv": [7.25, 9, 7.5, 9.75], "texture": "#0"},
				"east": {"uv": [9, 7.25, 9.25, 8], "texture": "#0"},
				"south": {"uv": [7.5, 9, 7.75, 9.75], "texture": "#0"},
				"west": {"uv": [7.75, 9, 8, 9.75], "texture": "#0"},
				"up": {"uv": [11.25, 4, 11, 3.75], "texture": "#0"},
				"down": {"uv": [4.25, 11, 4, 11.25], "texture": "#0"}
			}
		},
		{
			"from": [12.83652, 14.56068, 14.96075],
			"to": [13.78339, 15.50755, 16.23043],
			"rotation": {"angle": 0, "axis": "y", "origin": [9.99591, 14.56068, 11]},
			"faces": {
				"north": {"uv": [11, 4, 11.25, 4.25], "texture": "#0"},
				"east": {"uv": [4.25, 11, 4.5, 11.25], "texture": "#0"},
				"south": {"uv": [11, 4.25, 11.25, 4.5], "texture": "#0"},
				"west": {"uv": [4.5, 11, 4.75, 11.25], "texture": "#0"},
				"up": {"uv": [11.25, 4.75, 11, 4.5], "texture": "#0"},
				"down": {"uv": [5, 11, 4.75, 11.25], "texture": "#0"}
			}
		},
		{
			"from": [12.83652, 12.66694, 14.96075],
			"to": [13.78339, 13.61381, 16.23043],
			"rotation": {"angle": 0, "axis": "y", "origin": [9.99591, 12.66694, 11]},
			"faces": {
				"north": {"uv": [11, 4.75, 11.25, 5], "texture": "#0"},
				"east": {"uv": [5, 11, 5.25, 11.25], "texture": "#0"},
				"south": {"uv": [11, 5, 11.25, 5.25], "texture": "#0"},
				"west": {"uv": [5.25, 11, 5.5, 11.25], "texture": "#0"},
				"up": {"uv": [11.25, 5.5, 11, 5.25], "texture": "#0"},
				"down": {"uv": [5.75, 11, 5.5, 11.25], "texture": "#0"}
			}
		},
		{
			"from": [10.422, 13.61381, 14.96075],
			"to": [11.36887, 15.50755, 16.23043],
			"rotation": {"angle": 0, "axis": "y", "origin": [11.36887, 9.82634, 11]},
			"faces": {
				"north": {"uv": [11, 5.5, 11.25, 5.75], "texture": "#0"},
				"east": {"uv": [5.75, 11, 6, 11.25], "texture": "#0"},
				"south": {"uv": [11, 5.75, 11.25, 6], "texture": "#0"},
				"west": {"uv": [6, 11, 6.25, 11.25], "texture": "#0"},
				"up": {"uv": [11.25, 6.25, 11, 6], "texture": "#0"},
				"down": {"uv": [6.5, 11, 6.25, 11.25], "texture": "#0"}
			}
		},
		{
			"from": [8.52826, 12.66694, 14.96075],
			"to": [9.47513, 13.61381, 16.23043],
			"rotation": {"angle": 0, "axis": "y", "origin": [9.47513, 9.82634, 11]},
			"faces": {
				"north": {"uv": [11, 6.25, 11.25, 6.5], "texture": "#0"},
				"east": {"uv": [6.5, 11, 6.75, 11.25], "texture": "#0"},
				"south": {"uv": [11, 6.5, 11.25, 6.75], "texture": "#0"},
				"west": {"uv": [6.75, 11, 7, 11.25], "texture": "#0"},
				"up": {"uv": [11.25, 7, 11, 6.75], "texture": "#0"},
				"down": {"uv": [7.25, 11, 7, 11.25], "texture": "#0"}
			}
		},
		{
			"from": [8.52826, 14.56068, 14.96075],
			"to": [11.36887, 15.50755, 16.23043],
			"rotation": {"angle": 0, "axis": "y", "origin": [6.63453, 14.56068, 11]},
			"faces": {
				"north": {"uv": [9.5, 9.5, 10, 9.75], "texture": "#0"},
				"east": {"uv": [11, 7, 11.25, 7.25], "texture": "#0"},
				"south": {"uv": [9.75, 0.25, 10.25, 0.5], "texture": "#0"},
				"west": {"uv": [7.25, 11, 7.5, 11.25], "texture": "#0"},
				"up": {"uv": [10.25, 0.75, 9.75, 0.5], "texture": "#0"},
				"down": {"uv": [10.25, 0.75, 9.75, 1], "texture": "#0"}
			}
		},
		{
			"from": [8.52826, 13.14038, 14.96075],
			"to": [11.36887, 14.08725, 16.23043],
			"rotation": {"angle": 0, "axis": "y", "origin": [6.63453, 13.14038, 11]},
			"faces": {
				"north": {"uv": [9.75, 1, 10.25, 1.25], "texture": "#0"},
				"east": {"uv": [11, 7.25, 11.25, 7.5], "texture": "#0"},
				"south": {"uv": [9.75, 1.25, 10.25, 1.5], "texture": "#0"},
				"west": {"uv": [7.5, 11, 7.75, 11.25], "texture": "#0"},
				"up": {"uv": [10.25, 1.75, 9.75, 1.5], "texture": "#0"},
				"down": {"uv": [10.25, 1.75, 9.75, 2], "texture": "#0"}
			}
		},
		{
			"from": [6.16109, 13.56647, 14.96075],
			"to": [7.5814, 13.85053, 16.23043],
			"rotation": {"angle": -45, "axis": "z", "origin": [8.29155, 9.92102, 11]},
			"faces": {
				"north": {"uv": [11, 7.5, 11.25, 7.75], "texture": "#0"},
				"east": {"uv": [7.75, 11, 8, 11.25], "texture": "#0"},
				"south": {"uv": [11, 7.75, 11.25, 8], "texture": "#0"},
				"west": {"uv": [8, 11, 8.25, 11.25], "texture": "#0"},
				"up": {"uv": [11.25, 8.25, 11, 8], "texture": "#0"},
				"down": {"uv": [8.5, 11, 8.25, 11.25], "texture": "#0"}
			}
		},
		{
			"from": [8.52826, 11.72007, 14.96075],
			"to": [11.36887, 12.66694, 16.23043],
			"rotation": {"angle": 0, "axis": "y", "origin": [6.63453, 11.72007, 11]},
			"faces": {
				"north": {"uv": [9.75, 2, 10.25, 2.25], "texture": "#0"},
				"east": {"uv": [11, 8.25, 11.25, 8.5], "texture": "#0"},
				"south": {"uv": [9.75, 3, 10.25, 3.25], "texture": "#0"},
				"west": {"uv": [8.5, 11, 8.75, 11.25], "texture": "#0"},
				"up": {"uv": [10.25, 3.5, 9.75, 3.25], "texture": "#0"},
				"down": {"uv": [4, 9.75, 3.5, 10], "texture": "#0"}
			}
		},
		{
			"from": [6.16109, 11.72007, 14.96075],
			"to": [7.10796, 14.56068, 16.23043],
			"rotation": {"angle": 0, "axis": "y", "origin": [7.10796, 8.87947, 11]},
			"faces": {
				"north": {"uv": [9, 9.5, 9.25, 10], "texture": "#0"},
				"east": {"uv": [9.75, 3.5, 10, 4], "texture": "#0"},
				"south": {"uv": [4, 9.75, 4.25, 10.25], "texture": "#0"},
				"west": {"uv": [9.75, 4, 10, 4.5], "texture": "#0"},
				"up": {"uv": [11.25, 8.75, 11, 8.5], "texture": "#0"},
				"down": {"uv": [9, 11, 8.75, 11.25], "texture": "#0"}
			}
		},
		{
			"from": [5.21422, 14.56068, 14.96075],
			"to": [8.05483, 15.50755, 16.23043],
			"rotation": {"angle": 0, "axis": "y", "origin": [3.32048, 14.56068, 11]},
			"faces": {
				"north": {"uv": [4.75, 9.75, 5.25, 10], "texture": "#0"},
				"east": {"uv": [11, 8.75, 11.25, 9], "texture": "#0"},
				"south": {"uv": [5.25, 9.75, 5.75, 10], "texture": "#0"},
				"west": {"uv": [9, 11, 9.25, 11.25], "texture": "#0"},
				"up": {"uv": [10.25, 5.75, 9.75, 5.5], "texture": "#0"},
				"down": {"uv": [6.25, 9.75, 5.75, 10], "texture": "#0"}
			}
		},
		{
			"from": [6.0664, 13.47178, 14.96075],
			"to": [7.20265, 13.75584, 16.23043],
			"rotation": {"angle": 0, "axis": "y", "origin": [8.10217, 9.82634, 11]},
			"faces": {
				"north": {"uv": [11, 9, 11.25, 9.25], "texture": "#0"},
				"east": {"uv": [9.25, 11, 9.5, 11.25], "texture": "#0"},
				"south": {"uv": [11, 9.25, 11.25, 9.5], "texture": "#0"},
				"west": {"uv": [9.5, 11, 9.75, 11.25], "texture": "#0"},
				"up": {"uv": [11.25, 9.75, 11, 9.5], "texture": "#0"},
				"down": {"uv": [10, 11, 9.75, 11.25], "texture": "#0"}
			}
		},
		{
			"from": [7.5814, 14.27662, 14.96075],
			"to": [8.05483, 14.56068, 16.23043],
			"rotation": {"angle": 0, "axis": "y", "origin": [8.76498, 10.63117, 11]},
			"faces": {
				"north": {"uv": [11, 9.75, 11.25, 10], "texture": "#0"},
				"east": {"uv": [10, 11, 10.25, 11.25], "texture": "#0"},
				"south": {"uv": [11, 10, 11.25, 10.25], "texture": "#0"},
				"west": {"uv": [10.25, 11, 10.5, 11.25], "texture": "#0"},
				"up": {"uv": [11.25, 10.5, 11, 10.25], "texture": "#0"},
				"down": {"uv": [10.75, 11, 10.5, 11.25], "texture": "#0"}
			}
		},
		{
			"from": [5.21422, 14.27662, 14.96075],
			"to": [5.68766, 14.56068, 16.23043],
			"rotation": {"angle": 0, "axis": "y", "origin": [6.39781, 10.63117, 11]},
			"faces": {
				"north": {"uv": [11, 10.5, 11.25, 10.75], "texture": "#0"},
				"east": {"uv": [10.75, 11, 11, 11.25], "texture": "#0"},
				"south": {"uv": [11, 10.75, 11.25, 11], "texture": "#0"},
				"west": {"uv": [11, 11, 11.25, 11.25], "texture": "#0"},
				"up": {"uv": [0.25, 11.5, 0, 11.25], "texture": "#0"},
				"down": {"uv": [0.5, 11.25, 0.25, 11.5], "texture": "#0"}
			}
		},
		{
			"from": [3.84126, 11.72007, 14.96075],
			"to": [4.78813, 15.50755, 16.23043],
			"rotation": {"angle": 0, "axis": "y", "origin": [4.78813, 9.82634, 11]},
			"faces": {
				"north": {"uv": [8, 9, 8.25, 9.75], "texture": "#0"},
				"east": {"uv": [9, 8, 9.25, 8.75], "texture": "#0"},
				"south": {"uv": [9, 8.75, 9.25, 9.5], "texture": "#0"},
				"west": {"uv": [0, 9.25, 0.25, 10], "texture": "#0"},
				"up": {"uv": [11.5, 0.5, 11.25, 0.25], "texture": "#0"},
				"down": {"uv": [0.75, 11.25, 0.5, 11.5], "texture": "#0"}
			}
		},
		{
			"from": [1.80549, 13.47178, 14.96075],
			"to": [4.93016, 13.75584, 16.23043],
			"rotation": {"angle": 0, "axis": "y", "origin": [4.78813, 9.82634, 11]},
			"faces": {
				"north": {"uv": [9.75, 5.75, 10.25, 6], "texture": "#0"},
				"east": {"uv": [11.25, 0.5, 11.5, 0.75], "texture": "#0"},
				"south": {"uv": [9.75, 6, 10.25, 6.25], "texture": "#0"},
				"west": {"uv": [0.75, 11.25, 1, 11.5], "texture": "#0"},
				"up": {"uv": [6.75, 10, 6.25, 9.75], "texture": "#0"},
				"down": {"uv": [10.25, 6.25, 9.75, 6.5], "texture": "#0"}
			}
		},
		{
			"from": [1.94752, 11.72007, 14.96075],
			"to": [2.89439, 15.50755, 16.23043],
			"rotation": {"angle": 0, "axis": "y", "origin": [2.89439, 9.82634, 11]},
			"faces": {
				"north": {"uv": [0.25, 9.25, 0.5, 10], "texture": "#0"},
				"east": {"uv": [9.25, 0.25, 9.5, 1], "texture": "#0"},
				"south": {"uv": [0.5, 9.25, 0.75, 10], "texture": "#0"},
				"west": {"uv": [0.75, 9.25, 1, 10], "texture": "#0"},
				"up": {"uv": [11.5, 1, 11.25, 0.75], "texture": "#0"},
				"down": {"uv": [1.25, 11.25, 1, 11.5], "texture": "#0"}
			}
		},
		{
			"from": [2.89439, 14.56068, 14.96075],
			"to": [3.84126, 15.50755, 16.23043],
			"rotation": {"angle": 0, "axis": "y", "origin": [0.05378, 14.56068, 11]},
			"faces": {
				"north": {"uv": [11.25, 1, 11.5, 1.25], "texture": "#0"},
				"east": {"uv": [1.25, 11.25, 1.5, 11.5], "texture": "#0"},
				"south": {"uv": [11.25, 1.25, 11.5, 1.5], "texture": "#0"},
				"west": {"uv": [1.5, 11.25, 1.75, 11.5], "texture": "#0"},
				"up": {"uv": [11.5, 1.75, 11.25, 1.5], "texture": "#0"},
				"down": {"uv": [2, 11.25, 1.75, 11.5], "texture": "#0"}
			}
		},
		{
			"from": [2.89439, 12.66694, 14.96075],
			"to": [3.84126, 13.61381, 16.23043],
			"rotation": {"angle": 0, "axis": "y", "origin": [0.05378, 12.66694, 11]},
			"faces": {
				"north": {"uv": [11.25, 1.75, 11.5, 2], "texture": "#0"},
				"east": {"uv": [2, 11.25, 2.25, 11.5], "texture": "#0"},
				"south": {"uv": [11.25, 2, 11.5, 2.25], "texture": "#0"},
				"west": {"uv": [2.25, 11.25, 2.5, 11.5], "texture": "#0"},
				"up": {"uv": [11.5, 2.5, 11.25, 2.25], "texture": "#0"},
				"down": {"uv": [2.75, 11.25, 2.5, 11.5], "texture": "#0"}
			}
		},
		{
			"from": [0.52722, 11.72007, 14.96075],
			"to": [1.47409, 15.50755, 16.23043],
			"rotation": {"angle": 0, "axis": "y", "origin": [1.47409, 9.82634, 11]},
			"faces": {
				"north": {"uv": [1, 9.25, 1.25, 10], "texture": "#0"},
				"east": {"uv": [9.25, 1, 9.5, 1.75], "texture": "#0"},
				"south": {"uv": [1.25, 9.25, 1.5, 10], "texture": "#0"},
				"west": {"uv": [1.5, 9.25, 1.75, 10], "texture": "#0"},
				"up": {"uv": [11.5, 2.75, 11.25, 2.5], "texture": "#0"},
				"down": {"uv": [3, 11.25, 2.75, 11.5], "texture": "#0"}
			}
		},
		{
			"from": [0.38519, 13.47178, 14.96075],
			"to": [1.61612, 13.75584, 16.23043],
			"rotation": {"angle": 0, "axis": "y", "origin": [1.47409, 9.82634, 11]},
			"faces": {
				"north": {"uv": [11.25, 2.75, 11.5, 3], "texture": "#0"},
				"east": {"uv": [3, 11.25, 3.25, 11.5], "texture": "#0"},
				"south": {"uv": [11.25, 3, 11.5, 3.25], "texture": "#0"},
				"west": {"uv": [3.25, 11.25, 3.5, 11.5], "texture": "#0"},
				"up": {"uv": [11.5, 3.5, 11.25, 3.25], "texture": "#0"},
				"down": {"uv": [3.75, 11.25, 3.5, 11.5], "texture": "#0"}
			}
		},
		{
			"from": [-1.50855, 13.47178, 14.96075],
			"to": [-0.27762, 13.75584, 16.23043],
			"rotation": {"angle": 0, "axis": "y", "origin": [-0.41965, 9.82634, 11]},
			"faces": {
				"north": {"uv": [11.25, 3.5, 11.5, 3.75], "texture": "#0"},
				"east": {"uv": [3.75, 11.25, 4, 11.5], "texture": "#0"},
				"south": {"uv": [11.25, 3.75, 11.5, 4], "texture": "#0"},
				"west": {"uv": [4, 11.25, 4.25, 11.5], "texture": "#0"},
				"up": {"uv": [11.5, 4.25, 11.25, 4], "texture": "#0"},
				"down": {"uv": [4.5, 11.25, 4.25, 11.5], "texture": "#0"}
			}
		},
		{
			"from": [-1.36652, 11.72007, 14.96075],
			"to": [-0.41965, 15.50755, 16.23043],
			"rotation": {"angle": 0, "axis": "y", "origin": [-0.41965, 9.82634, 11]},
			"faces": {
				"north": {"uv": [1.75, 9.25, 2, 10], "texture": "#0"},
				"east": {"uv": [9.25, 1.75, 9.5, 2.5], "texture": "#0"},
				"south": {"uv": [9.25, 2.5, 9.5, 3.25], "texture": "#0"},
				"west": {"uv": [3, 9.25, 3.25, 10], "texture": "#0"},
				"up": {"uv": [11.5, 4.5, 11.25, 4.25], "texture": "#0"},
				"down": {"uv": [4.75, 11.25, 4.5, 11.5], "texture": "#0"}
			}
		},
		{
			"from": [0.19581, 10.20508, 14.96075],
			"to": [1.80549, 11.15195, 16.23043],
			"rotation": {"angle": 45, "axis": "z", "origin": [-1.93464, 10.20508, 11]},
			"faces": {
				"north": {"uv": [11.25, 4.5, 11.5, 4.75], "texture": "#0"},
				"east": {"uv": [4.75, 11.25, 5, 11.5], "texture": "#0"},
				"south": {"uv": [11.25, 4.75, 11.5, 5], "texture": "#0"},
				"west": {"uv": [5, 11.25, 5.25, 11.5], "texture": "#0"},
				"up": {"uv": [11.5, 5.25, 11.25, 5], "texture": "#0"},
				"down": {"uv": [5.5, 11.25, 5.25, 11.5], "texture": "#0"}
			}
		},
		{
			"from": [1.75815, 12.99835, 14.96075],
			"to": [2.70502, 14.60803, 16.23043],
			"rotation": {"angle": 45, "axis": "z", "origin": [2.70502, 10.86789, 11]},
			"faces": {
				"north": {"uv": [11.25, 5.25, 11.5, 5.5], "texture": "#0"},
				"east": {"uv": [5.5, 11.25, 5.75, 11.5], "texture": "#0"},
				"south": {"uv": [11.25, 5.5, 11.5, 5.75], "texture": "#0"},
				"west": {"uv": [5.75, 11.25, 6, 11.5], "texture": "#0"},
				"up": {"uv": [11.5, 6, 11.25, 5.75], "texture": "#0"},
				"down": {"uv": [6.25, 11.25, 6, 11.5], "texture": "#0"}
			}
		},
		{
			"from": [-2.78682, 11.72007, 14.96075],
			"to": [-1.83995, 15.50755, 16.23043],
			"rotation": {"angle": 0, "axis": "y", "origin": [-1.83995, 9.82634, 11]},
			"faces": {
				"north": {"uv": [3.25, 9.25, 3.5, 10], "texture": "#0"},
				"east": {"uv": [9.25, 3.25, 9.5, 4], "texture": "#0"},
				"south": {"uv": [4.5, 9.25, 4.75, 10], "texture": "#0"},
				"west": {"uv": [9.25, 5.5, 9.5, 6.25], "texture": "#0"},
				"up": {"uv": [11.5, 6.25, 11.25, 6], "texture": "#0"},
				"down": {"uv": [6.5, 11.25, 6.25, 11.5], "texture": "#0"}
			}
		},
		{
			"from": [-4.82259, 13.47178, 14.96075],
			"to": [-1.69792, 13.75584, 16.23043],
			"rotation": {"angle": 0, "axis": "y", "origin": [-1.83996, 9.82634, 11]},
			"faces": {
				"north": {"uv": [6.75, 9.75, 7.25, 10], "texture": "#0"},
				"east": {"uv": [11.25, 6.25, 11.5, 6.5], "texture": "#0"},
				"south": {"uv": [7.25, 9.75, 7.75, 10], "texture": "#0"},
				"west": {"uv": [6.5, 11.25, 6.75, 11.5], "texture": "#0"},
				"up": {"uv": [8.25, 10, 7.75, 9.75], "texture": "#0"},
				"down": {"uv": [10, 9.75, 9.5, 10], "texture": "#0"}
			}
		},
		{
			"from": [-4.68056, 11.72007, 14.96075],
			"to": [-3.73369, 15.50755, 16.23043],
			"rotation": {"angle": 0, "axis": "y", "origin": [-3.73369, 9.82634, 11]},
			"faces": {
				"north": {"uv": [9.25, 6.25, 9.5, 7], "texture": "#0"},
				"east": {"uv": [9.25, 7, 9.5, 7.75], "texture": "#0"},
				"south": {"uv": [9.25, 7.75, 9.5, 8.5], "texture": "#0"},
				"west": {"uv": [8.25, 9.25, 8.5, 10], "texture": "#0"},
				"up": {"uv": [11.5, 6.75, 11.25, 6.5], "texture": "#0"},
				"down": {"uv": [7, 11.25, 6.75, 11.5], "texture": "#0"}
			}
		},
		{
			"from": [-3.73369, 14.56068, 14.96075],
			"to": [-2.78682, 15.50755, 16.23043],
			"rotation": {"angle": 0, "axis": "y", "origin": [-6.5743, 14.56068, 11]},
			"faces": {
				"north": {"uv": [11.25, 6.75, 11.5, 7], "texture": "#0"},
				"east": {"uv": [7, 11.25, 7.25, 11.5], "texture": "#0"},
				"south": {"uv": [11.25, 7, 11.5, 7.25], "texture": "#0"},
				"west": {"uv": [7.25, 11.25, 7.5, 11.5], "texture": "#0"},
				"up": {"uv": [11.5, 7.5, 11.25, 7.25], "texture": "#0"},
				"down": {"uv": [7.75, 11.25, 7.5, 11.5], "texture": "#0"}
			}
		},
		{
			"from": [-3.73369, 12.66694, 14.96075],
			"to": [-2.78682, 13.61381, 16.23043],
			"rotation": {"angle": 0, "axis": "y", "origin": [-6.5743, 12.66694, 11]},
			"faces": {
				"north": {"uv": [11.25, 7.5, 11.5, 7.75], "texture": "#0"},
				"east": {"uv": [7.75, 11.25, 8, 11.5], "texture": "#0"},
				"south": {"uv": [11.25, 7.75, 11.5, 8], "texture": "#0"},
				"west": {"uv": [8, 11.25, 8.25, 11.5], "texture": "#0"},
				"up": {"uv": [11.5, 8.25, 11.25, 8], "texture": "#0"},
				"down": {"uv": [8.5, 11.25, 8.25, 11.5], "texture": "#0"}
			}
		},
		{
			"from": [-6.10087, 13.61381, 14.96075],
			"to": [-5.154, 15.50755, 16.23043],
			"rotation": {"angle": 0, "axis": "y", "origin": [-5.154, 9.82634, 11]},
			"faces": {
				"north": {"uv": [11.25, 8.25, 11.5, 8.5], "texture": "#0"},
				"east": {"uv": [8.5, 11.25, 8.75, 11.5], "texture": "#0"},
				"south": {"uv": [11.25, 8.5, 11.5, 8.75], "texture": "#0"},
				"west": {"uv": [8.75, 11.25, 9, 11.5], "texture": "#0"},
				"up": {"uv": [11.5, 9, 11.25, 8.75], "texture": "#0"},
				"down": {"uv": [9.25, 11.25, 9, 11.5], "texture": "#0"}
			}
		},
		{
			"from": [-7.99461, 13.61381, 14.96075],
			"to": [-7.04774, 15.50755, 16.23043],
			"rotation": {"angle": 0, "axis": "y", "origin": [-7.04774, 9.82634, 11]},
			"faces": {
				"north": {"uv": [11.25, 9, 11.5, 9.25], "texture": "#0"},
				"east": {"uv": [9.25, 11.25, 9.5, 11.5], "texture": "#0"},
				"south": {"uv": [11.25, 9.25, 11.5, 9.5], "texture": "#0"},
				"west": {"uv": [9.5, 11.25, 9.75, 11.5], "texture": "#0"},
				"up": {"uv": [11.5, 9.75, 11.25, 9.5], "texture": "#0"},
				"down": {"uv": [10, 11.25, 9.75, 11.5], "texture": "#0"}
			}
		},
		{
			"from": [-7.04774, 11.72007, 14.96075],
			"to": [-6.10087, 14.56068, 16.23043],
			"rotation": {"angle": 0, "axis": "y", "origin": [-9.88834, 12.66694, 11]},
			"faces": {
				"north": {"uv": [4.25, 9.75, 4.5, 10.25], "texture": "#0"},
				"east": {"uv": [0, 10, 0.25, 10.5], "texture": "#0"},
				"south": {"uv": [0.25, 10, 0.5, 10.5], "texture": "#0"},
				"west": {"uv": [0.5, 10, 0.75, 10.5], "texture": "#0"},
				"up": {"uv": [11.5, 10, 11.25, 9.75], "texture": "#0"},
				"down": {"uv": [10.25, 11.25, 10, 11.5], "texture": "#0"}
			}
		},
		{
			"from": [-7.18977, 13.23507, 14.96075],
			"to": [-5.95884, 13.51913, 16.23043],
			"rotation": {"angle": 0, "axis": "y", "origin": [-5.154, 9.58962, 11]},
			"faces": {
				"north": {"uv": [11.25, 10, 11.5, 10.25], "texture": "#0"},
				"east": {"uv": [10.25, 11.25, 10.5, 11.5], "texture": "#0"},
				"south": {"uv": [11.25, 10.25, 11.5, 10.5], "texture": "#0"},
				"west": {"uv": [10.5, 11.25, 10.75, 11.5], "texture": "#0"},
				"up": {"uv": [11.5, 10.75, 11.25, 10.5], "texture": "#0"},
				"down": {"uv": [11, 11.25, 10.75, 11.5], "texture": "#0"}
			}
		},
		{
			"from": [-5.05931, 16.45442, 14.96075],
			"to": [-4.77525, 20.99892, 16.23043],
			"rotation": {"angle": 45, "axis": "z", "origin": [-4.68056, 11.72007, 11]},
			"faces": {
				"north": {"uv": [6.5, 8, 6.75, 9], "texture": "#0"},
				"east": {"uv": [7.75, 8, 8, 9], "texture": "#0"},
				"south": {"uv": [8, 8, 8.25, 9], "texture": "#0"},
				"west": {"uv": [4.5, 8.25, 4.75, 9.25], "texture": "#0"},
				"up": {"uv": [11.5, 11, 11.25, 10.75], "texture": "#0"},
				"down": {"uv": [11.25, 11.25, 11, 11.5], "texture": "#0"}
			}
		},
		{
			"from": [-3.97041, 17.44863, 14.96075],
			"to": [-3.68635, 17.96941, 16.23043],
			"rotation": {"angle": 45, "axis": "z", "origin": [-3.59166, 10.25243, 11]},
			"faces": {
				"north": {"uv": [11.25, 11, 11.5, 11.25], "texture": "#0"},
				"east": {"uv": [11.25, 11.25, 11.5, 11.5], "texture": "#0"},
				"south": {"uv": [0, 11.5, 0.25, 11.75], "texture": "#0"},
				"west": {"uv": [0.25, 11.5, 0.5, 11.75], "texture": "#0"},
				"up": {"uv": [11.75, 0.5, 11.5, 0.25], "texture": "#0"},
				"down": {"uv": [0.75, 11.5, 0.5, 11.75], "texture": "#0"}
			}
		},
		{
			"from": [-10.12506, 13.51913, 14.96075],
			"to": [-9.46225, 14.89209, 16.23043],
			"rotation": {"angle": 0, "axis": "y", "origin": [-9.46225, 9.82634, 11]},
			"faces": {
				"north": {"uv": [11.5, 0.5, 11.75, 0.75], "texture": "#0"},
				"east": {"uv": [0.75, 11.5, 1, 11.75], "texture": "#0"},
				"south": {"uv": [11.5, 0.75, 11.75, 1], "texture": "#0"},
				"west": {"uv": [1, 11.5, 1.25, 11.75], "texture": "#0"},
				"up": {"uv": [11.75, 1.25, 11.5, 1], "texture": "#0"},
				"down": {"uv": [1.5, 11.5, 1.25, 11.75], "texture": "#0"}
			}
		},
		{
			"from": [-12.25552, 12.14617, 14.96075],
			"to": [-11.35599, 13.7085, 16.23043],
			"rotation": {"angle": 0, "axis": "y", "origin": [-11.35599, 9.82634, 11]},
			"faces": {
				"north": {"uv": [11.5, 1.25, 11.75, 1.5], "texture": "#0"},
				"east": {"uv": [1.5, 11.5, 1.75, 11.75], "texture": "#0"},
				"south": {"uv": [11.5, 1.5, 11.75, 1.75], "texture": "#0"},
				"west": {"uv": [1.75, 11.5, 2, 11.75], "texture": "#0"},
				"up": {"uv": [11.75, 2, 11.5, 1.75], "texture": "#0"},
				"down": {"uv": [2.25, 11.5, 2, 11.75], "texture": "#0"}
			}
		},
		{
			"from": [-11.30865, 16.6438, 14.96075],
			"to": [-9.88834, 17.02254, 16.23043],
			"rotation": {"angle": -22.5, "axis": "z", "origin": [-14.1966, 16.2177, 11]},
			"faces": {
				"north": {"uv": [11.5, 2, 11.75, 2.25], "texture": "#0"},
				"east": {"uv": [2.25, 11.5, 2.5, 11.75], "texture": "#0"},
				"south": {"uv": [11.5, 2.25, 11.75, 2.5], "texture": "#0"},
				"west": {"uv": [2.5, 11.5, 2.75, 11.75], "texture": "#0"},
				"up": {"uv": [11.75, 2.75, 11.5, 2.5], "texture": "#0"},
				"down": {"uv": [3, 11.5, 2.75, 11.75], "texture": "#0"}
			}
		},
		{
			"from": [-9.60428, 12.47757, 14.96075],
			"to": [-7.00039, 12.90366, 16.23043],
			"rotation": {"angle": -22.5, "axis": "z", "origin": [-12.49224, 12.05148, 11]},
			"faces": {
				"north": {"uv": [0.75, 10, 1.25, 10.25], "texture": "#0"},
				"east": {"uv": [11.5, 2.75, 11.75, 3], "texture": "#0"},
				"south": {"uv": [1.25, 10, 1.75, 10.25], "texture": "#0"},
				"west": {"uv": [3, 11.5, 3.25, 11.75], "texture": "#0"},
				"up": {"uv": [2.25, 10.25, 1.75, 10], "texture": "#0"},
				"down": {"uv": [10.5, 2.25, 10, 2.5], "texture": "#0"}
			}
		},
		{
			"from": [-10.17241, 13.80319, 14.96075],
			"to": [-9.65163, 14.37131, 16.23043],
			"rotation": {"angle": -22.5, "axis": "z", "origin": [-15.19081, 13.51913, 11]},
			"faces": {
				"north": {"uv": [11.5, 3, 11.75, 3.25], "texture": "#0"},
				"east": {"uv": [3.25, 11.5, 3.5, 11.75], "texture": "#0"},
				"south": {"uv": [11.5, 3.25, 11.75, 3.5], "texture": "#0"},
				"west": {"uv": [3.5, 11.5, 3.75, 11.75], "texture": "#0"},
				"up": {"uv": [11.75, 3.75, 11.5, 3.5], "texture": "#0"},
				"down": {"uv": [4, 11.5, 3.75, 11.75], "texture": "#0"}
			}
		},
		{
			"from": [-5.10665, 9.25821, 14.96075],
			"to": [-3.73369, 9.68431, 16.23043],
			"rotation": {"angle": 22.5, "axis": "z", "origin": [-7.99461, 8.83212, 11]},
			"faces": {
				"north": {"uv": [11.5, 3.75, 11.75, 4], "texture": "#0"},
				"east": {"uv": [4, 11.5, 4.25, 11.75], "texture": "#0"},
				"south": {"uv": [11.5, 4, 11.75, 4.25], "texture": "#0"},
				"west": {"uv": [4.25, 11.5, 4.5, 11.75], "texture": "#0"},
				"up": {"uv": [11.75, 4.5, 11.5, 4.25], "texture": "#0"},
				"down": {"uv": [4.75, 11.5, 4.5, 11.75], "texture": "#0"}
			}
		},
		{
			"from": [-4.3965, 10.82055, 14.96075],
			"to": [-3.11823, 11.24664, 16.23043],
			"rotation": {"angle": 0, "axis": "y", "origin": [-7.28445, 10.39446, 11]},
			"faces": {
				"north": {"uv": [11.5, 4.5, 11.75, 4.75], "texture": "#0"},
				"east": {"uv": [4.75, 11.5, 5, 11.75], "texture": "#0"},
				"south": {"uv": [11.5, 4.75, 11.75, 5], "texture": "#0"},
				"west": {"uv": [5, 11.5, 5.25, 11.75], "texture": "#0"},
				"up": {"uv": [11.75, 5.25, 11.5, 5], "texture": "#0"},
				"down": {"uv": [5.5, 11.5, 5.25, 11.75], "texture": "#0"}
			}
		},
		{
			"from": [-3.26026, 12.00414, 14.96075],
			"to": [-1.98199, 12.43023, 16.23043],
			"rotation": {"angle": -22.5, "axis": "z", "origin": [-6.14821, 11.57804, 11]},
			"faces": {
				"north": {"uv": [11.5, 5.25, 11.75, 5.5], "texture": "#0"},
				"east": {"uv": [5.5, 11.5, 5.75, 11.75], "texture": "#0"},
				"south": {"uv": [11.5, 5.5, 11.75, 5.75], "texture": "#0"},
				"west": {"uv": [5.75, 11.5, 6, 11.75], "texture": "#0"},
				"up": {"uv": [11.75, 6, 11.5, 5.75], "texture": "#0"},
				"down": {"uv": [6.25, 11.5, 6, 11.75], "texture": "#0"}
			}
		},
		{
			"from": [-1.79261, 12.66694, 14.96075],
			"to": [-0.51434, 13.09304, 16.23043],
			"rotation": {"angle": -45, "axis": "z", "origin": [-4.68056, 12.24085, 11]},
			"faces": {
				"north": {"uv": [11.5, 6, 11.75, 6.25], "texture": "#0"},
				"east": {"uv": [6.25, 11.5, 6.5, 11.75], "texture": "#0"},
				"south": {"uv": [11.5, 6.25, 11.75, 6.5], "texture": "#0"},
				"west": {"uv": [6.5, 11.5, 6.75, 11.75], "texture": "#0"},
				"up": {"uv": [11.75, 6.75, 11.5, 6.5], "texture": "#0"},
				"down": {"uv": [7, 11.5, 6.75, 11.75], "texture": "#0"}
			}
		},
		{
			"from": [-2.59745, 8.59541, 14.96075],
			"to": [-2.17136, 9.3529, 16.23043],
			"rotation": {"angle": 22.5, "axis": "z", "origin": [-3.02354, 12.24085, 11]},
			"faces": {
				"north": {"uv": [11.5, 6.75, 11.75, 7], "texture": "#0"},
				"east": {"uv": [7, 11.5, 7.25, 11.75], "texture": "#0"},
				"south": {"uv": [11.5, 7, 11.75, 7.25], "texture": "#0"},
				"west": {"uv": [7.25, 11.5, 7.5, 11.75], "texture": "#0"},
				"up": {"uv": [11.75, 7.5, 11.5, 7.25], "texture": "#0"},
				"down": {"uv": [7.75, 11.5, 7.5, 11.75], "texture": "#0"}
			}
		},
		{
			"from": [-1.27183, 8.45338, 14.96075],
			"to": [-0.84574, 9.21087, 16.23043],
			"rotation": {"angle": 0, "axis": "y", "origin": [-1.69792, 12.09882, 11]},
			"faces": {
				"north": {"uv": [11.5, 7.5, 11.75, 7.75], "texture": "#0"},
				"east": {"uv": [7.75, 11.5, 8, 11.75], "texture": "#0"},
				"south": {"uv": [11.5, 7.75, 11.75, 8], "texture": "#0"},
				"west": {"uv": [8, 11.5, 8.25, 11.75], "texture": "#0"},
				"up": {"uv": [11.75, 8.25, 11.5, 8], "texture": "#0"},
				"down": {"uv": [8.5, 11.5, 8.25, 11.75], "texture": "#0"}
			}
		},
		{
			"from": [-0.0409, 7.83791, 14.96075],
			"to": [0.33784, 8.59541, 16.23043],
			"rotation": {"angle": -22.5, "axis": "z", "origin": [-0.51434, 11.48336, 11]},
			"faces": {
				"north": {"uv": [11.5, 8.25, 11.75, 8.5], "texture": "#0"},
				"east": {"uv": [8.5, 11.5, 8.75, 11.75], "texture": "#0"},
				"south": {"uv": [11.5, 8.5, 11.75, 8.75], "texture": "#0"},
				"west": {"uv": [8.75, 11.5, 9, 11.75], "texture": "#0"},
				"up": {"uv": [11.75, 9, 11.5, 8.75], "texture": "#0"},
				"down": {"uv": [9.25, 11.5, 9, 11.75], "texture": "#0"}
			}
		},
		{
			"from": [-1.41386, 7.22245, 14.96075],
			"to": [-1.08246, 7.97994, 16.23043],
			"rotation": {"angle": 0, "axis": "y", "origin": [-1.93464, 10.86789, 11]},
			"faces": {
				"north": {"uv": [11.5, 9, 11.75, 9.25], "texture": "#0"},
				"east": {"uv": [9.25, 11.5, 9.5, 11.75], "texture": "#0"},
				"south": {"uv": [11.5, 9.25, 11.75, 9.5], "texture": "#0"},
				"west": {"uv": [9.5, 11.5, 9.75, 11.75], "texture": "#0"},
				"up": {"uv": [11.75, 9.75, 11.5, 9.5], "texture": "#0"},
				"down": {"uv": [10, 11.5, 9.75, 11.75], "texture": "#0"}
			}
		},
		{
			"from": [-2.50276, 6.13355, 14.96075],
			"to": [-2.17136, 6.8437, 16.23043],
			"rotation": {"angle": 22.5, "axis": "z", "origin": [-3.02354, 9.73165, 11]},
			"faces": {
				"north": {"uv": [11.5, 9.75, 11.75, 10], "texture": "#0"},
				"east": {"uv": [10, 11.5, 10.25, 11.75], "texture": "#0"},
				"south": {"uv": [11.5, 10, 11.75, 10.25], "texture": "#0"},
				"west": {"uv": [10.25, 11.5, 10.5, 11.75], "texture": "#0"},
				"up": {"uv": [11.75, 10.5, 11.5, 10.25], "texture": "#0"},
				"down": {"uv": [10.75, 11.5, 10.5, 11.75], "texture": "#0"}
			}
		},
		{
			"from": [1.66346, 5.56542, 14.96075],
			"to": [2.51564, 5.89683, 16.23043],
			"rotation": {"angle": -45, "axis": "z", "origin": [1.66346, 9.68431, 11]},
			"faces": {
				"north": {"uv": [11.5, 10.5, 11.75, 10.75], "texture": "#0"},
				"east": {"uv": [10.75, 11.5, 11, 11.75], "texture": "#0"},
				"south": {"uv": [11.5, 10.75, 11.75, 11], "texture": "#0"},
				"west": {"uv": [11, 11.5, 11.25, 11.75], "texture": "#0"},
				"up": {"uv": [11.75, 11.25, 11.5, 11], "texture": "#0"},
				"down": {"uv": [11.5, 11.5, 11.25, 11.75], "texture": "#0"}
			}
		},
		{
			"from": [-7.28445, 10.34711, 14.96075],
			"to": [-5.4854, 10.77321, 16.23043],
			"rotation": {"angle": 0, "axis": "y", "origin": [-10.17241, 9.92102, 11]},
			"faces": {
				"north": {"uv": [11.5, 11.25, 11.75, 11.5], "texture": "#0"},
				"east": {"uv": [11.5, 11.5, 11.75, 11.75], "texture": "#0"},
				"south": {"uv": [0, 11.75, 0.25, 12], "texture": "#0"},
				"west": {"uv": [0.25, 11.75, 0.5, 12], "texture": "#0"},
				"up": {"uv": [12, 0.5, 11.75, 0.25], "texture": "#0"},
				"down": {"uv": [0.75, 11.75, 0.5, 12], "texture": "#0"}
			}
		},
		{
			"from": [-11.26131, 18.91628, 14.96075],
			"to": [-10.17241, 19.20034, 16.23043],
			"rotation": {"angle": -45, "axis": "z", "origin": [-14.90675, 18.44285, 11]},
			"faces": {
				"north": {"uv": [11.75, 0.5, 12, 0.75], "texture": "#0"},
				"east": {"uv": [0.75, 11.75, 1, 12], "texture": "#0"},
				"south": {"uv": [11.75, 0.75, 12, 1], "texture": "#0"},
				"west": {"uv": [1, 11.75, 1.25, 12], "texture": "#0"},
				"up": {"uv": [12, 1.25, 11.75, 1], "texture": "#0"},
				"down": {"uv": [1.5, 11.75, 1.25, 12], "texture": "#0"}
			}
		},
		{
			"from": [-11.97146, 16.17036, 14.96075],
			"to": [-11.78208, 16.68426, 16.23043],
			"rotation": {"angle": 0, "axis": "y", "origin": [-12.53958, 20.90471, 11]},
			"faces": {
				"north": {"uv": [11.75, 1.25, 12, 1.5], "texture": "#0"},
				"east": {"uv": [1.5, 11.75, 1.75, 12], "texture": "#0"},
				"south": {"uv": [11.75, 1.5, 12, 1.75], "texture": "#0"},
				"west": {"uv": [1.75, 11.75, 2, 12], "texture": "#0"},
				"up": {"uv": [12, 2, 11.75, 1.75], "texture": "#0"},
				"down": {"uv": [2.25, 11.75, 2, 12], "texture": "#0"}
			}
		},
		{
			"from": [-10.0938, 16.55926, 14.96075],
			"to": [-9.95443, 17.88488, 16.23043],
			"rotation": {"angle": -22.5, "axis": "z", "origin": [-10.68692, 21.29361, 11]},
			"faces": {
				"north": {"uv": [11.75, 2, 12, 2.25], "texture": "#0"},
				"east": {"uv": [2.25, 11.75, 2.5, 12], "texture": "#0"},
				"south": {"uv": [11.75, 2.25, 12, 2.5], "texture": "#0"},
				"west": {"uv": [2.5, 11.75, 2.75, 12], "texture": "#0"},
				"up": {"uv": [12, 2.75, 11.75, 2.5], "texture": "#0"},
				"down": {"uv": [3, 11.75, 2.75, 12], "texture": "#0"}
			}
		},
		{
			"from": [-11.87677, 13.14038, 14.96075],
			"to": [-9.841, 14.08725, 16.23043],
			"rotation": {"angle": 0, "axis": "y", "origin": [-14.1966, 13.14038, 11]},
			"faces": {
				"north": {"uv": [10, 2.5, 10.5, 2.75], "texture": "#0"},
				"east": {"uv": [11.75, 2.75, 12, 3], "texture": "#0"},
				"south": {"uv": [10, 2.75, 10.5, 3], "texture": "#0"},
				"west": {"uv": [3, 11.75, 3.25, 12], "texture": "#0"},
				"up": {"uv": [3.5, 10.25, 3, 10], "texture": "#0"},
				"down": {"uv": [4, 10, 3.5, 10.25], "texture": "#0"}
			}
		},
		{
			"from": [-11.49802, 15.8863, 14.96075],
			"to": [-10.88256, 16.40708, 16.23043],
			"rotation": {"angle": -45, "axis": "z", "origin": [-14.48066, 15.69693, 11]},
			"faces": {
				"north": {"uv": [11.75, 3, 12, 3.25], "texture": "#0"},
				"east": {"uv": [3.25, 11.75, 3.5, 12], "texture": "#0"},
				"south": {"uv": [11.75, 3.25, 12, 3.5], "texture": "#0"},
				"west": {"uv": [3.5, 11.75, 3.75, 12], "texture": "#0"},
				"up": {"uv": [12, 3.75, 11.75, 3.5], "texture": "#0"},
				"down": {"uv": [4, 11.75, 3.75, 12], "texture": "#0"}
			}
		},
		{
			"from": [-11.54537, 14.37131, 14.96075],
			"to": [-10.97724, 14.89209, 16.23043],
			"rotation": {"angle": -45, "axis": "z", "origin": [-14.57535, 14.13459, 11]},
			"faces": {
				"north": {"uv": [11.75, 3.75, 12, 4], "texture": "#0"},
				"east": {"uv": [4, 11.75, 4.25, 12], "texture": "#0"},
				"south": {"uv": [11.75, 4, 12, 4.25], "texture": "#0"},
				"west": {"uv": [4.25, 11.75, 4.5, 12], "texture": "#0"},
				"up": {"uv": [12, 4.5, 11.75, 4.25], "texture": "#0"},
				"down": {"uv": [4.75, 11.75, 4.5, 12], "texture": "#0"}
			}
		},
		{
			"from": [-9.32022, 14.22928, 14.96075],
			"to": [-8.56273, 14.75006, 16.23043],
			"rotation": {"angle": -45, "axis": "z", "origin": [-12.63427, 13.99256, 11]},
			"faces": {
				"north": {"uv": [11.75, 4.5, 12, 4.75], "texture": "#0"},
				"east": {"uv": [4.75, 11.75, 5, 12], "texture": "#0"},
				"south": {"uv": [11.75, 4.75, 12, 5], "texture": "#0"},
				"west": {"uv": [5, 11.75, 5.25, 12], "texture": "#0"},
				"up": {"uv": [12, 5.25, 11.75, 5], "texture": "#0"},
				"down": {"uv": [5.5, 11.75, 5.25, 12], "texture": "#0"}
			}
		},
		{
			"from": [-9.5096, 15.74427, 14.96075],
			"to": [-8.94148, 16.31239, 16.23043],
			"rotation": {"angle": -45, "axis": "z", "origin": [-12.53958, 15.5549, 11]},
			"faces": {
				"north": {"uv": [11.75, 5.25, 12, 5.5], "texture": "#0"},
				"east": {"uv": [5.5, 11.75, 5.75, 12], "texture": "#0"},
				"south": {"uv": [11.75, 5.5, 12, 5.75], "texture": "#0"},
				"west": {"uv": [5.75, 11.75, 6, 12], "texture": "#0"},
				"up": {"uv": [12, 6, 11.75, 5.75], "texture": "#0"},
				"down": {"uv": [6.25, 11.75, 6, 12], "texture": "#0"}
			}
		},
		{
			"from": [-9.60428, 17.16457, 14.96075],
			"to": [-8.94148, 17.63801, 16.23043],
			"rotation": {"angle": -45, "axis": "z", "origin": [-12.53958, 16.88051, 11]},
			"faces": {
				"north": {"uv": [11.75, 6, 12, 6.25], "texture": "#0"},
				"east": {"uv": [6.25, 11.75, 6.5, 12], "texture": "#0"},
				"south": {"uv": [11.75, 6.25, 12, 6.5], "texture": "#0"},
				"west": {"uv": [6.5, 11.75, 6.75, 12], "texture": "#0"},
				"up": {"uv": [12, 6.75, 11.75, 6.5], "texture": "#0"},
				"down": {"uv": [7, 11.75, 6.75, 12], "texture": "#0"}
			}
		},
		{
			"from": [-14.67004, 13.56647, 14.96075],
			"to": [-13.24973, 13.85053, 16.23043],
			"rotation": {"angle": -45, "axis": "z", "origin": [-12.53958, 9.92102, 11]},
			"faces": {
				"north": {"uv": [11.75, 6.75, 12, 7], "texture": "#0"},
				"east": {"uv": [7, 11.75, 7.25, 12], "texture": "#0"},
				"south": {"uv": [11.75, 7, 12, 7.25], "texture": "#0"},
				"west": {"uv": [7.25, 11.75, 7.5, 12], "texture": "#0"},
				"up": {"uv": [12, 7.5, 11.75, 7.25], "texture": "#0"},
				"down": {"uv": [7.75, 11.75, 7.5, 12], "texture": "#0"}
			}
		},
		{
			"from": [-11.87677, 11.76742, 14.96075],
			"to": [-10.21975, 12.38288, 16.23043],
			"rotation": {"angle": 0, "axis": "y", "origin": [-14.1966, 11.72007, 11]},
			"faces": {
				"north": {"uv": [11.75, 7.5, 12, 7.75], "texture": "#0"},
				"east": {"uv": [7.75, 11.75, 8, 12], "texture": "#0"},
				"south": {"uv": [11.75, 7.75, 12, 8], "texture": "#0"},
				"west": {"uv": [8, 11.75, 8.25, 12], "texture": "#0"},
				"up": {"uv": [12, 8.25, 11.75, 8], "texture": "#0"},
				"down": {"uv": [8.5, 11.75, 8.25, 12], "texture": "#0"}
			}
		},
		{
			"from": [18.79955, 2.26052, 15.02296],
			"to": [19.4603, 4.9035, 16.26403],
			"rotation": {"angle": 0, "axis": "y", "origin": [19.4603, 0.93903, 11]},
			"faces": {
				"north": {"uv": [2.25, 10, 2.5, 10.5], "texture": "#0"},
				"east": {"uv": [10, 3.5, 10.25, 4], "texture": "#0"},
				"south": {"uv": [10, 4, 10.25, 4.5], "texture": "#0"},
				"west": {"uv": [4.5, 10, 4.75, 10.5], "texture": "#0"},
				"up": {"uv": [12, 8.5, 11.75, 8.25], "texture": "#0"},
				"down": {"uv": [8.75, 11.75, 8.5, 12], "texture": "#0"}
			}
		},
		{
			"from": [17.37895, 3.4829, 15.02296],
			"to": [19.55941, 3.68112, 16.26403],
			"rotation": {"angle": 0, "axis": "y", "origin": [19.4603, 0.93903, 11]},
			"faces": {
				"north": {"uv": [4.75, 10, 5.25, 10.25], "texture": "#0"},
				"east": {"uv": [11.75, 8.5, 12, 8.75], "texture": "#0"},
				"south": {"uv": [5.25, 10, 5.75, 10.25], "texture": "#0"},
				"west": {"uv": [8.75, 11.75, 9, 12], "texture": "#0"},
				"up": {"uv": [6.25, 10.25, 5.75, 10], "texture": "#0"},
				"down": {"uv": [6.75, 10, 6.25, 10.25], "texture": "#0"}
			}
		},
		{
			"from": [17.47806, 2.26052, 15.02296],
			"to": [18.13881, 4.9035, 16.26403],
			"rotation": {"angle": 0, "axis": "y", "origin": [18.13881, 0.93903, 11]},
			"faces": {
				"north": {"uv": [10, 6.5, 10.25, 7], "texture": "#0"},
				"east": {"uv": [6.75, 10, 7, 10.5], "texture": "#0"},
				"south": {"uv": [7, 10, 7.25, 10.5], "texture": "#0"},
				"west": {"uv": [10, 7, 10.25, 7.5], "texture": "#0"},
				"up": {"uv": [12, 9, 11.75, 8.75], "texture": "#0"},
				"down": {"uv": [9.25, 11.75, 9, 12], "texture": "#0"}
			}
		},
		{
			"from": [18.13881, 3.2186, 15.02296],
			"to": [18.79955, 3.87935, 16.26403],
			"rotation": {"angle": 0, "axis": "y", "origin": [16.15658, 3.2186, 11]},
			"faces": {
				"north": {"uv": [11.75, 9, 12, 9.25], "texture": "#0"},
				"east": {"uv": [9.25, 11.75, 9.5, 12], "texture": "#0"},
				"south": {"uv": [11.75, 9.25, 12, 9.5], "texture": "#0"},
				"west": {"uv": [9.5, 11.75, 9.75, 12], "texture": "#0"},
				"up": {"uv": [12, 9.75, 11.75, 9.5], "texture": "#0"},
				"down": {"uv": [10, 11.75, 9.75, 12], "texture": "#0"}
			}
		},
		{
			"from": [16.43432, 2.26052, 15.02296],
			"to": [17.09507, 4.9035, 16.26403],
			"rotation": {"angle": 0, "axis": "y", "origin": [17.09507, 0.93903, 11]},
			"faces": {
				"north": {"uv": [7.25, 10, 7.5, 10.5], "texture": "#0"},
				"east": {"uv": [7.5, 10, 7.75, 10.5], "texture": "#0"},
				"south": {"uv": [10, 7.5, 10.25, 8], "texture": "#0"},
				"west": {"uv": [7.75, 10, 8, 10.5], "texture": "#0"},
				"up": {"uv": [12, 10, 11.75, 9.75], "texture": "#0"},
				"down": {"uv": [10.25, 11.75, 10, 12], "texture": "#0"}
			}
		},
		{
			"from": [15.10683, 2.26052, 15.02296],
			"to": [15.76757, 4.9035, 16.26403],
			"rotation": {"angle": 0, "axis": "y", "origin": [15.76757, 0.93903, 11]},
			"faces": {
				"north": {"uv": [8, 10, 8.25, 10.5], "texture": "#0"},
				"east": {"uv": [10, 8, 10.25, 8.5], "texture": "#0"},
				"south": {"uv": [8.25, 10, 8.5, 10.5], "texture": "#0"},
				"west": {"uv": [8.5, 10, 8.75, 10.5], "texture": "#0"},
				"up": {"uv": [12, 10.25, 11.75, 10], "texture": "#0"},
				"down": {"uv": [10.5, 11.75, 10.25, 12], "texture": "#0"}
			}
		},
		{
			"from": [15.00772, 3.4829, 15.02296],
			"to": [15.86668, 3.68112, 16.26403],
			"rotation": {"angle": 0, "axis": "y", "origin": [15.76757, 0.93903, 11]},
			"faces": {
				"north": {"uv": [11.75, 10.25, 12, 10.5], "texture": "#0"},
				"east": {"uv": [10.5, 11.75, 10.75, 12], "texture": "#0"},
				"south": {"uv": [11.75, 10.5, 12, 10.75], "texture": "#0"},
				"west": {"uv": [10.75, 11.75, 11, 12], "texture": "#0"},
				"up": {"uv": [12, 11, 11.75, 10.75], "texture": "#0"},
				"down": {"uv": [11.25, 11.75, 11, 12], "texture": "#0"}
			}
		},
		{
			"from": [16.33521, 3.4829, 15.02296],
			"to": [17.19418, 3.68112, 16.26403],
			"rotation": {"angle": 0, "axis": "y", "origin": [17.09507, 0.93903, 11]},
			"faces": {
				"north": {"uv": [11.75, 11, 12, 11.25], "texture": "#0"},
				"east": {"uv": [11.25, 11.75, 11.5, 12], "texture": "#0"},
				"south": {"uv": [11.75, 11.25, 12, 11.5], "texture": "#0"},
				"west": {"uv": [11.5, 11.75, 11.75, 12], "texture": "#0"},
				"up": {"uv": [12, 11.75, 11.75, 11.5], "texture": "#0"},
				"down": {"uv": [12, 11.75, 11.75, 12], "texture": "#0"}
			}
		},
		{
			"from": [15.11283, 4.24276, 15.02296],
			"to": [16.43432, 4.9035, 16.26403],
			"rotation": {"angle": 0, "axis": "y", "origin": [13.79134, 4.24276, 11]},
			"faces": {
				"north": {"uv": [0, 12, 0.25, 12.25], "texture": "#0"},
				"east": {"uv": [0.25, 12, 0.5, 12.25], "texture": "#0"},
				"south": {"uv": [12, 0.25, 12.25, 0.5], "texture": "#0"},
				"west": {"uv": [0.5, 12, 0.75, 12.25], "texture": "#0"},
				"up": {"uv": [12.25, 0.75, 12, 0.5], "texture": "#0"},
				"down": {"uv": [1, 12, 0.75, 12.25], "texture": "#0"}
			}
		},
		{
			"from": [15.11283, 2.26052, 15.02296],
			"to": [16.43432, 2.92127, 16.26403],
			"rotation": {"angle": 0, "axis": "y", "origin": [13.79134, 2.26052, 11]},
			"faces": {
				"north": {"uv": [12, 0.75, 12.25, 1], "texture": "#0"},
				"east": {"uv": [1, 12, 1.25, 12.25], "texture": "#0"},
				"south": {"uv": [12, 1, 12.25, 1.25], "texture": "#0"},
				"west": {"uv": [1.25, 12, 1.5, 12.25], "texture": "#0"},
				"up": {"uv": [12.25, 1.5, 12, 1.25], "texture": "#0"},
				"down": {"uv": [1.75, 12, 1.5, 12.25], "texture": "#0"}
			}
		},
		{
			"from": [14.0954, 2.26052, 15.02296],
			"to": [14.75615, 4.9035, 16.26403],
			"rotation": {"angle": 0, "axis": "y", "origin": [14.75615, 0.93903, 11]},
			"faces": {
				"north": {"uv": [10, 8.5, 10.25, 9], "texture": "#0"},
				"east": {"uv": [8.75, 10, 9, 10.5], "texture": "#0"},
				"south": {"uv": [9, 10, 9.25, 10.5], "texture": "#0"},
				"west": {"uv": [10, 9, 10.25, 9.5], "texture": "#0"},
				"up": {"uv": [12.25, 1.75, 12, 1.5], "texture": "#0"},
				"down": {"uv": [2, 12, 1.75, 12.25], "texture": "#0"}
			}
		},
		{
			"from": [12.76791, 2.26052, 15.02296],
			"to": [13.42865, 4.9035, 16.26403],
			"rotation": {"angle": 0, "axis": "y", "origin": [13.42865, 0.93903, 11]},
			"faces": {
				"north": {"uv": [9.25, 10, 9.5, 10.5], "texture": "#0"},
				"east": {"uv": [9.5, 10, 9.75, 10.5], "texture": "#0"},
				"south": {"uv": [10, 9.5, 10.25, 10], "texture": "#0"},
				"west": {"uv": [9.75, 10, 10, 10.5], "texture": "#0"},
				"up": {"uv": [12.25, 2, 12, 1.75], "texture": "#0"},
				"down": {"uv": [2.25, 12, 2, 12.25], "texture": "#0"}
			}
		},
		{
			"from": [12.6688, 3.4829, 15.02296],
			"to": [13.52777, 3.68112, 16.26403],
			"rotation": {"angle": 0, "axis": "y", "origin": [13.42865, 0.93903, 11]},
			"faces": {
				"north": {"uv": [12, 2, 12.25, 2.25], "texture": "#0"},
				"east": {"uv": [2.25, 12, 2.5, 12.25], "texture": "#0"},
				"south": {"uv": [12, 2.25, 12.25, 2.5], "texture": "#0"},
				"west": {"uv": [2.5, 12, 2.75, 12.25], "texture": "#0"},
				"up": {"uv": [12.25, 2.75, 12, 2.5], "texture": "#0"},
				"down": {"uv": [3, 12, 2.75, 12.25], "texture": "#0"}
			}
		},
		{
			"from": [13.99629, 3.4829, 15.02296],
			"to": [14.85526, 3.68112, 16.26403],
			"rotation": {"angle": 0, "axis": "y", "origin": [14.75615, 0.93903, 11]},
			"faces": {
				"north": {"uv": [12, 2.75, 12.25, 3], "texture": "#0"},
				"east": {"uv": [3, 12, 3.25, 12.25], "texture": "#0"},
				"south": {"uv": [12, 3, 12.25, 3.25], "texture": "#0"},
				"west": {"uv": [3.25, 12, 3.5, 12.25], "texture": "#0"},
				"up": {"uv": [12.25, 3.5, 12, 3.25], "texture": "#0"},
				"down": {"uv": [3.75, 12, 3.5, 12.25], "texture": "#0"}
			}
		},
		{
			"from": [12.77392, 4.24276, 15.02296],
			"to": [14.0954, 4.9035, 16.26403],
			"rotation": {"angle": 0, "axis": "y", "origin": [11.45243, 4.24276, 11]},
			"faces": {
				"north": {"uv": [12, 3.5, 12.25, 3.75], "texture": "#0"},
				"east": {"uv": [3.75, 12, 4, 12.25], "texture": "#0"},
				"south": {"uv": [12, 3.75, 12.25, 4], "texture": "#0"},
				"west": {"uv": [4, 12, 4.25, 12.25], "texture": "#0"},
				"up": {"uv": [12.25, 4.25, 12, 4], "texture": "#0"},
				"down": {"uv": [4.5, 12, 4.25, 12.25], "texture": "#0"}
			}
		},
		{
			"from": [12.77392, 2.26052, 15.02296],
			"to": [14.0954, 2.92127, 16.26403],
			"rotation": {"angle": 0, "axis": "y", "origin": [11.45243, 2.26052, 11]},
			"faces": {
				"north": {"uv": [12, 4.25, 12.25, 4.5], "texture": "#0"},
				"east": {"uv": [4.5, 12, 4.75, 12.25], "texture": "#0"},
				"south": {"uv": [12, 4.5, 12.25, 4.75], "texture": "#0"},
				"west": {"uv": [4.75, 12, 5, 12.25], "texture": "#0"},
				"up": {"uv": [12.25, 5, 12, 4.75], "texture": "#0"},
				"down": {"uv": [5.25, 12, 5, 12.25], "texture": "#0"}
			}
		},
		{
			"from": [11.7828, 2.26052, 15.02296],
			"to": [12.44354, 4.9035, 16.26403],
			"rotation": {"angle": 0, "axis": "y", "origin": [12.44354, 0.93903, 11]},
			"faces": {
				"north": {"uv": [10, 10, 10.25, 10.5], "texture": "#0"},
				"east": {"uv": [10.25, 0.25, 10.5, 0.75], "texture": "#0"},
				"south": {"uv": [0.75, 10.25, 1, 10.75], "texture": "#0"},
				"west": {"uv": [10.25, 0.75, 10.5, 1.25], "texture": "#0"},
				"up": {"uv": [12.25, 5.25, 12, 5], "texture": "#0"},
				"down": {"uv": [5.5, 12, 5.25, 12.25], "texture": "#0"}
			}
		},
		{
			"from": [10.51852, 2.26052, 15.02296],
			"to": [11.17926, 3.32315, 16.26403],
			"rotation": {"angle": 0, "axis": "y", "origin": [11.17926, 0.93903, 11]},
			"faces": {
				"north": {"uv": [12, 5.25, 12.25, 5.5], "texture": "#0"},
				"east": {"uv": [5.5, 12, 5.75, 12.25], "texture": "#0"},
				"south": {"uv": [12, 5.5, 12.25, 5.75], "texture": "#0"},
				"west": {"uv": [5.75, 12, 6, 12.25], "texture": "#0"},
				"up": {"uv": [12.25, 6, 12, 5.75], "texture": "#0"},
				"down": {"uv": [6.25, 12, 6, 12.25], "texture": "#0"}
			}
		},
		{
			"from": [10.51852, 3.84087, 15.02296],
			"to": [11.17926, 4.9035, 16.26403],
			"rotation": {"angle": 0, "axis": "y", "origin": [11.17926, 2.51938, 11]},
			"faces": {
				"north": {"uv": [12, 6, 12.25, 6.25], "texture": "#0"},
				"east": {"uv": [6.25, 12, 6.5, 12.25], "texture": "#0"},
				"south": {"uv": [12, 6.25, 12.25, 6.5], "texture": "#0"},
				"west": {"uv": [6.5, 12, 6.75, 12.25], "texture": "#0"},
				"up": {"uv": [12.25, 6.75, 12, 6.5], "texture": "#0"},
				"down": {"uv": [7, 12, 6.75, 12.25], "texture": "#0"}
			}
		},
		{
			"from": [11.08744, 3.20873, 15.02296],
			"to": [12.06426, 3.89208, 16.26403],
			"rotation": {"angle": 0, "axis": "y", "origin": [11.8114, 1.6976, 11]},
			"faces": {
				"north": {"uv": [12, 6.75, 12.25, 7], "texture": "#0"},
				"east": {"uv": [7, 12, 7.25, 12.25], "texture": "#0"},
				"south": {"uv": [12, 7, 12.25, 7.25], "texture": "#0"},
				"west": {"uv": [7.25, 12, 7.5, 12.25], "texture": "#0"},
				"up": {"uv": [12.25, 7.5, 12, 7.25], "texture": "#0"},
				"down": {"uv": [7.75, 12, 7.5, 12.25], "texture": "#0"}
			}
		},
		{
			"from": [12.25862, 3.4829, 15.02296],
			"to": [12.54265, 3.68112, 16.26403],
			"rotation": {"angle": 0, "axis": "y", "origin": [12.44354, 0.93903, 11]},
			"faces": {
				"north": {"uv": [12, 7.5, 12.25, 7.75], "texture": "#0"},
				"east": {"uv": [7.75, 12, 8, 12.25], "texture": "#0"},
				"south": {"uv": [12, 7.75, 12.25, 8], "texture": "#0"},
				"west": {"uv": [8, 12, 8.25, 12.25], "texture": "#0"},
				"up": {"uv": [12.25, 8.25, 12, 8], "texture": "#0"},
				"down": {"uv": [8.5, 12, 8.25, 12.25], "texture": "#0"}
			}
		},
		{
			"from": [3.9959, 3.07893, 15.00091],
			"to": [4.53014, 6.48967, 16.27833],
			"rotation": {"angle": -45, "axis": "z", "origin": [4.62812, 0.54071, 11]},
			"faces": {
				"north": {"uv": [8.5, 9.25, 8.75, 10], "texture": "#0"},
				"east": {"uv": [9.25, 8.5, 9.5, 9.25], "texture": "#0"},
				"south": {"uv": [8.75, 9.25, 9, 10], "texture": "#0"},
				"west": {"uv": [9.25, 9.25, 9.5, 10], "texture": "#0"},
				"up": {"uv": [12.25, 8.5, 12, 8.25], "texture": "#0"},
				"down": {"uv": [8.75, 12, 8.5, 12.25], "texture": "#0"}
			}
		},
		{
			"from": [4.38782, 3.27489, 15.00091],
			"to": [4.92207, 4.53004, 16.27833],
			"rotation": {"angle": -45, "axis": "z", "origin": [4.92207, -0.63507, 11]},
			"faces": {
				"north": {"uv": [12, 8.5, 12.25, 8.75], "texture": "#0"},
				"east": {"uv": [8.75, 12, 9, 12.25], "texture": "#0"},
				"south": {"uv": [12, 8.75, 12.25, 9], "texture": "#0"},
				"west": {"uv": [9, 12, 9.25, 12.25], "texture": "#0"},
				"up": {"uv": [12.25, 9.25, 12, 9], "texture": "#0"},
				"down": {"uv": [9.5, 12, 9.25, 12.25], "texture": "#0"}
			}
		},
		{
			"from": [9.97278, 6.11636, 15.00091],
			"to": [10.50703, 6.78362, 16.27833],
			"rotation": {"angle": 45, "axis": "z", "origin": [10.60501, 3.08824, 11]},
			"faces": {
				"north": {"uv": [12, 9.25, 12.25, 9.5], "texture": "#0"},
				"east": {"uv": [9.5, 12, 9.75, 12.25], "texture": "#0"},
				"south": {"uv": [12, 9.5, 12.25, 9.75], "texture": "#0"},
				"west": {"uv": [9.75, 12, 10, 12.25], "texture": "#0"},
				"up": {"uv": [12.25, 10, 12, 9.75], "texture": "#0"},
				"down": {"uv": [10.25, 12, 10, 12.25], "texture": "#0"}
			}
		},
		{
			"from": [5.83183, 7.3551, 15.00091],
			"to": [6.79303, 7.88934, 16.27833],
			"rotation": {"angle": 45, "axis": "z", "origin": [9.82115, 7.98732, 11]},
			"faces": {
				"north": {"uv": [12, 10, 12.25, 10.25], "texture": "#0"},
				"east": {"uv": [10.25, 12, 10.5, 12.25], "texture": "#0"},
				"south": {"uv": [12, 10.25, 12.25, 10.5], "texture": "#0"},
				"west": {"uv": [10.5, 12, 10.75, 12.25], "texture": "#0"},
				"up": {"uv": [12.25, 10.75, 12, 10.5], "texture": "#0"},
				"down": {"uv": [11, 12, 10.75, 12.25], "texture": "#0"}
			}
		},
		{
			"from": [10.36471, 4.25471, 15.00091],
			"to": [10.89895, 6.78362, 16.27833],
			"rotation": {"angle": 45, "axis": "z", "origin": [10.99693, 1.42255, 11]},
			"faces": {
				"north": {"uv": [1, 10.25, 1.25, 10.75], "texture": "#0"},
				"east": {"uv": [1.25, 10.25, 1.5, 10.75], "texture": "#0"},
				"south": {"uv": [10.25, 1.25, 10.5, 1.75], "texture": "#0"},
				"west": {"uv": [1.5, 10.25, 1.75, 10.75], "texture": "#0"},
				"up": {"uv": [12.25, 11, 12, 10.75], "texture": "#0"},
				"down": {"uv": [11.25, 12, 11, 12.25], "texture": "#0"}
			}
		},
		{
			"from": [8.99296, 3.47086, 15.00091],
			"to": [9.52721, 5.60784, 16.27833],
			"rotation": {"angle": 45, "axis": "z", "origin": [9.62519, 1.1286, 11]},
			"faces": {
				"north": {"uv": [1.75, 10.25, 2, 10.75], "texture": "#0"},
				"east": {"uv": [10.25, 1.75, 10.5, 2.25], "texture": "#0"},
				"south": {"uv": [2, 10.25, 2.25, 10.75], "texture": "#0"},
				"west": {"uv": [3, 10.25, 3.25, 10.75], "texture": "#0"},
				"up": {"uv": [12.25, 11.25, 12, 11], "texture": "#0"},
				"down": {"uv": [11.5, 12, 11.25, 12.25], "texture": "#0"}
			}
		},
		{
			"from": [3.45071, 2.26052, 15.02296],
			"to": [4.11146, 4.24276, 16.26403],
			"rotation": {"angle": 0, "axis": "y", "origin": [4.11146, 0.27829, 11]},
			"faces": {
				"north": {"uv": [12, 11.25, 12.25, 11.5], "texture": "#0"},
				"east": {"uv": [11.5, 12, 11.75, 12.25], "texture": "#0"},
				"south": {"uv": [12, 11.5, 12.25, 11.75], "texture": "#0"},
				"west": {"uv": [11.75, 12, 12, 12.25], "texture": "#0"},
				"up": {"uv": [12.25, 12, 12, 11.75], "texture": "#0"},
				"down": {"uv": [12.25, 12, 12, 12.25], "texture": "#0"}
			}
		},
		{
			"from": [2.78997, 4.24276, 15.02296],
			"to": [4.7722, 4.9035, 16.26403],
			"rotation": {"angle": 0, "axis": "y", "origin": [1.46848, 4.24276, 11]},
			"faces": {
				"north": {"uv": [0, 12.25, 0.25, 12.5], "texture": "#0"},
				"east": {"uv": [0.25, 12.25, 0.5, 12.5], "texture": "#0"},
				"south": {"uv": [12.25, 0.25, 12.5, 0.5], "texture": "#0"},
				"west": {"uv": [0.5, 12.25, 0.75, 12.5], "texture": "#0"},
				"up": {"uv": [12.5, 0.75, 12.25, 0.5], "texture": "#0"},
				"down": {"uv": [1, 12.25, 0.75, 12.5], "texture": "#0"}
			}
		},
		{
			"from": [3.38464, 3.4829, 15.02296],
			"to": [4.17753, 3.68112, 16.26403],
			"rotation": {"angle": 0, "axis": "y", "origin": [4.80524, 0.93903, 11]},
			"faces": {
				"north": {"uv": [12.25, 0.75, 12.5, 1], "texture": "#0"},
				"east": {"uv": [1, 12.25, 1.25, 12.5], "texture": "#0"},
				"south": {"uv": [12.25, 1, 12.5, 1.25], "texture": "#0"},
				"west": {"uv": [1.25, 12.25, 1.5, 12.5], "texture": "#0"},
				"up": {"uv": [12.5, 1.5, 12.25, 1.25], "texture": "#0"},
				"down": {"uv": [1.75, 12.25, 1.5, 12.5], "texture": "#0"}
			}
		},
		{
			"from": [4.44183, 4.04453, 15.02296],
			"to": [4.7722, 4.24276, 16.26403],
			"rotation": {"angle": 0, "axis": "y", "origin": [5.26776, 1.50067, 11]},
			"faces": {
				"north": {"uv": [12.25, 1.5, 12.5, 1.75], "texture": "#0"},
				"east": {"uv": [1.75, 12.25, 2, 12.5], "texture": "#0"},
				"south": {"uv": [12.25, 1.75, 12.5, 2], "texture": "#0"},
				"west": {"uv": [2, 12.25, 2.25, 12.5], "texture": "#0"},
				"up": {"uv": [12.5, 2.25, 12.25, 2], "texture": "#0"},
				"down": {"uv": [2.5, 12.25, 2.25, 12.5], "texture": "#0"}
			}
		},
		{
			"from": [2.78997, 4.04453, 15.02296],
			"to": [3.12034, 4.24276, 16.26403],
			"rotation": {"angle": 0, "axis": "y", "origin": [3.6159, 1.50067, 11]},
			"faces": {
				"north": {"uv": [12.25, 2.25, 12.5, 2.5], "texture": "#0"},
				"east": {"uv": [2.5, 12.25, 2.75, 12.5], "texture": "#0"},
				"south": {"uv": [12.25, 2.5, 12.5, 2.75], "texture": "#0"},
				"west": {"uv": [2.75, 12.25, 3, 12.5], "texture": "#0"},
				"up": {"uv": [12.5, 3, 12.25, 2.75], "texture": "#0"},
				"down": {"uv": [3.25, 12.25, 3, 12.5], "texture": "#0"}
			}
		},
		{
			"from": [1.84248, 2.26052, 15.02296],
			"to": [2.50322, 4.9035, 16.26403],
			"rotation": {"angle": 0, "axis": "y", "origin": [2.50322, 0.93903, 11]},
			"faces": {
				"north": {"uv": [10.25, 3, 10.5, 3.5], "texture": "#0"},
				"east": {"uv": [3.25, 10.25, 3.5, 10.75], "texture": "#0"},
				"south": {"uv": [3.5, 10.25, 3.75, 10.75], "texture": "#0"},
				"west": {"uv": [10.25, 3.5, 10.5, 4], "texture": "#0"},
				"up": {"uv": [12.5, 3.25, 12.25, 3], "texture": "#0"},
				"down": {"uv": [3.5, 12.25, 3.25, 12.5], "texture": "#0"}
			}
		},
		{
			"from": [0.42188, 3.4829, 15.02296],
			"to": [2.60233, 3.68112, 16.26403],
			"rotation": {"angle": 0, "axis": "y", "origin": [2.50322, 0.93903, 11]},
			"faces": {
				"north": {"uv": [3.75, 10.25, 4.25, 10.5], "texture": "#0"},
				"east": {"uv": [12.25, 3.25, 12.5, 3.5], "texture": "#0"},
				"south": {"uv": [10.25, 4, 10.75, 4.25], "texture": "#0"},
				"west": {"uv": [3.5, 12.25, 3.75, 12.5], "texture": "#0"},
				"up": {"uv": [10.75, 4.5, 10.25, 4.25], "texture": "#0"},
				"down": {"uv": [10.75, 4.5, 10.25, 4.75], "texture": "#0"}
			}
		},
		{
			"from": [0.52099, 2.26052, 15.02296],
			"to": [1.18173, 4.9035, 16.26403],
			"rotation": {"angle": 0, "axis": "y", "origin": [1.18173, 0.93903, 11]},
			"faces": {
				"north": {"uv": [4.25, 10.25, 4.5, 10.75], "texture": "#0"},
				"east": {"uv": [4.75, 10.25, 5, 10.75], "texture": "#0"},
				"south": {"uv": [10.25, 4.75, 10.5, 5.25], "texture": "#0"},
				"west": {"uv": [5, 10.25, 5.25, 10.75], "texture": "#0"},
				"up": {"uv": [12.5, 3.75, 12.25, 3.5], "texture": "#0"},
				"down": {"uv": [4, 12.25, 3.75, 12.5], "texture": "#0"}
			}
		},
		{
			"from": [1.18173, 4.24276, 15.02296],
			"to": [1.84248, 4.9035, 16.26403],
			"rotation": {"angle": 0, "axis": "y", "origin": [-0.8005, 4.24276, 11]},
			"faces": {
				"north": {"uv": [12.25, 3.75, 12.5, 4], "texture": "#0"},
				"east": {"uv": [4, 12.25, 4.25, 12.5], "texture": "#0"},
				"south": {"uv": [12.25, 4, 12.5, 4.25], "texture": "#0"},
				"west": {"uv": [4.25, 12.25, 4.5, 12.5], "texture": "#0"},
				"up": {"uv": [12.5, 4.5, 12.25, 4.25], "texture": "#0"},
				"down": {"uv": [4.75, 12.25, 4.5, 12.5], "texture": "#0"}
			}
		},
		{
			"from": [1.18173, 2.92127, 15.02296],
			"to": [1.84248, 3.58201, 16.26403],
			"rotation": {"angle": 0, "axis": "y", "origin": [-0.8005, 2.92127, 11]},
			"faces": {
				"north": {"uv": [12.25, 4.5, 12.5, 4.75], "texture": "#0"},
				"east": {"uv": [4.75, 12.25, 5, 12.5], "texture": "#0"},
				"south": {"uv": [12.25, 4.75, 12.5, 5], "texture": "#0"},
				"west": {"uv": [5, 12.25, 5.25, 12.5], "texture": "#0"},
				"up": {"uv": [12.5, 5.25, 12.25, 5], "texture": "#0"},
				"down": {"uv": [5.5, 12.25, 5.25, 12.5], "texture": "#0"}
			}
		},
		{
			"from": [-0.50703, 2.26052, 15.02296],
			"to": [0.15371, 4.9035, 16.26403],
			"rotation": {"angle": 0, "axis": "y", "origin": [0.15371, 0.93903, 11]},
			"faces": {
				"north": {"uv": [5.25, 10.25, 5.5, 10.75], "texture": "#0"},
				"east": {"uv": [10.25, 5.25, 10.5, 5.75], "texture": "#0"},
				"south": {"uv": [5.5, 10.25, 5.75, 10.75], "texture": "#0"},
				"west": {"uv": [5.75, 10.25, 6, 10.75], "texture": "#0"},
				"up": {"uv": [12.5, 5.5, 12.25, 5.25], "texture": "#0"},
				"down": {"uv": [5.75, 12.25, 5.5, 12.5], "texture": "#0"}
			}
		},
		{
			"from": [-0.60614, 3.4829, 15.02296],
			"to": [0.25282, 3.68112, 16.26403],
			"rotation": {"angle": 0, "axis": "y", "origin": [0.15371, 0.93903, 11]},
			"faces": {
				"north": {"uv": [12.25, 5.5, 12.5, 5.75], "texture": "#0"},
				"east": {"uv": [5.75, 12.25, 6, 12.5], "texture": "#0"},
				"south": {"uv": [12.25, 5.75, 12.5, 6], "texture": "#0"},
				"west": {"uv": [6, 12.25, 6.25, 12.5], "texture": "#0"},
				"up": {"uv": [12.5, 6.25, 12.25, 6], "texture": "#0"},
				"down": {"uv": [6.5, 12.25, 6.25, 12.5], "texture": "#0"}
			}
		},
		{
			"from": [-1.82852, 4.24276, 15.02296],
			"to": [-0.50703, 4.9035, 16.26403],
			"rotation": {"angle": 0, "axis": "y", "origin": [-3.15001, 4.24276, 11]},
			"faces": {
				"north": {"uv": [12.25, 6.25, 12.5, 6.5], "texture": "#0"},
				"east": {"uv": [6.5, 12.25, 6.75, 12.5], "texture": "#0"},
				"south": {"uv": [12.25, 6.5, 12.5, 6.75], "texture": "#0"},
				"west": {"uv": [6.75, 12.25, 7, 12.5], "texture": "#0"},
				"up": {"uv": [12.5, 7, 12.25, 6.75], "texture": "#0"},
				"down": {"uv": [7.25, 12.25, 7, 12.5], "texture": "#0"}
			}
		},
		{
			"from": [-1.82852, 2.26052, 15.02296],
			"to": [-0.50703, 2.92127, 16.26403],
			"rotation": {"angle": 0, "axis": "y", "origin": [-3.15001, 2.26052, 11]},
			"faces": {
				"north": {"uv": [12.25, 7, 12.5, 7.25], "texture": "#0"},
				"east": {"uv": [7.25, 12.25, 7.5, 12.5], "texture": "#0"},
				"south": {"uv": [12.25, 7.25, 12.5, 7.5], "texture": "#0"},
				"west": {"uv": [7.5, 12.25, 7.75, 12.5], "texture": "#0"},
				"up": {"uv": [12.5, 7.75, 12.25, 7.5], "texture": "#0"},
				"down": {"uv": [8, 12.25, 7.75, 12.5], "texture": "#0"}
			}
		},
		{
			"from": [-2.81964, 2.26052, 15.02296],
			"to": [-2.15889, 4.9035, 16.26403],
			"rotation": {"angle": 0, "axis": "y", "origin": [-2.15889, 0.93903, 11]},
			"faces": {
				"north": {"uv": [10.25, 5.75, 10.5, 6.25], "texture": "#0"},
				"east": {"uv": [6, 10.25, 6.25, 10.75], "texture": "#0"},
				"south": {"uv": [6.25, 10.25, 6.5, 10.75], "texture": "#0"},
				"west": {"uv": [10.25, 6.25, 10.5, 6.75], "texture": "#0"},
				"up": {"uv": [12.5, 8, 12.25, 7.75], "texture": "#0"},
				"down": {"uv": [8.25, 12.25, 8, 12.5], "texture": "#0"}
			}
		},
		{
			"from": [-4.08392, 2.26052, 15.02296],
			"to": [-3.42317, 3.32315, 16.26403],
			"rotation": {"angle": 0, "axis": "y", "origin": [-3.42317, 0.93903, 11]},
			"faces": {
				"north": {"uv": [12.25, 8, 12.5, 8.25], "texture": "#0"},
				"east": {"uv": [8.25, 12.25, 8.5, 12.5], "texture": "#0"},
				"south": {"uv": [12.25, 8.25, 12.5, 8.5], "texture": "#0"},
				"west": {"uv": [8.5, 12.25, 8.75, 12.5], "texture": "#0"},
				"up": {"uv": [12.5, 8.75, 12.25, 8.5], "texture": "#0"},
				"down": {"uv": [9, 12.25, 8.75, 12.5], "texture": "#0"}
			}
		},
		{
			"from": [-4.08392, 3.84087, 15.02296],
			"to": [-3.42317, 4.9035, 16.26403],
			"rotation": {"angle": 0, "axis": "y", "origin": [-3.42317, 2.51938, 11]},
			"faces": {
				"north": {"uv": [12.25, 8.75, 12.5, 9], "texture": "#0"},
				"east": {"uv": [9, 12.25, 9.25, 12.5], "texture": "#0"},
				"south": {"uv": [12.25, 9, 12.5, 9.25], "texture": "#0"},
				"west": {"uv": [9.25, 12.25, 9.5, 12.5], "texture": "#0"},
				"up": {"uv": [12.5, 9.5, 12.25, 9.25], "texture": "#0"},
				"down": {"uv": [9.75, 12.25, 9.5, 12.5], "texture": "#0"}
			}
		},
		{
			"from": [-3.51499, 3.20873, 15.02296],
			"to": [-2.53818, 3.89208, 16.26403],
			"rotation": {"angle": 0, "axis": "y", "origin": [-2.79103, 1.6976, 11]},
			"faces": {
				"north": {"uv": [12.25, 9.5, 12.5, 9.75], "texture": "#0"},
				"east": {"uv": [9.75, 12.25, 10, 12.5], "texture": "#0"},
				"south": {"uv": [12.25, 9.75, 12.5, 10], "texture": "#0"},
				"west": {"uv": [10, 12.25, 10.25, 12.5], "texture": "#0"},
				"up": {"uv": [12.5, 10.25, 12.25, 10], "texture": "#0"},
				"down": {"uv": [10.5, 12.25, 10.25, 12.5], "texture": "#0"}
			}
		},
		{
			"from": [-2.34382, 3.4829, 15.02296],
			"to": [-2.05978, 3.68112, 16.26403],
			"rotation": {"angle": 0, "axis": "y", "origin": [-2.15889, 0.93903, 11]},
			"faces": {
				"north": {"uv": [12.25, 10.25, 12.5, 10.5], "texture": "#0"},
				"east": {"uv": [10.5, 12.25, 10.75, 12.5], "texture": "#0"},
				"south": {"uv": [12.25, 10.5, 12.5, 10.75], "texture": "#0"},
				"west": {"uv": [10.75, 12.25, 11, 12.5], "texture": "#0"},
				"up": {"uv": [12.5, 11, 12.25, 10.75], "texture": "#0"},
				"down": {"uv": [11.25, 12.25, 11, 12.5], "texture": "#0"}
			}
		},
		{
			"from": [-5.12165, 2.26052, 15.02296],
			"to": [-4.46091, 4.9035, 16.26403],
			"rotation": {"angle": 0, "axis": "y", "origin": [-4.46091, 0.93903, 11]},
			"faces": {
				"north": {"uv": [6.5, 10.25, 6.75, 10.75], "texture": "#0"},
				"east": {"uv": [10.25, 6.75, 10.5, 7.25], "texture": "#0"},
				"south": {"uv": [10.25, 7.25, 10.5, 7.75], "texture": "#0"},
				"west": {"uv": [10.25, 7.75, 10.5, 8.25], "texture": "#0"},
				"up": {"uv": [12.5, 11.25, 12.25, 11], "texture": "#0"},
				"down": {"uv": [11.5, 12.25, 11.25, 12.5], "texture": "#0"}
			}
		},
		{
			"from": [-6.44314, 2.89266, 15.02296],
			"to": [-6.25951, 2.98448, 16.26403],
			"rotation": {"angle": 0, "axis": "y", "origin": [-7.76463, 2.89266, 11]},
			"faces": {
				"north": {"uv": [12.25, 11.25, 12.5, 11.5], "texture": "#0"},
				"east": {"uv": [11.5, 12.25, 11.75, 12.5], "texture": "#0"},
				"south": {"uv": [12.25, 11.5, 12.5, 11.75], "texture": "#0"},
				"west": {"uv": [11.75, 12.25, 12, 12.5], "texture": "#0"},
				"up": {"uv": [12.5, 12, 12.25, 11.75], "texture": "#0"},
				"down": {"uv": [12.25, 12.25, 12, 12.5], "texture": "#0"}
			}
		},
		{
			"from": [-5.22077, 3.4829, 15.02296],
			"to": [-4.3618, 3.68112, 16.26403],
			"rotation": {"angle": 0, "axis": "y", "origin": [-4.46091, 0.93903, 11]},
			"faces": {
				"north": {"uv": [12.25, 12, 12.5, 12.25], "texture": "#0"},
				"east": {"uv": [12.25, 12.25, 12.5, 12.5], "texture": "#0"},
				"south": {"uv": [0, 12.5, 0.25, 12.75], "texture": "#0"},
				"west": {"uv": [0.25, 12.5, 0.5, 12.75], "texture": "#0"},
				"up": {"uv": [12.75, 0.5, 12.5, 0.25], "texture": "#0"},
				"down": {"uv": [0.75, 12.5, 0.5, 12.75], "texture": "#0"}
			}
		},
		{
			"from": [-6.44314, 2.26052, 15.02296],
			"to": [-5.12165, 2.92127, 16.26403],
			"rotation": {"angle": 0, "axis": "y", "origin": [-7.76463, 2.26052, 11]},
			"faces": {
				"north": {"uv": [12.5, 0.5, 12.75, 0.75], "texture": "#0"},
				"east": {"uv": [0.75, 12.5, 1, 12.75], "texture": "#0"},
				"south": {"uv": [12.5, 0.75, 12.75, 1], "texture": "#0"},
				"west": {"uv": [1, 12.5, 1.25, 12.75], "texture": "#0"},
				"up": {"uv": [12.75, 1.25, 12.5, 1], "texture": "#0"},
				"down": {"uv": [1.5, 12.5, 1.25, 12.75], "texture": "#0"}
			}
		},
		{
			"from": [-7.46057, 2.26052, 15.02296],
			"to": [-6.79983, 4.9035, 16.26403],
			"rotation": {"angle": 0, "axis": "y", "origin": [-6.79983, 0.93903, 11]},
			"faces": {
				"north": {"uv": [10.25, 8.25, 10.5, 8.75], "texture": "#0"},
				"east": {"uv": [10.25, 8.75, 10.5, 9.25], "texture": "#0"},
				"south": {"uv": [10.25, 9.25, 10.5, 9.75], "texture": "#0"},
				"west": {"uv": [10.25, 9.75, 10.5, 10.25], "texture": "#0"},
				"up": {"uv": [12.75, 1.5, 12.5, 1.25], "texture": "#0"},
				"down": {"uv": [1.75, 12.5, 1.5, 12.75], "texture": "#0"}
			}
		},
		{
			"from": [-8.31825, 3.38235, 15.02296],
			"to": [-6.70072, 3.78168, 16.26403],
			"rotation": {"angle": 0, "axis": "y", "origin": [-6.79983, 0.93903, 11]},
			"faces": {
				"north": {"uv": [12.5, 1.5, 12.75, 1.75], "texture": "#0"},
				"east": {"uv": [1.75, 12.5, 2, 12.75], "texture": "#0"},
				"south": {"uv": [12.5, 1.75, 12.75, 2], "texture": "#0"},
				"west": {"uv": [2, 12.5, 2.25, 12.75], "texture": "#0"},
				"up": {"uv": [12.75, 2.25, 12.5, 2], "texture": "#0"},
				"down": {"uv": [2.5, 12.5, 2.25, 12.75], "texture": "#0"}
			}
		},
		{
			"from": [-8.78206, 2.26052, 15.02296],
			"to": [-7.46057, 2.92127, 16.26403],
			"rotation": {"angle": 0, "axis": "y", "origin": [-10.10355, 2.26052, 11]},
			"faces": {
				"north": {"uv": [12.5, 2.25, 12.75, 2.5], "texture": "#0"},
				"east": {"uv": [2.5, 12.5, 2.75, 12.75], "texture": "#0"},
				"south": {"uv": [12.5, 2.5, 12.75, 2.75], "texture": "#0"},
				"west": {"uv": [2.75, 12.5, 3, 12.75], "texture": "#0"},
				"up": {"uv": [12.75, 3, 12.5, 2.75], "texture": "#0"},
				"down": {"uv": [3.25, 12.5, 3, 12.75], "texture": "#0"}
			}
		},
		{
			"from": [-8.78206, 2.89266, 15.02296],
			"to": [-8.59842, 2.98448, 16.26403],
			"rotation": {"angle": 0, "axis": "y", "origin": [-10.10355, 2.89266, 11]},
			"faces": {
				"north": {"uv": [12.5, 3, 12.75, 3.25], "texture": "#0"},
				"east": {"uv": [3.25, 12.5, 3.5, 12.75], "texture": "#0"},
				"south": {"uv": [12.5, 3.25, 12.75, 3.5], "texture": "#0"},
				"west": {"uv": [3.5, 12.5, 3.75, 12.75], "texture": "#0"},
				"up": {"uv": [12.75, 3.75, 12.5, 3.5], "texture": "#0"},
				"down": {"uv": [4, 12.5, 3.75, 12.75], "texture": "#0"}
			}
		},
		{
			"from": [-8.78206, 4.15694, 15.02296],
			"to": [-8.59842, 4.24876, 16.26403],
			"rotation": {"angle": 0, "axis": "y", "origin": [-10.10355, 4.15694, 11]},
			"faces": {
				"north": {"uv": [12.5, 3.75, 12.75, 4], "texture": "#0"},
				"east": {"uv": [4, 12.5, 4.25, 12.75], "texture": "#0"},
				"south": {"uv": [12.5, 4, 12.75, 4.25], "texture": "#0"},
				"west": {"uv": [4.25, 12.5, 4.5, 12.75], "texture": "#0"},
				"up": {"uv": [12.75, 4.5, 12.5, 4.25], "texture": "#0"},
				"down": {"uv": [4.75, 12.5, 4.5, 12.75], "texture": "#0"}
			}
		},
		{
			"from": [-8.78206, 4.22016, 15.02296],
			"to": [-7.46057, 4.8809, 16.26403],
			"rotation": {"angle": 0, "axis": "y", "origin": [-10.10355, 4.22016, 11]},
			"faces": {
				"north": {"uv": [12.5, 4.5, 12.75, 4.75], "texture": "#0"},
				"east": {"uv": [4.75, 12.5, 5, 12.75], "texture": "#0"},
				"south": {"uv": [12.5, 4.75, 12.75, 5], "texture": "#0"},
				"west": {"uv": [5, 12.5, 5.25, 12.75], "texture": "#0"},
				"up": {"uv": [12.75, 5.25, 12.5, 5], "texture": "#0"},
				"down": {"uv": [5.5, 12.5, 5.25, 12.75], "texture": "#0"}
			}
		}
	],
	"display": {
		"thirdperson_righthand": {
			"rotation": [63, 0, 0],
			"translation": [-4, 6.75, -3.25]
		},
		"thirdperson_lefthand": {
			"rotation": [65, 0, 0],
			"translation": [-7, 4.5, -8.75]
		},
		"firstperson_righthand": {
			"translation": [-5, -5, 0]
		},
		"firstperson_lefthand": {
			"translation": [-5, -5, 0]
		},
		"ground": {
			"rotation": [90, 0, 0],
			"translation": [0, 4.75, 0]
		},
		"gui": {
			"rotation": [0, 180, 0],
			"translation": [-1.25, -0.75, 0],
			"scale": [0.7, 0.7, 0.7]
		},
		"head": {
			"translation": [3, 13, -8.5]
		},
		"fixed": {
			"translation": [-7, 8.75, -31],
			"scale": [3.34, 3.4, 4]
		}
	},
	"groups": [
		0,
		{
			"name": "group",
			"origin": [9.5, 7, 7.75],
			"color": 0,
			"children": [1, 2, 3, 4, 5, 6, 7, 8, 9, 10, 11, 12, 13, 14, 15]
		},
		{
			"name": "group",
			"origin": [8, 8, 8],
			"color": 0,
			"children": [
				{
					"name": "group",
					"origin": [8, 8, 8],
					"color": 0,
					"children": [
						{
							"name": "group",
							"origin": [11, 12, 0],
							"color": 0,
							"children": [16, 17, 18, 19, 20, 21, 22, 23, 24, 25, 26]
						},
						{
							"name": "group",
							"origin": [11, 12, 0],
							"color": 0,
							"children": [27, 28, 29, 30, 31]
						},
						{
							"name": "group",
							"origin": [11, 12, 0],
							"color": 0,
							"children": [32, 33, 34, 35, 36]
						},
						{
							"name": "group",
							"origin": [11, 12, 0],
							"color": 0,
							"children": [37, 38, 39, 40]
						},
						{
							"name": "group",
							"origin": [11, 12, 0],
							"color": 0,
							"children": [41, 42, 43, 44]
						}
					]
				},
				{
					"name": "group",
					"origin": [8, 8, 8],
					"color": 0,
					"children": [
						{
							"name": "group",
							"origin": [11, 12, 0],
							"color": 0,
							"children": [45, 46, 47, 48]
						},
						{
							"name": "group",
							"origin": [11, 12, 0],
							"color": 0,
							"children": [49, 50, 51, 52, 53]
						},
						{
							"name": "group",
							"origin": [11, 12, 0],
							"color": 0,
							"children": [54, 55, 56, 57, 58, 59]
						},
						{
							"name": "group",
							"origin": [11, 12, 0],
							"color": 0,
							"children": [60, 61, 62, 63, 64]
						},
						{
							"name": "group",
							"origin": [11, 12, 0],
							"color": 0,
							"children": [65, 66, 67, 68, 69]
						},
						{
							"name": "group",
							"origin": [11, 12, 0],
							"color": 0,
							"children": [70, 71, 72, 73, 74, 75]
						},
						{
							"name": "group",
							"origin": [11, 12, 0],
							"color": 0,
							"children": [76, 77, 78, 79, 80]
						},
						{
							"name": "group",
							"origin": [11, 12, 0],
							"color": 0,
							"children": [81, 82, 83, 84]
						},
						{
							"name": "group",
							"origin": [11, 12, 0],
							"color": 0,
							"children": [85, 86]
						},
						{
							"name": "group",
							"origin": [11, 12, 0],
							"color": 0,
							"children": [87, 88, 89, 90, 91, 92, 93, 94, 95, 96, 97, 98, 99, 100, 101, 102, 103, 104, 105, 106, 107, 108, 109, 110, 111, 112, 113]
						}
					]
				},
				{
					"name": "group",
					"origin": [8, 8, 8],
					"color": 0,
					"children": [
						{
							"name": "group",
							"origin": [11, 12, 0],
							"color": 0,
							"children": [114, 115, 116, 117]
						},
						{
							"name": "group",
							"origin": [11, 12, 0],
							"color": 0,
							"children": [118, 119, 120, 121, 122, 123]
						},
						{
							"name": "group",
							"origin": [11, 12, 0],
							"color": 0,
							"children": [124, 125, 126, 127, 128, 129]
						},
						{
							"name": "group",
							"origin": [11, 12, 0],
							"color": 0,
							"children": [130, 131, 132, 133, 134]
						},
						{
							"name": "group",
							"origin": [11, 12, 0],
							"color": 0,
							"children": [135, 136, 137, 138, 139, 140]
						},
						{
							"name": "group",
							"origin": [11, 12, 0],
							"color": 0,
							"children": [141, 142, 143, 144, 145]
						},
						{
							"name": "group",
							"origin": [11, 12, 0],
							"color": 0,
							"children": [146, 147, 148, 149, 150]
						},
						{
							"name": "group",
							"origin": [11, 12, 0],
							"color": 0,
							"children": [151, 152, 153, 154]
						},
						{
							"name": "group",
							"origin": [11, 12, 0],
							"color": 0,
							"children": [155, 156, 157, 158, 159]
						},
						{
							"name": "group",
							"origin": [11, 12, 0],
							"color": 0,
							"children": [160, 161, 162, 163]
						},
						{
							"name": "group",
							"origin": [11, 12, 0],
							"color": 0,
							"children": [164, 165, 166, 167, 168, 169]
						}
					]
				}
			]
		}
	]
}