{
	"format_version": "1.21.6",
	"credit": "Made with Blockbench",
	"texture_size": [64, 64],
	"textures": {
		"1": "derp:item/gramophone",
		"particle": "derp:item/gramophone"
	},
	"elements": [
		{
			"from": [0, 0.3, 0],
			"to": [16, 1, 16],
			"faces": {
				"north": {"uv": [7, 8.75, 11, 9], "texture": "#1"},
				"east": {"uv": [7, 9, 11, 9.25], "texture": "#1"},
				"south": {"uv": [9, 8, 13, 8.25], "texture": "#1"},
				"west": {"uv": [9, 8.25, 13, 8.5], "texture": "#1"},
				"up": {"uv": [4, 4, 0, 0], "texture": "#1"},
				"down": {"uv": [4, 4, 0, 8], "texture": "#1"}
			}
		},
		{
			"from": [1, 1, 1],
			"to": [15, 6, 15],
			"rotation": {"angle": 0, "axis": "y", "origin": [0, 1, 0]},
			"faces": {
				"north": {"uv": [3.5, 8, 7, 9.25], "texture": "#1"},
				"east": {"uv": [8, 3.5, 11.5, 4.75], "texture": "#1"},
				"south": {"uv": [8, 4.75, 11.5, 6], "texture": "#1"},
				"west": {"uv": [8, 6, 11.5, 7.25], "texture": "#1"},
				"up": {"uv": [3.5, 11.5, 0, 8], "texture": "#1"},
				"down": {"uv": [11.5, 0, 8, 3.5], "texture": "#1"}
			}
		},
		{
			"from": [0, 6, 0],
			"to": [16, 7, 16],
			"rotation": {"angle": 0, "axis": "y", "origin": [0, 6, 0]},
			"faces": {
				"north": {"uv": [9, 8.5, 13, 8.75], "texture": "#1"},
				"east": {"uv": [3.5, 9.25, 7.5, 9.5], "texture": "#1"},
				"south": {"uv": [7.5, 9.25, 11.5, 9.5], "texture": "#1"},
				"west": {"uv": [3.5, 9.5, 7.5, 9.75], "texture": "#1"},
				"up": {"uv": [8, 4, 4, 0], "texture": "#1"},
				"down": {"uv": [8, 4, 4, 8], "texture": "#1"}
			}
		},
		{
			"from": [0.5, 1, 0.5],
			"to": [1.5, 6, 1.5],
			"rotation": {"angle": 0, "axis": "y", "origin": [-0.5, 1, -0.5]},
			"faces": {
				"north": {"uv": [0.75, 12.5, 1, 13.75], "texture": "#1"},
				"east": {"uv": [12.5, 3.5, 12.75, 4.75], "texture": "#1"},
				"south": {"uv": [4, 12.5, 4.25, 13.75], "texture": "#1"},
				"west": {"uv": [4.25, 12.5, 4.5, 13.75], "texture": "#1"},
				"up": {"uv": [11.5, 11.75, 11.25, 11.5], "texture": "#1"},
				"down": {"uv": [12.5, 5.25, 12.25, 5.5], "texture": "#1"}
			}
		},
		{
			"from": [14.5, 1, 0.5],
			"to": [15.5, 6, 1.5],
			"rotation": {"angle": 0, "axis": "y", "origin": [13.5, 1, -0.5]},
			"faces": {
				"north": {"uv": [4.5, 12.5, 4.75, 13.75], "texture": "#1"},
				"east": {"uv": [4.75, 12.5, 5, 13.75], "texture": "#1"},
				"south": {"uv": [12.5, 4.75, 12.75, 6], "texture": "#1"},
				"west": {"uv": [5, 12.5, 5.25, 13.75], "texture": "#1"},
				"up": {"uv": [6.25, 14.5, 6, 14.25], "texture": "#1"},
				"down": {"uv": [6.5, 14.25, 6.25, 14.5], "texture": "#1"}
			}
		},
		{
			"from": [14.5, 1, 14.5],
			"to": [15.5, 6, 15.5],
			"rotation": {"angle": 0, "axis": "y", "origin": [13.5, 1, 13.5]},
			"faces": {
				"north": {"uv": [5.25, 12.5, 5.5, 13.75], "texture": "#1"},
				"east": {"uv": [5.5, 12.5, 5.75, 13.75], "texture": "#1"},
				"south": {"uv": [5.75, 12.5, 6, 13.75], "texture": "#1"},
				"west": {"uv": [6, 12.5, 6.25, 13.75], "texture": "#1"},
				"up": {"uv": [6.75, 14.5, 6.5, 14.25], "texture": "#1"},
				"down": {"uv": [14.5, 7, 14.25, 7.25], "texture": "#1"}
			}
		},
		{
			"from": [0.5, 1, 14.5],
			"to": [1.5, 6, 15.5],
			"rotation": {"angle": 0, "axis": "y", "origin": [-0.5, 1, 13.5]},
			"faces": {
				"north": {"uv": [6.25, 12.5, 6.5, 13.75], "texture": "#1"},
				"east": {"uv": [6.5, 12.5, 6.75, 13.75], "texture": "#1"},
				"south": {"uv": [6.75, 12.5, 7, 13.75], "texture": "#1"},
				"west": {"uv": [7, 12.5, 7.25, 13.75], "texture": "#1"},
				"up": {"uv": [7.75, 14.5, 7.5, 14.25], "texture": "#1"},
				"down": {"uv": [8, 14.25, 7.75, 14.5], "texture": "#1"}
			}
		},
		{
			"from": [3.5, 3, 0.9],
			"to": [4.5, 4, 1.9],
			"rotation": {"angle": 45, "axis": "z", "origin": [4, 3.5, 0.8]},
			"faces": {
				"north": {"uv": [14.25, 8.25, 14.5, 8.5], "texture": "#1"},
				"east": {"uv": [14.25, 8.5, 14.5, 8.75], "texture": "#1"},
				"south": {"uv": [9.25, 14.25, 9.5, 14.5], "texture": "#1"},
				"west": {"uv": [9.5, 14.25, 9.75, 14.5], "texture": "#1"},
				"up": {"uv": [10, 14.5, 9.75, 14.25], "texture": "#1"},
				"down": {"uv": [10.25, 14.25, 10, 14.5], "texture": "#1"}
			}
		},
		{
			"from": [4, 2, 0.8],
			"to": [12, 5, 1.8],
			"rotation": {"angle": 0, "axis": "y", "origin": [12, 3, 0.8]},
			"faces": {
				"north": {"uv": [7, 10, 9, 10.75], "texture": "#1"},
				"east": {"uv": [2.75, 13.75, 3, 14.5], "texture": "#1"},
				"south": {"uv": [8, 7.25, 10, 8], "texture": "#1"},
				"west": {"uv": [3, 13.75, 3.25, 14.5], "texture": "#1"},
				"up": {"uv": [13.5, 7.25, 11.5, 7], "texture": "#1"},
				"down": {"uv": [14, 11.75, 12, 12], "texture": "#1"}
			}
		},
		{
			"from": [7.5, 3, 0.5],
			"to": [8.5, 4, 1.5],
			"rotation": {"angle": 0, "axis": "y", "origin": [12.5, 1, -0.5]},
			"faces": {
				"north": {"uv": [10.25, 14.25, 10.5, 14.5], "texture": "#1"},
				"east": {"uv": [11, 14.25, 11.25, 14.5], "texture": "#1"},
				"south": {"uv": [14.25, 11.5, 14.5, 11.75], "texture": "#1"},
				"west": {"uv": [14.25, 12.75, 14.5, 13], "texture": "#1"},
				"up": {"uv": [13.25, 14.5, 13, 14.25], "texture": "#1"},
				"down": {"uv": [14.5, 13, 14.25, 13.25], "texture": "#1"}
			}
		},
		{
			"from": [9.5, 3, 0.5],
			"to": [10.5, 4, 1.5],
			"rotation": {"angle": 0, "axis": "y", "origin": [14.5, 1, -0.5]},
			"faces": {
				"north": {"uv": [13.25, 14.25, 13.5, 14.5], "texture": "#1"},
				"east": {"uv": [14.25, 13.25, 14.5, 13.5], "texture": "#1"},
				"south": {"uv": [13.5, 14.25, 13.75, 14.5], "texture": "#1"},
				"west": {"uv": [14.25, 13.5, 14.5, 13.75], "texture": "#1"},
				"up": {"uv": [14.5, 14, 14.25, 13.75], "texture": "#1"},
				"down": {"uv": [14.25, 14.25, 14, 14.5], "texture": "#1"}
			}
		},
		{
			"from": [11.5, 3, 0.9],
			"to": [12.5, 4, 1.9],
			"rotation": {"angle": 45, "axis": "z", "origin": [12, 3.5, 0.8]},
			"faces": {
				"north": {"uv": [14.25, 14, 14.5, 14.25], "texture": "#1"},
				"east": {"uv": [14.25, 14.25, 14.5, 14.5], "texture": "#1"},
				"south": {"uv": [0, 14.5, 0.25, 14.75], "texture": "#1"},
				"west": {"uv": [0.25, 14.5, 0.5, 14.75], "texture": "#1"},
				"up": {"uv": [14.75, 1, 14.5, 0.75], "texture": "#1"},
				"down": {"uv": [14.75, 1.25, 14.5, 1.5], "texture": "#1"}
			}
		},
		{
			"from": [5.5, 3, 0.5],
			"to": [6.5, 4, 1.5],
			"rotation": {"angle": 0, "axis": "y", "origin": [10.5, 1, -0.5]},
			"faces": {
				"north": {"uv": [14.5, 1.5, 14.75, 1.75], "texture": "#1"},
				"east": {"uv": [14.5, 1.75, 14.75, 2], "texture": "#1"},
				"south": {"uv": [14.5, 2, 14.75, 2.25], "texture": "#1"},
				"west": {"uv": [14.5, 2.25, 14.75, 2.5], "texture": "#1"},
				"up": {"uv": [14.75, 2.75, 14.5, 2.5], "texture": "#1"},
				"down": {"uv": [3, 14.5, 2.75, 14.75], "texture": "#1"}
			}
		},
		{
			"from": [1, 7, 1],
			"to": [2, 7.2, 2],
			"rotation": {"angle": 0, "axis": "y", "origin": [1.5, 6.7, 1.5]},
			"faces": {
				"north": {"uv": [3, 14.5, 3.25, 14.75], "texture": "#1"},
				"east": {"uv": [3.25, 14.5, 3.5, 14.75], "texture": "#1"},
				"south": {"uv": [3.5, 14.5, 3.75, 14.75], "texture": "#1"},
				"west": {"uv": [3.75, 14.5, 4, 14.75], "texture": "#1"},
				"up": {"uv": [14.75, 4.25, 14.5, 4], "texture": "#1"},
				"down": {"uv": [14.75, 4.25, 14.5, 4.5], "texture": "#1"}
			}
		},
		{
			"from": [1, 7, 14],
			"to": [2, 7.2, 15],
			"rotation": {"angle": 0, "axis": "y", "origin": [1.5, 6.7, 14.5]},
			"faces": {
				"north": {"uv": [14.5, 4.5, 14.75, 4.75], "texture": "#1"},
				"east": {"uv": [4.75, 14.5, 5, 14.75], "texture": "#1"},
				"south": {"uv": [14.5, 4.75, 14.75, 5], "texture": "#1"},
				"west": {"uv": [5, 14.5, 5.25, 14.75], "texture": "#1"},
				"up": {"uv": [14.75, 5.25, 14.5, 5], "texture": "#1"},
				"down": {"uv": [5.5, 14.5, 5.25, 14.75], "texture": "#1"}
			}
		},
		{
			"from": [14, 7, 14],
			"to": [15, 7.2, 15],
			"rotation": {"angle": 0, "axis": "y", "origin": [14, 5.2, 14]},
			"faces": {
				"north": {"uv": [14.5, 5.25, 14.75, 5.5], "texture": "#1"},
				"east": {"uv": [5.5, 14.5, 5.75, 14.75], "texture": "#1"},
				"south": {"uv": [14.5, 5.5, 14.75, 5.75], "texture": "#1"},
				"west": {"uv": [14.5, 5.75, 14.75, 6], "texture": "#1"},
				"up": {"uv": [6.25, 14.75, 6, 14.5], "texture": "#1"},
				"down": {"uv": [14.75, 6, 14.5, 6.25], "texture": "#1"}
			}
		},
		{
			"from": [14, 7, 1],
			"to": [15, 7.2, 2],
			"rotation": {"angle": 0, "axis": "y", "origin": [14, 5.2, 1]},
			"faces": {
				"north": {"uv": [6.25, 14.5, 6.5, 14.75], "texture": "#1"},
				"east": {"uv": [14.5, 6.25, 14.75, 6.5], "texture": "#1"},
				"south": {"uv": [6.5, 14.5, 6.75, 14.75], "texture": "#1"},
				"west": {"uv": [14.5, 6.5, 14.75, 6.75], "texture": "#1"},
				"up": {"uv": [7, 14.75, 6.75, 14.5], "texture": "#1"},
				"down": {"uv": [14.75, 6.75, 14.5, 7], "texture": "#1"}
			}
		},
		{
			"from": [1, 0, 1],
			"to": [2, 0.3, 2],
			"rotation": {"angle": 0, "axis": "y", "origin": [1.5, -0.2, 1.5]},
			"faces": {
				"north": {"uv": [7, 14.5, 7.25, 14.75], "texture": "#1"},
				"east": {"uv": [14.5, 7, 14.75, 7.25], "texture": "#1"},
				"south": {"uv": [7.25, 14.5, 7.5, 14.75], "texture": "#1"},
				"west": {"uv": [14.5, 7.25, 14.75, 7.5], "texture": "#1"},
				"up": {"uv": [7.75, 14.75, 7.5, 14.5], "texture": "#1"},
				"down": {"uv": [14.75, 7.5, 14.5, 7.75], "texture": "#1"}
			}
		},
		{
			"from": [14, 0, 1],
			"to": [15, 0.3, 2],
			"rotation": {"angle": 0, "axis": "y", "origin": [14, -1.7, 1]},
			"faces": {
				"north": {"uv": [7.75, 14.5, 8, 14.75], "texture": "#1"},
				"east": {"uv": [14.5, 7.75, 14.75, 8], "texture": "#1"},
				"south": {"uv": [8, 14.5, 8.25, 14.75], "texture": "#1"},
				"west": {"uv": [14.5, 8, 14.75, 8.25], "texture": "#1"},
				"up": {"uv": [8.5, 14.75, 8.25, 14.5], "texture": "#1"},
				"down": {"uv": [14.75, 8.25, 14.5, 8.5], "texture": "#1"}
			}
		},
		{
			"from": [14, 0, 14],
			"to": [15, 0.3, 15],
			"rotation": {"angle": 0, "axis": "y", "origin": [14, -1.7, 14]},
			"faces": {
				"north": {"uv": [8.5, 14.5, 8.75, 14.75], "texture": "#1"},
				"east": {"uv": [14.5, 8.5, 14.75, 8.75], "texture": "#1"},
				"south": {"uv": [8.75, 14.5, 9, 14.75], "texture": "#1"},
				"west": {"uv": [14.5, 8.75, 14.75, 9], "texture": "#1"},
				"up": {"uv": [9.25, 14.75, 9, 14.5], "texture": "#1"},
				"down": {"uv": [14.75, 9, 14.5, 9.25], "texture": "#1"}
			}
		},
		{
			"from": [1, 0, 14],
			"to": [2, 0.3, 15],
			"rotation": {"angle": 0, "axis": "y", "origin": [1.5, -0.2, 14.5]},
			"faces": {
				"north": {"uv": [9.25, 14.5, 9.5, 14.75], "texture": "#1"},
				"east": {"uv": [14.5, 9.25, 14.75, 9.5], "texture": "#1"},
				"south": {"uv": [9.5, 14.5, 9.75, 14.75], "texture": "#1"},
				"west": {"uv": [14.5, 9.5, 14.75, 9.75], "texture": "#1"},
				"up": {"uv": [10, 14.75, 9.75, 14.5], "texture": "#1"},
				"down": {"uv": [14.75, 9.75, 14.5, 10], "texture": "#1"}
			}
		},
		{
			"from": [5.92132, 7, 9.04853],
			"to": [10.12132, 7.275, 13.14853],
			"rotation": {"angle": -45, "axis": "y", "origin": [8.02132, 6, 8.04853]},
			"faces": {
				"north": {"uv": [12.75, 1.25, 13.75, 1.5], "texture": "#1"},
				"east": {"uv": [12.75, 1.5, 13.75, 1.75], "texture": "#1"},
				"south": {"uv": [12.75, 3.5, 13.75, 3.75], "texture": "#1"},
				"west": {"uv": [12.75, 3.75, 13.75, 4], "texture": "#1"},
				"up": {"uv": [5.5, 10.75, 4.5, 9.75], "texture": "#1"},
				"down": {"uv": [10.5, 10.5, 9.5, 11.5], "texture": "#1"}
			}
		},
		{
			"from": [2.93015, 7, 5.96985],
			"to": [7.03015, 7.3, 10.16985],
			"rotation": {"angle": 0, "axis": "y", "origin": [7.93015, 6, 7.06985]},
			"faces": {
				"north": {"uv": [12.75, 4, 13.75, 4.25], "texture": "#1"},
				"east": {"uv": [12.75, 4.25, 13.75, 4.5], "texture": "#1"},
				"south": {"uv": [12.75, 4.5, 13.75, 4.75], "texture": "#1"},
				"west": {"uv": [12.75, 4.75, 13.75, 5], "texture": "#1"},
				"up": {"uv": [10.5, 10.5, 9.5, 9.5], "texture": "#1"},
				"down": {"uv": [4.5, 9.75, 3.5, 10.75], "texture": "#1"}
			}
		},
		{
			"from": [5.85061, 7, 3.02046],
			"to": [10.05061, 7.275, 7.12046],
			"rotation": {"angle": 45, "axis": "y", "origin": [7.95061, 6, 8.02046]},
			"faces": {
				"north": {"uv": [12.75, 5, 13.75, 5.25], "texture": "#1"},
				"east": {"uv": [12.75, 5.25, 13.75, 5.5], "texture": "#1"},
				"south": {"uv": [12.75, 5.5, 13.75, 5.75], "texture": "#1"},
				"west": {"uv": [12.75, 5.75, 13.75, 6], "texture": "#1"},
				"up": {"uv": [5.5, 10.75, 4.5, 9.75], "texture": "#1"},
				"down": {"uv": [6.5, 9.75, 5.5, 10.75], "texture": "#1"}
			}
		},
		{
			"from": [5.9, 7, 3],
			"to": [10.1, 7.325, 7.1],
			"rotation": {"angle": 0, "axis": "y", "origin": [7, 6, 8]},
			"faces": {
				"north": {"uv": [12.75, 8.75, 13.75, 9], "texture": "#1"},
				"east": {"uv": [12.75, 9, 13.75, 9.25], "texture": "#1"},
				"south": {"uv": [9.25, 12.75, 10.25, 13], "texture": "#1"},
				"west": {"uv": [12.75, 9.25, 13.75, 9.5], "texture": "#1"},
				"up": {"uv": [6.5, 11.75, 5.5, 10.75], "texture": "#1"},
				"down": {"uv": [5.5, 10.75, 4.5, 11.75], "texture": "#1"}
			}
		},
		{
			"from": [5.94939, 7, 3.02046],
			"to": [10.14939, 7.275, 7.12046],
			"rotation": {"angle": -45, "axis": "y", "origin": [8.04939, 6, 8.02046]},
			"faces": {
				"north": {"uv": [12.75, 9.5, 13.75, 9.75], "texture": "#1"},
				"east": {"uv": [12.75, 9.75, 13.75, 10], "texture": "#1"},
				"south": {"uv": [12, 12.75, 13, 13], "texture": "#1"},
				"west": {"uv": [12.75, 12.25, 13.75, 12.5], "texture": "#1"},
				"up": {"uv": [10.5, 10.5, 9.5, 9.5], "texture": "#1"},
				"down": {"uv": [10.5, 10.5, 9.5, 11.5], "texture": "#1"}
			}
		},
		{
			"from": [8.96985, 7, 5.96985],
			"to": [13.06985, 7.3, 10.16985],
			"rotation": {"angle": 0, "axis": "y", "origin": [8.06985, 6, 7.06985]},
			"faces": {
				"north": {"uv": [12.75, 12.5, 13.75, 12.75], "texture": "#1"},
				"east": {"uv": [13, 0, 14, 0.25], "texture": "#1"},
				"south": {"uv": [13, 0.25, 14, 0.5], "texture": "#1"},
				"west": {"uv": [13, 0.5, 14, 0.75], "texture": "#1"},
				"up": {"uv": [11.5, 10.5, 10.5, 9.5], "texture": "#1"},
				"down": {"uv": [11.5, 10.5, 10.5, 11.5], "texture": "#1"}
			}
		},
		{
			"from": [5.87868, 7, 9.04853],
			"to": [10.07868, 7.275, 13.14853],
			"rotation": {"angle": 45, "axis": "y", "origin": [7.97868, 6, 8.04853]},
			"faces": {
				"north": {"uv": [13, 8, 14, 8.25], "texture": "#1"},
				"east": {"uv": [13, 8.25, 14, 8.5], "texture": "#1"},
				"south": {"uv": [13, 8.5, 14, 8.75], "texture": "#1"},
				"west": {"uv": [9.25, 13, 10.25, 13.25], "texture": "#1"},
				"up": {"uv": [4.5, 11.75, 3.5, 10.75], "texture": "#1"},
				"down": {"uv": [5.5, 10.75, 4.5, 11.75], "texture": "#1"}
			}
		},
		{
			"from": [5.9, 7, 9.0397],
			"to": [10.1, 7.325, 13.1397],
			"rotation": {"angle": 0, "axis": "y", "origin": [7, 6, 8.0397]},
			"faces": {
				"north": {"uv": [10.25, 13, 11.25, 13.25], "texture": "#1"},
				"east": {"uv": [13, 10.5, 14, 10.75], "texture": "#1"},
				"south": {"uv": [13, 10.75, 14, 11], "texture": "#1"},
				"west": {"uv": [13, 11, 14, 11.25], "texture": "#1"},
				"up": {"uv": [6.5, 11.75, 5.5, 10.75], "texture": "#1"},
				"down": {"uv": [7.5, 10.75, 6.5, 11.75], "texture": "#1"}
			}
		},
		{
			"from": [5.9, 6.9, 6.0397],
			"to": [10.1, 7.2, 10.1397],
			"rotation": {"angle": 0, "axis": "y", "origin": [7, 5.9, 5.0397]},
			"faces": {
				"north": {"uv": [13, 11.25, 14, 11.5], "texture": "#1"},
				"east": {"uv": [12, 13, 13, 13.25], "texture": "#1"},
				"south": {"uv": [13, 12.75, 14, 13], "texture": "#1"},
				"west": {"uv": [13, 13, 14, 13.25], "texture": "#1"},
				"up": {"uv": [1, 12.5, 0, 11.5], "texture": "#1"},
				"down": {"uv": [12.5, 0, 11.5, 1], "texture": "#1"}
			}
		},
		{
			"from": [7.9, 5.9, 7.9397],
			"to": [8.1, 7.6, 8.1397],
			"rotation": {"angle": 0, "axis": "y", "origin": [7, 6.9, 5.0397]},
			"faces": {
				"north": {"uv": [14, 4.5, 14.25, 5], "texture": "#1"},
				"east": {"uv": [14, 5, 14.25, 5.5], "texture": "#1"},
				"south": {"uv": [5.25, 14, 5.5, 14.5], "texture": "#1"},
				"west": {"uv": [5.5, 14, 5.75, 14.5], "texture": "#1"},
				"up": {"uv": [10.25, 14.75, 10, 14.5], "texture": "#1"},
				"down": {"uv": [14.75, 10, 14.5, 10.25], "texture": "#1"}
			}
		},
		{
			"from": [0.7, 2, 7],
			"to": [2.7, 4, 9],
			"rotation": {"angle": 0, "axis": "y", "origin": [0.7, 2, 7]},
			"faces": {
				"north": {"uv": [11, 8.75, 11.5, 9.25], "texture": "#1"},
				"east": {"uv": [2.5, 12.75, 3, 13.25], "texture": "#1"},
				"south": {"uv": [0, 13, 0.5, 13.5], "texture": "#1"},
				"west": {"uv": [2.5, 13.25, 3, 13.75], "texture": "#1"},
				"up": {"uv": [3.5, 13.75, 3, 13.25], "texture": "#1"},
				"down": {"uv": [4, 13.25, 3.5, 13.75], "texture": "#1"}
			}
		},
		{
			"from": [-1, 2.93303, 7.5722],
			"to": [0.9, 3.53303, 8.1722],
			"rotation": {"angle": 12.5, "axis": "x", "origin": [-2, 2.23303, 6.8722]},
			"faces": {
				"north": {"uv": [3, 11.5, 3.5, 11.75], "texture": "#1"},
				"east": {"uv": [10.25, 14.5, 10.5, 14.75], "texture": "#1"},
				"south": {"uv": [10.25, 12.75, 10.75, 13], "texture": "#1"},
				"west": {"uv": [14.5, 10.25, 14.75, 10.5], "texture": "#1"},
				"up": {"uv": [14.5, 5.75, 14, 5.5], "texture": "#1"},
				"down": {"uv": [6.25, 14, 5.75, 14.25], "texture": "#1"}
			}
		},
		{
			"from": [-1.6, 2.7, 7.7],
			"to": [-1, 6.7, 8.3],
			"rotation": {"angle": 12.5, "axis": "x", "origin": [-1.3, 2.7, 8]},
			"faces": {
				"north": {"uv": [0.5, 13, 0.75, 14], "texture": "#1"},
				"east": {"uv": [9.25, 13.25, 9.5, 14.25], "texture": "#1"},
				"south": {"uv": [9.5, 13.25, 9.75, 14.25], "texture": "#1"},
				"west": {"uv": [9.75, 13.25, 10, 14.25], "texture": "#1"},
				"up": {"uv": [10.75, 14.75, 10.5, 14.5], "texture": "#1"},
				"down": {"uv": [14.75, 10.5, 14.5, 10.75], "texture": "#1"}
			}
		},
		{
			"from": [-2.6, 6.25244, 8.30809],
			"to": [-1.6, 6.85244, 8.90809],
			"rotation": {"angle": 12.5, "axis": "x", "origin": [-3.6, 5.55244, 7.60809]},
			"faces": {
				"north": {"uv": [10.75, 14.5, 11, 14.75], "texture": "#1"},
				"east": {"uv": [14.5, 10.75, 14.75, 11], "texture": "#1"},
				"south": {"uv": [11, 14.5, 11.25, 14.75], "texture": "#1"},
				"west": {"uv": [14.5, 11, 14.75, 11.25], "texture": "#1"},
				"up": {"uv": [11.5, 14.75, 11.25, 14.5], "texture": "#1"},
				"down": {"uv": [14.75, 11.25, 14.5, 11.5], "texture": "#1"}
			}
		},
		{
			"from": [-4.9, 6.10047, 8.16954],
			"to": [-2.6, 7.10047, 9.16954],
			"rotation": {"angle": 12.5, "axis": "x", "origin": [-4.6, 5.60047, 7.66954]},
			"faces": {
				"north": {"uv": [6.25, 14, 6.75, 14.25], "texture": "#1"},
				"east": {"uv": [11.5, 14.5, 11.75, 14.75], "texture": "#1"},
				"south": {"uv": [14, 6.25, 14.5, 6.5], "texture": "#1"},
				"west": {"uv": [14.5, 11.5, 14.75, 11.75], "texture": "#1"},
				"up": {"uv": [14.5, 6.75, 14, 6.5], "texture": "#1"},
				"down": {"uv": [14.5, 6.75, 14, 7], "texture": "#1"}
			}
		},
		{
			"from": [10.46042, 7.4, 7.38448],
			"to": [10.56042, 7.8, 7.48448],
			"rotation": {"angle": 15, "axis": "y", "origin": [9.16042, 5.9, 4.58448]},
			"faces": {
				"north": {"uv": [11.75, 14.5, 12, 14.75], "texture": "#1"},
				"east": {"uv": [14.5, 11.75, 14.75, 12], "texture": "#1"},
				"south": {"uv": [12, 14.5, 12.25, 14.75], "texture": "#1"},
				"west": {"uv": [14.5, 12, 14.75, 12.25], "texture": "#1"},
				"up": {"uv": [12.5, 14.75, 12.25, 14.5], "texture": "#1"},
				"down": {"uv": [14.75, 12.25, 14.5, 12.5], "texture": "#1"}
			}
		},
		{
			"from": [10.26042, 7.8, 7.18448],
			"to": [10.76042, 8.7, 7.58448],
			"rotation": {"angle": 15, "axis": "y", "origin": [9.16042, 6.3, 4.58448]},
			"faces": {
				"north": {"uv": [12.5, 14.5, 12.75, 14.75], "texture": "#1"},
				"east": {"uv": [14.5, 12.5, 14.75, 12.75], "texture": "#1"},
				"south": {"uv": [12.75, 14.5, 13, 14.75], "texture": "#1"},
				"west": {"uv": [14.5, 12.75, 14.75, 13], "texture": "#1"},
				"up": {"uv": [13.25, 14.75, 13, 14.5], "texture": "#1"},
				"down": {"uv": [14.75, 13, 14.5, 13.25], "texture": "#1"}
			}
		},
		{
			"from": [10.26042, 7.8, 7.58448],
			"to": [10.76042, 8.5, 8.18448],
			"rotation": {"angle": 15, "axis": "y", "origin": [9.16042, 6.3, 4.58448]},
			"faces": {
				"north": {"uv": [13.25, 14.5, 13.5, 14.75], "texture": "#1"},
				"east": {"uv": [14.5, 13.25, 14.75, 13.5], "texture": "#1"},
				"south": {"uv": [13.5, 14.5, 13.75, 14.75], "texture": "#1"},
				"west": {"uv": [14.5, 13.5, 14.75, 13.75], "texture": "#1"},
				"up": {"uv": [14, 14.75, 13.75, 14.5], "texture": "#1"},
				"down": {"uv": [14.75, 13.75, 14.5, 14], "texture": "#1"}
			}
		},
		{
			"from": [10.61584, 7.825, 7.52453],
			"to": [10.91584, 8.3, 9.52453],
			"rotation": {"angle": 15, "axis": "y", "origin": [9.51584, 6.3, 5.52453]},
			"faces": {
				"north": {"uv": [14, 14.5, 14.25, 14.75], "texture": "#1"},
				"east": {"uv": [7.5, 14, 8, 14.25], "texture": "#1"},
				"south": {"uv": [14.5, 14, 14.75, 14.25], "texture": "#1"},
				"west": {"uv": [14, 8, 14.5, 8.25], "texture": "#1"},
				"up": {"uv": [8.25, 14.5, 8, 14], "texture": "#1"},
				"down": {"uv": [14.25, 8.25, 14, 8.75], "texture": "#1"}
			}
		},
		{
			"from": [11.6, 7.8, 9],
			"to": [11.9, 8.3, 10],
			"rotation": {"angle": 0, "axis": "y", "origin": [10.5, 6.3, 8]},
			"faces": {
				"north": {"uv": [14.25, 14.5, 14.5, 14.75], "texture": "#1"},
				"east": {"uv": [14.5, 14.25, 14.75, 14.5], "texture": "#1"},
				"south": {"uv": [14.5, 14.5, 14.75, 14.75], "texture": "#1"},
				"west": {"uv": [0, 14.75, 0.25, 15], "texture": "#1"},
				"up": {"uv": [15, 0.25, 14.75, 0], "texture": "#1"},
				"down": {"uv": [0.5, 14.75, 0.25, 15], "texture": "#1"}
			}
		},
		{
			"from": [11.5, 7.8, 10],
			"to": [12, 8.4, 12],
			"rotation": {"angle": 0, "axis": "y", "origin": [10.5, 6.3, 8]},
			"faces": {
				"north": {"uv": [14.75, 0.25, 15, 0.5], "texture": "#1"},
				"east": {"uv": [10, 14, 10.5, 14.25], "texture": "#1"},
				"south": {"uv": [0.5, 14.75, 0.75, 15], "texture": "#1"},
				"west": {"uv": [14, 10.5, 14.5, 10.75], "texture": "#1"},
				"up": {"uv": [9.25, 14.5, 9, 14], "texture": "#1"},
				"down": {"uv": [10.75, 14, 10.5, 14.5], "texture": "#1"}
			}
		},
		{
			"from": [11.4, 7.82279, 12.26047],
			"to": [12.1, 8.52279, 14.26047],
			"rotation": {"angle": -10, "axis": "x", "origin": [10.4, 6.32279, 12.26047]},
			"faces": {
				"north": {"uv": [14.75, 0.5, 15, 0.75], "texture": "#1"},
				"east": {"uv": [14, 10.75, 14.5, 11], "texture": "#1"},
				"south": {"uv": [0.75, 14.75, 1, 15], "texture": "#1"},
				"west": {"uv": [14, 11, 14.5, 11.25], "texture": "#1"},
				"up": {"uv": [11.5, 14.5, 11.25, 14], "texture": "#1"},
				"down": {"uv": [11.75, 14, 11.5, 14.5], "texture": "#1"}
			}
		},
		{
			"from": [11.3, 7.28693, 12.89834],
			"to": [12.2, 9.78693, 13.79834],
			"rotation": {"angle": 35, "axis": "x", "origin": [10.4, 7.28693, 15.19834]},
			"faces": {
				"north": {"uv": [3.25, 13.75, 3.5, 14.5], "texture": "#1"},
				"east": {"uv": [3.5, 13.75, 3.75, 14.5], "texture": "#1"},
				"south": {"uv": [13.75, 3.5, 14, 4.25], "texture": "#1"},
				"west": {"uv": [3.75, 13.75, 4, 14.5], "texture": "#1"},
				"up": {"uv": [15, 1, 14.75, 0.75], "texture": "#1"},
				"down": {"uv": [1.25, 14.75, 1, 15], "texture": "#1"}
			}
		},
		{
			"from": [11.1, 10.08693, 14.29834],
			"to": [12.3, 12.38693, 15.49834],
			"rotation": {"angle": -2.5, "axis": "x", "origin": [10.4, 10.08693, 16.69834]},
			"faces": {
				"north": {"uv": [11.75, 14, 12, 14.5], "texture": "#1"},
				"east": {"uv": [12, 14, 12.25, 14.5], "texture": "#1"},
				"south": {"uv": [12.25, 14, 12.5, 14.5], "texture": "#1"},
				"west": {"uv": [12.5, 14, 12.75, 14.5], "texture": "#1"},
				"up": {"uv": [15, 1.25, 14.75, 1], "texture": "#1"},
				"down": {"uv": [1.5, 14.75, 1.25, 15], "texture": "#1"}
			}
		},
		{
			"from": [10.2, 19.87141, 9.69757],
			"to": [13.2, 22.27141, 9.89757],
			"rotation": {"angle": -42.5, "axis": "x", "origin": [10.4, 16.97141, 13.49757]},
			"faces": {
				"north": {"uv": [9.25, 12.25, 10, 12.75], "texture": "#1"},
				"east": {"uv": [14, 12.75, 14.25, 13.25], "texture": "#1"},
				"south": {"uv": [10, 12.25, 10.75, 12.75], "texture": "#1"},
				"west": {"uv": [14, 13.25, 14.25, 13.75], "texture": "#1"},
				"up": {"uv": [14.25, 7.25, 13.5, 7], "texture": "#1"},
				"down": {"uv": [14.25, 11.5, 13.5, 11.75], "texture": "#1"}
			}
		},
		{
			"from": [10.4, 12.38693, 11.69834],
			"to": [13, 14.58693, 14.99834],
			"rotation": {"angle": 42.5, "axis": "x", "origin": [10.4, 15.28693, 14.99834]},
			"faces": {
				"north": {"uv": [12.25, 10.5, 13, 11], "texture": "#1"},
				"east": {"uv": [12.25, 11, 13, 11.5], "texture": "#1"},
				"south": {"uv": [12, 12.25, 12.75, 12.75], "texture": "#1"},
				"west": {"uv": [0, 12.5, 0.75, 13], "texture": "#1"},
				"up": {"uv": [12.25, 9.5, 11.5, 8.75], "texture": "#1"},
				"down": {"uv": [9.75, 11.5, 9, 12.25], "texture": "#1"}
			}
		},
		{
			"from": [10.2, 13.87141, 9.19757],
			"to": [13.2, 16.67141, 12.79757],
			"rotation": {"angle": 22.5, "axis": "x", "origin": [10.4, 16.97141, 13.49757]},
			"faces": {
				"north": {"uv": [11.5, 9.5, 12.25, 10.25], "texture": "#1"},
				"east": {"uv": [11.5, 5.5, 12.5, 6.25], "texture": "#1"},
				"south": {"uv": [9.75, 11.5, 10.5, 12.25], "texture": "#1"},
				"west": {"uv": [11.5, 6.25, 12.5, 7], "texture": "#1"},
				"up": {"uv": [8.25, 12.5, 7.5, 11.5], "texture": "#1"},
				"down": {"uv": [9, 11.5, 8.25, 12.5], "texture": "#1"}
			}
		},
		{
			"from": [10.8, 12.18693, 13.79834],
			"to": [12.6, 15.48693, 15.59834],
			"rotation": {"angle": -25, "axis": "x", "origin": [10.4, 12.18693, 16.49834]},
			"faces": {
				"north": {"uv": [10.75, 12.25, 11.25, 13], "texture": "#1"},
				"east": {"uv": [12.5, 0, 13, 0.75], "texture": "#1"},
				"south": {"uv": [3, 12.5, 3.5, 13.25], "texture": "#1"},
				"west": {"uv": [3.5, 12.5, 4, 13.25], "texture": "#1"},
				"up": {"uv": [10.5, 13.75, 10, 13.25], "texture": "#1"},
				"down": {"uv": [11, 13.25, 10.5, 13.75], "texture": "#1"}
			}
		},
		{
			"from": [10.2, 12.82169, -1.91764],
			"to": [13.2, 13.82169, -0.91764],
			"rotation": {"angle": -45, "axis": "x", "origin": [11.7, 16.79256, 1.97605]},
			"faces": {
				"north": {"uv": [13.75, 0.75, 14.5, 1], "texture": "#1"},
				"east": {"uv": [14.75, 1.25, 15, 1.5], "texture": "#1"},
				"south": {"uv": [13.75, 1.25, 14.5, 1.5], "texture": "#1"},
				"west": {"uv": [1.5, 14.75, 1.75, 15], "texture": "#1"},
				"up": {"uv": [14.5, 1.75, 13.75, 1.5], "texture": "#1"},
				"down": {"uv": [4.75, 13.75, 4, 14], "texture": "#1"}
			}
		},
		{
			"from": [9.2, 12.82169, -0.91764],
			"to": [14.2, 13.82169, 0.08236],
			"rotation": {"angle": -45, "axis": "x", "origin": [11.7, 16.79256, 1.97605]},
			"faces": {
				"north": {"uv": [12.25, 11.5, 13.5, 11.75], "texture": "#1"},
				"east": {"uv": [14.75, 1.5, 15, 1.75], "texture": "#1"},
				"south": {"uv": [12.5, 0.75, 13.75, 1], "texture": "#1"},
				"west": {"uv": [1.75, 14.75, 2, 15], "texture": "#1"},
				"up": {"uv": [13.75, 6.25, 12.5, 6], "texture": "#1"},
				"down": {"uv": [13.75, 6.25, 12.5, 6.5], "texture": "#1"}
			}
		},
		{
			"from": [8.2, 12.82169, 0.08236],
			"to": [15.2, 13.82169, 1.48236],
			"rotation": {"angle": -45, "axis": "x", "origin": [11.7, 16.79256, 1.97605]},
			"faces": {
				"north": {"uv": [12, 12, 13.75, 12.25], "texture": "#1"},
				"east": {"uv": [14.75, 1.75, 15, 2], "texture": "#1"},
				"south": {"uv": [12.25, 1.75, 14, 2], "texture": "#1"},
				"west": {"uv": [2, 14.75, 2.25, 15], "texture": "#1"},
				"up": {"uv": [14, 2.25, 12.25, 2], "texture": "#1"},
				"down": {"uv": [14, 2.25, 12.25, 2.5], "texture": "#1"}
			}
		},
		{
			"from": [14.67099, 15.27141, -1.9417],
			"to": [15.67099, 18.27141, -0.9417],
			"rotation": {"angle": -45, "axis": "y", "origin": [11.7, 16.79256, 1.97605]},
			"faces": {
				"north": {"uv": [13.75, 4.25, 14, 5], "texture": "#1"},
				"east": {"uv": [4.75, 13.75, 5, 14.5], "texture": "#1"},
				"south": {"uv": [5, 13.75, 5.25, 14.5], "texture": "#1"},
				"west": {"uv": [13.75, 5, 14, 5.75], "texture": "#1"},
				"up": {"uv": [15, 2.25, 14.75, 2], "texture": "#1"},
				"down": {"uv": [2.5, 14.75, 2.25, 15], "texture": "#1"}
			}
		},
		{
			"from": [14.67099, 14.27141, -0.9417],
			"to": [15.67099, 19.27141, 0.0583],
			"rotation": {"angle": -45, "axis": "y", "origin": [11.7, 16.79256, 1.97605]},
			"faces": {
				"north": {"uv": [7.25, 12.5, 7.5, 13.75], "texture": "#1"},
				"east": {"uv": [7.5, 12.5, 7.75, 13.75], "texture": "#1"},
				"south": {"uv": [7.75, 12.5, 8, 13.75], "texture": "#1"},
				"west": {"uv": [8, 12.5, 8.25, 13.75], "texture": "#1"},
				"up": {"uv": [15, 2.5, 14.75, 2.25], "texture": "#1"},
				"down": {"uv": [2.75, 14.75, 2.5, 15], "texture": "#1"}
			}
		},
		{
			"from": [14.67099, 13.27141, 0.0583],
			"to": [15.67099, 20.27141, 1.4583],
			"rotation": {"angle": -45, "axis": "y", "origin": [11.7, 16.79256, 1.97605]},
			"faces": {
				"north": {"uv": [1, 12.25, 1.25, 14], "texture": "#1"},
				"east": {"uv": [1.25, 12.25, 1.5, 14], "texture": "#1"},
				"south": {"uv": [1.5, 12.25, 1.75, 14], "texture": "#1"},
				"west": {"uv": [1.75, 12.25, 2, 14], "texture": "#1"},
				"up": {"uv": [15, 2.75, 14.75, 2.5], "texture": "#1"},
				"down": {"uv": [3, 14.75, 2.75, 15], "texture": "#1"}
			}
		},
		{
			"from": [10.2, 19.80593, -1.87514],
			"to": [13.2, 20.80593, -0.87514],
			"rotation": {"angle": 45, "axis": "x", "origin": [11.7, 16.79256, 1.97605]},
			"faces": {
				"north": {"uv": [5.25, 13.75, 6, 14], "texture": "#1"},
				"east": {"uv": [14.75, 2.75, 15, 3], "texture": "#1"},
				"south": {"uv": [13.75, 5.75, 14.5, 6], "texture": "#1"},
				"west": {"uv": [3, 14.75, 3.25, 15], "texture": "#1"},
				"up": {"uv": [6.75, 14, 6, 13.75], "texture": "#1"},
				"down": {"uv": [14.5, 6, 13.75, 6.25], "texture": "#1"}
			}
		},
		{
			"from": [9.2, 19.80593, -0.87514],
			"to": [14.2, 20.80593, 0.12486],
			"rotation": {"angle": 45, "axis": "x", "origin": [11.7, 16.79256, 1.97605]},
			"faces": {
				"north": {"uv": [12.5, 6.5, 13.75, 6.75], "texture": "#1"},
				"east": {"uv": [14.75, 3, 15, 3.25], "texture": "#1"},
				"south": {"uv": [12.5, 6.75, 13.75, 7], "texture": "#1"},
				"west": {"uv": [3.25, 14.75, 3.5, 15], "texture": "#1"},
				"up": {"uv": [13.75, 7.5, 12.5, 7.25], "texture": "#1"},
				"down": {"uv": [13.75, 7.5, 12.5, 7.75], "texture": "#1"}
			}
		},
		{
			"from": [8.2, 19.80593, 0.12486],
			"to": [15.2, 20.80593, 1.52486],
			"rotation": {"angle": 45, "axis": "x", "origin": [11.7, 16.79256, 1.97605]},
			"faces": {
				"north": {"uv": [12.25, 2.5, 14, 2.75], "texture": "#1"},
				"east": {"uv": [14.75, 3.25, 15, 3.5], "texture": "#1"},
				"south": {"uv": [12.25, 2.75, 14, 3], "texture": "#1"},
				"west": {"uv": [3.5, 14.75, 3.75, 15], "texture": "#1"},
				"up": {"uv": [14, 3.25, 12.25, 3], "texture": "#1"},
				"down": {"uv": [14, 3.25, 12.25, 3.5], "texture": "#1"}
			}
		},
		{
			"from": [7.72901, 15.27141, -1.9417],
			"to": [8.72901, 18.27141, -0.9417],
			"rotation": {"angle": 45, "axis": "y", "origin": [11.7, 16.79256, 1.97605]},
			"faces": {
				"north": {"uv": [13.75, 6.25, 14, 7], "texture": "#1"},
				"east": {"uv": [6.75, 13.75, 7, 14.5], "texture": "#1"},
				"south": {"uv": [7, 13.75, 7.25, 14.5], "texture": "#1"},
				"west": {"uv": [7.25, 13.75, 7.5, 14.5], "texture": "#1"},
				"up": {"uv": [15, 3.75, 14.75, 3.5], "texture": "#1"},
				"down": {"uv": [4, 14.75, 3.75, 15], "texture": "#1"}
			}
		},
		{
			"from": [7.72901, 14.27141, -0.9417],
			"to": [8.72901, 19.27141, 0.0583],
			"rotation": {"angle": 45, "axis": "y", "origin": [11.7, 16.79256, 1.97605]},
			"faces": {
				"north": {"uv": [8.25, 12.5, 8.5, 13.75], "texture": "#1"},
				"east": {"uv": [8.5, 12.5, 8.75, 13.75], "texture": "#1"},
				"south": {"uv": [8.75, 12.5, 9, 13.75], "texture": "#1"},
				"west": {"uv": [12.5, 8.75, 12.75, 10], "texture": "#1"},
				"up": {"uv": [15, 4, 14.75, 3.75], "texture": "#1"},
				"down": {"uv": [4.25, 14.75, 4, 15], "texture": "#1"}
			}
		},
		{
			"from": [7.72901, 13.27141, 0.0583],
			"to": [8.72901, 20.27141, 1.4583],
			"rotation": {"angle": 45, "axis": "y", "origin": [11.7, 16.79256, 1.97605]},
			"faces": {
				"north": {"uv": [2, 12.25, 2.25, 14], "texture": "#1"},
				"east": {"uv": [12.25, 3.5, 12.5, 5.25], "texture": "#1"},
				"south": {"uv": [12.25, 8.75, 12.5, 10.5], "texture": "#1"},
				"west": {"uv": [9, 12.25, 9.25, 14], "texture": "#1"},
				"up": {"uv": [15, 4.25, 14.75, 4], "texture": "#1"},
				"down": {"uv": [4.5, 14.75, 4.25, 15], "texture": "#1"}
			}
		},
		{
			"from": [11.2, 16.07141, 8.79757],
			"to": [12.2, 17.07141, 11.79757],
			"rotation": {"angle": 25, "axis": "x", "origin": [11.7, 16.07141, 11.79757]},
			"faces": {
				"north": {"uv": [14.75, 4.25, 15, 4.5], "texture": "#1"},
				"east": {"uv": [13.75, 7.25, 14.5, 7.5], "texture": "#1"},
				"south": {"uv": [4.5, 14.75, 4.75, 15], "texture": "#1"},
				"west": {"uv": [7.5, 13.75, 8.25, 14], "texture": "#1"},
				"up": {"uv": [8.5, 14.5, 8.25, 13.75], "texture": "#1"},
				"down": {"uv": [8.75, 13.75, 8.5, 14.5], "texture": "#1"}
			}
		},
		{
			"from": [10.2, 16.27141, 6.29757],
			"to": [13.2, 17.27141, 9.29757],
			"rotation": {"angle": 20, "axis": "x", "origin": [11.7, 16.27141, 12.19757]},
			"faces": {
				"north": {"uv": [13.75, 7.5, 14.5, 7.75], "texture": "#1"},
				"east": {"uv": [13.75, 7.75, 14.5, 8], "texture": "#1"},
				"south": {"uv": [13.75, 8.75, 14.5, 9], "texture": "#1"},
				"west": {"uv": [13.75, 9, 14.5, 9.25], "texture": "#1"},
				"up": {"uv": [12.25, 11, 11.5, 10.25], "texture": "#1"},
				"down": {"uv": [11.25, 11.5, 10.5, 12.25], "texture": "#1"}
			}
		},
		{
			"from": [9.2, 16.27141, 3.09757],
			"to": [14.2, 17.27141, 6.29757],
			"rotation": {"angle": 20, "axis": "x", "origin": [11.7, 16.27141, 12.19757]},
			"faces": {
				"north": {"uv": [12.5, 7.75, 13.75, 8], "texture": "#1"},
				"east": {"uv": [13.75, 9.25, 14.5, 9.5], "texture": "#1"},
				"south": {"uv": [12.5, 10, 13.75, 10.25], "texture": "#1"},
				"west": {"uv": [13.75, 9.5, 14.5, 9.75], "texture": "#1"},
				"up": {"uv": [11.25, 8, 10, 7.25], "texture": "#1"},
				"down": {"uv": [12.5, 7.25, 11.25, 8], "texture": "#1"}
			}
		},
		{
			"from": [11.2, 16.27141, 9.19757],
			"to": [12.2, 17.27141, 12.19757],
			"rotation": {"angle": -20, "axis": "x", "origin": [11.7, 16.27141, 12.19757]},
			"faces": {
				"north": {"uv": [14.75, 4.5, 15, 4.75], "texture": "#1"},
				"east": {"uv": [13.75, 9.75, 14.5, 10], "texture": "#1"},
				"south": {"uv": [4.75, 14.75, 5, 15], "texture": "#1"},
				"west": {"uv": [10, 13.75, 10.75, 14], "texture": "#1"},
				"up": {"uv": [9, 14.5, 8.75, 13.75], "texture": "#1"},
				"down": {"uv": [11, 13.75, 10.75, 14.5], "texture": "#1"}
			}
		},
		{
			"from": [10.2, 16.27141, 6.59757],
			"to": [13.2, 17.27141, 9.39757],
			"rotation": {"angle": -20, "axis": "x", "origin": [11.7, 16.27141, 12.19757]},
			"faces": {
				"north": {"uv": [13.75, 10, 14.5, 10.25], "texture": "#1"},
				"east": {"uv": [13.75, 10.25, 14.5, 10.5], "texture": "#1"},
				"south": {"uv": [11.25, 13.75, 12, 14], "texture": "#1"},
				"west": {"uv": [12, 13.75, 12.75, 14], "texture": "#1"},
				"up": {"uv": [12.25, 11.75, 11.5, 11], "texture": "#1"},
				"down": {"uv": [3.75, 11.75, 3, 12.5], "texture": "#1"}
			}
		},
		{
			"from": [9.2, 16.27141, 3.39757],
			"to": [14.2, 17.27141, 6.59757],
			"rotation": {"angle": -20, "axis": "x", "origin": [11.7, 16.27141, 12.19757]},
			"faces": {
				"north": {"uv": [12.5, 10.25, 13.75, 10.5], "texture": "#1"},
				"east": {"uv": [13.75, 12, 14.5, 12.25], "texture": "#1"},
				"south": {"uv": [12.75, 1, 14, 1.25], "texture": "#1"},
				"west": {"uv": [13.75, 12.25, 14.5, 12.5], "texture": "#1"},
				"up": {"uv": [2.25, 12.25, 1, 11.5], "texture": "#1"},
				"down": {"uv": [12.75, 1, 11.5, 1.75], "texture": "#1"}
			}
		},
		{
			"from": [11.2, 16.27141, 9.19757],
			"to": [12.2, 17.27141, 11.19757],
			"rotation": {"angle": 20, "axis": "y", "origin": [11.7, 16.27141, 12.19757]},
			"faces": {
				"north": {"uv": [14.75, 4.75, 15, 5], "texture": "#1"},
				"east": {"uv": [14, 11.25, 14.5, 11.5], "texture": "#1"},
				"south": {"uv": [5, 14.75, 5.25, 15], "texture": "#1"},
				"west": {"uv": [14, 11.75, 14.5, 12], "texture": "#1"},
				"up": {"uv": [14, 14.5, 13.75, 14], "texture": "#1"},
				"down": {"uv": [14.25, 13.75, 14, 14.25], "texture": "#1"}
			}
		},
		{
			"from": [11.2, 15.27141, 6.39757],
			"to": [12.2, 18.27141, 9.39757],
			"rotation": {"angle": 20, "axis": "y", "origin": [11.7, 16.27141, 12.19757]},
			"faces": {
				"north": {"uv": [12.75, 13.75, 13, 14.5], "texture": "#1"},
				"east": {"uv": [3.75, 11.75, 4.5, 12.5], "texture": "#1"},
				"south": {"uv": [13.75, 13.25, 14, 14], "texture": "#1"},
				"west": {"uv": [4.5, 11.75, 5.25, 12.5], "texture": "#1"},
				"up": {"uv": [14.25, 0.75, 14, 0], "texture": "#1"},
				"down": {"uv": [0.75, 14, 0.5, 14.75], "texture": "#1"}
			}
		},
		{
			"from": [11.2, 14.27141, 3.19757],
			"to": [12.2, 19.27141, 6.39757],
			"rotation": {"angle": 20, "axis": "y", "origin": [11.7, 16.27141, 12.19757]},
			"faces": {
				"north": {"uv": [11.25, 12.5, 11.5, 13.75], "texture": "#1"},
				"east": {"uv": [11.5, 1.75, 12.25, 3], "texture": "#1"},
				"south": {"uv": [11.5, 12.5, 11.75, 13.75], "texture": "#1"},
				"west": {"uv": [2.25, 11.5, 3, 12.75], "texture": "#1"},
				"up": {"uv": [1.25, 14.75, 1, 14], "texture": "#1"},
				"down": {"uv": [1.5, 14, 1.25, 14.75], "texture": "#1"}
			}
		},
		{
			"from": [11.2, 16.27141, 9.19757],
			"to": [12.2, 17.27141, 11.19757],
			"rotation": {"angle": -20, "axis": "y", "origin": [11.7, 16.27141, 12.19757]},
			"faces": {
				"north": {"uv": [14.75, 5, 15, 5.25], "texture": "#1"},
				"east": {"uv": [14.25, 0, 14.75, 0.25], "texture": "#1"},
				"south": {"uv": [5.25, 14.75, 5.5, 15], "texture": "#1"},
				"west": {"uv": [14.25, 0.25, 14.75, 0.5], "texture": "#1"},
				"up": {"uv": [14.5, 2.25, 14.25, 1.75], "texture": "#1"},
				"down": {"uv": [14.5, 2.25, 14.25, 2.75], "texture": "#1"}
			}
		},
		{
			"from": [11.2, 15.27141, 6.19757],
			"to": [12.2, 18.27141, 9.29757],
			"rotation": {"angle": -20, "axis": "y", "origin": [11.7, 16.27141, 12.19757]},
			"faces": {
				"north": {"uv": [1.5, 14, 1.75, 14.75], "texture": "#1"},
				"east": {"uv": [5.25, 11.75, 6, 12.5], "texture": "#1"},
				"south": {"uv": [1.75, 14, 2, 14.75], "texture": "#1"},
				"west": {"uv": [6, 11.75, 6.75, 12.5], "texture": "#1"},
				"up": {"uv": [14.25, 2.5, 14, 1.75], "texture": "#1"},
				"down": {"uv": [2.25, 14, 2, 14.75], "texture": "#1"}
			}
		},
		{
			"from": [11.2, 14.27141, 3.39757],
			"to": [12.2, 19.27141, 6.39757],
			"rotation": {"angle": -20, "axis": "y", "origin": [11.7, 16.27141, 12.19757]},
			"faces": {
				"north": {"uv": [11.75, 12.5, 12, 13.75], "texture": "#1"},
				"east": {"uv": [11.5, 3, 12.25, 4.25], "texture": "#1"},
				"south": {"uv": [2.25, 12.75, 2.5, 14], "texture": "#1"},
				"west": {"uv": [11.5, 4.25, 12.25, 5.5], "texture": "#1"},
				"up": {"uv": [2.5, 14.75, 2.25, 14], "texture": "#1"},
				"down": {"uv": [14.25, 2.5, 14, 3.25], "texture": "#1"}
			}
		},
		{
			"from": [10.4, 11, 13.5],
			"to": [12.9, 11.8, 16],
			"rotation": {"angle": 0, "axis": "y", "origin": [11.65, 11.4, 14.75]},
			"faces": {
				"north": {"uv": [13.75, 12.5, 14.5, 12.75], "texture": "#1"},
				"east": {"uv": [14, 1, 14.75, 1.25], "texture": "#1"},
				"south": {"uv": [14, 3.25, 14.75, 3.5], "texture": "#1"},
				"west": {"uv": [14, 3.5, 14.75, 3.75], "texture": "#1"},
				"up": {"uv": [7.5, 12.5, 6.75, 11.75], "texture": "#1"},
				"down": {"uv": [12, 11.75, 11.25, 12.5], "texture": "#1"}
			}
		},
		{
			"from": [10.7, 10.7, 13.9],
			"to": [12.6, 11, 15.8],
			"rotation": {"angle": 0, "axis": "y", "origin": [10, 6.3, 13.4]},
			"faces": {
				"north": {"uv": [14.25, 0.5, 14.75, 0.75], "texture": "#1"},
				"east": {"uv": [14.25, 2.75, 14.75, 3], "texture": "#1"},
				"south": {"uv": [14.25, 3, 14.75, 3.25], "texture": "#1"},
				"west": {"uv": [14.25, 3.75, 14.75, 4], "texture": "#1"},
				"up": {"uv": [12.5, 13.75, 12, 13.25], "texture": "#1"},
				"down": {"uv": [13, 13.25, 12.5, 13.75], "texture": "#1"}
			}
		},
		{
			"from": [11.425, 7, 15.4],
			"to": [11.975, 11, 16],
			"rotation": {"angle": 0, "axis": "y", "origin": [10.2, 6, 14.2]},
			"faces": {
				"north": {"uv": [11, 13.25, 11.25, 14.25], "texture": "#1"},
				"east": {"uv": [13, 13.25, 13.25, 14.25], "texture": "#1"},
				"south": {"uv": [13.25, 13.25, 13.5, 14.25], "texture": "#1"},
				"west": {"uv": [0, 13.5, 0.25, 14.5], "texture": "#1"},
				"up": {"uv": [15, 5.5, 14.75, 5.25], "texture": "#1"},
				"down": {"uv": [5.75, 14.75, 5.5, 15], "texture": "#1"}
			}
		},
		{
			"from": [11.4, 6.6, 15.9],
			"to": [12, 10.8, 16.5],
			"rotation": {"angle": -7.5, "axis": "x", "origin": [10.2, 6.8, 14.7]},
			"faces": {
				"north": {"uv": [0.25, 13.5, 0.5, 14.5], "texture": "#1"},
				"east": {"uv": [13.5, 13.25, 13.75, 14.25], "texture": "#1"},
				"south": {"uv": [0.75, 13.75, 1, 14.75], "texture": "#1"},
				"west": {"uv": [2.5, 13.75, 2.75, 14.75], "texture": "#1"},
				"up": {"uv": [15, 5.75, 14.75, 5.5], "texture": "#1"},
				"down": {"uv": [6, 14.75, 5.75, 15], "texture": "#1"}
			}
		},
		{
			"from": [11.4, 5.33666, 15.51071],
			"to": [12, 6.83666, 16.51071],
			"rotation": {"angle": 0, "axis": "y", "origin": [10.2, 1.83666, 14.71071]},
			"faces": {
				"north": {"uv": [14.25, 4, 14.5, 4.5], "texture": "#1"},
				"east": {"uv": [14.25, 4.5, 14.5, 5], "texture": "#1"},
				"south": {"uv": [14.25, 5, 14.5, 5.5], "texture": "#1"},
				"west": {"uv": [5.75, 14.25, 6, 14.75], "texture": "#1"},
				"up": {"uv": [15, 6, 14.75, 5.75], "texture": "#1"},
				"down": {"uv": [6.25, 14.75, 6, 15], "texture": "#1"}
			}
		},
		{
			"from": [11.425, 4.39249, 13.54193],
			"to": [11.975, 7.09249, 14.54193],
			"rotation": {"angle": 35, "axis": "x", "origin": [10.2, 3.09249, 12.74193]},
			"faces": {
				"north": {"uv": [14, 3.75, 14.25, 4.5], "texture": "#1"},
				"east": {"uv": [4, 14, 4.25, 14.75], "texture": "#1"},
				"south": {"uv": [4.25, 14, 4.5, 14.75], "texture": "#1"},
				"west": {"uv": [4.5, 14, 4.75, 14.75], "texture": "#1"},
				"up": {"uv": [15, 6.25, 14.75, 6], "texture": "#1"},
				"down": {"uv": [6.5, 14.75, 6.25, 15], "texture": "#1"}
			}
		}
	],
	"display": {
		"thirdperson_righthand": {
			"rotation": [61, 0, 0],
			"translation": [-6, 4.75, 1.75],
			"scale": [0.7, 0.7, 0.7]
		},
		"thirdperson_lefthand": {
			"rotation": [61, 0, 0],
			"translation": [-6, 4.75, 1.75],
			"scale": [0.7, 0.7, 0.7]
		},
		"firstperson_righthand": {
			"translation": [-9, 0, 0]
		},
		"firstperson_lefthand": {
			"translation": [-9, 0, 0]
		},
		"ground": {
			"translation": [0, 4.25, 0]
		},
		"gui": {
			"rotation": [9.5, 150, 0],
			"translation": [0, -1.5, 0],
			"scale": [0.69, 0.69, 0.69]
		},
		"head": {
			"translation": [0, 14, 0]
		},
		"fixed": {
			"rotation": [-90, 0, 0],
			"translation": [0, 0, -14],
			"scale": [2, 2, 2]
		},
		"on_shelf": {
			"rotation": [0, -180, 0],
			"translation": [0, 0, 3.75]
		}
	},
	"groups": [
		{
			"name": "body",
			"origin": [0, 0, 0],
			"color": 0,
			"children": [0, 1, 2, 3, 4, 5, 6]
		},
		{
			"name": "front panel",
			"origin": [4, 3.5, 0.8],
			"color": 0,
			"children": [7, 8, 9, 10, 11, 12]
		},
		{
			"name": "legs",
			"origin": [1.5, -0.2, 1.5],
			"color": 0,
			"children": [13, 14, 15, 16, 17, 18, 19, 20]
		},
		{
			"name": "disk",
			"origin": [8.02132, 6, 8.04853],
			"color": 0,
			"children": [21, 22, 23, 24, 25, 26, 27, 28, 29, 30]
		},
		{
			"name": "handle",
			"origin": [0.7, 2, 7],
			"color": 0,
			"children": [31, 32, 33, 34, 35]
		},
		{
			"name": "needle arm",
			"origin": [9.16042, 5.9, 4.58448],
			"color": 0,
			"children": [36, 37, 38, 39, 40, 41, 42, 43, 44]
		},
		{
			"name": "speaker",
			"origin": [-2.3, 21.05402, 12.25316],
			"color": 0,
			"children": [45, 46, 47, 48, 49, 50, 51, 52, 53, 54, 55, 56, 57, 58, 59, 60, 61, 62, 63, 64, 65, 66, 67, 68, 69, 70, 71, 72]
		},
		{
			"name": "support arm",
			"origin": [11.65, 11.4, 14.75],
			"color": 0,
			"children": [73, 74, 75, 76, 77, 78]
		}
	]
}
