{
	"format_version": "1.21.6",
	"credit": "Made with Blockbench",
	"texture_size": [128, 128],
	"textures": {
		"0": "derp:item/lighthouse",
		"particle": "derp:item/lighthouse"
	},
	"elements": [
		{
			"name": "picture",
			"from": [0, -3, 14],
			"to": [16, 29, 16],
			"rotation": {"angle": 0, "axis": "y", "origin": [14, -3, 14]},
			"faces": {
				"north": {"uv": [0, 0, 2, 4], "texture": "#0"},
				"east": {"uv": [1.125, 4, 1.375, 8], "texture": "#0"},
				"south": {"uv": [2, 0, 4, 4], "texture": "#0"},
				"west": {"uv": [1.375, 4, 1.625, 8], "texture": "#0"},
				"up": {"uv": [6.375, 1, 4.375, 0.75], "texture": "#0"},
				"down": {"uv": [6.375, 1, 4.375, 1.25], "texture": "#0"}
			}
		},
		{
			"from": [5.80143, 29, 13.8],
			"to": [8.80143, 30, 16],
			"rotation": {"angle": 27.5, "axis": "z", "origin": [5.80143, 29, 14]},
			"faces": {
				"north": {"uv": [2.5, 4.375, 2.875, 4.5], "texture": "#0"},
				"east": {"uv": [3.625, 4.375, 3.875, 4.5], "texture": "#0"},
				"south": {"uv": [4.375, 2.5, 4.75, 2.625], "texture": "#0"},
				"west": {"uv": [4.375, 3.625, 4.625, 3.75], "texture": "#0"},
				"up": {"uv": [4.75, 2, 4.375, 1.75], "texture": "#0"},
				"down": {"uv": [4.75, 2, 4.375, 2.25], "texture": "#0"}
			}
		},
		{
			"from": [-1.00143, 29, 13.5],
			"to": [16.99857, 30, 16],
			"rotation": {"angle": 0, "axis": "y", "origin": [16.99857, 29, 14]},
			"faces": {
				"north": {"uv": [4.375, 1.25, 6.625, 1.375], "texture": "#0"},
				"east": {"uv": [4.375, 2.625, 4.75, 2.75], "texture": "#0"},
				"south": {"uv": [4.375, 1.375, 6.625, 1.5], "texture": "#0"},
				"west": {"uv": [4.375, 2.75, 4.75, 2.875], "texture": "#0"},
				"up": {"uv": [3.875, 4.375, 1.625, 4], "texture": "#0"},
				"down": {"uv": [6.125, 4, 3.875, 4.375], "texture": "#0"}
			}
		},
		{
			"name": "diamond",
			"from": [6.69857, 29, 13.6],
			"to": [7.69857, 30, 16],
			"rotation": {"angle": -45, "axis": "z", "origin": [8.69857, 29, 14]},
			"faces": {
				"north": {"uv": [2.5, 4.5, 2.625, 4.625], "texture": "#0"},
				"east": {"uv": [4.375, 3.75, 4.625, 3.875], "texture": "#0"},
				"south": {"uv": [2.625, 4.5, 2.75, 4.625], "texture": "#0"},
				"west": {"uv": [3.875, 4.375, 4.125, 4.5], "texture": "#0"},
				"up": {"uv": [4.25, 4.625, 4.125, 4.375], "texture": "#0"},
				"down": {"uv": [4.375, 4.375, 4.25, 4.625], "texture": "#0"}
			}
		},
		{
			"from": [-1.00143, -3, 13.5],
			"to": [-0.00143, 29, 16],
			"rotation": {"angle": 0, "axis": "y", "origin": [-0.00143, -2, 14]},
			"faces": {
				"north": {"uv": [1.625, 4.375, 1.75, 8.375], "texture": "#0"},
				"east": {"uv": [0, 4, 0.375, 8], "texture": "#0"},
				"south": {"uv": [1.75, 4.375, 1.875, 8.375], "texture": "#0"},
				"west": {"uv": [4, 0, 4.375, 4], "texture": "#0"},
				"up": {"uv": [3, 4.75, 2.875, 4.375], "texture": "#0"},
				"down": {"uv": [4.5, 2.875, 4.375, 3.25], "texture": "#0"}
			}
		},
		{
			"from": [16.00143, -3, 13.5],
			"to": [17.00143, 29, 16],
			"rotation": {"angle": 0, "axis": "y", "origin": [16.00143, -2, 14]},
			"faces": {
				"north": {"uv": [1.875, 4.375, 2, 8.375], "texture": "#0"},
				"east": {"uv": [0.375, 4, 0.75, 8], "texture": "#0"},
				"south": {"uv": [2, 4.375, 2.125, 8.375], "texture": "#0"},
				"west": {"uv": [0.75, 4, 1.125, 8], "texture": "#0"},
				"up": {"uv": [3.125, 4.75, 3, 4.375], "texture": "#0"},
				"down": {"uv": [3.25, 4.375, 3.125, 4.75], "texture": "#0"}
			}
		},
		{
			"from": [-1.00143, -4, 13.5],
			"to": [16.99857, -3, 16],
			"rotation": {"angle": 0, "axis": "y", "origin": [16.99857, -4, 14]},
			"faces": {
				"north": {"uv": [4.375, 1.5, 6.625, 1.625], "texture": "#0"},
				"east": {"uv": [3.25, 4.375, 3.625, 4.5], "texture": "#0"},
				"south": {"uv": [4.375, 1.625, 6.625, 1.75], "texture": "#0"},
				"west": {"uv": [4.375, 3.25, 4.75, 3.375], "texture": "#0"},
				"up": {"uv": [6.625, 0.375, 4.375, 0], "texture": "#0"},
				"down": {"uv": [6.625, 0.375, 4.375, 0.75], "texture": "#0"}
			}
		},
		{
			"from": [7.19857, 29, 13.8],
			"to": [10.19857, 30, 16],
			"rotation": {"angle": -27.5, "axis": "z", "origin": [10.19857, 29, 14]},
			"faces": {
				"north": {"uv": [4.375, 3.375, 4.75, 3.5], "texture": "#0"},
				"east": {"uv": [4.375, 3.875, 4.625, 4], "texture": "#0"},
				"south": {"uv": [4.375, 3.5, 4.75, 3.625], "texture": "#0"},
				"west": {"uv": [4.375, 4.375, 4.625, 4.5], "texture": "#0"},
				"up": {"uv": [2.5, 4.625, 2.125, 4.375], "texture": "#0"},
				"down": {"uv": [4.75, 2.25, 4.375, 2.5], "texture": "#0"}
			}
		}
	],
	"display": {
		"thirdperson_righthand": {
			"rotation": [0, -180, 0],
			"translation": [0, 2.5, 2.25],
			"scale": [0.3, 0.3, 0.3]
		},
		"thirdperson_lefthand": {
			"rotation": [0, 180, 0],
			"translation": [0, 2.5, 2.25],
			"scale": [0.3, 0.3, 0.3]
		},
		"firstperson_righthand": {
			"rotation": [0, 180, 0],
			"translation": [0, 2.5, 2.25],
			"scale": [0.3, 0.3, 0.3]
		},
		"firstperson_lefthand": {
			"rotation": [0, -180, 0],
			"translation": [0, 2.5, 2.25],
			"scale": [0.3, 0.3, 0.3]
		},
		"ground": {
			"rotation": [90, 0, 0],
			"translation": [0, 4.25, -3]
		},
		"gui": {
			"rotation": [0, 180, 0],
			"translation": [0, -2.5, 0],
			"scale": [0.45, 0.45, 0.45]
		},
		"head": {
			"translation": [0, 5, -13]
		},
		"fixed": {
			"translation": [0, 6, -14],
			"scale": [2, 2, 2]
		}
	},
	"groups": [
		0,
		{
			"name": "frame",
			"origin": [17, -2, 14],
			"color": 0,
			"children": [1, 2, 3, 4, 5, 6, 7]
		}
	]
}