{
	"format_version": "1.21.6",
	"credit": "Made with Blockbench",
	"texture_size": [64, 64],
	"textures": {
		"0": "derp:item/present_v3",
		"particle": "derp:item/present_v3"
	},
	"elements": [
		{
			"from": [1, 0, 1],
			"to": [15, 13, 15],
			"rotation": {"angle": 0, "axis": "y", "origin": [7, 0, 7]},
			"faces": {
				"north": {"uv": [3.75, 7, 7.25, 10.25], "texture": "#0"},
				"east": {"uv": [7.25, 0, 10.75, 3.25], "texture": "#0"},
				"south": {"uv": [7.25, 3.25, 10.75, 6.5], "texture": "#0"},
				"west": {"uv": [7.25, 6.5, 10.75, 9.75], "texture": "#0"},
				"up": {"uv": [7.25, 3.5, 3.75, 0], "texture": "#0"},
				"down": {"uv": [7.25, 3.5, 3.75, 7], "texture": "#0"}
			}
		},
		{
			"from": [0.5, 13, 0.5],
			"to": [15.5, 14, 15.5],
			"rotation": {"angle": 0, "axis": "y", "origin": [7, 13, 7]},
			"faces": {
				"north": {"uv": [10.75, 4.5, 14.5, 4.75], "texture": "#0"},
				"east": {"uv": [10.75, 4.75, 14.5, 5], "texture": "#0"},
				"south": {"uv": [10.75, 5, 14.5, 5.25], "texture": "#0"},
				"west": {"uv": [10.75, 5.25, 14.5, 5.5], "texture": "#0"},
				"up": {"uv": [3.75, 3.75, 0, 0], "texture": "#0"},
				"down": {"uv": [3.75, 3.75, 0, 7.5], "texture": "#0"}
			}
		},
		{
			"from": [1, 0.025, 6.975],
			"to": [3, 14.1, 8.975],
			"rotation": {"angle": 2.5, "axis": "z", "origin": [3, 0.075, 6.975]},
			"faces": {
				"north": {"uv": [14, 11.75, 13.5, 15.25], "texture": "#0"},
				"east": {"uv": [13.5, 11.75, 13, 15.25], "texture": "#0"},
				"south": {"uv": [13, 11.75, 12.5, 15.25], "texture": "#0"},
				"west": {"uv": [12.5, 11.75, 12, 15.25], "texture": "#0"},
				"up": {"uv": [15.5, 10.5, 15, 11], "texture": "#0"},
				"down": {"uv": [14.75, 10.5, 14.25, 11], "texture": "#0"}
			}
		},
		{
			"from": [7, -0.05, 0.975],
			"to": [9, 14.025, 2.975],
			"rotation": {"angle": -2.5, "axis": "x", "origin": [9, 0, 0.975]},
			"faces": {
				"north": {"uv": [4.75, 10.25, 5.25, 13.75], "texture": "#0"},
				"east": {"uv": [5.25, 10.25, 5.75, 13.75], "texture": "#0"},
				"south": {"uv": [5.75, 10.25, 6.25, 13.75], "texture": "#0"},
				"west": {"uv": [6.25, 10.25, 6.75, 13.75], "texture": "#0"},
				"up": {"uv": [3.75, 8.5, 3.25, 8], "texture": "#0"},
				"down": {"uv": [3.75, 8.5, 3.25, 9], "texture": "#0"}
			}
		},
		{
			"from": [13, 0.025, 6.975],
			"to": [15, 14.1, 8.975],
			"rotation": {"angle": -2.5, "axis": "z", "origin": [13, 0.075, 6.975]},
			"faces": {
				"north": {"uv": [6.75, 10.25, 7.25, 13.75], "texture": "#0"},
				"east": {"uv": [7.25, 10.25, 7.75, 13.75], "texture": "#0"},
				"south": {"uv": [7.75, 10.25, 8.25, 13.75], "texture": "#0"},
				"west": {"uv": [8.25, 10.25, 8.75, 13.75], "texture": "#0"},
				"up": {"uv": [1.5, 9.75, 1, 9.25], "texture": "#0"},
				"down": {"uv": [2, 9.25, 1.5, 9.75], "texture": "#0"}
			}
		},
		{
			"from": [7, 0.025, 13],
			"to": [9, 14.1, 15],
			"rotation": {"angle": 2.5, "axis": "x", "origin": [9, 0.075, 13]},
			"faces": {
				"north": {"uv": [8.75, 10.25, 9.25, 13.75], "texture": "#0"},
				"east": {"uv": [9.25, 10.25, 9.75, 13.75], "texture": "#0"},
				"south": {"uv": [9.75, 10.25, 10.25, 13.75], "texture": "#0"},
				"west": {"uv": [10.25, 10.25, 10.75, 13.75], "texture": "#0"},
				"up": {"uv": [2.5, 9.75, 2, 9.25], "texture": "#0"},
				"down": {"uv": [3, 9.25, 2.5, 9.75], "texture": "#0"}
			}
		},
		{
			"from": [7, -0.05, 1],
			"to": [9, 1.1, 15],
			"rotation": {"angle": 0, "axis": "y", "origin": [9, -12.925, 8]},
			"faces": {
				"north": {"uv": [2.25, 10, 2.75, 10.25], "texture": "#0"},
				"east": {"uv": [10.75, 6.5, 14.25, 6.75], "texture": "#0"},
				"south": {"uv": [2.75, 10, 3.25, 10.25], "texture": "#0"},
				"west": {"uv": [10.75, 6.75, 14.25, 7], "texture": "#0"},
				"up": {"uv": [11.25, 3.5, 10.75, 0], "texture": "#0"},
				"down": {"uv": [1.5, 10.75, 1, 14.25], "texture": "#0"}
			}
		},
		{
			"from": [7, 13.975, 0.375],
			"to": [9, 14.1, 15.625],
			"rotation": {"angle": 0, "axis": "y", "origin": [9, 0.075, 8]},
			"faces": {
				"north": {"uv": [3.25, 10, 3.75, 10.25], "texture": "#0"},
				"east": {"uv": [10.75, 5.5, 14.5, 5.75], "texture": "#0"},
				"south": {"uv": [1.75, 10.75, 2.25, 11], "texture": "#0"},
				"west": {"uv": [10.75, 5.75, 14.5, 6], "texture": "#0"},
				"up": {"uv": [0.5, 11.25, 0, 7.5], "texture": "#0"},
				"down": {"uv": [1, 7.5, 0.5, 11.25], "texture": "#0"}
			}
		},
		{
			"from": [5.525, 14.1, 6.975],
			"to": [10.475, 14.475, 9],
			"rotation": {"angle": 0, "axis": "y", "origin": [9, 0.2, 7]},
			"faces": {
				"north": {"uv": [1, 9, 2.25, 9.25], "texture": "#0"},
				"east": {"uv": [2.25, 10.75, 2.75, 11], "texture": "#0"},
				"south": {"uv": [2.25, 9, 3.5, 9.25], "texture": "#0"},
				"west": {"uv": [2.75, 10.75, 3.25, 11], "texture": "#0"},
				"up": {"uv": [2.25, 8, 1, 7.5], "texture": "#0"},
				"down": {"uv": [3.5, 7.5, 2.25, 8], "texture": "#0"}
			}
		},
		{
			"from": [10.01789, 14.19804, 6.975],
			"to": [11.96789, 14.57304, 9],
			"rotation": {"angle": 22.5, "axis": "z", "origin": [10.49289, 15.29804, 8]},
			"faces": {
				"north": {"uv": [3.25, 10.75, 3.75, 11], "texture": "#0"},
				"east": {"uv": [3.75, 10.75, 4.25, 11], "texture": "#0"},
				"south": {"uv": [4.25, 10.75, 4.75, 11], "texture": "#0"},
				"west": {"uv": [10.75, 7.5, 11.25, 7.75], "texture": "#0"},
				"up": {"uv": [3.5, 9.75, 3, 9.25], "texture": "#0"},
				"down": {"uv": [1.5, 9.75, 1, 10.25], "texture": "#0"}
			}
		},
		{
			"from": [11.67356, 15.55774, 6.975],
			"to": [12.62356, 15.93274, 9],
			"rotation": {"angle": -27.5, "axis": "z", "origin": [12.14856, 16.65774, 8]},
			"faces": {
				"north": {"uv": [0.75, 11.25, 1, 11.5], "texture": "#0"},
				"east": {"uv": [10.75, 8.75, 11.25, 9], "texture": "#0"},
				"south": {"uv": [11.25, 0.75, 11.5, 1], "texture": "#0"},
				"west": {"uv": [10.75, 9, 11.25, 9.25], "texture": "#0"},
				"up": {"uv": [11, 9.75, 10.75, 9.25], "texture": "#0"},
				"down": {"uv": [11, 10.25, 10.75, 10.75], "texture": "#0"}
			}
		},
		{
			"from": [3.74484, 14.8774, 6.975],
			"to": [4.11984, 15.8274, 9],
			"rotation": {"angle": -2.5, "axis": "z", "origin": [3.01984, 15.3524, 8]},
			"faces": {
				"north": {"uv": [11.25, 1.5, 11.5, 1.75], "texture": "#0"},
				"east": {"uv": [3.75, 11, 4.25, 11.25], "texture": "#0"},
				"south": {"uv": [1.75, 11.25, 2, 11.5], "texture": "#0"},
				"west": {"uv": [4.25, 11, 4.75, 11.25], "texture": "#0"},
				"up": {"uv": [11.25, 8.75, 11, 8.25], "texture": "#0"},
				"down": {"uv": [11.25, 9.25, 11, 9.75], "texture": "#0"}
			}
		},
		{
			"from": [8.0273, 15.23934, 6.975],
			"to": [11.2273, 15.61434, 9],
			"rotation": {"angle": 22.5, "axis": "z", "origin": [9.7523, 16.33934, 8]},
			"faces": {
				"north": {"uv": [3, 9.75, 3.75, 10], "texture": "#0"},
				"east": {"uv": [11, 9.75, 11.5, 10], "texture": "#0"},
				"south": {"uv": [1.5, 10, 2.25, 10.25], "texture": "#0"},
				"west": {"uv": [11, 10, 11.5, 10.25], "texture": "#0"},
				"up": {"uv": [3.25, 8.5, 2.5, 8], "texture": "#0"},
				"down": {"uv": [1.75, 8.5, 1, 9], "texture": "#0"}
			}
		},
		{
			"from": [4.03211, 14.19804, 6.975],
			"to": [5.98211, 14.57304, 9],
			"rotation": {"angle": -22.5, "axis": "z", "origin": [5.50711, 15.29804, 8]},
			"faces": {
				"north": {"uv": [15.25, 10, 15.75, 10.25], "texture": "#0"},
				"east": {"uv": [14.75, 9.75, 15.25, 10], "texture": "#0"},
				"south": {"uv": [14.5, 10, 15, 10.25], "texture": "#0"},
				"west": {"uv": [13.75, 10, 14.25, 10.25], "texture": "#0"},
				"up": {"uv": [8.75, 10.75, 9.25, 11.25], "texture": "#0"},
				"down": {"uv": [4.25, 11.25, 4.75, 11.75], "texture": "#0"}
			}
		},
		{
			"from": [7.275, 14, 6.725],
			"to": [8.725, 15.575, 9.25],
			"rotation": {"angle": 0, "axis": "y", "origin": [9, 1.2, 7]},
			"faces": {
				"north": {"uv": [11, 10.25, 11.25, 10.75], "texture": "#0"},
				"east": {"uv": [1.75, 8.5, 2.5, 9], "texture": "#0"},
				"south": {"uv": [10.75, 11, 11, 11.5], "texture": "#0"},
				"west": {"uv": [2.5, 8.5, 3.25, 9], "texture": "#0"},
				"up": {"uv": [3.75, 9.75, 3.5, 9], "texture": "#0"},
				"down": {"uv": [1.75, 10.75, 1.5, 11.5], "texture": "#0"}
			}
		},
		{
			"from": [1, -0.05, 7],
			"to": [15, 1.1, 9],
			"rotation": {"angle": 0, "axis": "y", "origin": [8, -12.925, 8]},
			"faces": {
				"north": {"uv": [10.75, 7, 14.25, 7.25], "texture": "#0"},
				"east": {"uv": [11, 11, 11.5, 11.25], "texture": "#0"},
				"south": {"uv": [10.75, 7.25, 14.25, 7.5], "texture": "#0"},
				"west": {"uv": [0, 11.25, 0.5, 11.5], "texture": "#0"},
				"up": {"uv": [14.25, 4, 10.75, 3.5], "texture": "#0"},
				"down": {"uv": [14.25, 4, 10.75, 4.5], "texture": "#0"}
			}
		},
		{
			"from": [0.375, 13.95, 7],
			"to": [15.625, 14.1, 9],
			"rotation": {"angle": 0, "axis": "y", "origin": [8, 0.075, 8]},
			"faces": {
				"north": {"uv": [10.75, 6, 14.5, 6.25], "texture": "#0"},
				"east": {"uv": [11.25, 0, 11.75, 0.25], "texture": "#0"},
				"south": {"uv": [10.75, 6.25, 14.5, 6.5], "texture": "#0"},
				"west": {"uv": [11.25, 0.25, 11.75, 0.5], "texture": "#0"},
				"up": {"uv": [11, 10.25, 7.25, 9.75], "texture": "#0"},
				"down": {"uv": [4.75, 10.25, 1, 10.75], "texture": "#0"}
			}
		},
		{
			"from": [3.37644, 15.55774, 6.975],
			"to": [4.32644, 15.93274, 9],
			"rotation": {"angle": 27.5, "axis": "z", "origin": [3.85144, 16.65774, 8]},
			"faces": {
				"north": {"uv": [1, 11.25, 0.75, 11.5], "texture": "#0"},
				"east": {"uv": [11.25, 9, 10.75, 9.25], "texture": "#0"},
				"south": {"uv": [11.5, 0.75, 11.25, 1], "texture": "#0"},
				"west": {"uv": [11.25, 8.75, 10.75, 9], "texture": "#0"},
				"up": {"uv": [10.75, 9.75, 11, 9.25], "texture": "#0"},
				"down": {"uv": [10.75, 10.25, 11, 10.75], "texture": "#0"}
			}
		},
		{
			"from": [11.88016, 14.8774, 6.975],
			"to": [12.25516, 15.8274, 9],
			"rotation": {"angle": 2.5, "axis": "z", "origin": [12.98016, 15.3524, 8]},
			"faces": {
				"north": {"uv": [11.5, 1.5, 11.25, 1.75], "texture": "#0"},
				"east": {"uv": [4.75, 11, 4.25, 11.25], "texture": "#0"},
				"south": {"uv": [2, 11.25, 1.75, 11.5], "texture": "#0"},
				"west": {"uv": [4.25, 11, 3.75, 11.25], "texture": "#0"},
				"up": {"uv": [11, 8.75, 11.25, 8.25], "texture": "#0"},
				"down": {"uv": [11, 9.25, 11.25, 9.75], "texture": "#0"}
			}
		},
		{
			"from": [4.7727, 15.23934, 6.975],
			"to": [7.9727, 15.61434, 9],
			"rotation": {"angle": -22.5, "axis": "z", "origin": [6.2477, 16.33934, 8]},
			"faces": {
				"north": {"uv": [3.75, 9.75, 3, 10], "texture": "#0"},
				"east": {"uv": [11.5, 10, 11, 10.25], "texture": "#0"},
				"south": {"uv": [2.25, 10, 1.5, 10.25], "texture": "#0"},
				"west": {"uv": [11.5, 9.75, 11, 10], "texture": "#0"},
				"up": {"uv": [2.5, 8.5, 3.25, 8], "texture": "#0"},
				"down": {"uv": [1, 8.5, 1.75, 9], "texture": "#0"}
			}
		}
	],
	"display": {
		"thirdperson_righthand": {
			"rotation": [40, 0, 0],
			"translation": [-5, 4, 0],
			"scale": [0.77, 0.77, 0.77]
		},
		"thirdperson_lefthand": {
			"rotation": [40, 0, 0],
			"translation": [-5, 4, 0],
			"scale": [0.77, 0.77, 0.77]
		},
		"ground": {
			"translation": [0, 5, 0]
		},
		"gui": {
			"rotation": [7, -30, 0],
			"scale": [0.63, 0.63, 0.63]
		},
		"head": {
			"translation": [0, 13, 0],
			"scale": [0.914, 0.914, 0.914]
		}
	}
}
