{
	"format_version": "1.21.6",
	"credit": "Made with Blockbench",
	"texture_size": [128, 128],
	"textures": {
		"0": "derp:item/star",
		"particle": "derp:item/star"
	},
	"elements": [
		{
			"from": [6.13091, 2, 3.10966],
			"to": [8.13091, 3.001, 10.18466],
			"rotation": {"angle": 25, "axis": "y", "origin": [8.13091, 2, 8.18466]},
			"faces": {
				"north": {"uv": [1.875, 4.5, 2.125, 4.625], "texture": "#0"},
				"east": {"uv": [3.75, 6.5, 4.625, 6.625], "texture": "#0"},
				"south": {"uv": [1.875, 4.625, 2.125, 4.75], "texture": "#0"},
				"west": {"uv": [4.75, 6.75, 5.625, 6.875], "texture": "#0"},
				"up": {"uv": [3, 6.375, 2.75, 5.5], "texture": "#0"},
				"down": {"uv": [0.25, 5.875, 0, 6.75], "texture": "#0"}
			}
		},
		{
			"from": [7.89615, 2, 3.10966],
			"to": [9.89615, 3, 10.18466],
			"rotation": {"angle": -25, "axis": "y", "origin": [7.89615, 2, 8.18466]},
			"faces": {
				"north": {"uv": [1.875, 4.75, 2.125, 4.875], "texture": "#0"},
				"east": {"uv": [5.625, 6.75, 6.5, 6.875], "texture": "#0"},
				"south": {"uv": [1.875, 4.875, 2.125, 5], "texture": "#0"},
				"west": {"uv": [6.5, 6.75, 7.375, 6.875], "texture": "#0"},
				"up": {"uv": [0.5, 6.75, 0.25, 5.875], "texture": "#0"},
				"down": {"uv": [0.75, 5.875, 0.5, 6.75], "texture": "#0"}
			}
		},
		{
			"from": [7.16353, 2, 9.84251],
			"to": [8.86353, 2.999, 10.84251],
			"rotation": {"angle": 0, "axis": "y", "origin": [8.46562, 2, 11.1]},
			"faces": {
				"north": {"uv": [4.625, 5.25, 4.875, 5.375], "texture": "#0"},
				"east": {"uv": [1.75, 5.875, 1.875, 6], "texture": "#0"},
				"south": {"uv": [3.75, 6.25, 4, 6.375], "texture": "#0"},
				"west": {"uv": [1.625, 6.75, 1.75, 6.875], "texture": "#0"},
				"up": {"uv": [4, 6.5, 3.75, 6.375], "texture": "#0"},
				"down": {"uv": [2.25, 7.25, 2, 7.375], "texture": "#0"}
			}
		},
		{
			"from": [-0.86826, 2, -1.44805],
			"to": [1.13174, 3.001, 5.80195],
			"rotation": {"angle": -40, "axis": "y", "origin": [1.13174, 2, 3.80195]},
			"faces": {
				"north": {"uv": [2.25, 7.25, 2.5, 7.375], "texture": "#0"},
				"east": {"uv": [0, 6.875, 0.875, 7], "texture": "#0"},
				"south": {"uv": [3.75, 7.25, 4, 7.375], "texture": "#0"},
				"west": {"uv": [6.875, 0, 7.75, 0.125], "texture": "#0"},
				"up": {"uv": [1, 6.75, 0.75, 5.875], "texture": "#0"},
				"down": {"uv": [1.25, 5.875, 1, 6.75], "texture": "#0"}
			}
		},
		{
			"from": [-0.96747, 2, 3.58919],
			"to": [5.98253, 3, 5.58919],
			"rotation": {"angle": 0, "axis": "y", "origin": [1.03253, 2, 3.58919]},
			"faces": {
				"north": {"uv": [6.875, 0.125, 7.75, 0.25], "texture": "#0"},
				"east": {"uv": [4, 7.25, 4.25, 7.375], "texture": "#0"},
				"south": {"uv": [0.875, 6.875, 1.75, 7], "texture": "#0"},
				"west": {"uv": [4.25, 7.25, 4.5, 7.375], "texture": "#0"},
				"up": {"uv": [6.5, 2.125, 5.625, 1.875], "texture": "#0"},
				"down": {"uv": [6.5, 2.125, 5.625, 2.375], "texture": "#0"}
			}
		},
		{
			"from": [-1.11151, 2, 4.03529],
			"to": [-0.11151, 2.999, 5.73529],
			"rotation": {"angle": 25, "axis": "y", "origin": [-1.369, 2, 5.33738]},
			"faces": {
				"north": {"uv": [2.375, 6.875, 2.5, 7], "texture": "#0"},
				"east": {"uv": [4.5, 7.25, 4.75, 7.375], "texture": "#0"},
				"south": {"uv": [3, 6.875, 3.125, 7], "texture": "#0"},
				"west": {"uv": [4.75, 7.25, 5, 7.375], "texture": "#0"},
				"up": {"uv": [2.25, 4.75, 2.125, 4.5], "texture": "#0"},
				"down": {"uv": [2.25, 4.75, 2.125, 5], "texture": "#0"}
			}
		},
		{
			"from": [1.19136, 2, -6.98955],
			"to": [8.61636, 3.001, -4.98955],
			"rotation": {"angle": -27.5, "axis": "y", "origin": [3.19136, 2, -4.98955]},
			"faces": {
				"north": {"uv": [3.75, 6.875, 4.625, 7], "texture": "#0"},
				"east": {"uv": [5, 7.25, 5.25, 7.375], "texture": "#0"},
				"south": {"uv": [4.625, 6.875, 5.5, 7], "texture": "#0"},
				"west": {"uv": [5.25, 7.25, 5.5, 7.375], "texture": "#0"},
				"up": {"uv": [6, 6.125, 5.125, 5.875], "texture": "#0"},
				"down": {"uv": [6.875, 0, 6, 0.25], "texture": "#0"}
			}
		},
		{
			"from": [1.42403, 2, -7.07461],
			"to": [3.42403, 3, -0.09961],
			"rotation": {"angle": 12.5, "axis": "y", "origin": [3.42403, 2, -5.07461]},
			"faces": {
				"north": {"uv": [5.5, 7.25, 5.75, 7.375], "texture": "#0"},
				"east": {"uv": [6.875, 5.375, 7.75, 5.5], "texture": "#0"},
				"south": {"uv": [5.75, 7.25, 6, 7.375], "texture": "#0"},
				"west": {"uv": [5.5, 6.875, 6.375, 7], "texture": "#0"},
				"up": {"uv": [1.5, 6.75, 1.25, 5.875], "texture": "#0"},
				"down": {"uv": [1.75, 5.875, 1.5, 6.75], "texture": "#0"}
			}
		},
		{
			"from": [0.77995, 2, -6.78986],
			"to": [2.47995, 2.999, -5.78986],
			"rotation": {"angle": 40, "axis": "y", "origin": [1.17786, 2, -7.04735]},
			"faces": {
				"north": {"uv": [6, 7.25, 6.25, 7.375], "texture": "#0"},
				"east": {"uv": [2.375, 7, 2.5, 7.125], "texture": "#0"},
				"south": {"uv": [6.25, 7.25, 6.5, 7.375], "texture": "#0"},
				"west": {"uv": [3, 7, 3.125, 7.125], "texture": "#0"},
				"up": {"uv": [6.75, 7.375, 6.5, 7.25], "texture": "#0"},
				"down": {"uv": [7, 7.25, 6.75, 7.375], "texture": "#0"}
			}
		},
		{
			"from": [14.86826, 2, -1.44805],
			"to": [16.86826, 3, 5.80195],
			"rotation": {"angle": 40, "axis": "y", "origin": [14.86826, 2, 3.80195]},
			"faces": {
				"north": {"uv": [7.25, 6.875, 7.5, 7], "texture": "#0"},
				"east": {"uv": [6.875, 5.5, 7.75, 5.625], "texture": "#0"},
				"south": {"uv": [7, 7.25, 7.25, 7.375], "texture": "#0"},
				"west": {"uv": [6.875, 5.625, 7.75, 5.75], "texture": "#0"},
				"up": {"uv": [6.25, 1.125, 6, 0.25], "texture": "#0"},
				"down": {"uv": [2, 6, 1.75, 6.875], "texture": "#0"}
			}
		},
		{
			"from": [10.04247, 2, 3.58919],
			"to": [16.96747, 3.001, 5.58919],
			"rotation": {"angle": 0, "axis": "y", "origin": [14.96747, 2, 3.58919]},
			"faces": {
				"north": {"uv": [6.875, 5.75, 7.75, 5.875], "texture": "#0"},
				"east": {"uv": [7.25, 7.125, 7.5, 7.25], "texture": "#0"},
				"south": {"uv": [6.875, 5.875, 7.75, 6], "texture": "#0"},
				"west": {"uv": [7.25, 7.25, 7.5, 7.375], "texture": "#0"},
				"up": {"uv": [6.875, 5.625, 6, 5.375], "texture": "#0"},
				"down": {"uv": [6.875, 5.625, 6, 5.875], "texture": "#0"}
			}
		},
		{
			"from": [16.25346, 2, 3.39503],
			"to": [17.25346, 2.999, 5.09503],
			"rotation": {"angle": -25, "axis": "y", "origin": [15.99596, 2, 4.69712]},
			"faces": {
				"north": {"uv": [2.375, 7.125, 2.5, 7.25], "texture": "#0"},
				"east": {"uv": [0, 7.375, 0.25, 7.5], "texture": "#0"},
				"south": {"uv": [3, 7.125, 3.125, 7.25], "texture": "#0"},
				"west": {"uv": [0.25, 7.375, 0.5, 7.5], "texture": "#0"},
				"up": {"uv": [4.25, 5.25, 4.125, 5], "texture": "#0"},
				"down": {"uv": [4.125, 6.25, 4, 6.5], "texture": "#0"}
			}
		},
		{
			"from": [7.38364, 2, -6.98955],
			"to": [14.80864, 3, -4.98955],
			"rotation": {"angle": 27.5, "axis": "y", "origin": [12.80864, 2, -4.98955]},
			"faces": {
				"north": {"uv": [6.875, 6, 7.75, 6.125], "texture": "#0"},
				"east": {"uv": [0.5, 7.375, 0.75, 7.5], "texture": "#0"},
				"south": {"uv": [6.375, 6.875, 7.25, 7], "texture": "#0"},
				"west": {"uv": [0.75, 7.375, 1, 7.5], "texture": "#0"},
				"up": {"uv": [6.875, 6.125, 6, 5.875], "texture": "#0"},
				"down": {"uv": [7, 3.875, 6.125, 4.125], "texture": "#0"}
			}
		},
		{
			"from": [12.57597, 2, -7.07461],
			"to": [14.57597, 3.001, -0.09961],
			"rotation": {"angle": -12.5, "axis": "y", "origin": [12.57597, 2, -5.07461]},
			"faces": {
				"north": {"uv": [1, 7.375, 1.25, 7.5], "texture": "#0"},
				"east": {"uv": [0, 7, 0.875, 7.125], "texture": "#0"},
				"south": {"uv": [1.25, 7.375, 1.5, 7.5], "texture": "#0"},
				"west": {"uv": [0.875, 7, 1.75, 7.125], "texture": "#0"},
				"up": {"uv": [2.25, 6.875, 2, 6], "texture": "#0"},
				"down": {"uv": [2.5, 6, 2.25, 6.875], "texture": "#0"}
			}
		},
		{
			"from": [13.73158, 2, -7.37105],
			"to": [15.43158, 2.999, -6.37105],
			"rotation": {"angle": -40, "axis": "y", "origin": [14.1295, 2, -7.62854]},
			"faces": {
				"north": {"uv": [1.5, 7.375, 1.75, 7.5], "texture": "#0"},
				"east": {"uv": [3, 7.25, 3.125, 7.375], "texture": "#0"},
				"south": {"uv": [1.75, 7.375, 2, 7.5], "texture": "#0"},
				"west": {"uv": [7.375, 2.375, 7.5, 2.5], "texture": "#0"},
				"up": {"uv": [2.25, 7.5, 2, 7.375], "texture": "#0"},
				"down": {"uv": [2.5, 7.375, 2.25, 7.5], "texture": "#0"}
			}
		},
		{
			"from": [-6.28423, 1, -13.07313],
			"to": [5.04077, 2.001, -8.07313],
			"rotation": {"angle": 45, "axis": "y", "origin": [5.31577, 0, -10.07313]},
			"faces": {
				"north": {"uv": [6.125, 4.125, 7.5, 4.25], "texture": "#0"},
				"east": {"uv": [1, 6.75, 1.625, 6.875], "texture": "#0"},
				"south": {"uv": [6.125, 4.25, 7.5, 4.375], "texture": "#0"},
				"west": {"uv": [1.75, 6.875, 2.375, 7], "texture": "#0"},
				"up": {"uv": [5.625, 1.875, 4.25, 1.25], "texture": "#0"},
				"down": {"uv": [5.625, 1.875, 4.25, 2.5], "texture": "#0"}
			}
		},
		{
			"from": [-1, 1.05, -8],
			"to": [17, 1.999, 10],
			"rotation": {"angle": 0, "axis": "y", "origin": [0, 0, -7]},
			"faces": {
				"north": {"uv": [5.625, 1.375, 7.875, 1.5], "texture": "#0"},
				"east": {"uv": [5.625, 1.5, 7.875, 1.625], "texture": "#0"},
				"south": {"uv": [5.625, 1.625, 7.875, 1.75], "texture": "#0"},
				"west": {"uv": [5.625, 1.75, 7.875, 1.875], "texture": "#0"},
				"up": {"uv": [2.25, 2.25, 0, 0], "texture": "#0"},
				"down": {"uv": [2.25, 2.25, 0, 4.5], "texture": "#0"}
			}
		},
		{
			"from": [3, 1.025, -12],
			"to": [13, 2, -8],
			"rotation": {"angle": 0, "axis": "y", "origin": [0, 0, -12]},
			"faces": {
				"north": {"uv": [5.125, 6.25, 6.375, 6.375], "texture": "#0"},
				"east": {"uv": [1.875, 7.125, 2.375, 7.25], "texture": "#0"},
				"south": {"uv": [6.375, 2.5, 7.625, 2.625], "texture": "#0"},
				"west": {"uv": [3.75, 7.125, 4.25, 7.25], "texture": "#0"},
				"up": {"uv": [6.125, 4.375, 4.875, 3.875], "texture": "#0"},
				"down": {"uv": [6.125, 4.375, 4.875, 4.875], "texture": "#0"}
			}
		},
		{
			"from": [3, 1.025, 10],
			"to": [13, 2, 14],
			"rotation": {"angle": 0, "axis": "y", "origin": [0, 0, 13]},
			"faces": {
				"north": {"uv": [6.375, 2.625, 7.625, 2.75], "texture": "#0"},
				"east": {"uv": [4.25, 7.125, 4.75, 7.25], "texture": "#0"},
				"south": {"uv": [6.375, 2.75, 7.625, 2.875], "texture": "#0"},
				"west": {"uv": [4.75, 7.125, 5.25, 7.25], "texture": "#0"},
				"up": {"uv": [6.125, 5.375, 4.875, 4.875], "texture": "#0"},
				"down": {"uv": [3.125, 5, 1.875, 5.5], "texture": "#0"}
			}
		},
		{
			"from": [-5, 1.025, -4],
			"to": [-1, 2, 6],
			"rotation": {"angle": 0, "axis": "y", "origin": [-4, 0, -7]},
			"faces": {
				"north": {"uv": [5.25, 7.125, 5.75, 7.25], "texture": "#0"},
				"east": {"uv": [6.375, 2.875, 7.625, 3], "texture": "#0"},
				"south": {"uv": [5.75, 7.125, 6.25, 7.25], "texture": "#0"},
				"west": {"uv": [6.375, 3, 7.625, 3.125], "texture": "#0"},
				"up": {"uv": [3.625, 6.25, 3.125, 5], "texture": "#0"},
				"down": {"uv": [4.125, 5, 3.625, 6.25], "texture": "#0"}
			}
		},
		{
			"from": [17, 1.025, -4],
			"to": [21, 2, 6],
			"rotation": {"angle": 0, "axis": "y", "origin": [21, 0, -7]},
			"faces": {
				"north": {"uv": [6.25, 7.125, 6.75, 7.25], "texture": "#0"},
				"east": {"uv": [6.375, 3.125, 7.625, 3.25], "texture": "#0"},
				"south": {"uv": [6.75, 7.125, 7.25, 7.25], "texture": "#0"},
				"west": {"uv": [6.375, 3.25, 7.625, 3.375], "texture": "#0"},
				"up": {"uv": [4.625, 6.5, 4.125, 5.25], "texture": "#0"},
				"down": {"uv": [5.125, 5.375, 4.625, 6.625], "texture": "#0"}
			}
		},
		{
			"from": [8.3934, 1, -10.50317],
			"to": [13.3934, 2.001, 0.82183],
			"rotation": {"angle": 45, "axis": "y", "origin": [11.3934, 0, -10.77817]},
			"faces": {
				"north": {"uv": [1.75, 7, 2.375, 7.125], "texture": "#0"},
				"east": {"uv": [6.125, 4.375, 7.5, 4.5], "texture": "#0"},
				"south": {"uv": [5.5, 7, 6.125, 7.125], "texture": "#0"},
				"west": {"uv": [6.125, 4.5, 7.5, 4.625], "texture": "#0"},
				"up": {"uv": [4.875, 3.875, 4.25, 2.5], "texture": "#0"},
				"down": {"uv": [4.875, 3.875, 4.25, 5.25], "texture": "#0"}
			}
		},
		{
			"from": [-6.08112, 1, 3.95124],
			"to": [-1.08112, 2.001, 15.27624],
			"rotation": {"angle": 45, "axis": "y", "origin": [-3.08112, 0, 3.67624]},
			"faces": {
				"north": {"uv": [6.125, 7, 6.75, 7.125], "texture": "#0"},
				"east": {"uv": [6.125, 4.625, 7.5, 4.75], "texture": "#0"},
				"south": {"uv": [7, 6.625, 7.625, 6.75], "texture": "#0"},
				"west": {"uv": [6.125, 4.75, 7.5, 4.875], "texture": "#0"},
				"up": {"uv": [0.625, 5.875, 0, 4.5], "texture": "#0"},
				"down": {"uv": [1.25, 4.5, 0.625, 5.875], "texture": "#0"}
			}
		},
		{
			"from": [16.78823, 1, 4.65835],
			"to": [21.78823, 2.001, 15.98335],
			"rotation": {"angle": -45, "axis": "y", "origin": [19.78823, 0, 4.38335]},
			"faces": {
				"north": {"uv": [6.75, 7, 7.375, 7.125], "texture": "#0"},
				"east": {"uv": [6.125, 4.875, 7.5, 5], "texture": "#0"},
				"south": {"uv": [0, 7.125, 0.625, 7.25], "texture": "#0"},
				"west": {"uv": [6.125, 5, 7.5, 5.125], "texture": "#0"},
				"up": {"uv": [1.875, 5.875, 1.25, 4.5], "texture": "#0"},
				"down": {"uv": [5.5, 2.5, 4.875, 3.875], "texture": "#0"}
			}
		},
		{
			"from": [-6.08112, 2, 3.95124],
			"to": [-5.08112, 3, 15.27624],
			"rotation": {"angle": 45, "axis": "y", "origin": [-3.08112, 0, 3.67624]},
			"faces": {
				"north": {"uv": [2.5, 7.375, 2.625, 7.5], "texture": "#0"},
				"east": {"uv": [5.125, 6.125, 6.5, 6.25], "texture": "#0"},
				"south": {"uv": [2.625, 7.375, 2.75, 7.5], "texture": "#0"},
				"west": {"uv": [6.125, 5.125, 7.5, 5.25], "texture": "#0"},
				"up": {"uv": [3.125, 6.875, 3, 5.5], "texture": "#0"},
				"down": {"uv": [2.625, 6, 2.5, 7.375], "texture": "#0"}
			}
		},
		{
			"from": [3, 2, 13],
			"to": [13, 3.001, 14],
			"rotation": {"angle": 0, "axis": "y", "origin": [0, 0, 13]},
			"faces": {
				"north": {"uv": [6.375, 3.375, 7.625, 3.5], "texture": "#0"},
				"east": {"uv": [3, 7.375, 3.125, 7.5], "texture": "#0"},
				"south": {"uv": [5.125, 6.375, 6.375, 6.5], "texture": "#0"},
				"west": {"uv": [3.75, 7.375, 3.875, 7.5], "texture": "#0"},
				"up": {"uv": [7.625, 6.375, 6.375, 6.25], "texture": "#0"},
				"down": {"uv": [7.625, 6.375, 6.375, 6.5], "texture": "#0"}
			}
		},
		{
			"from": [20.78823, 2, 4.65835],
			"to": [21.78823, 3, 15.98335],
			"rotation": {"angle": -45, "axis": "y", "origin": [19.78823, 0, 4.38335]},
			"faces": {
				"north": {"uv": [3.875, 7.375, 4, 7.5], "texture": "#0"},
				"east": {"uv": [6.125, 5.25, 7.5, 5.375], "texture": "#0"},
				"south": {"uv": [4, 7.375, 4.125, 7.5], "texture": "#0"},
				"west": {"uv": [6.25, 0.25, 7.625, 0.375], "texture": "#0"},
				"up": {"uv": [2.75, 7.375, 2.625, 6], "texture": "#0"},
				"down": {"uv": [3.25, 6.25, 3.125, 7.625], "texture": "#0"}
			}
		},
		{
			"from": [20, 2, -4],
			"to": [21, 3.001, 6],
			"rotation": {"angle": 0, "axis": "y", "origin": [21, 0, -7]},
			"faces": {
				"north": {"uv": [4.125, 7.375, 4.25, 7.5], "texture": "#0"},
				"east": {"uv": [6.5, 1.875, 7.75, 2], "texture": "#0"},
				"south": {"uv": [4.25, 7.375, 4.375, 7.5], "texture": "#0"},
				"west": {"uv": [6.5, 2, 7.75, 2.125], "texture": "#0"},
				"up": {"uv": [3.625, 7.5, 3.5, 6.25], "texture": "#0"},
				"down": {"uv": [3.75, 6.25, 3.625, 7.5], "texture": "#0"}
			}
		},
		{
			"from": [12.3934, 2, -10.50317],
			"to": [13.3934, 3, 0.82183],
			"rotation": {"angle": 45, "axis": "y", "origin": [11.3934, 0, -10.77817]},
			"faces": {
				"north": {"uv": [4.375, 7.375, 4.5, 7.5], "texture": "#0"},
				"east": {"uv": [6.25, 0.375, 7.625, 0.5], "texture": "#0"},
				"south": {"uv": [4.5, 7.375, 4.625, 7.5], "texture": "#0"},
				"west": {"uv": [6.25, 0.5, 7.625, 0.625], "texture": "#0"},
				"up": {"uv": [3.375, 7.625, 3.25, 6.25], "texture": "#0"},
				"down": {"uv": [3.5, 6.25, 3.375, 7.625], "texture": "#0"}
			}
		},
		{
			"from": [3, 2, -12],
			"to": [13, 3.001, -11],
			"rotation": {"angle": 0, "axis": "y", "origin": [0, 0, -12]},
			"faces": {
				"north": {"uv": [6.5, 2.125, 7.75, 2.25], "texture": "#0"},
				"east": {"uv": [4.625, 7.375, 4.75, 7.5], "texture": "#0"},
				"south": {"uv": [6.5, 2.25, 7.75, 2.375], "texture": "#0"},
				"west": {"uv": [4.75, 7.375, 4.875, 7.5], "texture": "#0"},
				"up": {"uv": [6.375, 6.625, 5.125, 6.5], "texture": "#0"},
				"down": {"uv": [7.75, 6.125, 6.5, 6.25], "texture": "#0"}
			}
		},
		{
			"from": [-6.28423, 2, -13.07313],
			"to": [5.04077, 3, -12.07313],
			"rotation": {"angle": 45, "axis": "y", "origin": [5.31577, 0, -10.07313]},
			"faces": {
				"north": {"uv": [6.25, 0.625, 7.625, 0.75], "texture": "#0"},
				"east": {"uv": [4.875, 7.375, 5, 7.5], "texture": "#0"},
				"south": {"uv": [6.25, 0.75, 7.625, 0.875], "texture": "#0"},
				"west": {"uv": [5, 7.375, 5.125, 7.5], "texture": "#0"},
				"up": {"uv": [7.625, 1, 6.25, 0.875], "texture": "#0"},
				"down": {"uv": [7.625, 1, 6.25, 1.125], "texture": "#0"}
			}
		},
		{
			"from": [-5, 2, -4],
			"to": [-4, 3.001, 6],
			"rotation": {"angle": 0, "axis": "y", "origin": [-4, 1, -7]},
			"faces": {
				"north": {"uv": [5.125, 7.375, 5.25, 7.5], "texture": "#0"},
				"east": {"uv": [6.375, 6.5, 7.625, 6.625], "texture": "#0"},
				"south": {"uv": [5.25, 7.375, 5.375, 7.5], "texture": "#0"},
				"west": {"uv": [3.75, 6.625, 5, 6.75], "texture": "#0"},
				"up": {"uv": [2.875, 7.625, 2.75, 6.375], "texture": "#0"},
				"down": {"uv": [3, 6.375, 2.875, 7.625], "texture": "#0"}
			}
		},
		{
			"from": [10.9718, 0, 6],
			"to": [18.9718, 1, 26],
			"rotation": {"angle": 30, "axis": "y", "origin": [15.9718, 0, 13]},
			"faces": {
				"north": {"uv": [5, 6.625, 6, 6.75], "texture": "#0"},
				"east": {"uv": [5.5, 3.5, 8, 3.625], "texture": "#0"},
				"south": {"uv": [6, 6.625, 7, 6.75], "texture": "#0"},
				"west": {"uv": [5.5, 3.625, 8, 3.75], "texture": "#0"},
				"up": {"uv": [3.25, 2.5, 2.25, 0], "texture": "#0"},
				"down": {"uv": [3.25, 2.5, 2.25, 5], "texture": "#0"}
			}
		},
		{
			"from": [-3.76442, 0, 6.2476],
			"to": [4.23558, 1, 26.2476],
			"rotation": {"angle": -30, "axis": "y", "origin": [0.16378, 0, 14.86362]},
			"faces": {
				"north": {"uv": [0, 6.75, 1, 6.875], "texture": "#0"},
				"east": {"uv": [5.5, 3.75, 8, 3.875], "texture": "#0"},
				"south": {"uv": [3.75, 6.75, 4.75, 6.875], "texture": "#0"},
				"west": {"uv": [5.625, 1.25, 8.125, 1.375], "texture": "#0"},
				"up": {"uv": [4.25, 2.5, 3.25, 0], "texture": "#0"},
				"down": {"uv": [4.25, 2.5, 3.25, 5], "texture": "#0"}
			}
		},
		{
			"from": [1.06987, 0.001, 5.43782],
			"to": [15.06987, 1.001, 10.43782],
			"rotation": {"angle": 0, "axis": "y", "origin": [4.99808, 0, 12.43782]},
			"faces": {
				"north": {"uv": [5.625, 2.375, 7.375, 2.5], "texture": "#0"},
				"east": {"uv": [0.625, 7.125, 1.25, 7.25], "texture": "#0"},
				"south": {"uv": [6, 1.125, 7.75, 1.25], "texture": "#0"},
				"west": {"uv": [1.25, 7.125, 1.875, 7.25], "texture": "#0"},
				"up": {"uv": [6, 0.625, 4.25, 0], "texture": "#0"},
				"down": {"uv": [6, 0.625, 4.25, 1.25], "texture": "#0"}
			}
		},
		{
			"from": [-8.93013, -0.001, 22.75833],
			"to": [-2.00513, 0.999, 26.75833],
			"rotation": {"angle": 0, "axis": "y", "origin": [-5.00192, 0, 29.75833]},
			"faces": {
				"north": {"uv": [3.75, 7, 4.625, 7.125], "texture": "#0"},
				"east": {"uv": [0, 7.25, 0.5, 7.375], "texture": "#0"},
				"south": {"uv": [7, 3.875, 7.875, 4], "texture": "#0"},
				"west": {"uv": [0.5, 7.25, 1, 7.375], "texture": "#0"},
				"up": {"uv": [6, 5.875, 5.125, 5.375], "texture": "#0"},
				"down": {"uv": [2.75, 5.5, 1.875, 6], "texture": "#0"}
			}
		},
		{
			"from": [18.14167, -0.001, 22.75833],
			"to": [25.06667, 0.999, 26.75833],
			"rotation": {"angle": 0, "axis": "y", "origin": [22.06987, 0, 29.75833]},
			"faces": {
				"north": {"uv": [7, 4, 7.875, 4.125], "texture": "#0"},
				"east": {"uv": [1, 7.25, 1.5, 7.375], "texture": "#0"},
				"south": {"uv": [4.625, 7, 5.5, 7.125], "texture": "#0"},
				"west": {"uv": [1.5, 7.25, 2, 7.375], "texture": "#0"},
				"up": {"uv": [6.375, 3, 5.5, 2.5], "texture": "#0"},
				"down": {"uv": [6.375, 3, 5.5, 3.5], "texture": "#0"}
			}
		}
	],
	"display": {
		"thirdperson_righthand": {
			"translation": [0, 2.25, 1.5],
			"scale": [0.3, 0.3, 0.3]
		},
		"thirdperson_lefthand": {
			"translation": [0, 2.25, 1.5],
			"scale": [0.3, 0.3, 0.3]
		},
		"firstperson_righthand": {
			"rotation": [14, 31, 34],
			"translation": [2.5, 2.75, 0],
			"scale": [0.25, 0.25, 0.25]
		},
		"firstperson_lefthand": {
			"rotation": [14, 31, 34],
			"translation": [2.5, 2.75, 0],
			"scale": [0.25, 0.25, 0.25]
		},
		"ground": {
			"translation": [0, 3.5, 0],
			"scale": [0.3, 0.3, 0.3]
		},
		"gui": {
			"rotation": [90, -180, 0],
			"translation": [0, 0.25, 0],
			"scale": [0.38, 0.38, 0.38]
		},
		"head": {
			"rotation": [-86, 0, 0],
			"translation": [0, -13.3, -6.7],
			"scale": [0.38, 0.38, 0.38]
		},
		"fixed": {
			"rotation": [-90, 0, 0],
			"translation": [0, 0.75, -3.5],
			"scale": [0.49, 0.49, 0.49]
		},
		"on_shelf": {
			"rotation": [-90, 0, 180],
			"translation": [0, 2.5, 0.5],
			"scale": [0.51, 0.51, 0.51]
		}
	},
	"groups": [
		{
			"name": "star frame",
			"origin": [8.12214, 0, 13.15476],
			"color": 0,
			"children": [
				{
					"name": "group",
					"origin": [8.12214, 0, 13.15476],
					"color": 0,
					"children": [0, 1, 2]
				},
				{
					"name": "group",
					"origin": [1.25334, 0, 8.62322],
					"color": 0,
					"children": [3, 4, 5]
				},
				{
					"name": "group",
					"origin": [8.12214, 0, 13.15476],
					"color": 0,
					"children": [6, 7, 8]
				},
				{
					"name": "group",
					"origin": [14.74666, 0, 8.62322],
					"color": 0,
					"children": [9, 10, 11]
				},
				{
					"name": "group",
					"origin": [7.87786, 0, 13.15476],
					"color": 0,
					"children": [12, 13, 14]
				}
			]
		},
		{
			"name": "medal background",
			"origin": [5.31577, 0, -4.07313],
			"color": 0,
			"children": [15, 16, 17, 18, 19, 20, 21, 22, 23]
		},
		{
			"name": "medal frame",
			"origin": [-3.08112, 0, 9.67624],
			"color": 0,
			"children": [24, 25, 26, 27, 28, 29, 30, 31]
		},
		{
			"name": "ribbon",
			"origin": [15.9718, 0, 13],
			"color": 0,
			"children": [32, 33, 34, 35, 36]
		}
	]
}