{
	"credit": "Made with Blockbench",
	"texture_size": [32, 32],
	"textures": {
		"0": "derp:item/tire",
		"particle": "derp:item/tire"
	},
	"elements": [
		{
			"from": [5, 0, 7],
			"to": [11.25, 3, 9],
			"rotation": {"angle": 0, "axis": "y", "origin": [0, 0, 10]},
			"faces": {
				"north": {"uv": [3, 1.5, 0, 3], "texture": "#0"},
				"east": {"uv": [6, 6.5, 5, 8], "texture": "#0"},
				"south": {"uv": [3, 0, 0, 1.5], "texture": "#0"},
				"west": {"uv": [8, 2, 7, 3.5], "texture": "#0"},
				"up": {"uv": [6, 4.5, 3, 5.5], "texture": "#0"},
				"down": {"uv": [6, 6.5, 3, 5.5], "texture": "#0"}
			}
		},
		{
			"from": [5, 9, 7],
			"to": [11, 12, 9],
			"rotation": {"angle": 0, "axis": "x", "origin": [0, 9, 10]},
			"faces": {
				"north": {"uv": [6, 0, 3, 1.5], "texture": "#0"},
				"east": {"uv": [8, 3.5, 7, 5], "texture": "#0"},
				"south": {"uv": [3, 3, 0, 4.5], "texture": "#0"},
				"west": {"uv": [8, 5, 7, 6.5], "texture": "#0"},
				"up": {"uv": [9, 0, 6, 1], "texture": "#0"},
				"down": {"uv": [9, 2, 6, 1], "texture": "#0"}
			}
		},
		{
			"from": [3, 1, 7],
			"to": [5, 3, 9],
			"rotation": {"angle": 0, "axis": "y", "origin": [1, 0, 10]},
			"faces": {
				"north": {"uv": [2, 8.5, 1, 9.5], "texture": "#0"},
				"east": {"uv": [1, 8.5, 0, 9.5], "texture": "#0"},
				"south": {"uv": [7, 8, 6, 9], "texture": "#0"},
				"west": {"uv": [3, 8.5, 2, 9.5], "texture": "#0"},
				"up": {"uv": [9.5, 6.5, 8.5, 7.5], "texture": "#0"},
				"down": {"uv": [8, 9.5, 7, 8.5], "texture": "#0"}
			}
		},
		{
			"from": [3, 9, 7],
			"to": [5, 11, 9],
			"rotation": {"angle": 0, "axis": "y", "origin": [1, 8, 10]},
			"faces": {
				"north": {"uv": [10, 0, 9, 1], "texture": "#0"},
				"east": {"uv": [9, 8.5, 8, 9.5], "texture": "#0"},
				"south": {"uv": [9.5, 7.5, 8.5, 8.5], "texture": "#0"},
				"west": {"uv": [10, 1, 9, 2], "texture": "#0"},
				"up": {"uv": [10, 2, 9, 3], "texture": "#0"},
				"down": {"uv": [10, 4, 9, 3], "texture": "#0"}
			}
		},
		{
			"from": [11, 9, 7],
			"to": [13, 11, 9],
			"rotation": {"angle": 0, "axis": "y", "origin": [-1, 8, 10]},
			"faces": {
				"north": {"uv": [7, 9, 6, 10], "texture": "#0"},
				"east": {"uv": [10, 5, 9, 6], "texture": "#0"},
				"south": {"uv": [10, 4, 9, 5], "texture": "#0"},
				"west": {"uv": [10, 8.5, 9, 9.5], "texture": "#0"},
				"up": {"uv": [1, 9.5, 0, 10.5], "texture": "#0"},
				"down": {"uv": [2, 10.5, 1, 9.5], "texture": "#0"}
			}
		},
		{
			"from": [11, 1, 7],
			"to": [13, 3, 9],
			"rotation": {"angle": 0, "axis": "y", "origin": [-1, 0, 10]},
			"faces": {
				"north": {"uv": [5, 9.5, 4, 10.5], "texture": "#0"},
				"east": {"uv": [4, 9.5, 3, 10.5], "texture": "#0"},
				"south": {"uv": [3, 9.5, 2, 10.5], "texture": "#0"},
				"west": {"uv": [6, 9.5, 5, 10.5], "texture": "#0"},
				"up": {"uv": [10.5, 6, 9.5, 7], "texture": "#0"},
				"down": {"uv": [8, 10.5, 7, 9.5], "texture": "#0"}
			}
		},
		{
			"from": [2, 3, 7],
			"to": [5, 9, 9],
			"rotation": {"angle": 0, "axis": "y", "origin": [1, -1, 10]},
			"faces": {
				"north": {"uv": [1.5, 4.5, 0, 7.5], "texture": "#0"},
				"east": {"uv": [7, 2, 6, 5], "texture": "#0"},
				"south": {"uv": [4.5, 1.5, 3, 4.5], "texture": "#0"},
				"west": {"uv": [7, 5, 6, 8], "texture": "#0"},
				"up": {"uv": [8.5, 6.5, 7, 7.5], "texture": "#0"},
				"down": {"uv": [1.5, 8.5, 0, 7.5], "texture": "#0"}
			}
		},
		{
			"from": [11, 3, 7],
			"to": [14, 9, 9],
			"rotation": {"angle": 0, "axis": "y", "origin": [10, -1, 10]},
			"faces": {
				"north": {"uv": [6, 1.5, 4.5, 4.5], "texture": "#0"},
				"east": {"uv": [4, 6.5, 3, 9.5], "texture": "#0"},
				"south": {"uv": [3, 4.5, 1.5, 7.5], "texture": "#0"},
				"west": {"uv": [5, 6.5, 4, 9.5], "texture": "#0"},
				"up": {"uv": [3, 7.5, 1.5, 8.5], "texture": "#0"},
				"down": {"uv": [8.5, 8.5, 7, 7.5], "texture": "#0"}
			}
		},
		{
			"from": [4, 11, 8],
			"to": [5, 14, 9],
			"rotation": {"angle": 0, "axis": "y", "origin": [5, 12, 10]},
			"faces": {
				"north": {"uv": [8.5, 9.5, 8, 11], "texture": "#0"},
				"east": {"uv": [9, 2, 8, 3.5], "texture": "#0"},
				"south": {"uv": [10, 7, 9.5, 8.5], "texture": "#0"},
				"west": {"uv": [9, 3.5, 8, 5], "texture": "#0"},
				"up": {"uv": [10.5, 8.5, 10, 9.5], "texture": "#0"},
				"down": {"uv": [10.5, 10.5, 10, 9.5], "texture": "#0"}
			}
		},
		{
			"from": [11, 11, 8],
			"to": [12, 14, 9],
			"rotation": {"angle": 0, "axis": "y", "origin": [12, 12, 10]},
			"faces": {
				"north": {"uv": [9.5, 9.5, 9, 11], "texture": "#0"},
				"east": {"uv": [6, 8, 5, 9.5], "texture": "#0"},
				"south": {"uv": [9, 9.5, 8.5, 11], "texture": "#0"},
				"west": {"uv": [9, 5, 8, 6.5], "texture": "#0"},
				"up": {"uv": [0.5, 10.5, 0, 11.5], "texture": "#0"},
				"down": {"uv": [11, 1, 10.5, 0], "texture": "#0"}
			}
		},
		{
			"from": [10, 13, 9],
			"to": [11, 16, 10],
			"rotation": {"angle": 0, "axis": "y", "origin": [11, 14, 10]},
			"faces": {
				"north": {"uv": [10.5, 1.5, 10, 3], "texture": "#0"},
				"east": {"uv": [10.5, 0, 10, 1.5], "texture": "#0"},
				"south": {"uv": [10, 9.5, 9.5, 11], "texture": "#0"},
				"west": {"uv": [10.5, 3, 10, 4.5], "texture": "#0"},
				"up": {"uv": [9.5, 6, 9, 6.5], "texture": "#0"},
				"down": {"uv": [1, 11, 0.5, 10.5], "texture": "#0"}
			}
		},
		{
			"from": [5, 13, 9],
			"to": [6, 16, 10],
			"rotation": {"angle": 0, "axis": "y", "origin": [6, 14, 10]},
			"faces": {
				"north": {"uv": [7, 10, 6.5, 11.5], "texture": "#0"},
				"east": {"uv": [6.5, 10, 6, 11.5], "texture": "#0"},
				"south": {"uv": [10.5, 4.5, 10, 6], "texture": "#0"},
				"west": {"uv": [10.5, 7, 10, 8.5], "texture": "#0"},
				"up": {"uv": [1.5, 10.5, 1, 11], "texture": "#0"},
				"down": {"uv": [11, 1.5, 10.5, 1], "texture": "#0"}
			}
		}
	],
	"display": {
		"thirdperson_righthand": {
			"rotation": [0, 180, 0],
			"translation": [0, 4.5, 0]
		}
	}
}