{
	"format_version": "1.21.11",
	"credit": "Made with Blockbench",
	"texture_size": [32, 32],
	"textures": {
		"0": "garysinspace:item/bob",
		"particle": "garysinspace:item/bob"
	},
	"elements": [
		{
			"from": [4.3, 0, 3.2],
			"to": [13.7, 9.1, 12.8],
			"rotation": {"angle": 0, "axis": "y", "origin": [8, 0, 7]},
			"faces": {
				"north": {"uv": [0, 9, 4.5, 13.5], "texture": "#0"},
				"east": {"uv": [0, 0, 5, 4.5], "texture": "#0"},
				"south": {"uv": [9.5, 0, 14, 4.5], "texture": "#0"},
				"west": {"uv": [0, 4.5, 5, 9], "texture": "#0"},
				"up": {"uv": [9.5, 5, 5, 0], "texture": "#0"},
				"down": {"uv": [9.5, 5, 5, 10], "texture": "#0"}
			}
		},
		{
			"from": [8, 3, 1],
			"to": [10, 5, 3],
			"rotation": {"angle": 0, "axis": "y", "origin": [8, 3, 1]},
			"faces": {
				"north": {"uv": [9.5, 4.5, 10.5, 5.5], "texture": "#0"},
				"east": {"uv": [9.5, 5.5, 10.5, 6.5], "texture": "#0"},
				"south": {"uv": [9.5, 6.5, 10.5, 7.5], "texture": "#0"},
				"west": {"uv": [9.5, 7.5, 10.5, 8.5], "texture": "#0"},
				"up": {"uv": [10.5, 9.5, 9.5, 8.5], "texture": "#0"},
				"down": {"uv": [10.5, 9.5, 9.5, 10.5], "texture": "#0"}
			}
		}
	]
}
