{
	"format_version": "1.21.6",
	"credit": "Made with Blockbench",
	"texture_size": [64, 64],
	"textures": {
		"0": "garysinspace:item/bonnie",
		"particle": "garysinspace:item/bonnie"
	},
	"elements": [
		{
			"from": [12, 5, 2],
			"to": [14, 12, 14],
			"rotation": {"angle": 0, "axis": "y", "origin": [7, 0, 7]},
			"faces": {
				"north": {"uv": [7, 11, 7.5, 12.75], "texture": "#0"},
				"east": {"uv": [4.5, 0, 7.5, 1.75], "texture": "#0"},
				"south": {"uv": [6.5, 12, 7, 13.75], "texture": "#0"},
				"west": {"uv": [4.5, 1.75, 7.5, 3.5], "texture": "#0"},
				"up": {"uv": [8, 12.5, 7.5, 9.5], "texture": "#0"},
				"down": {"uv": [11, 2, 10.5, 5], "texture": "#0"}
			}
		},
		{
			"from": [10.1, 12.7, 8],
			"to": [11.9, 15.7, 10],
			"rotation": {"angle": -7.5, "axis": "z", "origin": [4.7, 2.7, 7]},
			"faces": {
				"north": {"uv": [0.5, 13, 1, 13.75], "texture": "#0"},
				"east": {"uv": [1, 13, 1.5, 13.75], "texture": "#0"},
				"south": {"uv": [1.5, 13, 2, 13.75], "texture": "#0"},
				"west": {"uv": [3.25, 13, 3.75, 13.75], "texture": "#0"},
				"up": {"uv": [8, 13.75, 7.5, 13.25], "texture": "#0"},
				"down": {"uv": [13.75, 9.25, 13.25, 9.75], "texture": "#0"}
			}
		},
		{
			"from": [9.3, 13.9, 7.8],
			"to": [13.7, 20.8, 10.2],
			"rotation": {"angle": -7.5, "axis": "z", "origin": [5.2, 5.7, 7]},
			"faces": {
				"north": {"uv": [5, 11, 6, 12], "texture": "#0"},
				"east": {"uv": [2, 5, 2.5, 6], "texture": "#0"},
				"south": {"uv": [6, 11, 7, 12], "texture": "#0"},
				"west": {"uv": [4, 6, 4.5, 7], "texture": "#0"},
				"up": {"uv": [13.25, 9.75, 12.25, 9.25], "texture": "#0"},
				"down": {"uv": [13.5, 0, 12.5, 0.5], "texture": "#0"}
			}
		},
		{
			"from": [10.3, 13.9, 7.5],
			"to": [12.7, 14.7, 7.8],
			"rotation": {"angle": -7.5, "axis": "z", "origin": [5.2, 5.7, 7]},
			"faces": {
				"north": {"uv": [4.75, 13.75, 5.25, 14], "texture": "#0"},
				"east": {"uv": [11, 14, 11.25, 14.25], "texture": "#0"},
				"south": {"uv": [13.75, 5, 14.25, 5.25], "texture": "#0"},
				"west": {"uv": [11.25, 14, 11.5, 14.25], "texture": "#0"},
				"up": {"uv": [5.75, 14, 5.25, 13.75], "texture": "#0"},
				"down": {"uv": [14.25, 5.25, 13.75, 5.5], "texture": "#0"}
			}
		},
		{
			"from": [10.3, 20.3, 7.6],
			"to": [12.7, 21.2, 8.1],
			"rotation": {"angle": -7.5, "axis": "z", "origin": [5.2, 5.7, 7]},
			"faces": {
				"north": {"uv": [13.75, 5.5, 14.25, 5.75], "texture": "#0"},
				"east": {"uv": [12, 14, 12.25, 14.25], "texture": "#0"},
				"south": {"uv": [5.75, 13.75, 6.25, 14], "texture": "#0"},
				"west": {"uv": [12.25, 14, 12.5, 14.25], "texture": "#0"},
				"up": {"uv": [14.25, 6, 13.75, 5.75], "texture": "#0"},
				"down": {"uv": [14.25, 6, 13.75, 6.25], "texture": "#0"}
			}
		},
		{
			"from": [9.3, 13.9, 7.5],
			"to": [10.3, 20.8, 7.8],
			"rotation": {"angle": -7.5, "axis": "z", "origin": [5.2, 5.7, 7]},
			"faces": {
				"north": {"uv": [7, 13.5, 7.25, 14.5], "texture": "#0"},
				"east": {"uv": [7.25, 13.5, 7.5, 14.5], "texture": "#0"},
				"south": {"uv": [13.5, 7.75, 13.75, 8.75], "texture": "#0"},
				"west": {"uv": [8, 13.5, 8.25, 14.5], "texture": "#0"},
				"up": {"uv": [10.25, 14.25, 10, 14], "texture": "#0"},
				"down": {"uv": [10.5, 14, 10.25, 14.25], "texture": "#0"}
			}
		},
		{
			"from": [12.7, 13.9, 7.5],
			"to": [13.7, 20.8, 7.8],
			"rotation": {"angle": -7.5, "axis": "z", "origin": [5.2, 5.7, 7]},
			"faces": {
				"north": {"uv": [13.25, 12, 13.5, 13], "texture": "#0"},
				"east": {"uv": [13.5, 0, 13.75, 1], "texture": "#0"},
				"south": {"uv": [13.5, 1.25, 13.75, 2.25], "texture": "#0"},
				"west": {"uv": [2.25, 13.5, 2.5, 14.5], "texture": "#0"},
				"up": {"uv": [14.25, 9.5, 14, 9.25], "texture": "#0"},
				"down": {"uv": [9.75, 14, 9.5, 14.25], "texture": "#0"}
			}
		},
		{
			"from": [10.2, 13.9, 8.1],
			"to": [12.8, 21.7, 9.9],
			"rotation": {"angle": -7.5, "axis": "z", "origin": [5.2, 5.7, 7]},
			"faces": {
				"north": {"uv": [5, 12, 5.75, 13.25], "texture": "#0"},
				"east": {"uv": [12.25, 8, 12.75, 9.25], "texture": "#0"},
				"south": {"uv": [5.75, 12, 6.5, 13.25], "texture": "#0"},
				"west": {"uv": [8.5, 12.25, 9, 13.5], "texture": "#0"},
				"up": {"uv": [13.75, 7.25, 13, 6.75], "texture": "#0"},
				"down": {"uv": [14, 2.25, 13.25, 2.75], "texture": "#0"}
			}
		},
		{
			"from": [4, 10, 2],
			"to": [12, 12, 14],
			"rotation": {"angle": 0, "axis": "y", "origin": [7, 0, 7]},
			"faces": {
				"north": {"uv": [11, 4, 13, 4.5], "texture": "#0"},
				"east": {"uv": [10.5, 5, 13.5, 5.5], "texture": "#0"},
				"south": {"uv": [11, 4.5, 13, 5], "texture": "#0"},
				"west": {"uv": [10.5, 5.5, 13.5, 6], "texture": "#0"},
				"up": {"uv": [4.5, 3, 2.5, 0], "texture": "#0"},
				"down": {"uv": [4.5, 3, 2.5, 6], "texture": "#0"}
			}
		},
		{
			"from": [7, 5, 2],
			"to": [9, 10, 3],
			"rotation": {"angle": 0, "axis": "y", "origin": [7, 0, 7]},
			"faces": {
				"north": {"uv": [12.25, 2.5, 12.75, 3.75], "texture": "#0"},
				"east": {"uv": [9.25, 12.25, 9.5, 13.5], "texture": "#0"},
				"south": {"uv": [8, 12.25, 8.5, 13.5], "texture": "#0"},
				"west": {"uv": [2, 13, 2.25, 14.25], "texture": "#0"},
				"up": {"uv": [12.5, 13.75, 12, 13.5], "texture": "#0"},
				"down": {"uv": [14, 13, 13.5, 13.25], "texture": "#0"}
			}
		},
		{
			"from": [9, 4.8, 2],
			"to": [12, 5.5, 3],
			"rotation": {"angle": 0, "axis": "y", "origin": [7, -0.2, 7]},
			"faces": {
				"north": {"uv": [9.5, 2, 10.25, 2.25], "texture": "#0"},
				"east": {"uv": [10.25, 2, 10.5, 2.25], "texture": "#0"},
				"south": {"uv": [10.75, 10, 11.5, 10.25], "texture": "#0"},
				"west": {"uv": [11.5, 10, 11.75, 10.25], "texture": "#0"},
				"up": {"uv": [14, 6.75, 13.25, 6.5], "texture": "#0"},
				"down": {"uv": [14.25, 4, 13.5, 4.25], "texture": "#0"}
			}
		},
		{
			"from": [3.7, 2.2, -1],
			"to": [12.3, 5.3, 2],
			"rotation": {"angle": 0, "axis": "y", "origin": [7, 0, -5]},
			"faces": {
				"north": {"uv": [9.5, 0, 11.75, 1], "texture": "#0"},
				"east": {"uv": [11.75, 10, 12.5, 11], "texture": "#0"},
				"south": {"uv": [9.5, 1, 11.75, 2], "texture": "#0"},
				"west": {"uv": [12, 6, 12.75, 7], "texture": "#0"},
				"up": {"uv": [11.75, 11, 9.5, 10.25], "texture": "#0"},
				"down": {"uv": [2.25, 10.5, 0, 11.25], "texture": "#0"}
			}
		},
		{
			"from": [6.9, 4.7, -1.5],
			"to": [9.1, 5.9, -0.5],
			"rotation": {"angle": 0, "axis": "y", "origin": [7, 0.4, -4.5]},
			"faces": {
				"north": {"uv": [12.75, 8, 13.5, 8.5], "texture": "#0"},
				"east": {"uv": [13.75, 1.5, 14, 2], "texture": "#0"},
				"south": {"uv": [12.75, 8.5, 13.5, 9], "texture": "#0"},
				"west": {"uv": [1.75, 13.75, 2, 14.25], "texture": "#0"},
				"up": {"uv": [14.25, 12.75, 13.5, 12.5], "texture": "#0"},
				"down": {"uv": [14.25, 12.75, 13.5, 13], "texture": "#0"}
			}
		},
		{
			"from": [7, 3.4, 0.5],
			"to": [9, 4.9, 3.5],
			"rotation": {"angle": -10, "axis": "x", "origin": [7, -0.6, -3.5]},
			"faces": {
				"north": {"uv": [13.25, 6, 13.75, 6.5], "texture": "#0"},
				"east": {"uv": [10.5, 12.75, 11.25, 13.25], "texture": "#0"},
				"south": {"uv": [13.25, 7.25, 13.75, 7.75], "texture": "#0"},
				"west": {"uv": [11.25, 12.75, 12, 13.25], "texture": "#0"},
				"up": {"uv": [12.5, 13.5, 12, 12.75], "texture": "#0"},
				"down": {"uv": [0.5, 13, 0, 13.75], "texture": "#0"}
			}
		},
		{
			"from": [9, 7.6, 1.3],
			"to": [12, 10.2, 2],
			"rotation": {"angle": 5, "axis": "x", "origin": [7, 0, 6]},
			"faces": {
				"north": {"uv": [12.75, 1.25, 13.5, 1.75], "texture": "#0"},
				"east": {"uv": [13.5, 13.25, 13.75, 13.75], "texture": "#0"},
				"south": {"uv": [12.75, 1.75, 13.5, 2.25], "texture": "#0"},
				"west": {"uv": [0, 13.75, 0.25, 14.25], "texture": "#0"},
				"up": {"uv": [9, 13.75, 8.25, 13.5], "texture": "#0"},
				"down": {"uv": [14.25, 8.75, 13.5, 9], "texture": "#0"}
			}
		},
		{
			"from": [4, -1.2, -0.4],
			"to": [12, -0.4, 2.5],
			"rotation": {"angle": -10, "axis": "x", "origin": [7, -3.2, -4.7]},
			"faces": {
				"north": {"uv": [11, 7, 13, 7.25], "texture": "#0"},
				"east": {"uv": [13.5, 12, 14.25, 12.25], "texture": "#0"},
				"south": {"uv": [12.25, 3.75, 14.25, 4], "texture": "#0"},
				"west": {"uv": [13.5, 12.25, 14.25, 12.5], "texture": "#0"},
				"up": {"uv": [2, 10.5, 0, 9.75], "texture": "#0"},
				"down": {"uv": [12.75, 7.25, 10.75, 8], "texture": "#0"}
			}
		},
		{
			"from": [10.6, -0.4, -0.2],
			"to": [11.7, 0, 0.7],
			"rotation": {"angle": -10, "axis": "x", "origin": [7, -3.2, -4.5]},
			"faces": {
				"north": {"uv": [13.75, 8, 14, 8.25], "texture": "#0"},
				"east": {"uv": [8.25, 13.75, 8.5, 14], "texture": "#0"},
				"south": {"uv": [13.75, 8.25, 14, 8.5], "texture": "#0"},
				"west": {"uv": [8.5, 13.75, 8.75, 14], "texture": "#0"},
				"up": {"uv": [14, 8.75, 13.75, 8.5], "texture": "#0"},
				"down": {"uv": [9, 13.75, 8.75, 14], "texture": "#0"}
			}
		},
		{
			"from": [10.6, -0.4, 1.2],
			"to": [11.7, 0, 2.1],
			"rotation": {"angle": -10, "axis": "x", "origin": [7, -3.2, -4.5]},
			"faces": {
				"north": {"uv": [13.75, 8, 14, 8.25], "texture": "#0"},
				"east": {"uv": [8.25, 13.75, 8.5, 14], "texture": "#0"},
				"south": {"uv": [13.75, 8.25, 14, 8.5], "texture": "#0"},
				"west": {"uv": [8.5, 13.75, 8.75, 14], "texture": "#0"},
				"up": {"uv": [14, 8.75, 13.75, 8.5], "texture": "#0"},
				"down": {"uv": [9, 13.75, 8.75, 14], "texture": "#0"}
			}
		},
		{
			"from": [8.6, -0.4, -0.2],
			"to": [9.7, 0, 0.7],
			"rotation": {"angle": -10, "axis": "x", "origin": [5, -3.2, -4.5]},
			"faces": {
				"north": {"uv": [10.5, 13.75, 10.75, 14], "texture": "#0"},
				"east": {"uv": [10.75, 13.75, 11, 14], "texture": "#0"},
				"south": {"uv": [11, 13.75, 11.25, 14], "texture": "#0"},
				"west": {"uv": [11.25, 13.75, 11.5, 14], "texture": "#0"},
				"up": {"uv": [12.25, 14, 12, 13.75], "texture": "#0"},
				"down": {"uv": [12.5, 13.75, 12.25, 14], "texture": "#0"}
			}
		},
		{
			"from": [0.9, 0, 1.7],
			"to": [4, 5, 14],
			"rotation": {"angle": 0, "axis": "y", "origin": [2, 0, 7]},
			"faces": {
				"north": {"uv": [10.5, 11.5, 11.25, 12.75], "texture": "#0"},
				"east": {"uv": [7.5, 2.25, 10.5, 3.5], "texture": "#0"},
				"south": {"uv": [11.25, 11.5, 12, 12.75], "texture": "#0"},
				"west": {"uv": [7.5, 3.5, 10.5, 4.75], "texture": "#0"},
				"up": {"uv": [8.75, 12.25, 8, 9.25], "texture": "#0"},
				"down": {"uv": [9.5, 9.25, 8.75, 12.25], "texture": "#0"}
			}
		},
		{
			"from": [12, 0, 1.7],
			"to": [15.1, 5, 14],
			"rotation": {"angle": 0, "axis": "y", "origin": [14, 0, 7]},
			"faces": {
				"north": {"uv": [0, 11.75, 0.75, 13], "texture": "#0"},
				"east": {"uv": [7.5, 4.75, 10.5, 6], "texture": "#0"},
				"south": {"uv": [11.75, 0, 12.5, 1.25], "texture": "#0"},
				"west": {"uv": [8, 6, 11, 7.25], "texture": "#0"},
				"up": {"uv": [4.25, 12.5, 3.5, 9.5], "texture": "#0"},
				"down": {"uv": [5, 9.5, 4.25, 12.5], "texture": "#0"}
			}
		},
		{
			"from": [11.1, 26.6, 7.6],
			"to": [13.5, 27.2, 8.1],
			"rotation": {"angle": -7.5, "axis": "z", "origin": [6, 12.6, 7]},
			"faces": {
				"north": {"uv": [13.75, 5.5, 14.25, 5.75], "texture": "#0"},
				"east": {"uv": [12, 14, 12.25, 14.25], "texture": "#0"},
				"south": {"uv": [5.75, 13.75, 6.25, 14], "texture": "#0"},
				"west": {"uv": [12.25, 14, 12.5, 14.25], "texture": "#0"},
				"up": {"uv": [14.25, 6, 13.75, 5.75], "texture": "#0"},
				"down": {"uv": [14.25, 6, 13.75, 6.25], "texture": "#0"}
			}
		},
		{
			"from": [11.3, 22.3, 7.5],
			"to": [13.7, 22.9, 7.8],
			"rotation": {"angle": -7.5, "axis": "z", "origin": [6.2, 14.1, 7]},
			"faces": {
				"north": {"uv": [4.75, 13.75, 5.25, 14], "texture": "#0"},
				"east": {"uv": [11, 14, 11.25, 14.25], "texture": "#0"},
				"south": {"uv": [13.75, 5, 14.25, 5.25], "texture": "#0"},
				"west": {"uv": [11.25, 14, 11.5, 14.25], "texture": "#0"},
				"up": {"uv": [5.75, 14, 5.25, 13.75], "texture": "#0"},
				"down": {"uv": [14.25, 5.25, 13.75, 5.5], "texture": "#0"}
			}
		},
		{
			"from": [10.3, 22.3, 7.5],
			"to": [11.3, 26.9, 7.8],
			"rotation": {"angle": -7.5, "axis": "z", "origin": [6.2, 14.1, 7]},
			"faces": {
				"north": {"uv": [7, 13.5, 7.25, 14.5], "texture": "#0"},
				"east": {"uv": [7.25, 13.5, 7.5, 14.5], "texture": "#0"},
				"south": {"uv": [13.5, 7.75, 13.75, 8.75], "texture": "#0"},
				"west": {"uv": [8, 13.5, 8.25, 14.5], "texture": "#0"},
				"up": {"uv": [10.25, 14.25, 10, 14], "texture": "#0"},
				"down": {"uv": [10.5, 14, 10.25, 14.25], "texture": "#0"}
			}
		},
		{
			"from": [13.7, 22.3, 7.5],
			"to": [14.7, 26.9, 7.8],
			"rotation": {"angle": -7.5, "axis": "z", "origin": [6.2, 14.1, 7]},
			"faces": {
				"north": {"uv": [13.25, 12, 13.5, 13], "texture": "#0"},
				"east": {"uv": [13.5, 0, 13.75, 1], "texture": "#0"},
				"south": {"uv": [13.5, 1.25, 13.75, 2.25], "texture": "#0"},
				"west": {"uv": [2.25, 13.5, 2.5, 14.5], "texture": "#0"},
				"up": {"uv": [14.25, 9.5, 14, 9.25], "texture": "#0"},
				"down": {"uv": [9.75, 14, 9.5, 14.25], "texture": "#0"}
			}
		},
		{
			"from": [11.2, 22.3, 8.1],
			"to": [13.8, 27.8, 9.9],
			"rotation": {"angle": -7.5, "axis": "z", "origin": [6.2, 14.1, 7]},
			"faces": {
				"north": {"uv": [5, 12, 5.75, 13.25], "texture": "#0"},
				"east": {"uv": [12.25, 8, 12.75, 9.25], "texture": "#0"},
				"south": {"uv": [5.75, 12, 6.5, 13.25], "texture": "#0"},
				"west": {"uv": [8.5, 12.25, 9, 13.5], "texture": "#0"},
				"up": {"uv": [13.75, 7.25, 13, 6.75], "texture": "#0"},
				"down": {"uv": [14, 2.25, 13.25, 2.75], "texture": "#0"}
			}
		},
		{
			"from": [10.3, 22.3, 7.8],
			"to": [14.7, 26.9, 10.2],
			"rotation": {"angle": -7.5, "axis": "z", "origin": [6.2, 14.1, 7]},
			"faces": {
				"north": {"uv": [5, 11, 6, 12], "texture": "#0"},
				"east": {"uv": [2, 5, 2.5, 6], "texture": "#0"},
				"south": {"uv": [6, 11, 7, 12], "texture": "#0"},
				"west": {"uv": [4, 6, 4.5, 7], "texture": "#0"},
				"up": {"uv": [13.25, 9.75, 12.25, 9.25], "texture": "#0"},
				"down": {"uv": [13.5, 0, 12.5, 0.5], "texture": "#0"}
			}
		},
		{
			"from": [11.4, 21.7, 8.3],
			"to": [13.2, 22.4, 9.7],
			"rotation": {"angle": -7.5, "axis": "z", "origin": [5.7, 11.7, 7]},
			"faces": {
				"north": {"uv": [0.5, 13, 1, 13.75], "texture": "#0"},
				"east": {"uv": [1, 13, 1.5, 13.75], "texture": "#0"},
				"south": {"uv": [1.5, 13, 2, 13.75], "texture": "#0"},
				"west": {"uv": [3.25, 13, 3.75, 13.75], "texture": "#0"},
				"up": {"uv": [8, 13.75, 7.5, 13.25], "texture": "#0"},
				"down": {"uv": [13.75, 9.25, 13.25, 9.75], "texture": "#0"}
			}
		},
		{
			"from": [4, 7.6, 1.3],
			"to": [7, 10.2, 2],
			"rotation": {"angle": 5, "axis": "x", "origin": [9, 0, 6]},
			"faces": {
				"north": {"uv": [12.5, 12, 13.25, 12.5], "texture": "#0"},
				"east": {"uv": [2, 11.25, 2.25, 11.75], "texture": "#0"},
				"south": {"uv": [12.5, 12.5, 13.25, 13], "texture": "#0"},
				"west": {"uv": [9.25, 13.5, 9.5, 14], "texture": "#0"},
				"up": {"uv": [14.25, 4.5, 13.5, 4.25], "texture": "#0"},
				"down": {"uv": [14.25, 4.5, 13.5, 4.75], "texture": "#0"}
			}
		},
		{
			"from": [4, 4.8, 2],
			"to": [7, 5.5, 3],
			"rotation": {"angle": 0, "axis": "y", "origin": [9, -0.2, 7]},
			"faces": {
				"north": {"uv": [13.5, 11, 14.25, 11.25], "texture": "#0"},
				"east": {"uv": [3.25, 12.75, 3.5, 13], "texture": "#0"},
				"south": {"uv": [13.5, 11.25, 14.25, 11.5], "texture": "#0"},
				"west": {"uv": [12.75, 6.75, 13, 7], "texture": "#0"},
				"up": {"uv": [14.25, 11.75, 13.5, 11.5], "texture": "#0"},
				"down": {"uv": [14.25, 11.75, 13.5, 12], "texture": "#0"}
			}
		},
		{
			"from": [9.3, 5.7, 2.4],
			"to": [11.7, 8.4, 4],
			"rotation": {"angle": 0, "axis": "y", "origin": [9.5, 6, 2]},
			"faces": {
				"north": {"uv": [11.75, 1.25, 12.25, 2], "texture": "#0"},
				"east": {"uv": [4.5, 12.5, 5, 13.25], "texture": "#0"},
				"south": {"uv": [7.5, 12.5, 8, 13.25], "texture": "#0"},
				"west": {"uv": [12.75, 2.25, 13.25, 3], "texture": "#0"},
				"up": {"uv": [4.75, 13.75, 4.25, 13.25], "texture": "#0"},
				"down": {"uv": [5.25, 13.25, 4.75, 13.75], "texture": "#0"}
			}
		},
		{
			"from": [4.3, 5.7, 2.4],
			"to": [6.7, 8.4, 4],
			"rotation": {"angle": 0, "axis": "y", "origin": [6.5, 6, 2]},
			"faces": {
				"north": {"uv": [12.75, 3, 13.25, 3.75], "texture": "#0"},
				"east": {"uv": [12.75, 6, 13.25, 6.75], "texture": "#0"},
				"south": {"uv": [7, 12.75, 7.5, 13.5], "texture": "#0"},
				"west": {"uv": [12.75, 7.25, 13.25, 8], "texture": "#0"},
				"up": {"uv": [5.75, 13.75, 5.25, 13.25], "texture": "#0"},
				"down": {"uv": [6.25, 13.25, 5.75, 13.75], "texture": "#0"}
			}
		},
		{
			"from": [6.3, -0.4, -0.2],
			"to": [7.4, 0, 0.7],
			"rotation": {"angle": -10, "axis": "x", "origin": [11, -3.2, -4.5]},
			"faces": {
				"north": {"uv": [13.75, 9.25, 14, 9.5], "texture": "#0"},
				"east": {"uv": [9.5, 13.75, 9.75, 14], "texture": "#0"},
				"south": {"uv": [13.75, 9.5, 14, 9.75], "texture": "#0"},
				"west": {"uv": [9.75, 13.75, 10, 14], "texture": "#0"},
				"up": {"uv": [10.25, 14, 10, 13.75], "texture": "#0"},
				"down": {"uv": [10.5, 13.75, 10.25, 14], "texture": "#0"}
			}
		},
		{
			"from": [4.3, -0.4, 1.2],
			"to": [5.4, 0, 2.1],
			"rotation": {"angle": -10, "axis": "x", "origin": [9, -3.2, -4.5]},
			"faces": {
				"north": {"uv": [12.5, 13.75, 12.75, 14], "texture": "#0"},
				"east": {"uv": [12.75, 13.75, 13, 14], "texture": "#0"},
				"south": {"uv": [13, 13.75, 13.25, 14], "texture": "#0"},
				"west": {"uv": [13.25, 13.75, 13.5, 14], "texture": "#0"},
				"up": {"uv": [14, 13.5, 13.75, 13.25], "texture": "#0"},
				"down": {"uv": [13.75, 13.75, 13.5, 14], "texture": "#0"}
			}
		},
		{
			"from": [2, 5, 2],
			"to": [4, 12, 14],
			"rotation": {"angle": 0, "axis": "y", "origin": [9, 0, 7]},
			"faces": {
				"north": {"uv": [9.5, 12, 10, 13.75], "texture": "#0"},
				"east": {"uv": [4.5, 3.5, 7.5, 5.25], "texture": "#0"},
				"south": {"uv": [10, 12, 10.5, 13.75], "texture": "#0"},
				"west": {"uv": [4.5, 5.25, 7.5, 7], "texture": "#0"},
				"up": {"uv": [2.75, 13.5, 2.25, 10.5], "texture": "#0"},
				"down": {"uv": [3.25, 10.5, 2.75, 13.5], "texture": "#0"}
			}
		},
		{
			"from": [4, 0, 1.8],
			"to": [12, 1, 4],
			"rotation": {"angle": 0, "axis": "y", "origin": [9, 0, 7]},
			"faces": {
				"north": {"uv": [12.5, 10, 14.5, 10.25], "texture": "#0"},
				"east": {"uv": [13.75, 7.25, 14.25, 7.5], "texture": "#0"},
				"south": {"uv": [12.5, 10.25, 14.5, 10.5], "texture": "#0"},
				"west": {"uv": [7.5, 13.75, 8, 14], "texture": "#0"},
				"up": {"uv": [12.5, 11.5, 10.5, 11], "texture": "#0"},
				"down": {"uv": [2, 11.25, 0, 11.75], "texture": "#0"}
			}
		},
		{
			"from": [4, 1, 3],
			"to": [12, 10, 4],
			"rotation": {"angle": 0, "axis": "y", "origin": [9, 0, 7]},
			"faces": {
				"north": {"uv": [0, 7.5, 2, 9.75], "texture": "#0"},
				"east": {"uv": [3.25, 10.5, 3.5, 12.75], "texture": "#0"},
				"south": {"uv": [7.5, 0, 9.5, 2.25], "texture": "#0"},
				"west": {"uv": [9, 12.25, 9.25, 14.5], "texture": "#0"},
				"up": {"uv": [14.5, 10.75, 12.5, 10.5], "texture": "#0"},
				"down": {"uv": [14.5, 10.75, 12.5, 11], "texture": "#0"}
			}
		},
		{
			"from": [4, 0, 4],
			"to": [12, 10, 14],
			"rotation": {"angle": 0, "axis": "y", "origin": [9, 0, 7]},
			"faces": {
				"north": {"uv": [0, 5, 2, 7.5], "texture": "#0"},
				"east": {"uv": [0, 0, 2.5, 2.5], "texture": "#0"},
				"south": {"uv": [2, 6, 4, 8.5], "texture": "#0"},
				"west": {"uv": [0, 2.5, 2.5, 5], "texture": "#0"},
				"up": {"uv": [6, 9.5, 4, 7], "texture": "#0"},
				"down": {"uv": [8, 7, 6, 9.5], "texture": "#0"}
			}
		},
		{
			"from": [4.1, 12.7, 8],
			"to": [5.9, 15.7, 10],
			"rotation": {"angle": 7.5, "axis": "z", "origin": [11.3, 2.7, 7]},
			"faces": {
				"north": {"uv": [1, 13, 0.5, 13.75], "texture": "#0"},
				"east": {"uv": [3.75, 13, 3.25, 13.75], "texture": "#0"},
				"south": {"uv": [2, 13, 1.5, 13.75], "texture": "#0"},
				"west": {"uv": [1.5, 13, 1, 13.75], "texture": "#0"},
				"up": {"uv": [7.5, 13.75, 8, 13.25], "texture": "#0"},
				"down": {"uv": [13.25, 9.25, 13.75, 9.75], "texture": "#0"}
			}
		},
		{
			"from": [2.3, 13.9, 7.8],
			"to": [6.7, 20.8, 10.2],
			"rotation": {"angle": 7.5, "axis": "z", "origin": [10.8, 5.7, 7]},
			"faces": {
				"north": {"uv": [6, 11, 5, 12], "texture": "#0"},
				"east": {"uv": [4.5, 6, 4, 7], "texture": "#0"},
				"south": {"uv": [7, 11, 6, 12], "texture": "#0"},
				"west": {"uv": [2.5, 5, 2, 6], "texture": "#0"},
				"up": {"uv": [12.25, 9.75, 13.25, 9.25], "texture": "#0"},
				"down": {"uv": [12.5, 0, 13.5, 0.5], "texture": "#0"}
			}
		},
		{
			"from": [3.2, 13.9, 8.1],
			"to": [5.8, 21.7, 9.9],
			"rotation": {"angle": 7.5, "axis": "z", "origin": [10.8, 5.7, 7]},
			"faces": {
				"north": {"uv": [5.75, 12, 5, 13.25], "texture": "#0"},
				"east": {"uv": [9, 12.25, 8.5, 13.5], "texture": "#0"},
				"south": {"uv": [6.5, 12, 5.75, 13.25], "texture": "#0"},
				"west": {"uv": [12.75, 8, 12.25, 9.25], "texture": "#0"},
				"up": {"uv": [13, 7.25, 13.75, 6.75], "texture": "#0"},
				"down": {"uv": [13.25, 2.25, 14, 2.75], "texture": "#0"}
			}
		},
		{
			"from": [2.3, 13.9, 7.5],
			"to": [3.3, 20.8, 7.8],
			"rotation": {"angle": 7.5, "axis": "z", "origin": [10.8, 5.7, 7]},
			"faces": {
				"north": {"uv": [13.5, 12, 13.25, 13], "texture": "#0"},
				"east": {"uv": [2.5, 13.5, 2.25, 14.5], "texture": "#0"},
				"south": {"uv": [13.75, 1.25, 13.5, 2.25], "texture": "#0"},
				"west": {"uv": [13.75, 0, 13.5, 1], "texture": "#0"},
				"up": {"uv": [14, 9.5, 14.25, 9.25], "texture": "#0"},
				"down": {"uv": [9.5, 14, 9.75, 14.25], "texture": "#0"}
			}
		},
		{
			"from": [5.7, 13.9, 7.5],
			"to": [6.7, 20.8, 7.8],
			"rotation": {"angle": 7.5, "axis": "z", "origin": [10.8, 5.7, 7]},
			"faces": {
				"north": {"uv": [7.25, 13.5, 7, 14.5], "texture": "#0"},
				"east": {"uv": [8.25, 13.5, 8, 14.5], "texture": "#0"},
				"south": {"uv": [13.75, 7.75, 13.5, 8.75], "texture": "#0"},
				"west": {"uv": [7.5, 13.5, 7.25, 14.5], "texture": "#0"},
				"up": {"uv": [10, 14.25, 10.25, 14], "texture": "#0"},
				"down": {"uv": [10.25, 14, 10.5, 14.25], "texture": "#0"}
			}
		},
		{
			"from": [3.3, 13.9, 7.5],
			"to": [5.7, 14.7, 7.8],
			"rotation": {"angle": 7.5, "axis": "z", "origin": [10.8, 5.7, 7]},
			"faces": {
				"north": {"uv": [5.25, 13.75, 4.75, 14], "texture": "#0"},
				"east": {"uv": [11.5, 14, 11.25, 14.25], "texture": "#0"},
				"south": {"uv": [14.25, 5, 13.75, 5.25], "texture": "#0"},
				"west": {"uv": [11.25, 14, 11, 14.25], "texture": "#0"},
				"up": {"uv": [5.25, 14, 5.75, 13.75], "texture": "#0"},
				"down": {"uv": [13.75, 5.25, 14.25, 5.5], "texture": "#0"}
			}
		},
		{
			"from": [3.3, 20.3, 7.6],
			"to": [5.7, 21.2, 8.1],
			"rotation": {"angle": 7.5, "axis": "z", "origin": [10.8, 5.7, 7]},
			"faces": {
				"north": {"uv": [14.25, 5.5, 13.75, 5.75], "texture": "#0"},
				"east": {"uv": [12.5, 14, 12.25, 14.25], "texture": "#0"},
				"south": {"uv": [6.25, 13.75, 5.75, 14], "texture": "#0"},
				"west": {"uv": [12.25, 14, 12, 14.25], "texture": "#0"},
				"up": {"uv": [13.75, 6, 14.25, 5.75], "texture": "#0"},
				"down": {"uv": [13.75, 6, 14.25, 6.25], "texture": "#0"}
			}
		},
		{
			"from": [2.8, 21.7, 8.3],
			"to": [4.6, 22.4, 9.7],
			"rotation": {"angle": 7.5, "axis": "z", "origin": [10.3, 11.7, 7]},
			"faces": {
				"north": {"uv": [1, 13, 0.5, 13.75], "texture": "#0"},
				"east": {"uv": [3.75, 13, 3.25, 13.75], "texture": "#0"},
				"south": {"uv": [2, 13, 1.5, 13.75], "texture": "#0"},
				"west": {"uv": [1.5, 13, 1, 13.75], "texture": "#0"},
				"up": {"uv": [7.5, 13.75, 8, 13.25], "texture": "#0"},
				"down": {"uv": [13.25, 9.25, 13.75, 9.75], "texture": "#0"}
			}
		},
		{
			"from": [1.3, 22.3, 7.8],
			"to": [5.7, 26.9, 10.2],
			"rotation": {"angle": 7.5, "axis": "z", "origin": [9.8, 14.1, 7]},
			"faces": {
				"north": {"uv": [6, 11, 5, 12], "texture": "#0"},
				"east": {"uv": [4.5, 6, 4, 7], "texture": "#0"},
				"south": {"uv": [7, 11, 6, 12], "texture": "#0"},
				"west": {"uv": [2.5, 5, 2, 6], "texture": "#0"},
				"up": {"uv": [12.25, 9.75, 13.25, 9.25], "texture": "#0"},
				"down": {"uv": [12.5, 0, 13.5, 0.5], "texture": "#0"}
			}
		},
		{
			"from": [2.2, 22.3, 8.1],
			"to": [4.8, 27.8, 9.9],
			"rotation": {"angle": 7.5, "axis": "z", "origin": [9.8, 14.1, 7]},
			"faces": {
				"north": {"uv": [5.75, 12, 5, 13.25], "texture": "#0"},
				"east": {"uv": [9, 12.25, 8.5, 13.5], "texture": "#0"},
				"south": {"uv": [6.5, 12, 5.75, 13.25], "texture": "#0"},
				"west": {"uv": [12.75, 8, 12.25, 9.25], "texture": "#0"},
				"up": {"uv": [13, 7.25, 13.75, 6.75], "texture": "#0"},
				"down": {"uv": [13.25, 2.25, 14, 2.75], "texture": "#0"}
			}
		},
		{
			"from": [1.3, 22.3, 7.5],
			"to": [2.3, 26.9, 7.8],
			"rotation": {"angle": 7.5, "axis": "z", "origin": [9.8, 14.1, 7]},
			"faces": {
				"north": {"uv": [13.5, 12, 13.25, 13], "texture": "#0"},
				"east": {"uv": [2.5, 13.5, 2.25, 14.5], "texture": "#0"},
				"south": {"uv": [13.75, 1.25, 13.5, 2.25], "texture": "#0"},
				"west": {"uv": [13.75, 0, 13.5, 1], "texture": "#0"},
				"up": {"uv": [14, 9.5, 14.25, 9.25], "texture": "#0"},
				"down": {"uv": [9.5, 14, 9.75, 14.25], "texture": "#0"}
			}
		},
		{
			"from": [4.7, 22.3, 7.5],
			"to": [5.7, 26.9, 7.8],
			"rotation": {"angle": 7.5, "axis": "z", "origin": [9.8, 14.1, 7]},
			"faces": {
				"north": {"uv": [7.25, 13.5, 7, 14.5], "texture": "#0"},
				"east": {"uv": [8.25, 13.5, 8, 14.5], "texture": "#0"},
				"south": {"uv": [13.75, 7.75, 13.5, 8.75], "texture": "#0"},
				"west": {"uv": [7.5, 13.5, 7.25, 14.5], "texture": "#0"},
				"up": {"uv": [10, 14.25, 10.25, 14], "texture": "#0"},
				"down": {"uv": [10.25, 14, 10.5, 14.25], "texture": "#0"}
			}
		},
		{
			"from": [2.3, 22.3, 7.5],
			"to": [4.7, 22.9, 7.8],
			"rotation": {"angle": 7.5, "axis": "z", "origin": [9.8, 14.1, 7]},
			"faces": {
				"north": {"uv": [5.25, 13.75, 4.75, 14], "texture": "#0"},
				"east": {"uv": [11.5, 14, 11.25, 14.25], "texture": "#0"},
				"south": {"uv": [14.25, 5, 13.75, 5.25], "texture": "#0"},
				"west": {"uv": [11.25, 14, 11, 14.25], "texture": "#0"},
				"up": {"uv": [5.25, 14, 5.75, 13.75], "texture": "#0"},
				"down": {"uv": [13.75, 5.25, 14.25, 5.5], "texture": "#0"}
			}
		},
		{
			"from": [2.5, 26.6, 7.6],
			"to": [4.9, 27.2, 8.1],
			"rotation": {"angle": 7.5, "axis": "z", "origin": [10, 12.6, 7]},
			"faces": {
				"north": {"uv": [14.25, 5.5, 13.75, 5.75], "texture": "#0"},
				"east": {"uv": [12.5, 14, 12.25, 14.25], "texture": "#0"},
				"south": {"uv": [6.25, 13.75, 5.75, 14], "texture": "#0"},
				"west": {"uv": [12.25, 14, 12, 14.25], "texture": "#0"},
				"up": {"uv": [13.75, 6, 14.25, 5.75], "texture": "#0"},
				"down": {"uv": [13.75, 6, 14.25, 6.25], "texture": "#0"}
			}
		},
		{
			"from": [4.3, -0.4, -0.2],
			"to": [5.4, 0, 0.7],
			"rotation": {"angle": -10, "axis": "x", "origin": [9, -3.2, -4.5]},
			"faces": {
				"north": {"uv": [14, 8, 13.75, 8.25], "texture": "#0"},
				"east": {"uv": [8.75, 13.75, 8.5, 14], "texture": "#0"},
				"south": {"uv": [14, 8.25, 13.75, 8.5], "texture": "#0"},
				"west": {"uv": [8.5, 13.75, 8.25, 14], "texture": "#0"},
				"up": {"uv": [13.75, 8.75, 14, 8.5], "texture": "#0"},
				"down": {"uv": [8.75, 13.75, 9, 14], "texture": "#0"}
			}
		}
	],
	"display": {
		"thirdperson_righthand": {
			"rotation": [63.25, 0, 0],
			"translation": [-6, 4.5, 2.75]
		},
		"thirdperson_lefthand": {
			"rotation": [67.5, 0, 0],
			"translation": [-7, 4.75, 1.5]
		},
		"ground": {
			"translation": [0, 5.75, 0]
		},
		"gui": {
			"rotation": [180, 1.5, 180]
		},
		"head": {
			"translation": [0, 7, 0],
			"scale": [1.74, 1.74, 1.74]
		},
		"fixed": {
			"translation": [0, 4, -5.75],
			"scale": [2.03, 2.03, 2.03]
		},
		"on_shelf": {
			"rotation": [-180, -2.5, -180]
		}
	}
}
