{
	"format_version": "1.21.11",
	"credit": "Made with Blockbench",
	"texture_size": [32, 32],
	"textures": {
		"0": "garysinspace:item/bronze",
		"particle": "garysinspace:item/bronze"
	},
	"elements": [
		{
			"from": [6, 0.8, 2],
			"to": [10, 2.2, 3],
			"rotation": {"angle": 0, "axis": "y", "origin": [7, 0, 7]},
			"faces": {
				"north": {"uv": [1, 5, 3, 5.5], "texture": "#0"},
				"east": {"uv": [12, 11, 12.5, 11.5], "texture": "#0"},
				"south": {"uv": [1, 5.5, 3, 6], "texture": "#0"},
				"west": {"uv": [12, 11.5, 12.5, 12], "texture": "#0"},
				"up": {"uv": [3, 6.5, 1, 6], "texture": "#0"},
				"down": {"uv": [3, 6.5, 1, 7], "texture": "#0"}
			}
		},
		{
			"from": [6, 1, 3],
			"to": [10, 2, 13],
			"rotation": {"angle": 0, "axis": "y", "origin": [7, 0, 7]},
			"faces": {
				"north": {"uv": [1.5, 9.5, 3.5, 10], "texture": "#0"},
				"east": {"uv": [5, 6, 10, 6.5], "texture": "#0"},
				"south": {"uv": [3.5, 9.5, 5.5, 10], "texture": "#0"},
				"west": {"uv": [5, 6.5, 10, 7], "texture": "#0"},
				"up": {"uv": [2, 5, 0, 0], "texture": "#0"},
				"down": {"uv": [4, 0, 2, 5], "texture": "#0"}
			}
		},
		{
			"from": [6, 0.8, 13],
			"to": [10, 2.2, 14],
			"rotation": {"angle": 0, "axis": "y", "origin": [7, 0, 7]},
			"faces": {
				"north": {"uv": [5.5, 9.5, 7.5, 10], "texture": "#0"},
				"east": {"uv": [12.5, 11.5, 13, 12], "texture": "#0"},
				"south": {"uv": [9.5, 7, 11.5, 7.5], "texture": "#0"},
				"west": {"uv": [12, 12.5, 12.5, 13], "texture": "#0"},
				"up": {"uv": [11.5, 8, 9.5, 7.5], "texture": "#0"},
				"down": {"uv": [11.5, 8, 9.5, 8.5], "texture": "#0"}
			}
		},
		{
			"from": [10, 1, 3],
			"to": [10, 2, 4],
			"rotation": {"angle": 0, "axis": "y", "origin": [11, 0, 7]},
			"faces": {
				"north": {"uv": [0, 0, 0, 0.5], "texture": "#0"},
				"east": {"uv": [12, 12, 12.5, 12.5], "texture": "#0"},
				"south": {"uv": [0, 0, 0, 0.5], "texture": "#0"},
				"west": {"uv": [0, 12.5, 0.5, 13], "texture": "#0"},
				"up": {"uv": [0, 0.5, 0, 0], "texture": "#0"},
				"down": {"uv": [0, 0, 0, 0.5], "texture": "#0"}
			}
		},
		{
			"from": [10, 0.8, 3],
			"to": [12, 2.2, 4],
			"rotation": {"angle": 0, "axis": "y", "origin": [11, 0, 7]},
			"faces": {
				"north": {"uv": [3.5, 11, 4.5, 11.5], "texture": "#0"},
				"east": {"uv": [5.5, 12.5, 6, 13], "texture": "#0"},
				"south": {"uv": [11, 4, 12, 4.5], "texture": "#0"},
				"west": {"uv": [6, 12.5, 6.5, 13], "texture": "#0"},
				"up": {"uv": [12, 5, 11, 4.5], "texture": "#0"},
				"down": {"uv": [6, 11, 5, 11.5], "texture": "#0"}
			}
		},
		{
			"from": [10, 1, 4],
			"to": [12, 2, 12],
			"rotation": {"angle": 0, "axis": "y", "origin": [11, 0, 7]},
			"faces": {
				"north": {"uv": [1.5, 11, 2.5, 11.5], "texture": "#0"},
				"east": {"uv": [1, 8.5, 5, 9], "texture": "#0"},
				"south": {"uv": [2.5, 11, 3.5, 11.5], "texture": "#0"},
				"west": {"uv": [5, 8.5, 9, 9], "texture": "#0"},
				"up": {"uv": [5, 4, 4, 0], "texture": "#0"},
				"down": {"uv": [5, 4, 4, 8], "texture": "#0"}
			}
		},
		{
			"from": [10, 0.8, 12],
			"to": [12, 2.2, 13],
			"rotation": {"angle": 0, "axis": "y", "origin": [11, 0, 7]},
			"faces": {
				"north": {"uv": [11.5, 3.5, 12.5, 4], "texture": "#0"},
				"east": {"uv": [10.5, 12.5, 11, 13], "texture": "#0"},
				"south": {"uv": [5.5, 11.5, 6.5, 12], "texture": "#0"},
				"west": {"uv": [11, 12.5, 11.5, 13], "texture": "#0"},
				"up": {"uv": [7.5, 12, 6.5, 11.5], "texture": "#0"},
				"down": {"uv": [12.5, 7, 11.5, 7.5], "texture": "#0"}
			}
		},
		{
			"from": [12, 1, 4],
			"to": [12, 2, 6],
			"rotation": {"angle": 0, "axis": "y", "origin": [13, 0, 7]},
			"faces": {
				"north": {"uv": [0, 0, 0, 0.5], "texture": "#0"},
				"east": {"uv": [4.5, 10, 5.5, 10.5], "texture": "#0"},
				"south": {"uv": [0, 0, 0, 0.5], "texture": "#0"},
				"west": {"uv": [5.5, 10, 6.5, 10.5], "texture": "#0"},
				"up": {"uv": [0, 1, 0, 0], "texture": "#0"},
				"down": {"uv": [0, 0, 0, 1], "texture": "#0"}
			}
		},
		{
			"from": [12, 0.8, 4],
			"to": [13, 2.2, 6],
			"rotation": {"angle": 0, "axis": "y", "origin": [13, 0, 7]},
			"faces": {
				"north": {"uv": [12.5, 3, 13, 3.5], "texture": "#0"},
				"east": {"uv": [10, 6.5, 11, 7], "texture": "#0"},
				"south": {"uv": [12.5, 3.5, 13, 4], "texture": "#0"},
				"west": {"uv": [10, 9.5, 11, 10], "texture": "#0"},
				"up": {"uv": [10.5, 11, 10, 10], "texture": "#0"},
				"down": {"uv": [5, 10.5, 4.5, 11.5], "texture": "#0"}
			}
		},
		{
			"from": [12, 1, 6],
			"to": [13, 2, 10],
			"rotation": {"angle": 0, "axis": "y", "origin": [13, 0, 7]},
			"faces": {
				"north": {"uv": [2.5, 12.5, 3, 13], "texture": "#0"},
				"east": {"uv": [9, 5, 11, 5.5], "texture": "#0"},
				"south": {"uv": [3, 12.5, 3.5, 13], "texture": "#0"},
				"west": {"uv": [9, 5.5, 11, 6], "texture": "#0"},
				"up": {"uv": [1, 11.5, 0.5, 9.5], "texture": "#0"},
				"down": {"uv": [1.5, 9.5, 1, 11.5], "texture": "#0"}
			}
		},
		{
			"from": [12, 1, 10],
			"to": [12, 2, 12],
			"rotation": {"angle": 0, "axis": "y", "origin": [13, 0, 7]},
			"faces": {
				"north": {"uv": [0, 0, 0, 0.5], "texture": "#0"},
				"east": {"uv": [11.5, 0, 12.5, 0.5], "texture": "#0"},
				"south": {"uv": [0, 0, 0, 0.5], "texture": "#0"},
				"west": {"uv": [11.5, 0.5, 12.5, 1], "texture": "#0"},
				"up": {"uv": [0, 1, 0, 0], "texture": "#0"},
				"down": {"uv": [0, 0, 0, 1], "texture": "#0"}
			}
		},
		{
			"from": [12, 0.8, 10],
			"to": [13, 2.2, 12],
			"rotation": {"angle": 0, "axis": "y", "origin": [13, 0, 7]},
			"faces": {
				"north": {"uv": [12.5, 8.5, 13, 9], "texture": "#0"},
				"east": {"uv": [11.5, 1.5, 12.5, 2], "texture": "#0"},
				"south": {"uv": [12.5, 9, 13, 9.5], "texture": "#0"},
				"west": {"uv": [2, 11.5, 3, 12], "texture": "#0"},
				"up": {"uv": [12, 3, 11.5, 2], "texture": "#0"},
				"down": {"uv": [3.5, 11.5, 3, 12.5], "texture": "#0"}
			}
		},
		{
			"from": [13, 0.8, 6],
			"to": [14, 2.2, 10],
			"rotation": {"angle": 0, "axis": "y", "origin": [14, 0, 7]},
			"faces": {
				"north": {"uv": [12.5, 0.5, 13, 1], "texture": "#0"},
				"east": {"uv": [1, 7, 3, 7.5], "texture": "#0"},
				"south": {"uv": [12.5, 1, 13, 1.5], "texture": "#0"},
				"west": {"uv": [1, 7.5, 3, 8], "texture": "#0"},
				"up": {"uv": [3.5, 7, 3, 5], "texture": "#0"},
				"down": {"uv": [4, 5, 3.5, 7], "texture": "#0"}
			}
		},
		{
			"from": [6, 1, 3],
			"to": [6, 2, 4],
			"rotation": {"angle": 0, "axis": "y", "origin": [5, 0, 7]},
			"faces": {
				"north": {"uv": [0, 0, 0, 0.5], "texture": "#0"},
				"east": {"uv": [12.5, 0, 13, 0.5], "texture": "#0"},
				"south": {"uv": [0, 0, 0, 0.5], "texture": "#0"},
				"west": {"uv": [0.5, 12.5, 1, 13], "texture": "#0"},
				"up": {"uv": [0, 0.5, 0, 0], "texture": "#0"},
				"down": {"uv": [0, 0, 0, 0.5], "texture": "#0"}
			}
		},
		{
			"from": [4, 1, 4],
			"to": [4, 2, 6],
			"rotation": {"angle": 0, "axis": "y", "origin": [3, 0, 7]},
			"faces": {
				"north": {"uv": [0, 0, 0, 0.5], "texture": "#0"},
				"east": {"uv": [10, 6, 11, 6.5], "texture": "#0"},
				"south": {"uv": [0, 0, 0, 0.5], "texture": "#0"},
				"west": {"uv": [6.5, 10, 7.5, 10.5], "texture": "#0"},
				"up": {"uv": [0, 1, 0, 0], "texture": "#0"},
				"down": {"uv": [0, 0, 0, 1], "texture": "#0"}
			}
		},
		{
			"from": [2, 0.8, 6],
			"to": [3, 2.2, 10],
			"rotation": {"angle": 0, "axis": "y", "origin": [2, 0, 7]},
			"faces": {
				"north": {"uv": [12.5, 1.5, 13, 2], "texture": "#0"},
				"east": {"uv": [9, 4, 11, 4.5], "texture": "#0"},
				"south": {"uv": [2, 12.5, 2.5, 13], "texture": "#0"},
				"west": {"uv": [9, 4.5, 11, 5], "texture": "#0"},
				"up": {"uv": [9, 11, 8.5, 9], "texture": "#0"},
				"down": {"uv": [0.5, 9.5, 0, 11.5], "texture": "#0"}
			}
		},
		{
			"from": [3, 0.8, 4],
			"to": [4, 2.2, 6],
			"rotation": {"angle": 0, "axis": "y", "origin": [3, 0, 7]},
			"faces": {
				"north": {"uv": [4.5, 12.5, 5, 13], "texture": "#0"},
				"east": {"uv": [5, 10.5, 6, 11], "texture": "#0"},
				"south": {"uv": [5, 12.5, 5.5, 13], "texture": "#0"},
				"west": {"uv": [6, 10.5, 7, 11], "texture": "#0"},
				"up": {"uv": [7.5, 11.5, 7, 10.5], "texture": "#0"},
				"down": {"uv": [11, 10, 10.5, 11], "texture": "#0"}
			}
		},
		{
			"from": [3, 1, 6],
			"to": [4, 2, 6],
			"rotation": {"angle": 0, "axis": "y", "origin": [3, 0, 7]},
			"faces": {
				"north": {"uv": [12.5, 7, 13, 7.5], "texture": "#0"},
				"east": {"uv": [0, 0, 0, 0.5], "texture": "#0"},
				"south": {"uv": [7.5, 12.5, 8, 13], "texture": "#0"},
				"west": {"uv": [0, 0, 0, 0.5], "texture": "#0"},
				"up": {"uv": [0.5, 0, 0, 0], "texture": "#0"},
				"down": {"uv": [0.5, 0, 0, 0], "texture": "#0"}
			}
		},
		{
			"from": [4, 1, 4],
			"to": [4, 2, 6],
			"rotation": {"angle": 0, "axis": "y", "origin": [3, 0, 7]},
			"faces": {
				"north": {"uv": [0, 0, 0, 0.5], "texture": "#0"},
				"east": {"uv": [11, 10, 12, 10.5], "texture": "#0"},
				"south": {"uv": [0, 0, 0, 0.5], "texture": "#0"},
				"west": {"uv": [11, 10.5, 12, 11], "texture": "#0"},
				"up": {"uv": [0, 1, 0, 0], "texture": "#0"},
				"down": {"uv": [0, 0, 0, 1], "texture": "#0"}
			}
		},
		{
			"from": [4, 0.8, 3],
			"to": [6, 2.2, 4],
			"rotation": {"angle": 0, "axis": "y", "origin": [5, 0, 7]},
			"faces": {
				"north": {"uv": [11, 5, 12, 5.5], "texture": "#0"},
				"east": {"uv": [12.5, 6, 13, 6.5], "texture": "#0"},
				"south": {"uv": [11, 5.5, 12, 6], "texture": "#0"},
				"west": {"uv": [12.5, 6.5, 13, 7], "texture": "#0"},
				"up": {"uv": [7, 11.5, 6, 11], "texture": "#0"},
				"down": {"uv": [12, 6, 11, 6.5], "texture": "#0"}
			}
		},
		{
			"from": [4, 1, 4],
			"to": [6, 2, 4],
			"rotation": {"angle": 0, "axis": "y", "origin": [5, 0, 7]},
			"faces": {
				"north": {"uv": [11, 6.5, 12, 7], "texture": "#0"},
				"east": {"uv": [0, 0, 0, 0.5], "texture": "#0"},
				"south": {"uv": [8.5, 11, 9.5, 11.5], "texture": "#0"},
				"west": {"uv": [0, 0, 0, 0.5], "texture": "#0"},
				"up": {"uv": [1, 0, 0, 0], "texture": "#0"},
				"down": {"uv": [1, 0, 0, 0], "texture": "#0"}
			}
		},
		{
			"from": [10, 1, 4],
			"to": [12, 2, 4],
			"rotation": {"angle": 0, "axis": "y", "origin": [11, 0, 7]},
			"faces": {
				"north": {"uv": [11, 9.5, 12, 10], "texture": "#0"},
				"east": {"uv": [0, 0, 0, 0.5], "texture": "#0"},
				"south": {"uv": [10, 11, 11, 11.5], "texture": "#0"},
				"west": {"uv": [0, 0, 0, 0.5], "texture": "#0"},
				"up": {"uv": [1, 0, 0, 0], "texture": "#0"},
				"down": {"uv": [1, 0, 0, 0], "texture": "#0"}
			}
		},
		{
			"from": [12, 1, 4],
			"to": [12, 2, 6],
			"rotation": {"angle": 0, "axis": "y", "origin": [13, 0, 7]},
			"faces": {
				"north": {"uv": [0, 0, 0, 0.5], "texture": "#0"},
				"east": {"uv": [11, 11, 12, 11.5], "texture": "#0"},
				"south": {"uv": [0, 0, 0, 0.5], "texture": "#0"},
				"west": {"uv": [0, 11.5, 1, 12], "texture": "#0"},
				"up": {"uv": [0, 1, 0, 0], "texture": "#0"},
				"down": {"uv": [0, 0, 0, 1], "texture": "#0"}
			}
		},
		{
			"from": [12, 1, 6],
			"to": [13, 2, 6],
			"rotation": {"angle": 0, "axis": "y", "origin": [13, 0, 7]},
			"faces": {
				"north": {"uv": [12.5, 7.5, 13, 8], "texture": "#0"},
				"east": {"uv": [0, 0, 0, 0.5], "texture": "#0"},
				"south": {"uv": [12.5, 8, 13, 8.5], "texture": "#0"},
				"west": {"uv": [0, 0, 0, 0.5], "texture": "#0"},
				"up": {"uv": [0.5, 0, 0, 0], "texture": "#0"},
				"down": {"uv": [0.5, 0, 0, 0], "texture": "#0"}
			}
		},
		{
			"from": [4, 1, 10],
			"to": [4, 2, 12],
			"rotation": {"angle": 0, "axis": "y", "origin": [3, 0, 7]},
			"faces": {
				"north": {"uv": [0, 0, 0, 0.5], "texture": "#0"},
				"east": {"uv": [1, 11.5, 2, 12], "texture": "#0"},
				"south": {"uv": [0, 0, 0, 0.5], "texture": "#0"},
				"west": {"uv": [11.5, 1, 12.5, 1.5], "texture": "#0"},
				"up": {"uv": [0, 1, 0, 0], "texture": "#0"},
				"down": {"uv": [0, 0, 0, 1], "texture": "#0"}
			}
		},
		{
			"from": [3, 0.8, 10],
			"to": [4, 2.2, 12],
			"rotation": {"angle": 0, "axis": "y", "origin": [3, 0, 7]},
			"faces": {
				"north": {"uv": [12.5, 9.5, 13, 10], "texture": "#0"},
				"east": {"uv": [11.5, 3, 12.5, 3.5], "texture": "#0"},
				"south": {"uv": [12.5, 10, 13, 10.5], "texture": "#0"},
				"west": {"uv": [3.5, 11.5, 4.5, 12], "texture": "#0"},
				"up": {"uv": [5, 12.5, 4.5, 11.5], "texture": "#0"},
				"down": {"uv": [5.5, 11.5, 5, 12.5], "texture": "#0"}
			}
		},
		{
			"from": [4, 0.8, 12],
			"to": [6, 2.2, 13],
			"rotation": {"angle": 0, "axis": "y", "origin": [5, 0, 7]},
			"faces": {
				"north": {"uv": [11.5, 7.5, 12.5, 8], "texture": "#0"},
				"east": {"uv": [12.5, 11, 13, 11.5], "texture": "#0"},
				"south": {"uv": [11.5, 8, 12.5, 8.5], "texture": "#0"},
				"west": {"uv": [11.5, 12.5, 12, 13], "texture": "#0"},
				"up": {"uv": [9.5, 12, 8.5, 11.5], "texture": "#0"},
				"down": {"uv": [12.5, 8.5, 11.5, 9], "texture": "#0"}
			}
		},
		{
			"from": [4, 1, 4],
			"to": [6, 2, 12],
			"rotation": {"angle": 0, "axis": "y", "origin": [5, 0, 7]},
			"faces": {
				"north": {"uv": [11.5, 9, 12.5, 9.5], "texture": "#0"},
				"east": {"uv": [0, 9, 4, 9.5], "texture": "#0"},
				"south": {"uv": [9.5, 11.5, 10.5, 12], "texture": "#0"},
				"west": {"uv": [4, 9, 8, 9.5], "texture": "#0"},
				"up": {"uv": [1, 9, 0, 5], "texture": "#0"},
				"down": {"uv": [6, 0, 5, 4], "texture": "#0"}
			}
		},
		{
			"from": [3, 1, 6],
			"to": [4, 2, 10],
			"rotation": {"angle": 0, "axis": "y", "origin": [3, 0, 7]},
			"faces": {
				"north": {"uv": [12.5, 12, 13, 12.5], "texture": "#0"},
				"east": {"uv": [9.5, 8.5, 11.5, 9], "texture": "#0"},
				"south": {"uv": [12.5, 12.5, 13, 13], "texture": "#0"},
				"west": {"uv": [9.5, 9, 11.5, 9.5], "texture": "#0"},
				"up": {"uv": [8, 11.5, 7.5, 9.5], "texture": "#0"},
				"down": {"uv": [10, 9.5, 9.5, 11.5], "texture": "#0"}
			}
		},
		{
			"from": [10, 0.55, 5],
			"to": [11, 2.45, 13],
			"rotation": {"angle": -37.5, "axis": "y", "origin": [11, 0, 5]},
			"faces": {
				"north": {"uv": [7.5, 11.5, 8, 12.5], "texture": "#0"},
				"east": {"uv": [5, 4, 9, 5], "texture": "#0"},
				"south": {"uv": [10.5, 11.5, 11, 12.5], "texture": "#0"},
				"west": {"uv": [5, 5, 9, 6], "texture": "#0"},
				"up": {"uv": [9.5, 11, 9, 7], "texture": "#0"},
				"down": {"uv": [8.5, 9, 8, 13], "texture": "#0"}
			}
		},
		{
			"from": [6, 0.8, 10],
			"to": [7, 2.2, 12],
			"rotation": {"x": 0, "y": 52.5, "z": 0, "origin": [7, 0, 10]},
			"faces": {
				"north": {"uv": [0, 13, 0.5, 13.5], "texture": "#0"},
				"east": {"uv": [11, 11.5, 12, 12], "texture": "#0"},
				"south": {"uv": [13, 0, 13.5, 0.5], "texture": "#0"},
				"west": {"uv": [0, 12, 1, 12.5], "texture": "#0"},
				"up": {"uv": [1.5, 13, 1, 12], "texture": "#0"},
				"down": {"uv": [2, 12, 1.5, 13], "texture": "#0"}
			}
		},
		{
			"from": [3.8, 0.8, 8.4],
			"to": [4.8, 2.2, 10.4],
			"rotation": {"x": 0, "y": 52.5, "z": 0, "origin": [4.8, 0, 8.4]},
			"faces": {
				"north": {"uv": [0.5, 13, 1, 13.5], "texture": "#0"},
				"east": {"uv": [2, 12, 3, 12.5], "texture": "#0"},
				"south": {"uv": [13, 0.5, 13.5, 1], "texture": "#0"},
				"west": {"uv": [12, 2, 13, 2.5], "texture": "#0"},
				"up": {"uv": [4, 13, 3.5, 12], "texture": "#0"},
				"down": {"uv": [4.5, 12, 4, 13], "texture": "#0"}
			}
		},
		{
			"from": [7.93568, 0.825, 10.78983],
			"to": [9.43568, 2.175, 11.48983],
			"rotation": {"angle": 15, "axis": "y", "origin": [9.93568, 0, 11.58983]},
			"faces": {
				"north": {"uv": [12, 2.5, 13, 3], "texture": "#0"},
				"east": {"uv": [1, 13, 1.5, 13.5], "texture": "#0"},
				"south": {"uv": [12, 4, 13, 4.5], "texture": "#0"},
				"west": {"uv": [13, 1, 13.5, 1.5], "texture": "#0"},
				"up": {"uv": [13, 5, 12, 4.5], "texture": "#0"},
				"down": {"uv": [13, 5, 12, 5.5], "texture": "#0"}
			}
		},
		{
			"from": [9.40883, 0.85, 10.42052],
			"to": [10.50883, 2.15, 10.92052],
			"rotation": {"angle": 20, "axis": "y", "origin": [11.40883, 0, 11.22052]},
			"faces": {
				"north": {"uv": [1.5, 13, 2, 13.5], "texture": "#0"},
				"east": {"uv": [13, 1.5, 13.5, 2], "texture": "#0"},
				"south": {"uv": [2, 13, 2.5, 13.5], "texture": "#0"},
				"west": {"uv": [13, 2, 13.5, 2.5], "texture": "#0"},
				"up": {"uv": [3, 13.5, 2.5, 13], "texture": "#0"},
				"down": {"uv": [13.5, 2.5, 13, 3], "texture": "#0"}
			}
		},
		{
			"from": [5.00324, 0.825, 5.16036],
			"to": [5.70324, 2.175, 6.66036],
			"rotation": {"x": 180, "y": -2.5, "z": 180, "origin": [4.90324, 0, 7.16036]},
			"faces": {
				"north": {"uv": [4.5, 13, 5, 13.5], "texture": "#0"},
				"east": {"uv": [5.5, 12, 6.5, 12.5], "texture": "#0"},
				"south": {"uv": [13, 4.5, 13.5, 5], "texture": "#0"},
				"west": {"uv": [12, 5.5, 13, 6], "texture": "#0"},
				"up": {"uv": [12.5, 7, 12, 6], "texture": "#0"},
				"down": {"uv": [7, 12, 6.5, 13], "texture": "#0"}
			}
		},
		{
			"from": [7.50324, 0.5, 7.46036],
			"to": [7.70324, 2.5, 9.06036],
			"rotation": {"x": 180, "y": -10, "z": 180, "origin": [6.90324, 0, 9.16036]},
			"faces": {
				"north": {"uv": [7, 12, 7.5, 13], "texture": "#0"},
				"east": {"uv": [3, 7, 4, 8], "texture": "#0"},
				"south": {"uv": [8.5, 12, 9, 13], "texture": "#0"},
				"west": {"uv": [1.5, 10, 2.5, 11], "texture": "#0"},
				"up": {"uv": [9.5, 13, 9, 12], "texture": "#0"},
				"down": {"uv": [10, 12, 9.5, 13], "texture": "#0"}
			}
		},
		{
			"from": [6.70324, 0.45, 8.16036],
			"to": [8.40324, 2.55, 8.36036],
			"rotation": {"x": 180, "y": -10, "z": 180, "origin": [6.90324, 0, 9.16036]},
			"faces": {
				"north": {"uv": [2.5, 10, 3.5, 11], "texture": "#0"},
				"east": {"uv": [12, 9.5, 12.5, 10.5], "texture": "#0"},
				"south": {"uv": [3.5, 10, 4.5, 11], "texture": "#0"},
				"west": {"uv": [10, 12, 10.5, 13], "texture": "#0"},
				"up": {"uv": [13, 11, 12, 10.5], "texture": "#0"},
				"down": {"uv": [12, 12, 11, 12.5], "texture": "#0"}
			}
		},
		{
			"from": [5.31229, 0.825, 3.73158],
			"to": [5.81229, 2.15, 4.83158],
			"rotation": {"x": 180, "y": 2.5, "z": 180, "origin": [5.01229, 0, 5.73158]},
			"faces": {
				"north": {"uv": [3, 13, 3.5, 13.5], "texture": "#0"},
				"east": {"uv": [13, 3, 13.5, 3.5], "texture": "#0"},
				"south": {"uv": [3.5, 13, 4, 13.5], "texture": "#0"},
				"west": {"uv": [13, 3.5, 13.5, 4], "texture": "#0"},
				"up": {"uv": [4.5, 13.5, 4, 13], "texture": "#0"},
				"down": {"uv": [13.5, 4, 13, 4.5], "texture": "#0"}
			}
		}
	],
	"display": {
		"thirdperson_righthand": {
			"rotation": [-17.13, 0.16, -77.06],
			"translation": [0.5, 1, 0],
			"scale": [0.19, 0.19, 0.19]
		},
		"thirdperson_lefthand": {
			"rotation": [-17.13, 0.16, -77.06],
			"translation": [0.5, 1, 0],
			"scale": [0.19, 0.19, 0.19]
		},
		"firstperson_righthand": {
			"rotation": [-121.58, -14.64, 154.34],
			"translation": [2.5, 0.25, 0],
			"scale": [0.4, 0.4, 0.4]
		},
		"firstperson_lefthand": {
			"rotation": [-121.58, -14.64, 154.34],
			"translation": [2.5, 0.25, 0],
			"scale": [0.4, 0.4, 0.4]
		},
		"ground": {
			"rotation": [-87.87, 37.52, -2.72],
			"translation": [0, 1.25, 0],
			"scale": [0.29, 0.29, 0.29]
		},
		"gui": {
			"rotation": [-83.25, 0, 0],
			"translation": [0, 0.75, 0]
		},
		"head": {
			"translation": [0, -3.25, -7.25],
			"scale": [0.25, 0.25, 0.25]
		},
		"fixed": {
			"rotation": [-91.75, 0, 0],
			"translation": [0, 0, -6]
		},
		"on_shelf": {
			"rotation": [-91.25, 0, 0],
			"translation": [0, 0, -9.5]
		}
	}
}
