{
	"format_version": "1.21.6",
	"credit": "Made with Blockbench",
	"texture_size": [64, 64],
	"textures": {
		"0": "garysinspace:item/chica",
		"particle": "garysinspace:item/chica"
	},
	"elements": [
		{
			"from": [12, 6.4, 2],
			"to": [14, 12, 14],
			"rotation": {"angle": 0, "axis": "y", "origin": [7, 0, 7]},
			"faces": {
				"north": {"uv": [6.25, 11.25, 6.75, 12.75], "texture": "#0"},
				"east": {"uv": [8, 0, 11, 1.5], "texture": "#0"},
				"south": {"uv": [6.75, 11.25, 7.25, 12.75], "texture": "#0"},
				"west": {"uv": [8, 1.5, 11, 3], "texture": "#0"},
				"up": {"uv": [4, 12.5, 3.5, 9.5], "texture": "#0"},
				"down": {"uv": [4.5, 9.5, 4, 12.5], "texture": "#0"}
			}
		},
		{
			"from": [3.1, 9.3, 2],
			"to": [12.9, 13.1, 14],
			"rotation": {"angle": 0, "axis": "y", "origin": [7, 0, 7]},
			"faces": {
				"north": {"uv": [9.75, 6, 12.25, 6.75], "texture": "#0"},
				"east": {"uv": [9.75, 4.5, 12.75, 5.25], "texture": "#0"},
				"south": {"uv": [9.75, 6.75, 12.25, 7.5], "texture": "#0"},
				"west": {"uv": [9.75, 5.25, 12.75, 6], "texture": "#0"},
				"up": {"uv": [2.5, 3, 0, 0], "texture": "#0"},
				"down": {"uv": [5, 0, 2.5, 3], "texture": "#0"}
			}
		},
		{
			"from": [11.28843, 8.63502, 7],
			"to": [13.08843, 9.43502, 9],
			"rotation": {"angle": 35, "axis": "z", "origin": [0.38843, 10.53502, 7]},
			"faces": {
				"north": {"uv": [13.5, 5.75, 14, 6], "texture": "#0"},
				"east": {"uv": [7.25, 13.5, 7.75, 13.75], "texture": "#0"},
				"south": {"uv": [7.75, 13.5, 8.25, 13.75], "texture": "#0"},
				"west": {"uv": [13.5, 8, 14, 8.25], "texture": "#0"},
				"up": {"uv": [13.75, 7.5, 13.25, 7], "texture": "#0"},
				"down": {"uv": [13.75, 7.5, 13.25, 8], "texture": "#0"}
			}
		},
		{
			"from": [3.1, 13, 7],
			"to": [3.9, 18.1, 9],
			"rotation": {"angle": -27.5, "axis": "z", "origin": [2, 3, 7]},
			"faces": {
				"north": {"uv": [3, 13, 3.25, 14.25], "texture": "#0"},
				"east": {"uv": [0.5, 12, 1, 13.25], "texture": "#0"},
				"south": {"uv": [3.25, 13, 3.5, 14.25], "texture": "#0"},
				"west": {"uv": [1, 12, 1.5, 13.25], "texture": "#0"},
				"up": {"uv": [8.5, 14, 8.25, 13.5], "texture": "#0"},
				"down": {"uv": [8.75, 13.5, 8.5, 14], "texture": "#0"}
			}
		},
		{
			"from": [14.6, 13, 7],
			"to": [15.4, 17.1, 9],
			"rotation": {"angle": 40, "axis": "z", "origin": [13.5, 3, 7]},
			"faces": {
				"north": {"uv": [1.5, 13.5, 1.75, 14.5], "texture": "#0"},
				"east": {"uv": [11.5, 12.5, 12, 13.5], "texture": "#0"},
				"south": {"uv": [1.75, 13.5, 2, 14.5], "texture": "#0"},
				"west": {"uv": [12, 12.5, 12.5, 13.5], "texture": "#0"},
				"up": {"uv": [10, 14, 9.75, 13.5], "texture": "#0"},
				"down": {"uv": [13.75, 9.75, 13.5, 10.25], "texture": "#0"}
			}
		},
		{
			"from": [6.8, 13.7, 11.4],
			"to": [7.9, 17.8, 12.2],
			"rotation": {"angle": -28, "axis": "x", "origin": [5.9, 3.7, 13.3]},
			"faces": {
				"north": {"uv": [6.5, 13.25, 6.75, 14.25], "texture": "#0"},
				"east": {"uv": [10.5, 13.25, 10.75, 14.25], "texture": "#0"},
				"south": {"uv": [10.75, 13.25, 11, 14.25], "texture": "#0"},
				"west": {"uv": [13.25, 12, 13.5, 13], "texture": "#0"},
				"up": {"uv": [14, 2, 13.75, 1.75], "texture": "#0"},
				"down": {"uv": [2.25, 13.75, 2, 14], "texture": "#0"}
			}
		},
		{
			"from": [7.9, 13.7, 11.4],
			"to": [9, 18.8, 12.2],
			"rotation": {"angle": -28, "axis": "x", "origin": [7, 3.7, 13.3]},
			"faces": {
				"north": {"uv": [3.5, 13, 3.75, 14.25], "texture": "#0"},
				"east": {"uv": [3.75, 13, 4, 14.25], "texture": "#0"},
				"south": {"uv": [4, 13, 4.25, 14.25], "texture": "#0"},
				"west": {"uv": [4.25, 13, 4.5, 14.25], "texture": "#0"},
				"up": {"uv": [14, 2.5, 13.75, 2.25], "texture": "#0"},
				"down": {"uv": [2.75, 13.75, 2.5, 14], "texture": "#0"}
			}
		},
		{
			"from": [7.9, 10.40859, 2.67795],
			"to": [9, 11.20859, 4.37795],
			"rotation": {"angle": 31, "axis": "x", "origin": [7, 12.30859, 14.37795]},
			"faces": {
				"north": {"uv": [13.75, 2, 14, 2.25], "texture": "#0"},
				"east": {"uv": [13.5, 8.25, 14, 8.5], "texture": "#0"},
				"south": {"uv": [2.25, 13.75, 2.5, 14], "texture": "#0"},
				"west": {"uv": [8.75, 13.5, 9.25, 13.75], "texture": "#0"},
				"up": {"uv": [9.5, 14, 9.25, 13.5], "texture": "#0"},
				"down": {"uv": [9.75, 13.5, 9.5, 14], "texture": "#0"}
			}
		},
		{
			"from": [7, 5, 2],
			"to": [9, 10, 3],
			"rotation": {"angle": 0, "axis": "y", "origin": [7, 0, 7]},
			"faces": {
				"north": {"uv": [9.75, 11.5, 10.25, 12.75], "texture": "#0"},
				"east": {"uv": [8.75, 4.5, 9, 5.75], "texture": "#0"},
				"south": {"uv": [0, 12, 0.5, 13.25], "texture": "#0"},
				"west": {"uv": [10, 12.75, 10.25, 14], "texture": "#0"},
				"up": {"uv": [14, 5, 13.5, 4.75], "texture": "#0"},
				"down": {"uv": [14, 5, 13.5, 5.25], "texture": "#0"}
			}
		},
		{
			"from": [9, 4, 1.9],
			"to": [12, 5.5, 3],
			"rotation": {"angle": 0, "axis": "y", "origin": [7, -0.2, 7]},
			"faces": {
				"north": {"uv": [12.5, 10.5, 13.25, 11], "texture": "#0"},
				"east": {"uv": [9.5, 12, 9.75, 12.5], "texture": "#0"},
				"south": {"uv": [12.5, 12, 13.25, 12.5], "texture": "#0"},
				"west": {"uv": [2.75, 13.5, 3, 14], "texture": "#0"},
				"up": {"uv": [13.5, 3.75, 12.75, 3.5], "texture": "#0"},
				"down": {"uv": [13.5, 10.25, 12.75, 10.5], "texture": "#0"}
			}
		},
		{
			"from": [6.1, 2.5, -0.4],
			"to": [8.6, 4.4, 6.3],
			"rotation": {"angle": 32.5, "axis": "y", "origin": [3.4, 4.5, -3.3]},
			"faces": {
				"north": {"uv": [12.75, 9.75, 13.5, 10.25], "texture": "#0"},
				"east": {"uv": [11.25, 9, 12.75, 9.5], "texture": "#0"},
				"south": {"uv": [12.75, 11, 13.5, 11.5], "texture": "#0"},
				"west": {"uv": [11.25, 9.5, 12.75, 10], "texture": "#0"},
				"up": {"uv": [8.75, 6, 8, 4.5], "texture": "#0"},
				"down": {"uv": [11.25, 7.5, 10.5, 9], "texture": "#0"}
			}
		},
		{
			"from": [4, -1.4, 0.4],
			"to": [12, 0.2, 2.5],
			"rotation": {"angle": -10, "axis": "x", "origin": [7, -2.6, -4.7]},
			"faces": {
				"north": {"uv": [10.5, 10.5, 12.5, 11], "texture": "#0"},
				"east": {"uv": [4.5, 13, 5, 13.5], "texture": "#0"},
				"south": {"uv": [5, 10.75, 7, 11.25], "texture": "#0"},
				"west": {"uv": [5, 13, 5.5, 13.5], "texture": "#0"},
				"up": {"uv": [9, 11.25, 7, 10.75], "texture": "#0"},
				"down": {"uv": [13, 0, 11, 0.5], "texture": "#0"}
			}
		},
		{
			"from": [6.4, -1.4, -2.5],
			"to": [9.6, 0.2, 2.5],
			"rotation": {"angle": -10, "axis": "x", "origin": [7, -2.6, -4.7]},
			"faces": {
				"north": {"uv": [13, 0.5, 13.75, 1], "texture": "#0"},
				"east": {"uv": [11.75, 8.25, 13, 8.75], "texture": "#0"},
				"south": {"uv": [13, 1, 13.75, 1.5], "texture": "#0"},
				"west": {"uv": [5, 12, 6.25, 12.5], "texture": "#0"},
				"up": {"uv": [11.75, 3.75, 11, 2.5], "texture": "#0"},
				"down": {"uv": [11.25, 11, 10.5, 12.25], "texture": "#0"}
			}
		},
		{
			"from": [5.3, -1.4, -1.7],
			"to": [10.7, 0.2, 1.7],
			"rotation": {"angle": -10, "axis": "x", "origin": [7, -2.6, -4.7]},
			"faces": {
				"north": {"uv": [11.25, 12, 12.5, 12.5], "texture": "#0"},
				"east": {"uv": [1.5, 13, 2.25, 13.5], "texture": "#0"},
				"south": {"uv": [12.25, 3.75, 13.5, 4.25], "texture": "#0"},
				"west": {"uv": [13, 1.5, 13.75, 2], "texture": "#0"},
				"up": {"uv": [12.25, 4.5, 11, 3.75], "texture": "#0"},
				"down": {"uv": [6.25, 11.25, 5, 12], "texture": "#0"}
			}
		},
		{
			"from": [0.9, 0, 1.9],
			"to": [4, 7.5, 14],
			"rotation": {"angle": 0, "axis": "y", "origin": [2, 0, 7]},
			"faces": {
				"north": {"uv": [9.75, 7.5, 10.5, 9.5], "texture": "#0"},
				"east": {"uv": [5, 0, 8, 2], "texture": "#0"},
				"south": {"uv": [9.75, 9.5, 10.5, 11.5], "texture": "#0"},
				"west": {"uv": [5, 2, 8, 4], "texture": "#0"},
				"up": {"uv": [9.75, 7.5, 9, 4.5], "texture": "#0"},
				"down": {"uv": [9.75, 7.5, 9, 10.5], "texture": "#0"}
			}
		},
		{
			"from": [12, 0, 1.9],
			"to": [15.1, 7.5, 14],
			"rotation": {"angle": 0, "axis": "y", "origin": [14, 0, 7]},
			"faces": {
				"north": {"uv": [0, 10, 0.75, 12], "texture": "#0"},
				"east": {"uv": [5, 4, 8, 6], "texture": "#0"},
				"south": {"uv": [0.75, 10, 1.5, 12], "texture": "#0"},
				"west": {"uv": [0, 5.5, 3, 7.5], "texture": "#0"},
				"up": {"uv": [2.75, 12.5, 2, 9.5], "texture": "#0"},
				"down": {"uv": [3.5, 9.5, 2.75, 12.5], "texture": "#0"}
			}
		},
		{
			"from": [4, 4, 1.9],
			"to": [7, 5.5, 3],
			"rotation": {"angle": 0, "axis": "y", "origin": [9, -0.2, 7]},
			"faces": {
				"north": {"uv": [12.75, 5.5, 13.5, 6], "texture": "#0"},
				"east": {"uv": [6.75, 13.5, 7, 14], "texture": "#0"},
				"south": {"uv": [6, 12.75, 6.75, 13.25], "texture": "#0"},
				"west": {"uv": [7, 13.5, 7.25, 14], "texture": "#0"},
				"up": {"uv": [14, 10.75, 13.25, 10.5], "texture": "#0"},
				"down": {"uv": [14, 10.75, 13.25, 11], "texture": "#0"}
			}
		},
		{
			"from": [9.3, 5.8, 2.4],
			"to": [11.7, 8.4, 4],
			"rotation": {"angle": 0, "axis": "z", "origin": [9.5, 6, 2]},
			"faces": {
				"north": {"uv": [12.75, 6.5, 13.25, 7.25], "texture": "#0"},
				"east": {"uv": [6.75, 12.75, 7.25, 13.5], "texture": "#0"},
				"south": {"uv": [7.25, 12.75, 7.75, 13.5], "texture": "#0"},
				"west": {"uv": [12.75, 7.25, 13.25, 8], "texture": "#0"},
				"up": {"uv": [6, 13.5, 5.5, 13], "texture": "#0"},
				"down": {"uv": [13.5, 8, 13, 8.5], "texture": "#0"}
			}
		},
		{
			"from": [4.3, 5.8, 2.4],
			"to": [6.7, 8.4, 4],
			"rotation": {"angle": 0, "axis": "y", "origin": [6.5, 6, 2]},
			"faces": {
				"north": {"uv": [7.75, 12.75, 8.25, 13.5], "texture": "#0"},
				"east": {"uv": [8.25, 12.75, 8.75, 13.5], "texture": "#0"},
				"south": {"uv": [12.75, 9, 13.25, 9.75], "texture": "#0"},
				"west": {"uv": [9.5, 12.75, 10, 13.5], "texture": "#0"},
				"up": {"uv": [9.5, 13.5, 9, 13], "texture": "#0"},
				"down": {"uv": [13, 13, 12.5, 13.5], "texture": "#0"}
			}
		},
		{
			"from": [4.4, 0.3, 0.6],
			"to": [5.5, 0.7, 1.5],
			"rotation": {"angle": -10, "axis": "x", "origin": [9.1, -2.5, -3.7]},
			"faces": {
				"north": {"uv": [8.75, 5.75, 9, 6], "texture": "#0"},
				"east": {"uv": [11, 12.25, 11.25, 12.5], "texture": "#0"},
				"south": {"uv": [6, 12.5, 6.25, 12.75], "texture": "#0"},
				"west": {"uv": [9.5, 12.5, 9.75, 12.75], "texture": "#0"},
				"up": {"uv": [13, 8.25, 12.75, 8], "texture": "#0"},
				"down": {"uv": [13.75, 10.25, 13.5, 10.5], "texture": "#0"}
			}
		},
		{
			"from": [2, 6.4, 2],
			"to": [4, 12, 14],
			"rotation": {"angle": 0, "axis": "y", "origin": [9, 0, 7]},
			"faces": {
				"north": {"uv": [7.25, 11.25, 7.75, 12.75], "texture": "#0"},
				"east": {"uv": [2, 8, 5, 9.5], "texture": "#0"},
				"south": {"uv": [11.25, 7.5, 11.75, 9], "texture": "#0"},
				"west": {"uv": [8, 3, 11, 4.5], "texture": "#0"},
				"up": {"uv": [5, 12.5, 4.5, 9.5], "texture": "#0"},
				"down": {"uv": [2, 10, 1.5, 13], "texture": "#0"}
			}
		},
		{
			"from": [4, -0.05, 1.9],
			"to": [12.025, 1.7, 4],
			"rotation": {"angle": 0, "axis": "y", "origin": [9, 0, 7]},
			"faces": {
				"north": {"uv": [11, 0.5, 13, 1], "texture": "#0"},
				"east": {"uv": [13, 13, 13.5, 13.5], "texture": "#0"},
				"south": {"uv": [11, 1, 13, 1.5], "texture": "#0"},
				"west": {"uv": [0, 13.25, 0.5, 13.75], "texture": "#0"},
				"up": {"uv": [13, 2, 11, 1.5], "texture": "#0"},
				"down": {"uv": [13, 2, 11, 2.5], "texture": "#0"}
			}
		},
		{
			"from": [4, 1, 3],
			"to": [12, 10, 4],
			"rotation": {"angle": 0, "axis": "y", "origin": [9, 0, 7]},
			"faces": {
				"north": {"uv": [5, 8.5, 7, 10.75], "texture": "#0"},
				"east": {"uv": [8.75, 11.25, 9, 13.5], "texture": "#0"},
				"south": {"uv": [7, 8.5, 9, 10.75], "texture": "#0"},
				"west": {"uv": [10.25, 11.5, 10.5, 13.75], "texture": "#0"},
				"up": {"uv": [13.75, 9, 11.75, 8.75], "texture": "#0"},
				"down": {"uv": [14.25, 4.25, 12.25, 4.5], "texture": "#0"}
			}
		},
		{
			"from": [9.2, 11, 1.3],
			"to": [11.7, 12, 2.1],
			"rotation": {"angle": 0, "axis": "y", "origin": [12.3, 10, 4.7]},
			"faces": {
				"north": {"uv": [2, 13.5, 2.75, 13.75], "texture": "#0"},
				"east": {"uv": [13.75, 1, 14, 1.25], "texture": "#0"},
				"south": {"uv": [13.5, 3, 14.25, 3.25], "texture": "#0"},
				"west": {"uv": [1.25, 13.75, 1.5, 14], "texture": "#0"},
				"up": {"uv": [14.25, 3.5, 13.5, 3.25], "texture": "#0"},
				"down": {"uv": [14.25, 3.5, 13.5, 3.75], "texture": "#0"}
			}
		},
		{
			"from": [4, 0, 4],
			"to": [12, 10, 14],
			"rotation": {"angle": 0, "axis": "y", "origin": [9, 0, 7]},
			"faces": {
				"north": {"uv": [3, 5.5, 5, 8], "texture": "#0"},
				"east": {"uv": [0, 3, 2.5, 5.5], "texture": "#0"},
				"south": {"uv": [5, 6, 7, 8.5], "texture": "#0"},
				"west": {"uv": [2.5, 3, 5, 5.5], "texture": "#0"},
				"up": {"uv": [9, 8.5, 7, 6], "texture": "#0"},
				"down": {"uv": [2, 7.5, 0, 10], "texture": "#0"}
			}
		},
		{
			"from": [7.4, 2.5, -0.5],
			"to": [9.9, 4.4, 6.3],
			"rotation": {"angle": -32.5, "axis": "y", "origin": [12.6, 4.5, -3.3]},
			"faces": {
				"north": {"uv": [12.75, 11.5, 13.5, 12], "texture": "#0"},
				"east": {"uv": [11.25, 10, 12.75, 10.5], "texture": "#0"},
				"south": {"uv": [13, 0, 13.75, 0.5], "texture": "#0"},
				"west": {"uv": [11.25, 11, 12.75, 11.5], "texture": "#0"},
				"up": {"uv": [9.75, 12, 9, 10.5], "texture": "#0"},
				"down": {"uv": [11.25, 9, 10.5, 10.5], "texture": "#0"}
			}
		},
		{
			"from": [8.3, -0.2, -2.2],
			"to": [9.4, 0.2, -1.3],
			"rotation": {"angle": -10, "axis": "x", "origin": [4.7, -3, -6.5]},
			"faces": {
				"north": {"uv": [11, 13.5, 11.25, 13.75], "texture": "#0"},
				"east": {"uv": [13.5, 11, 13.75, 11.25], "texture": "#0"},
				"south": {"uv": [11.25, 13.5, 11.5, 13.75], "texture": "#0"},
				"west": {"uv": [13.5, 11.25, 13.75, 11.5], "texture": "#0"},
				"up": {"uv": [11.75, 13.75, 11.5, 13.5], "texture": "#0"},
				"down": {"uv": [13.75, 11.5, 13.5, 11.75], "texture": "#0"}
			}
		},
		{
			"from": [9.5, 0, -0.9],
			"to": [10.6, 0.4, 0],
			"rotation": {"angle": -10, "axis": "x", "origin": [5.9, -2.8, -5.2]},
			"faces": {
				"north": {"uv": [11.75, 13.5, 12, 13.75], "texture": "#0"},
				"east": {"uv": [13.5, 11.75, 13.75, 12], "texture": "#0"},
				"south": {"uv": [12, 13.5, 12.25, 13.75], "texture": "#0"},
				"west": {"uv": [13.5, 12, 13.75, 12.25], "texture": "#0"},
				"up": {"uv": [12.5, 13.75, 12.25, 13.5], "texture": "#0"},
				"down": {"uv": [13.75, 12.25, 13.5, 12.5], "texture": "#0"}
			}
		},
		{
			"from": [10.5, 0.3, 0.6],
			"to": [11.6, 0.7, 1.5],
			"rotation": {"angle": -10, "axis": "x", "origin": [6.9, -2.5, -3.7]},
			"faces": {
				"north": {"uv": [13.25, 13.5, 13.5, 13.75], "texture": "#0"},
				"east": {"uv": [13.5, 13.25, 13.75, 13.5], "texture": "#0"},
				"south": {"uv": [13.5, 13.5, 13.75, 13.75], "texture": "#0"},
				"west": {"uv": [0, 13.75, 0.25, 14], "texture": "#0"},
				"up": {"uv": [14, 0.25, 13.75, 0], "texture": "#0"},
				"down": {"uv": [0.5, 13.75, 0.25, 14], "texture": "#0"}
			}
		},
		{
			"from": [6.6, -0.2, -2.2],
			"to": [7.7, 0.2, -1.3],
			"rotation": {"angle": -10, "axis": "x", "origin": [11.3, -3, -6.5]},
			"faces": {
				"north": {"uv": [12.5, 13.5, 12.75, 13.75], "texture": "#0"},
				"east": {"uv": [13.5, 12.5, 13.75, 12.75], "texture": "#0"},
				"south": {"uv": [12.75, 13.5, 13, 13.75], "texture": "#0"},
				"west": {"uv": [13.5, 12.75, 13.75, 13], "texture": "#0"},
				"up": {"uv": [13.25, 13.75, 13, 13.5], "texture": "#0"},
				"down": {"uv": [13.75, 13, 13.5, 13.25], "texture": "#0"}
			}
		},
		{
			"from": [5.4, 0, -0.9],
			"to": [6.5, 0.4, 0],
			"rotation": {"angle": -10, "axis": "x", "origin": [10.1, -2.8, -5.2]},
			"faces": {
				"north": {"uv": [13.75, 0.25, 14, 0.5], "texture": "#0"},
				"east": {"uv": [0.5, 13.75, 0.75, 14], "texture": "#0"},
				"south": {"uv": [13.75, 0.5, 14, 0.75], "texture": "#0"},
				"west": {"uv": [0.75, 13.75, 1, 14], "texture": "#0"},
				"up": {"uv": [14, 1, 13.75, 0.75], "texture": "#0"},
				"down": {"uv": [1.25, 13.75, 1, 14], "texture": "#0"}
			}
		},
		{
			"from": [6.6, 2.5, -4.4],
			"to": [9.35, 4.625, 0.8],
			"rotation": {"angle": 0, "axis": "y", "origin": [9, 0.2, -7]},
			"faces": {
				"north": {"uv": [2, 12.5, 3, 13], "texture": "#0"},
				"east": {"uv": [13, 2, 13.75, 2.5], "texture": "#0"},
				"south": {"uv": [3, 12.5, 4, 13], "texture": "#0"},
				"west": {"uv": [2.25, 13, 3, 13.5], "texture": "#0"},
				"up": {"uv": [12.75, 3.75, 11.75, 3], "texture": "#0"},
				"down": {"uv": [12.75, 7.5, 11.75, 8.25], "texture": "#0"}
			}
		},
		{
			"from": [4.5, 3.3, -2.1],
			"to": [6.8, 5, 2],
			"rotation": {"angle": 35, "axis": "y", "origin": [9, 0.2, -5]},
			"faces": {
				"north": {"uv": [0.5, 13.25, 1, 13.75], "texture": "#0"},
				"east": {"uv": [2, 7.5, 3, 8], "texture": "#0"},
				"south": {"uv": [1, 13.25, 1.5, 13.75], "texture": "#0"},
				"west": {"uv": [12.25, 6, 13.25, 6.5], "texture": "#0"},
				"up": {"uv": [9.5, 13, 9, 12], "texture": "#0"},
				"down": {"uv": [12.75, 6.5, 12.25, 7.5], "texture": "#0"}
			}
		},
		{
			"from": [7, 1.9, -3],
			"to": [8.9, 3.9, 3.6],
			"rotation": {"angle": -15, "axis": "x", "origin": [9, -1.1, -6]},
			"faces": {
				"north": {"uv": [13.25, 2.5, 13.75, 3], "texture": "#0"},
				"east": {"uv": [11.25, 11.5, 12.75, 12], "texture": "#0"},
				"south": {"uv": [6, 13.25, 6.5, 13.75], "texture": "#0"},
				"west": {"uv": [11.75, 2.5, 13.25, 3], "texture": "#0"},
				"up": {"uv": [8.25, 12.75, 7.75, 11.25], "texture": "#0"},
				"down": {"uv": [8.75, 11.25, 8.25, 12.75], "texture": "#0"}
			}
		},
		{
			"from": [4.3, 11, 1.3],
			"to": [6.8, 12, 2.1],
			"rotation": {"angle": 0, "axis": "y", "origin": [3.7, 10, 4.7]},
			"faces": {
				"north": {"uv": [13.5, 3.75, 14.25, 4], "texture": "#0"},
				"east": {"uv": [13.75, 1.25, 14, 1.5], "texture": "#0"},
				"south": {"uv": [13.5, 4, 14.25, 4.25], "texture": "#0"},
				"west": {"uv": [13.75, 1.5, 14, 1.75], "texture": "#0"},
				"up": {"uv": [5.25, 13.75, 4.5, 13.5], "texture": "#0"},
				"down": {"uv": [14.25, 4.5, 13.5, 4.75], "texture": "#0"}
			}
		},
		{
			"from": [9.2, 3.3, -2.1],
			"to": [11.5, 5, 2],
			"rotation": {"angle": -35, "axis": "y", "origin": [7, 0.2, -5]},
			"faces": {
				"north": {"uv": [13.25, 6, 13.75, 6.5], "texture": "#0"},
				"east": {"uv": [4, 12.5, 5, 13], "texture": "#0"},
				"south": {"uv": [13.25, 6.5, 13.75, 7], "texture": "#0"},
				"west": {"uv": [5, 12.5, 6, 13], "texture": "#0"},
				"up": {"uv": [11, 13.25, 10.5, 12.25], "texture": "#0"},
				"down": {"uv": [11.5, 12.5, 11, 13.5], "texture": "#0"}
			}
		}
	],
	"display": {
		"thirdperson_righthand": {
			"rotation": [63.25, 0, 0],
			"translation": [-6, 4.5, 2.75]
		},
		"thirdperson_lefthand": {
			"rotation": [67.5, 0, 0],
			"translation": [-7, 4.75, 1.5]
		},
		"ground": {
			"translation": [0, 5.75, 0]
		},
		"gui": {
			"rotation": [-180, 1.5, -180]
		},
		"head": {
			"translation": [0, 7, 0],
			"scale": [1.74, 1.74, 1.74]
		},
		"fixed": {
			"translation": [0, 4, -5.75],
			"scale": [2.03, 2.03, 2.03]
		},
		"on_shelf": {
			"rotation": [-180, -2.5, -180]
		}
	}
}
