{
	"format_version": "1.21.6",
	"credit": "Made with Blockbench",
	"texture_size": [32, 32],
	"textures": {
		"0": "garysinspace:item/cupcake",
		"particle": "garysinspace:item/cupcake"
	},
	"elements": [
		{
			"from": [3, 0, 3],
			"to": [13, 0.4, 13],
			"rotation": {"angle": 0, "axis": "y", "origin": [4, 0, 4]},
			"faces": {
				"north": {"uv": [10, 10, 15, 10.5], "texture": "#0"},
				"east": {"uv": [7.5, 10.5, 12.5, 11], "texture": "#0"},
				"south": {"uv": [7.5, 11, 12.5, 11.5], "texture": "#0"},
				"west": {"uv": [5, 11.5, 10, 12], "texture": "#0"},
				"up": {"uv": [5, 5, 0, 0], "texture": "#0"},
				"down": {"uv": [5, 5, 0, 10], "texture": "#0"}
			}
		},
		{
			"from": [10.6, 3.3, 5],
			"to": [11, 6.5, 11],
			"rotation": {"angle": 0, "axis": "y", "origin": [4, 2.8, 4]},
			"faces": {
				"north": {"uv": [13, 8.5, 13.5, 10], "texture": "#0"},
				"east": {"uv": [10, 4, 13, 5.5], "texture": "#0"},
				"south": {"uv": [11.5, 13, 12, 14.5], "texture": "#0"},
				"west": {"uv": [10, 5.5, 13, 7], "texture": "#0"},
				"up": {"uv": [10, 15, 9.5, 12], "texture": "#0"},
				"down": {"uv": [13, 1, 12.5, 4], "texture": "#0"}
			}
		},
		{
			"from": [5.3, 3, 5],
			"to": [6.3, 3.3, 5.4],
			"rotation": {"angle": 0, "axis": "y", "origin": [11.4, 2.8, -1.6]},
			"faces": {
				"north": {"uv": [6.5, 15, 7, 15.5], "texture": "#0"},
				"east": {"uv": [15, 6.5, 15.5, 7], "texture": "#0"},
				"south": {"uv": [7, 15, 7.5, 15.5], "texture": "#0"},
				"west": {"uv": [15, 7, 15.5, 7.5], "texture": "#0"},
				"up": {"uv": [8, 15.5, 7.5, 15], "texture": "#0"},
				"down": {"uv": [15.5, 7.5, 15, 8], "texture": "#0"}
			}
		},
		{
			"from": [10.6, 3, 5.9],
			"to": [11, 3.3, 7.4],
			"rotation": {"angle": 0, "axis": "y", "origin": [4, 2.8, 1]},
			"faces": {
				"north": {"uv": [15, 8, 15.5, 8.5], "texture": "#0"},
				"east": {"uv": [14, 9, 15, 9.5], "texture": "#0"},
				"south": {"uv": [15, 8.5, 15.5, 9], "texture": "#0"},
				"west": {"uv": [14, 9.5, 15, 10], "texture": "#0"},
				"up": {"uv": [14.5, 14.5, 14, 13.5], "texture": "#0"},
				"down": {"uv": [0.5, 14.5, 0, 15.5], "texture": "#0"}
			}
		},
		{
			"from": [5.4, 3.3, 5],
			"to": [10.6, 4.2, 11],
			"rotation": {"angle": 0, "axis": "y", "origin": [4, 2.8, 4]},
			"faces": {
				"north": {"uv": [12.5, 12, 15, 12.5], "texture": "#0"},
				"east": {"uv": [10, 12.5, 13, 13], "texture": "#0"},
				"south": {"uv": [13, 4.5, 15.5, 5], "texture": "#0"},
				"west": {"uv": [12.5, 10.5, 15.5, 11], "texture": "#0"},
				"up": {"uv": [7.5, 3, 5, 0], "texture": "#0"},
				"down": {"uv": [7.5, 3, 5, 6], "texture": "#0"}
			}
		},
		{
			"from": [5.4, 0.3, 5.5],
			"to": [10.6, 4.2, 10.5],
			"rotation": {"angle": 0, "axis": "y", "origin": [4, 2.8, 4]},
			"faces": {
				"north": {"uv": [0, 10, 2.5, 12], "texture": "#0"},
				"east": {"uv": [10, 0, 12.5, 2], "texture": "#0"},
				"south": {"uv": [10, 2, 12.5, 4], "texture": "#0"},
				"west": {"uv": [2.5, 10, 5, 12], "texture": "#0"},
				"up": {"uv": [10, 10.5, 7.5, 8], "texture": "#0"},
				"down": {"uv": [7.5, 9, 5, 11.5], "texture": "#0"}
			}
		},
		{
			"from": [5.4, 6.1, 5],
			"to": [10.6, 7.2, 11],
			"rotation": {"angle": 0, "axis": "y", "origin": [4, 5.8, 4]},
			"faces": {
				"north": {"uv": [5, 13, 7.5, 13.5], "texture": "#0"},
				"east": {"uv": [12.5, 11, 15.5, 11.5], "texture": "#0"},
				"south": {"uv": [13, 5, 15.5, 5.5], "texture": "#0"},
				"west": {"uv": [12.5, 11.5, 15.5, 12], "texture": "#0"},
				"up": {"uv": [7.5, 9, 5, 6], "texture": "#0"},
				"down": {"uv": [10, 0, 7.5, 3], "texture": "#0"}
			}
		},
		{
			"from": [7.6, 6.1, 7.6],
			"to": [8.4, 10, 8.4],
			"rotation": {"angle": 0, "axis": "y", "origin": [4, 5.8, 4]},
			"faces": {
				"north": {"uv": [9, 13, 9.5, 15], "texture": "#0"},
				"east": {"uv": [10, 13, 10.5, 15], "texture": "#0"},
				"south": {"uv": [10.5, 13, 11, 15], "texture": "#0"},
				"west": {"uv": [11, 13, 11.5, 15], "texture": "#0"},
				"up": {"uv": [2, 15.5, 1.5, 15], "texture": "#0"},
				"down": {"uv": [15.5, 1.5, 15, 2], "texture": "#0"}
			}
		},
		{
			"from": [7.5, 10, 7.5],
			"to": [8.5, 11.2, 8.5],
			"rotation": {"angle": 0, "axis": "y", "origin": [4, 9.7, 4]},
			"faces": {
				"north": {"uv": [2, 15, 2.5, 15.5], "texture": "#0"},
				"east": {"uv": [15, 2, 15.5, 2.5], "texture": "#0"},
				"south": {"uv": [2.5, 15, 3, 15.5], "texture": "#0"},
				"west": {"uv": [3, 15, 3.5, 15.5], "texture": "#0"},
				"up": {"uv": [4, 15.5, 3.5, 15], "texture": "#0"},
				"down": {"uv": [5.5, 15, 5, 15.5], "texture": "#0"}
			}
		},
		{
			"from": [5, 3, 5.9],
			"to": [5.4, 3.3, 7.4],
			"rotation": {"angle": 0, "axis": "y", "origin": [12, 2.8, 1]},
			"faces": {
				"north": {"uv": [12.5, 14.5, 13, 15], "texture": "#0"},
				"east": {"uv": [0, 14, 1, 14.5], "texture": "#0"},
				"south": {"uv": [14, 14.5, 14.5, 15], "texture": "#0"},
				"west": {"uv": [14, 2, 15, 2.5], "texture": "#0"},
				"up": {"uv": [1.5, 15, 1, 14], "texture": "#0"},
				"down": {"uv": [3, 14, 2.5, 15], "texture": "#0"}
			}
		},
		{
			"from": [7.3, 4.2, 5],
			"to": [8.7, 6.2, 9],
			"rotation": {"angle": 0, "axis": "y", "origin": [12, 2.8, 2]},
			"faces": {
				"north": {"uv": [14, 2.5, 14.5, 3.5], "texture": "#0"},
				"east": {"uv": [7.5, 12, 9.5, 13], "texture": "#0"},
				"south": {"uv": [3, 14, 3.5, 15], "texture": "#0"},
				"west": {"uv": [12.5, 0, 14.5, 1], "texture": "#0"},
				"up": {"uv": [13.5, 7.5, 13, 5.5], "texture": "#0"},
				"down": {"uv": [8, 13, 7.5, 15], "texture": "#0"}
			}
		},
		{
			"from": [8.9, 4.4, 5.3],
			"to": [10.4, 5.9, 8.7],
			"rotation": {"angle": 0, "axis": "y", "origin": [13.8, 2.8, 2]},
			"faces": {
				"north": {"uv": [13, 7.5, 14, 8.5], "texture": "#0"},
				"east": {"uv": [0, 13, 1.5, 14], "texture": "#0"},
				"south": {"uv": [8, 13, 9, 14], "texture": "#0"},
				"west": {"uv": [13, 1, 14.5, 2], "texture": "#0"},
				"up": {"uv": [2.5, 14.5, 1.5, 13], "texture": "#0"},
				"down": {"uv": [14, 2, 13, 3.5], "texture": "#0"}
			}
		},
		{
			"from": [8.6, 5.8, 5.1],
			"to": [10.6, 6.4, 5.2],
			"rotation": {"angle": 5, "axis": "x", "origin": [13.8, 4.2, 2]},
			"faces": {
				"north": {"uv": [14, 6, 15, 6.5], "texture": "#0"},
				"east": {"uv": [5.5, 15, 6, 15.5], "texture": "#0"},
				"south": {"uv": [6.5, 14, 7.5, 14.5], "texture": "#0"},
				"west": {"uv": [15, 5.5, 15.5, 6], "texture": "#0"},
				"up": {"uv": [15, 7, 14, 6.5], "texture": "#0"},
				"down": {"uv": [15, 7, 14, 7.5], "texture": "#0"}
			}
		},
		{
			"from": [8.1, 2.7, 5.1],
			"to": [9.3, 3.9, 8.5],
			"rotation": {"angle": 0, "axis": "y", "origin": [12.7, 1.1, 1.8]},
			"faces": {
				"north": {"uv": [14.5, 14, 15, 14.5], "texture": "#0"},
				"east": {"uv": [13, 12.5, 14.5, 13], "texture": "#0"},
				"south": {"uv": [14.5, 14.5, 15, 15], "texture": "#0"},
				"west": {"uv": [13, 13, 14.5, 13.5], "texture": "#0"},
				"up": {"uv": [5.5, 15, 5, 13.5], "texture": "#0"},
				"down": {"uv": [6, 13.5, 5.5, 15], "texture": "#0"}
			}
		},
		{
			"from": [5.4, 4.2, 5.7],
			"to": [10.6, 6.1, 11],
			"rotation": {"angle": 0, "axis": "y", "origin": [12, 2.8, 4]},
			"faces": {
				"north": {"uv": [10, 11.5, 12.5, 12.5], "texture": "#0"},
				"east": {"uv": [0, 12, 2.5, 13], "texture": "#0"},
				"south": {"uv": [2.5, 12, 5, 13], "texture": "#0"},
				"west": {"uv": [5, 12, 7.5, 13], "texture": "#0"},
				"up": {"uv": [10, 5.5, 7.5, 3], "texture": "#0"},
				"down": {"uv": [10, 5.5, 7.5, 8], "texture": "#0"}
			}
		},
		{
			"from": [6.7, 2.7, 5.1],
			"to": [7.9, 3.9, 8.5],
			"rotation": {"angle": 0, "axis": "y", "origin": [3.3, 1.1, 1.8]},
			"faces": {
				"north": {"uv": [1, 15, 1.5, 15.5], "texture": "#0"},
				"east": {"uv": [13.5, 5.5, 15, 6], "texture": "#0"},
				"south": {"uv": [15, 1, 15.5, 1.5], "texture": "#0"},
				"west": {"uv": [6, 13.5, 7.5, 14], "texture": "#0"},
				"up": {"uv": [14, 7.5, 13.5, 6], "texture": "#0"},
				"down": {"uv": [14, 8.5, 13.5, 10], "texture": "#0"}
			}
		},
		{
			"from": [5.4, 5.8, 5.1],
			"to": [7.4, 6.4, 5.2],
			"rotation": {"angle": 5, "axis": "x", "origin": [2.2, 4.2, 2]},
			"faces": {
				"north": {"uv": [14, 7.5, 15, 8], "texture": "#0"},
				"east": {"uv": [6, 15, 6.5, 15.5], "texture": "#0"},
				"south": {"uv": [8, 14, 9, 14.5], "texture": "#0"},
				"west": {"uv": [15, 6, 15.5, 6.5], "texture": "#0"},
				"up": {"uv": [15, 8.5, 14, 8], "texture": "#0"},
				"down": {"uv": [15, 8.5, 14, 9], "texture": "#0"}
			}
		},
		{
			"from": [5, 3.3, 5],
			"to": [5.4, 6.5, 11],
			"rotation": {"angle": 0, "axis": "y", "origin": [12, 2.8, 4]},
			"faces": {
				"north": {"uv": [13, 13.5, 13.5, 15], "texture": "#0"},
				"east": {"uv": [10, 7, 13, 8.5], "texture": "#0"},
				"south": {"uv": [13.5, 13.5, 14, 15], "texture": "#0"},
				"west": {"uv": [10, 8.5, 13, 10], "texture": "#0"},
				"up": {"uv": [4.5, 16, 4, 13], "texture": "#0"},
				"down": {"uv": [5, 13, 4.5, 16], "texture": "#0"}
			}
		},
		{
			"from": [5, 3, 8.9],
			"to": [5.4, 3.3, 10.4],
			"rotation": {"angle": 0, "axis": "y", "origin": [12, 2.8, 4]},
			"faces": {
				"north": {"uv": [9, 15, 9.5, 15.5], "texture": "#0"},
				"east": {"uv": [14.5, 0, 15.5, 0.5], "texture": "#0"},
				"south": {"uv": [15, 9, 15.5, 9.5], "texture": "#0"},
				"west": {"uv": [14.5, 0.5, 15.5, 1], "texture": "#0"},
				"up": {"uv": [1, 15.5, 0.5, 14.5], "texture": "#0"},
				"down": {"uv": [15, 1, 14.5, 2], "texture": "#0"}
			}
		},
		{
			"from": [8.5, 3, 10.6],
			"to": [10, 3.3, 11],
			"rotation": {"angle": 0, "axis": "y", "origin": [3.6, 2.8, 4]},
			"faces": {
				"north": {"uv": [1.5, 14.5, 2.5, 15], "texture": "#0"},
				"east": {"uv": [9.5, 15, 10, 15.5], "texture": "#0"},
				"south": {"uv": [14.5, 2.5, 15.5, 3], "texture": "#0"},
				"west": {"uv": [15, 9.5, 15.5, 10], "texture": "#0"},
				"up": {"uv": [15.5, 3.5, 14.5, 3], "texture": "#0"},
				"down": {"uv": [15.5, 3.5, 14.5, 4], "texture": "#0"}
			}
		},
		{
			"from": [9.7, 3, 5],
			"to": [10.7, 3.3, 5.4],
			"rotation": {"angle": 0, "axis": "y", "origin": [4.6, 2.8, -1.6]},
			"faces": {
				"north": {"uv": [10.5, 15, 11, 15.5], "texture": "#0"},
				"east": {"uv": [11, 15, 11.5, 15.5], "texture": "#0"},
				"south": {"uv": [11.5, 15, 12, 15.5], "texture": "#0"},
				"west": {"uv": [12, 15, 12.5, 15.5], "texture": "#0"},
				"up": {"uv": [15.5, 12.5, 15, 12], "texture": "#0"},
				"down": {"uv": [13, 15, 12.5, 15.5], "texture": "#0"}
			}
		},
		{
			"from": [10.6, 3, 8.9],
			"to": [11, 3.3, 10.4],
			"rotation": {"angle": 0, "axis": "y", "origin": [4, 2.8, 4]},
			"faces": {
				"north": {"uv": [10, 15, 10.5, 15.5], "texture": "#0"},
				"east": {"uv": [14.5, 4, 15.5, 4.5], "texture": "#0"},
				"south": {"uv": [15, 10, 15.5, 10.5], "texture": "#0"},
				"west": {"uv": [6.5, 14.5, 7.5, 15], "texture": "#0"},
				"up": {"uv": [8.5, 15.5, 8, 14.5], "texture": "#0"},
				"down": {"uv": [9, 14.5, 8.5, 15.5], "texture": "#0"}
			}
		},
		{
			"from": [6, 3, 10.6],
			"to": [7.5, 3.3, 11],
			"rotation": {"angle": 0, "axis": "y", "origin": [12.4, 2.8, 4]},
			"faces": {
				"north": {"uv": [11.5, 14.5, 12.5, 15], "texture": "#0"},
				"east": {"uv": [13, 15, 13.5, 15.5], "texture": "#0"},
				"south": {"uv": [14.5, 12.5, 15.5, 13], "texture": "#0"},
				"west": {"uv": [13.5, 15, 14, 15.5], "texture": "#0"},
				"up": {"uv": [15.5, 13.5, 14.5, 13], "texture": "#0"},
				"down": {"uv": [15.5, 13.5, 14.5, 14], "texture": "#0"}
			}
		},
		{
			"from": [5.6, 4.4, 5.3],
			"to": [7.1, 5.9, 8.7],
			"rotation": {"angle": 0, "axis": "y", "origin": [2.2, 2.8, 2]},
			"faces": {
				"north": {"uv": [14, 7.5, 13, 8.5], "texture": "#0"},
				"east": {"uv": [14.5, 1, 13, 2], "texture": "#0"},
				"south": {"uv": [9, 13, 8, 14], "texture": "#0"},
				"west": {"uv": [1.5, 13, 0, 14], "texture": "#0"},
				"up": {"uv": [1.5, 14.5, 2.5, 13], "texture": "#0"},
				"down": {"uv": [13, 2, 14, 3.5], "texture": "#0"}
			}
		}
	],
	"display": {
		"thirdperson_righthand": {
			"rotation": [70.5, 0, 0],
			"translation": [0, 5.75, 6.25]
		},
		"thirdperson_lefthand": {
			"rotation": [70.5, 0, 0],
			"translation": [0, 5.75, 6.25]
		},
		"firstperson_righthand": {
			"translation": [0, 2.75, 0]
		},
		"firstperson_lefthand": {
			"translation": [0, 2.75, 0]
		},
		"ground": {
			"translation": [0, 5.25, 0]
		},
		"gui": {
			"rotation": [-180, 1, -180]
		},
		"head": {
			"translation": [0, 14.25, 0]
		},
		"on_shelf": {
			"rotation": [-180, 2.25, -180]
		}
	}
}
