{
	"format_version": "1.21.6",
	"credit": "Made with Blockbench",
	"texture_size": [64, 64],
	"textures": {
		"0": "garysinspace:item/curtaintop",
		"particle": "garysinspace:item/curtaintop"
	},
	"elements": [
		{
			"from": [14, 0, 14],
			"to": [16, 18, 16],
			"rotation": {"angle": 0, "axis": "y", "origin": [10, 0, 16]},
			"faces": {
				"north": {"uv": [0, 0, 0.5, 4.5], "texture": "#0"},
				"east": {"uv": [0.5, 0, 1, 4.5], "texture": "#0"},
				"south": {"uv": [1, 0, 1.5, 4.5], "texture": "#0"},
				"west": {"uv": [1.5, 0, 2, 4.5], "texture": "#0"},
				"up": {"uv": [5.5, 6, 5, 5.5], "texture": "#0"},
				"down": {"uv": [6, 5, 5.5, 5.5], "texture": "#0"}
			}
		},
		{
			"from": [14, 12, 13],
			"to": [16, 18, 14],
			"rotation": {"angle": 0, "axis": "y", "origin": [10, 0, 14]},
			"faces": {
				"north": {"uv": [2, 4.5, 2.5, 6], "texture": "#0"},
				"east": {"uv": [5, 2.5, 5.25, 4], "texture": "#0"},
				"south": {"uv": [2.5, 4.5, 3, 6], "texture": "#0"},
				"west": {"uv": [5, 4, 5.25, 5.5], "texture": "#0"},
				"up": {"uv": [6.25, 1.75, 5.75, 1.5], "texture": "#0"},
				"down": {"uv": [6.25, 1.75, 5.75, 2], "texture": "#0"}
			}
		},
		{
			"from": [12, 13, 14],
			"to": [14, 18, 15],
			"rotation": {"angle": 0, "axis": "y", "origin": [8, 0, 15]},
			"faces": {
				"north": {"uv": [4, 4.5, 4.5, 5.75], "texture": "#0"},
				"east": {"uv": [5.5, 0, 5.75, 1.25], "texture": "#0"},
				"south": {"uv": [4.5, 4.5, 5, 5.75], "texture": "#0"},
				"west": {"uv": [5.5, 1.25, 5.75, 2.5], "texture": "#0"},
				"up": {"uv": [6.25, 2.25, 5.75, 2], "texture": "#0"},
				"down": {"uv": [6.25, 2.25, 5.75, 2.5], "texture": "#0"}
			}
		},
		{
			"from": [8, 13, 14],
			"to": [10, 18, 15],
			"rotation": {"angle": 0, "axis": "y", "origin": [4, 0, 15]},
			"faces": {
				"north": {"uv": [5, 0, 5.5, 1.25], "texture": "#0"},
				"east": {"uv": [5.5, 2.5, 5.75, 3.75], "texture": "#0"},
				"south": {"uv": [5, 1.25, 5.5, 2.5], "texture": "#0"},
				"west": {"uv": [5.5, 3.75, 5.75, 5], "texture": "#0"},
				"up": {"uv": [6.25, 2.75, 5.75, 2.5], "texture": "#0"},
				"down": {"uv": [6.25, 2.75, 5.75, 3], "texture": "#0"}
			}
		},
		{
			"from": [10, 12, 13],
			"to": [12, 18, 14],
			"rotation": {"angle": 0, "axis": "y", "origin": [6, 0, 14]},
			"faces": {
				"north": {"uv": [3, 4.5, 3.5, 6], "texture": "#0"},
				"east": {"uv": [5.25, 2.5, 5.5, 4], "texture": "#0"},
				"south": {"uv": [3.5, 4.5, 4, 6], "texture": "#0"},
				"west": {"uv": [5.25, 4, 5.5, 5.5], "texture": "#0"},
				"up": {"uv": [6.25, 3.25, 5.75, 3], "texture": "#0"},
				"down": {"uv": [6.25, 3.25, 5.75, 3.5], "texture": "#0"}
			}
		},
		{
			"from": [10, 0, 14],
			"to": [12, 18, 16],
			"rotation": {"angle": 0, "axis": "y", "origin": [12, 0, 16]},
			"faces": {
				"north": {"uv": [3, 0, 3.5, 4.5], "texture": "#0"},
				"east": {"uv": [3.5, 0, 4, 4.5], "texture": "#0"},
				"south": {"uv": [4, 0, 4.5, 4.5], "texture": "#0"},
				"west": {"uv": [0, 4.5, 0.5, 9], "texture": "#0"},
				"up": {"uv": [6, 6, 5.5, 5.5], "texture": "#0"},
				"down": {"uv": [6.25, 0, 5.75, 0.5], "texture": "#0"}
			}
		},
		{
			"from": [8, 0, 15],
			"to": [10, 18, 16],
			"rotation": {"angle": 0, "axis": "y", "origin": [10, 0, 16]},
			"faces": {
				"north": {"uv": [2, 0, 2.5, 4.5], "texture": "#0"},
				"east": {"uv": [1, 4.5, 1.25, 9], "texture": "#0"},
				"south": {"uv": [2.5, 0, 3, 4.5], "texture": "#0"},
				"west": {"uv": [1.25, 4.5, 1.5, 9], "texture": "#0"},
				"up": {"uv": [6.25, 0.75, 5.75, 0.5], "texture": "#0"},
				"down": {"uv": [6.25, 0.75, 5.75, 1], "texture": "#0"}
			}
		},
		{
			"from": [12, 0, 15],
			"to": [14, 18, 16],
			"rotation": {"angle": 0, "axis": "y", "origin": [14, 0, 16]},
			"faces": {
				"north": {"uv": [4.5, 0, 5, 4.5], "texture": "#0"},
				"east": {"uv": [1.5, 4.5, 1.75, 9], "texture": "#0"},
				"south": {"uv": [0.5, 4.5, 1, 9], "texture": "#0"},
				"west": {"uv": [1.75, 4.5, 2, 9], "texture": "#0"},
				"up": {"uv": [6.25, 1.25, 5.75, 1], "texture": "#0"},
				"down": {"uv": [6.25, 1.25, 5.75, 1.5], "texture": "#0"}
			}
		}
	],
	"display": {
		"fixed": {
			"translation": [2, -1.75, -12.5],
			"scale": [1.78, 1.78, 1.78]
		}
	}
}
