{
	"format_version": "1.21.11",
	"credit": "Made with Blockbench",
	"texture_size": [64, 64],
	"textures": {
		"0": "garysinspace:item/derp",
		"particle": "garysinspace:item/derp"
	},
	"elements": [
		{
			"from": [5, 2.2, 6.5],
			"to": [11, 9.2, 10.5],
			"rotation": {"angle": 12.5, "axis": "x", "origin": [9, 2.2, 6.5]},
			"faces": {
				"north": {"uv": [6, 6.5, 4.5, 8.25], "texture": "#0"},
				"east": {"uv": [8, 4.5, 7, 6.25], "texture": "#0"},
				"south": {"uv": [7.5, 6.5, 6, 8.25], "texture": "#0"},
				"west": {"uv": [4, 6.75, 3, 8.5], "texture": "#0"},
				"up": {"uv": [7.25, 2.5, 8.75, 1.5], "texture": "#0"},
				"down": {"uv": [7.5, 2.5, 9, 3.5], "texture": "#0"}
			}
		},
		{
			"from": [3, 8.6, 7],
			"to": [13, 15.6, 13],
			"rotation": {"x": 12.31594, "y": -2.15393, "z": 9.76758, "origin": [9, 8.6, 8]},
			"faces": {
				"north": {"uv": [5.25, 0, 2.75, 1.75], "texture": "#0"},
				"east": {"uv": [3, 6.75, 1.5, 8.5], "texture": "#0"},
				"south": {"uv": [5.25, 1.75, 2.75, 3.5], "texture": "#0"},
				"west": {"uv": [1.5, 6.75, 0, 8.5], "texture": "#0"},
				"up": {"uv": [4.5, 6.5, 7, 5], "texture": "#0"},
				"down": {"uv": [5.25, 0, 7.75, 1.5], "texture": "#0"}
			}
		},
		{
			"from": [5.1, 1.9, 2],
			"to": [7.4, 3.9, 7.5],
			"rotation": {"angle": 25, "axis": "y", "origin": [9, 2.2, 6.5]},
			"faces": {
				"north": {"uv": [10.75, 0.5, 10.25, 1], "texture": "#0"},
				"east": {"uv": [10.25, 2, 8.75, 2.5], "texture": "#0"},
				"south": {"uv": [10.75, 1, 10.25, 1.5], "texture": "#0"},
				"west": {"uv": [7, 4.5, 5.5, 5], "texture": "#0"},
				"up": {"uv": [6.5, 9.75, 7, 8.25], "texture": "#0"},
				"down": {"uv": [7, 8.25, 7.5, 9.75], "texture": "#0"}
			}
		},
		{
			"from": [8.6, 1.9, 2],
			"to": [10.9, 3.9, 7.5],
			"rotation": {"angle": -25, "axis": "y", "origin": [7, 2.2, 6.5]},
			"faces": {
				"north": {"uv": [10.75, 7.75, 10.25, 8.25], "texture": "#0"},
				"east": {"uv": [1.5, 9, 0, 9.5], "texture": "#0"},
				"south": {"uv": [10.75, 8.25, 10.25, 8.75], "texture": "#0"},
				"west": {"uv": [10, 8.75, 8.5, 9.25], "texture": "#0"},
				"up": {"uv": [3.5, 10, 4, 8.5], "texture": "#0"},
				"down": {"uv": [4, 8.5, 4.5, 10], "texture": "#0"}
			}
		},
		{
			"from": [0.8, 2.4, 7.5],
			"to": [3.2, 9.4, 9.5],
			"rotation": {"x": 9.97528, "y": 7.57131, "z": -36.83829, "origin": [3, 2.4, 6.5]},
			"faces": {
				"north": {"uv": [4.5, 6.75, 4, 8.5], "texture": "#0"},
				"east": {"uv": [8.5, 7.75, 8, 9.5], "texture": "#0"},
				"south": {"uv": [8.5, 4.5, 8, 6.25], "texture": "#0"},
				"west": {"uv": [8, 7.75, 7.5, 9.5], "texture": "#0"},
				"up": {"uv": [8.5, 10.75, 9, 10.25], "texture": "#0"},
				"down": {"uv": [10.25, 9.5, 10.75, 10], "texture": "#0"}
			}
		},
		{
			"from": [12.8, 2.2, 7.5],
			"to": [15.2, 9.2, 9.5],
			"rotation": {"x": 10.86815, "y": -6.21271, "z": 29.40842, "origin": [13, 2.2, 6.5]},
			"faces": {
				"north": {"uv": [5, 8.25, 4.5, 10], "texture": "#0"},
				"east": {"uv": [6.5, 8.25, 6, 10], "texture": "#0"},
				"south": {"uv": [6, 8.25, 5.5, 10], "texture": "#0"},
				"west": {"uv": [5.5, 8.25, 5, 10], "texture": "#0"},
				"up": {"uv": [10.25, 10.5, 10.75, 10], "texture": "#0"},
				"down": {"uv": [10.5, 1.5, 11, 2], "texture": "#0"}
			}
		},
		{
			"from": [0.3, 9.8, 9.4],
			"to": [6.8, 11.8, 10.6],
			"rotation": {"x": 7.0732, "y": 30.37069, "z": 2.83058, "origin": [2.8, 7.3, 8]},
			"faces": {
				"north": {"uv": [1.75, 8.5, 0, 9], "texture": "#0"},
				"east": {"uv": [10.25, 10.75, 10, 11.25], "texture": "#0"},
				"south": {"uv": [3.5, 8.5, 1.75, 9], "texture": "#0"},
				"west": {"uv": [11, 9.75, 10.75, 10.25], "texture": "#0"},
				"up": {"uv": [8.5, 6.25, 10.25, 6], "texture": "#0"},
				"down": {"uv": [9.75, 7.25, 11.5, 7.5], "texture": "#0"}
			}
		},
		{
			"from": [10.1, 10.1, 13.2],
			"to": [16.2, 12.1, 14.4],
			"rotation": {"x": 172.12779, "y": 29.87725, "z": -157.02945, "origin": [12.2, 7.6, 11.8]},
			"faces": {
				"north": {"uv": [10.25, 4.5, 8.5, 5], "texture": "#0"},
				"east": {"uv": [11.25, 2.75, 11, 3.25], "texture": "#0"},
				"south": {"uv": [10.25, 5, 8.5, 5.5], "texture": "#0"},
				"west": {"uv": [11.25, 1.25, 11, 1.75], "texture": "#0"},
				"up": {"uv": [9.75, 7.75, 11.5, 7.5], "texture": "#0"},
				"down": {"uv": [9.75, 9.25, 11.5, 9.5], "texture": "#0"}
			}
		},
		{
			"from": [4.5, 10.1, 7],
			"to": [6.3, 12.3, 8.1],
			"rotation": {"x": 12.31594, "y": -2.15393, "z": 9.76758, "origin": [6, 10.6, 8]},
			"faces": {
				"north": {"uv": [11, 4.25, 10.5, 4.75], "texture": "#0"},
				"east": {"uv": [3.5, 11, 3.25, 11.5], "texture": "#0"},
				"south": {"uv": [11, 4.75, 10.5, 5.25], "texture": "#0"},
				"west": {"uv": [3.25, 11, 3, 11.5], "texture": "#0"},
				"up": {"uv": [11, 2, 11.5, 1.75], "texture": "#0"},
				"down": {"uv": [11, 3.25, 11.5, 3.5], "texture": "#0"}
			}
		},
		{
			"from": [9.5, 10.1, 7],
			"to": [11.3, 12.3, 8.1],
			"rotation": {"x": 12.31594, "y": -2.15393, "z": 9.76758, "origin": [6, 10.6, 8]},
			"faces": {
				"north": {"uv": [11, 5.25, 10.5, 5.75], "texture": "#0"},
				"east": {"uv": [11.25, 4, 11, 4.5], "texture": "#0"},
				"south": {"uv": [11, 5.75, 10.5, 6.25], "texture": "#0"},
				"west": {"uv": [11.25, 3.5, 11, 4], "texture": "#0"},
				"up": {"uv": [11, 4.75, 11.5, 4.5], "texture": "#0"},
				"down": {"uv": [11, 4.75, 11.5, 5], "texture": "#0"}
			}
		},
		{
			"from": [2.5, 14.3, 6.8],
			"to": [13.7, 16.4, 13.8],
			"rotation": {"x": 12.31594, "y": -2.15393, "z": 9.76758, "origin": [9, 8.6, 8]},
			"faces": {
				"north": {"uv": [10.25, 3.5, 7.5, 4], "texture": "#0"},
				"east": {"uv": [10.25, 7.75, 8.5, 8.25], "texture": "#0"},
				"south": {"uv": [10.25, 4, 7.5, 4.5], "texture": "#0"},
				"west": {"uv": [10.25, 5.5, 8.5, 6], "texture": "#0"},
				"up": {"uv": [0, 1.75, 2.75, 0], "texture": "#0"},
				"down": {"uv": [0, 1.75, 2.75, 3.5], "texture": "#0"}
			}
		},
		{
			"from": [6.5, 14, 6.1],
			"to": [12.3, 15.5, 7.8],
			"rotation": {"x": 12.39638, "y": 1.61888, "z": -7.32417, "origin": [7, 8.9, 8]},
			"faces": {
				"north": {"uv": [10.25, 3.5, 7.5, 4], "texture": "#0"},
				"east": {"uv": [10.25, 7.75, 8.5, 8.25], "texture": "#0"},
				"south": {"uv": [10.25, 4, 7.5, 4.5], "texture": "#0"},
				"west": {"uv": [10.25, 5.5, 8.5, 6], "texture": "#0"},
				"up": {"uv": [0, 1.75, 2.75, 0], "texture": "#0"},
				"down": {"uv": [0, 1.75, 2.75, 3.5], "texture": "#0"}
			}
		},
		{
			"from": [8.2, 14.4, 6],
			"to": [14.7, 15.9, 7.8],
			"rotation": {"x": 12.31594, "y": -2.15393, "z": 9.76758, "origin": [8.7, 9.3, 8]},
			"faces": {
				"north": {"uv": [10.25, 3.5, 7.5, 4], "texture": "#0"},
				"east": {"uv": [10.25, 7.75, 8.5, 8.25], "texture": "#0"},
				"south": {"uv": [10.25, 4, 7.5, 4.5], "texture": "#0"},
				"west": {"uv": [10.25, 5.5, 8.5, 6], "texture": "#0"},
				"up": {"uv": [0, 1.75, 2.75, 0], "texture": "#0"},
				"down": {"uv": [0, 1.75, 2.75, 3.5], "texture": "#0"}
			}
		},
		{
			"from": [10.2, 14.4, 6.2],
			"to": [15.9, 15.6, 7.8],
			"rotation": {"x": 10.59062, "y": -6.6782, "z": 31.88034, "origin": [8.7, 9.3, 8]},
			"faces": {
				"north": {"uv": [10.25, 3.5, 7.5, 4], "texture": "#0"},
				"east": {"uv": [10.25, 7.75, 8.5, 8.25], "texture": "#0"},
				"south": {"uv": [10.25, 4, 7.5, 4.5], "texture": "#0"},
				"west": {"uv": [10.25, 5.5, 8.5, 6], "texture": "#0"},
				"up": {"uv": [0, 1.75, 2.75, 0], "texture": "#0"},
				"down": {"uv": [0, 1.75, 2.75, 3.5], "texture": "#0"}
			}
		},
		{
			"from": [12.5, 14.5, 6.5],
			"to": [16.5, 16.2, 7.8],
			"rotation": {"x": 6.79287, "y": -10.51794, "z": 56.87402, "origin": [10.2, 9.4, 8]},
			"faces": {
				"north": {"uv": [10.25, 3.5, 7.5, 4], "texture": "#0"},
				"east": {"uv": [10.25, 7.75, 8.5, 8.25], "texture": "#0"},
				"south": {"uv": [10.25, 4, 7.5, 4.5], "texture": "#0"},
				"west": {"uv": [10.25, 5.5, 8.5, 6], "texture": "#0"},
				"up": {"uv": [0, 1.75, 2.75, 0], "texture": "#0"},
				"down": {"uv": [0, 1.75, 2.75, 3.5], "texture": "#0"}
			}
		},
		{
			"from": [2.6, 11.7, 6.8],
			"to": [3.8, 14.3, 9.7],
			"rotation": {"x": 12.31594, "y": -2.15393, "z": 9.76758, "origin": [9, 8.6, 8]},
			"faces": {
				"north": {"uv": [1.5, 10.75, 1.25, 11.75], "texture": "#0"},
				"east": {"uv": [3, 9, 2.25, 10], "texture": "#0"},
				"south": {"uv": [11, 2.75, 10.75, 3.75], "texture": "#0"},
				"west": {"uv": [2.25, 9, 1.5, 10], "texture": "#0"},
				"up": {"uv": [10.5, 7, 10.75, 6.25], "texture": "#0"},
				"down": {"uv": [10.75, 6.25, 11, 7], "texture": "#0"}
			}
		},
		{
			"from": [12.4, 11.5, 6.8],
			"to": [13.4, 14.3, 9.6],
			"rotation": {"x": 12.31594, "y": -2.15393, "z": 9.76758, "origin": [9, 8.6, 8]},
			"faces": {
				"north": {"uv": [6.75, 10.75, 6.5, 11.75], "texture": "#0"},
				"east": {"uv": [9.25, 9.25, 8.5, 10.25], "texture": "#0"},
				"south": {"uv": [7, 10.75, 6.75, 11.75], "texture": "#0"},
				"west": {"uv": [9.75, 2.5, 9, 3.5], "texture": "#0"},
				"up": {"uv": [7.5, 11.5, 7.75, 10.75], "texture": "#0"},
				"down": {"uv": [7.75, 10.75, 8, 11.5], "texture": "#0"}
			}
		},
		{
			"from": [2.6, 9.4, 11.6],
			"to": [13.4, 15.6, 13.4],
			"rotation": {"x": 12.31594, "y": -2.15393, "z": 9.76758, "origin": [9, 8.6, 8]},
			"faces": {
				"north": {"uv": [2.75, 3.5, 0, 5], "texture": "#0"},
				"east": {"uv": [9.75, 9.25, 9.25, 10.75], "texture": "#0"},
				"south": {"uv": [5.5, 3.5, 2.75, 5], "texture": "#0"},
				"west": {"uv": [3.5, 9, 3, 10.5], "texture": "#0"},
				"up": {"uv": [7.5, 6.75, 10.25, 6.25], "texture": "#0"},
				"down": {"uv": [7.5, 6.75, 10.25, 7.25], "texture": "#0"}
			}
		},
		{
			"from": [2.625, 13.4, 8.8],
			"to": [3.4, 14.3, 13.3],
			"rotation": {"x": 12.31594, "y": -2.15393, "z": 9.76758, "origin": [9, 8.6, 8]},
			"faces": {
				"north": {"uv": [3.75, 11.25, 3.5, 11.5], "texture": "#0"},
				"east": {"uv": [11.25, 0.25, 10, 0.5], "texture": "#0"},
				"south": {"uv": [11.5, 3.5, 11.25, 3.75], "texture": "#0"},
				"west": {"uv": [11.25, 0, 10, 0.25], "texture": "#0"},
				"up": {"uv": [10.25, 3.25, 10.5, 2], "texture": "#0"},
				"down": {"uv": [10.25, 3.25, 10.5, 4.5], "texture": "#0"}
			}
		},
		{
			"from": [4.2, 9.1, 11.6],
			"to": [11.8, 15.6, 13.65],
			"rotation": {"x": 12.31594, "y": -2.15393, "z": 9.76758, "origin": [9, 8.6, 8]},
			"faces": {
				"north": {"uv": [7.25, 1.5, 5.25, 3], "texture": "#0"},
				"east": {"uv": [1, 9.5, 0.5, 11], "texture": "#0"},
				"south": {"uv": [7.5, 3, 5.5, 4.5], "texture": "#0"},
				"west": {"uv": [0.5, 9.5, 0, 11], "texture": "#0"},
				"up": {"uv": [7.75, 1, 9.75, 0.5], "texture": "#0"},
				"down": {"uv": [7.75, 1, 9.75, 1.5], "texture": "#0"}
			}
		},
		{
			"from": [12.625, 13.1, 8.8],
			"to": [13.3, 14.3, 13.3],
			"rotation": {"x": 12.31594, "y": -2.15393, "z": 9.76758, "origin": [9, 8.6, 8]},
			"faces": {
				"north": {"uv": [4, 11.25, 3.75, 11.5], "texture": "#0"},
				"east": {"uv": [11.25, 9, 10, 9.25], "texture": "#0"},
				"south": {"uv": [11.5, 3.75, 11.25, 4], "texture": "#0"},
				"west": {"uv": [11.25, 8.75, 10, 9], "texture": "#0"},
				"up": {"uv": [10.25, 5.75, 10.5, 4.5], "texture": "#0"},
				"down": {"uv": [10.25, 5.75, 10.5, 7], "texture": "#0"}
			}
		},
		{
			"from": [3.3, 15.3, 7.1],
			"to": [12.7, 16.9, 13.65],
			"rotation": {"x": 12.31594, "y": -2.15393, "z": 9.76758, "origin": [9, 8.6, 8]},
			"faces": {
				"north": {"uv": [9.75, 7.25, 7.5, 7.75], "texture": "#0"},
				"east": {"uv": [10.5, 1.5, 8.75, 2], "texture": "#0"},
				"south": {"uv": [10, 0, 7.75, 0.5], "texture": "#0"},
				"west": {"uv": [10.25, 8.25, 8.5, 8.75], "texture": "#0"},
				"up": {"uv": [0, 6.75, 2.25, 5], "texture": "#0"},
				"down": {"uv": [2.25, 5, 4.5, 6.75], "texture": "#0"}
			}
		}
	],
	"display": {
		"thirdperson_righthand": {
			"rotation": [51.39, 1.35, -12.48],
			"translation": [-5.75, 1, 2],
			"scale": [0.94, 0.94, 0.94]
		},
		"thirdperson_lefthand": {
			"rotation": [51.39, 1.35, -12.48],
			"translation": [-5.75, 1, 2],
			"scale": [0.94, 0.94, 0.94]
		},
		"firstperson_righthand": {
			"scale": [0.69, 0.69, 0.69]
		},
		"firstperson_lefthand": {
			"scale": [0.69, 0.69, 0.69]
		},
		"ground": {
			"translation": [0, 3.25, 0]
		},
		"gui": {
			"rotation": [-180, 3, -180],
			"translation": [0, -2.5, 0],
			"scale": [0.9, 0.9, 0.9]
		},
		"head": {
			"translation": [0, 12.5, 0]
		},
		"fixed": {
			"rotation": [-94.25, 0, 0],
			"translation": [0, -0.25, -15],
			"scale": [2.61, 2.61, 2.61]
		},
		"on_shelf": {
			"rotation": [-180, 1, -180]
		}
	}
}
