{
	"format_version": "1.21.11",
	"credit": "Made with Blockbench",
	"texture_size": [32, 32],
	"textures": {
		"0": "garysinspace:item/duck2",
		"particle": "garysinspace:item/duck2"
	},
	"elements": [
		{
			"from": [5, 0, 4.8],
			"to": [11, 3, 13],
			"rotation": {"angle": 0, "axis": "y", "origin": [10, 0, 5]},
			"faces": {
				"north": {"uv": [0, 8.5, 3, 10], "texture": "#0"},
				"east": {"uv": [6, 2, 10, 3.5], "texture": "#0"},
				"south": {"uv": [9, 6, 12, 7.5], "texture": "#0"},
				"west": {"uv": [5, 6, 9, 7.5], "texture": "#0"},
				"up": {"uv": [3, 4, 0, 0], "texture": "#0"},
				"down": {"uv": [6, 0, 3, 4], "texture": "#0"}
			}
		},
		{
			"from": [4.1, 0.3, 6.2],
			"to": [5, 2.3, 10.9],
			"rotation": {"angle": -12.5, "axis": "x", "origin": [4, 0, 5.5]},
			"faces": {
				"north": {"uv": [4.5, 10.5, 5, 11.5], "texture": "#0"},
				"east": {"uv": [10, 2, 12.5, 3], "texture": "#0"},
				"south": {"uv": [12.5, 9, 13, 10], "texture": "#0"},
				"west": {"uv": [10, 7.5, 12.5, 8.5], "texture": "#0"},
				"up": {"uv": [10.5, 14, 10, 11.5], "texture": "#0"},
				"down": {"uv": [11, 11.5, 10.5, 14], "texture": "#0"}
			}
		},
		{
			"from": [6.5, 1.5, 4.1],
			"to": [9.5, 5.8, 6.5],
			"rotation": {"angle": 0, "axis": "y", "origin": [10, 0, 1]},
			"faces": {
				"north": {"uv": [0, 10, 1.5, 12], "texture": "#0"},
				"east": {"uv": [8, 11.5, 9, 13.5], "texture": "#0"},
				"south": {"uv": [1.5, 10, 3, 12], "texture": "#0"},
				"west": {"uv": [9, 11.5, 10, 13.5], "texture": "#0"},
				"up": {"uv": [13, 6, 11.5, 5], "texture": "#0"},
				"down": {"uv": [1.5, 12, 0, 13], "texture": "#0"}
			}
		},
		{
			"from": [6.4, 4.9, 3.5],
			"to": [9.6, 7.2, 6.6],
			"rotation": {"angle": 0, "axis": "y", "origin": [10, 3.4, 1]},
			"faces": {
				"north": {"uv": [1.5, 12, 3, 13], "texture": "#0"},
				"east": {"uv": [3, 12, 4.5, 13], "texture": "#0"},
				"south": {"uv": [4.5, 12, 6, 13], "texture": "#0"},
				"west": {"uv": [6, 12, 7.5, 13], "texture": "#0"},
				"up": {"uv": [4.5, 12, 3, 10.5], "texture": "#0"},
				"down": {"uv": [12.5, 9.5, 11, 11], "texture": "#0"}
			}
		},
		{
			"from": [6.9, 4.9, 2.2],
			"to": [9.1, 5.9, 4.7],
			"rotation": {"angle": 0, "axis": "y", "origin": [10, 3.4, 1]},
			"faces": {
				"north": {"uv": [8.5, 3.5, 9.5, 4], "texture": "#0"},
				"east": {"uv": [12.5, 7.5, 13.5, 8], "texture": "#0"},
				"south": {"uv": [12.5, 8, 13.5, 8.5], "texture": "#0"},
				"west": {"uv": [12.5, 8.5, 13.5, 9], "texture": "#0"},
				"up": {"uv": [12.5, 13, 11.5, 12], "texture": "#0"},
				"down": {"uv": [13.5, 1, 12.5, 2], "texture": "#0"}
			}
		},
		{
			"from": [5.5, 0.1, 5],
			"to": [10.5, 4, 13.7],
			"rotation": {"angle": 0, "axis": "y", "origin": [10, 0, 5]},
			"faces": {
				"north": {"uv": [5, 7.5, 7.5, 9.5], "texture": "#0"},
				"east": {"uv": [5, 4, 9.5, 6], "texture": "#0"},
				"south": {"uv": [7.5, 7.5, 10, 9.5], "texture": "#0"},
				"west": {"uv": [6, 0, 10.5, 2], "texture": "#0"},
				"up": {"uv": [2.5, 8.5, 0, 4], "texture": "#0"},
				"down": {"uv": [5, 4, 2.5, 8.5], "texture": "#0"}
			}
		},
		{
			"from": [6, -2, 13],
			"to": [10, 0.4, 17],
			"rotation": {"angle": -35, "axis": "x", "origin": [10, -2, 9]},
			"faces": {
				"north": {"uv": [10.5, 1, 12.5, 2], "texture": "#0"},
				"east": {"uv": [11, 11, 13, 12], "texture": "#0"},
				"south": {"uv": [11.5, 3, 13.5, 4], "texture": "#0"},
				"west": {"uv": [11.5, 4, 13.5, 5], "texture": "#0"},
				"up": {"uv": [5, 10.5, 3, 8.5], "texture": "#0"},
				"down": {"uv": [11.5, 3.5, 9.5, 5.5], "texture": "#0"}
			}
		},
		{
			"from": [6.4, -1.2, 15.5],
			"to": [9.6, 0.2, 19.5],
			"rotation": {"x": -47.5, "y": 0, "z": 0, "origin": [10, -2.3, 11.5]},
			"faces": {
				"north": {"uv": [10, 3, 11.5, 3.5], "texture": "#0"},
				"east": {"uv": [9.5, 5.5, 11.5, 6], "texture": "#0"},
				"south": {"uv": [12, 7, 13.5, 7.5], "texture": "#0"},
				"west": {"uv": [12, 6.5, 14, 7], "texture": "#0"},
				"up": {"uv": [9.5, 11.5, 8, 9.5], "texture": "#0"},
				"down": {"uv": [11, 9.5, 9.5, 11.5], "texture": "#0"}
			}
		},
		{
			"from": [6.7, -0.8, 15.5],
			"to": [9.3, -0.2, 20.5],
			"rotation": {"x": -47.5, "y": 0, "z": 0, "origin": [10, -2.3, 11.5]},
			"faces": {
				"north": {"uv": [12.5, 2, 14, 2.5], "texture": "#0"},
				"east": {"uv": [6, 3.5, 8.5, 4], "texture": "#0"},
				"south": {"uv": [12.5, 2.5, 14, 3], "texture": "#0"},
				"west": {"uv": [12, 6, 14.5, 6.5], "texture": "#0"},
				"up": {"uv": [6.5, 12, 5, 9.5], "texture": "#0"},
				"down": {"uv": [8, 9.5, 6.5, 12], "texture": "#0"}
			}
		},
		{
			"from": [11, 0.3, 6.2],
			"to": [11.9, 2.3, 10.9],
			"rotation": {"angle": -12.5, "axis": "x", "origin": [12, 0, 5.5]},
			"faces": {
				"north": {"uv": [12.5, 10, 13, 11], "texture": "#0"},
				"east": {"uv": [10, 8.5, 12.5, 9.5], "texture": "#0"},
				"south": {"uv": [12.5, 12, 13, 13], "texture": "#0"},
				"west": {"uv": [10.5, 0, 13, 1], "texture": "#0"},
				"up": {"uv": [8, 14.5, 7.5, 12], "texture": "#0"},
				"down": {"uv": [11.5, 12, 11, 14.5], "texture": "#0"}
			}
		}
	],
	"display": {
		"thirdperson_righthand": {
			"rotation": [69.18, 42.75, -1.2],
			"translation": [-0.75, 1.25, 4.25]
		},
		"thirdperson_lefthand": {
			"rotation": [69.18, 42.75, -1.2],
			"translation": [-0.75, 1.25, 4.25]
		},
		"firstperson_righthand": {
			"translation": [0, 4.25, 0]
		},
		"firstperson_lefthand": {
			"translation": [0, 4.25, 0]
		},
		"ground": {
			"translation": [0, 5, 0]
		},
		"gui": {
			"rotation": [-180, 69, -180],
			"translation": [-1.25, 1.75, 0],
			"scale": [1.04, 1.04, 1.04]
		},
		"head": {
			"translation": [0, 14.25, 0]
		},
		"fixed": {
			"rotation": [-89.75, 0, 0],
			"translation": [0, -3, -17.5],
			"scale": [2.75, 2.75, 2.75]
		},
		"on_shelf": {
			"rotation": [0, 87.25, 0]
		}
	}
}
