{
	"format_version": "1.21.11",
	"credit": "Made with Blockbench",
	"texture_size": [64, 64],
	"textures": {
		"0": "garysinspace:item/eskel",
		"particle": "garysinspace:item/eskel"
	},
	"elements": [
		{
			"from": [5, 4.2, 6.5],
			"to": [11, 11.2, 10.5],
			"rotation": {"angle": 12.5, "axis": "x", "origin": [7, 4.2, 6.5]},
			"faces": {
				"north": {"uv": [4.5, 6.5, 6, 8.25], "texture": "#0"},
				"east": {"uv": [3, 6.75, 4, 8.5], "texture": "#0"},
				"south": {"uv": [6, 6.5, 7.5, 8.25], "texture": "#0"},
				"west": {"uv": [7, 4.5, 8, 6.25], "texture": "#0"},
				"up": {"uv": [8.75, 2.5, 7.25, 1.5], "texture": "#0"},
				"down": {"uv": [9, 2.5, 7.5, 3.5], "texture": "#0"}
			}
		},
		{
			"from": [7, 4, 10.5],
			"to": [9, 5, 14.5],
			"rotation": {"x": 0.1805, "y": 27.30844, "z": -3.37253, "origin": [7, 4, 10.5]},
			"faces": {
				"north": {"uv": [7, 6.25, 7.5, 6.5], "texture": "#0"},
				"east": {"uv": [10.25, 7, 11.25, 7.25], "texture": "#0"},
				"south": {"uv": [10.75, 7.75, 11.25, 8], "texture": "#0"},
				"west": {"uv": [10.5, 2, 11.5, 2.25], "texture": "#0"},
				"up": {"uv": [8.5, 10.5, 8, 9.5], "texture": "#0"},
				"down": {"uv": [10.25, 0.5, 9.75, 1.5], "texture": "#0"}
			}
		},
		{
			"from": [8.9, 3.9, 13.7],
			"to": [10.1, 4.5, 17.7],
			"rotation": {"x": -1.75715, "y": 57.6342, "z": -0.91149, "origin": [8.7, 3.5, 13.7]},
			"faces": {
				"north": {"uv": [8.5, 11, 8.75, 11.25], "texture": "#0"},
				"east": {"uv": [10.5, 2.25, 11.5, 2.5], "texture": "#0"},
				"south": {"uv": [8.75, 11, 9, 11.25], "texture": "#0"},
				"west": {"uv": [10.5, 2.5, 11.5, 2.75], "texture": "#0"},
				"up": {"uv": [9.25, 11.25, 9, 10.25], "texture": "#0"},
				"down": {"uv": [10.75, 2.75, 10.5, 3.75], "texture": "#0"}
			}
		},
		{
			"from": [11.1, 4, 16.9],
			"to": [11.8, 4.5, 18.8],
			"rotation": {"x": -10.98063, "y": 85.05631, "z": -10.36796, "origin": [10.7, 3.5, 15.7]},
			"faces": {
				"north": {"uv": [9.25, 11, 9.5, 11.25], "texture": "#0"},
				"east": {"uv": [10.75, 8, 11.25, 8.25], "texture": "#0"},
				"south": {"uv": [9.5, 11, 9.75, 11.25], "texture": "#0"},
				"west": {"uv": [10.75, 8.25, 11.25, 8.5], "texture": "#0"},
				"up": {"uv": [5.5, 3.5, 5.25, 3], "texture": "#0"},
				"down": {"uv": [7.5, 2.5, 7.25, 3], "texture": "#0"}
			}
		},
		{
			"from": [12.3, 3.7, 16.9],
			"to": [14.2, 4.8, 18.8],
			"rotation": {"x": -10.98063, "y": 85.05631, "z": -10.36796, "origin": [12.5, 3.5, 15.7]},
			"faces": {
				"north": {"uv": [8.5, 10.75, 9, 11], "texture": "#0"},
				"east": {"uv": [10.75, 8.5, 11.25, 8.75], "texture": "#0"},
				"south": {"uv": [9.25, 10.75, 9.75, 11], "texture": "#0"},
				"west": {"uv": [10.75, 9.5, 11.25, 9.75], "texture": "#0"},
				"up": {"uv": [3.5, 11, 3, 10.5], "texture": "#0"},
				"down": {"uv": [11, 3.75, 10.5, 4.25], "texture": "#0"}
			}
		},
		{
			"from": [12.8, 4.4, 7.5],
			"to": [15.2, 11.4, 9.5],
			"rotation": {"x": 9.97528, "y": -7.57131, "z": 36.83829, "origin": [13, 4.4, 6.5]},
			"faces": {
				"north": {"uv": [4, 6.75, 4.5, 8.5], "texture": "#0"},
				"east": {"uv": [7.5, 7.75, 8, 9.5], "texture": "#0"},
				"south": {"uv": [8, 4.5, 8.5, 6.25], "texture": "#0"},
				"west": {"uv": [8, 7.75, 8.5, 9.5], "texture": "#0"},
				"up": {"uv": [9, 10.75, 8.5, 10.25], "texture": "#0"},
				"down": {"uv": [10.75, 9.5, 10.25, 10], "texture": "#0"}
			}
		},
		{
			"from": [8.6, 3.9, 2],
			"to": [10.9, 5.9, 7.5],
			"rotation": {"angle": -25, "axis": "y", "origin": [7, 4.2, 6.5]},
			"faces": {
				"north": {"uv": [10.25, 0.5, 10.75, 1], "texture": "#0"},
				"east": {"uv": [5.5, 4.5, 7, 5], "texture": "#0"},
				"south": {"uv": [10.25, 1, 10.75, 1.5], "texture": "#0"},
				"west": {"uv": [8.75, 2, 10.25, 2.5], "texture": "#0"},
				"up": {"uv": [7, 9.75, 6.5, 8.25], "texture": "#0"},
				"down": {"uv": [7.5, 8.25, 7, 9.75], "texture": "#0"}
			}
		},
		{
			"from": [3, 10.6, 7],
			"to": [13, 17.6, 13],
			"rotation": {"x": 12.31594, "y": 2.15393, "z": -9.76758, "origin": [7, 10.6, 8]},
			"faces": {
				"north": {"uv": [2.75, 0, 5.25, 1.75], "texture": "#0"},
				"east": {"uv": [0, 6.75, 1.5, 8.5], "texture": "#0"},
				"south": {"uv": [2.75, 1.75, 5.25, 3.5], "texture": "#0"},
				"west": {"uv": [1.5, 6.75, 3, 8.5], "texture": "#0"},
				"up": {"uv": [7, 6.5, 4.5, 5], "texture": "#0"},
				"down": {"uv": [7.75, 0, 5.25, 1.5], "texture": "#0"}
			}
		},
		{
			"from": [2.6, 11.4, 11.6],
			"to": [13.4, 17.6, 13.4],
			"rotation": {"x": 12.31594, "y": 2.15393, "z": -9.76758, "origin": [7, 10.6, 8]},
			"faces": {
				"north": {"uv": [0, 3.5, 2.75, 5], "texture": "#0"},
				"east": {"uv": [3, 9, 3.5, 10.5], "texture": "#0"},
				"south": {"uv": [2.75, 3.5, 5.5, 5], "texture": "#0"},
				"west": {"uv": [9.25, 9.25, 9.75, 10.75], "texture": "#0"},
				"up": {"uv": [10.25, 6.75, 7.5, 6.25], "texture": "#0"},
				"down": {"uv": [10.25, 6.75, 7.5, 7.25], "texture": "#0"}
			}
		},
		{
			"from": [4.2, 11.1, 11.6],
			"to": [11.8, 17.6, 13.65],
			"rotation": {"x": 12.31594, "y": 2.15393, "z": -9.76758, "origin": [7, 10.6, 8]},
			"faces": {
				"north": {"uv": [5.25, 1.5, 7.25, 3], "texture": "#0"},
				"east": {"uv": [0, 9.5, 0.5, 11], "texture": "#0"},
				"south": {"uv": [5.5, 3, 7.5, 4.5], "texture": "#0"},
				"west": {"uv": [0.5, 9.5, 1, 11], "texture": "#0"},
				"up": {"uv": [9.75, 1, 7.75, 0.5], "texture": "#0"},
				"down": {"uv": [9.75, 1, 7.75, 1.5], "texture": "#0"}
			}
		},
		{
			"from": [3.3, 17.3, 7.1],
			"to": [12.7, 18.9, 13.65],
			"rotation": {"x": 12.31594, "y": 2.15393, "z": -9.76758, "origin": [7, 10.6, 8]},
			"faces": {
				"north": {"uv": [7.5, 7.25, 9.75, 7.75], "texture": "#0"},
				"east": {"uv": [8.5, 8.25, 10.25, 8.75], "texture": "#0"},
				"south": {"uv": [7.75, 0, 10, 0.5], "texture": "#0"},
				"west": {"uv": [8.75, 1.5, 10.5, 2], "texture": "#0"},
				"up": {"uv": [2.25, 6.75, 0, 5], "texture": "#0"},
				"down": {"uv": [4.5, 5, 2.25, 6.75], "texture": "#0"}
			}
		},
		{
			"from": [2.3, 16.3, 6.8],
			"to": [13.5, 18.4, 13.8],
			"rotation": {"x": 12.31594, "y": 2.15393, "z": -9.76758, "origin": [7, 10.6, 8]},
			"faces": {
				"north": {"uv": [7.5, 3.5, 10.25, 4], "texture": "#0"},
				"east": {"uv": [8.5, 5.5, 10.25, 6], "texture": "#0"},
				"south": {"uv": [7.5, 4, 10.25, 4.5], "texture": "#0"},
				"west": {"uv": [8.5, 7.75, 10.25, 8.25], "texture": "#0"},
				"up": {"uv": [2.75, 1.75, 0, 0], "texture": "#0"},
				"down": {"uv": [2.75, 1.75, 0, 3.5], "texture": "#0"}
			}
		},
		{
			"from": [12.6, 15.4, 8.8],
			"to": [13.375, 16.3, 13.3],
			"rotation": {"x": 12.31594, "y": 2.15393, "z": -9.76758, "origin": [7, 10.6, 8]},
			"faces": {
				"north": {"uv": [3.5, 11.25, 3.75, 11.5], "texture": "#0"},
				"east": {"uv": [10, 0, 11.25, 0.25], "texture": "#0"},
				"south": {"uv": [11.25, 3.5, 11.5, 3.75], "texture": "#0"},
				"west": {"uv": [10, 0.25, 11.25, 0.5], "texture": "#0"},
				"up": {"uv": [10.5, 3.25, 10.25, 2], "texture": "#0"},
				"down": {"uv": [10.5, 3.25, 10.25, 4.5], "texture": "#0"}
			}
		},
		{
			"from": [2.7, 15.1, 8.8],
			"to": [3.375, 16.3, 13.3],
			"rotation": {"x": 12.31594, "y": 2.15393, "z": -9.76758, "origin": [7, 10.6, 8]},
			"faces": {
				"north": {"uv": [3.75, 11.25, 4, 11.5], "texture": "#0"},
				"east": {"uv": [10, 8.75, 11.25, 9], "texture": "#0"},
				"south": {"uv": [11.25, 3.75, 11.5, 4], "texture": "#0"},
				"west": {"uv": [10, 9, 11.25, 9.25], "texture": "#0"},
				"up": {"uv": [10.5, 5.75, 10.25, 4.5], "texture": "#0"},
				"down": {"uv": [10.5, 5.75, 10.25, 7], "texture": "#0"}
			}
		},
		{
			"from": [12.2, 12.1, 6.8],
			"to": [13.4, 16.3, 9.7],
			"rotation": {"x": 12.31594, "y": 2.15393, "z": -9.76758, "origin": [7, 10.6, 8]},
			"faces": {
				"north": {"uv": [1.25, 10.75, 1.5, 11.75], "texture": "#0"},
				"east": {"uv": [1.5, 9, 2.25, 10], "texture": "#0"},
				"south": {"uv": [10.75, 2.75, 11, 3.75], "texture": "#0"},
				"west": {"uv": [2.25, 9, 3, 10], "texture": "#0"},
				"up": {"uv": [10.75, 7, 10.5, 6.25], "texture": "#0"},
				"down": {"uv": [11, 6.25, 10.75, 7], "texture": "#0"}
			}
		},
		{
			"from": [2.6, 12.1, 6.8],
			"to": [3.6, 16.3, 9.6],
			"rotation": {"x": 12.31594, "y": 2.15393, "z": -9.76758, "origin": [7, 10.6, 8]},
			"faces": {
				"north": {"uv": [6.5, 10.75, 6.75, 11.75], "texture": "#0"},
				"east": {"uv": [9, 2.5, 9.75, 3.5], "texture": "#0"},
				"south": {"uv": [6.75, 10.75, 7, 11.75], "texture": "#0"},
				"west": {"uv": [8.5, 9.25, 9.25, 10.25], "texture": "#0"},
				"up": {"uv": [7.75, 11.5, 7.5, 10.75], "texture": "#0"},
				"down": {"uv": [8, 10.75, 7.75, 11.5], "texture": "#0"}
			}
		},
		{
			"from": [9.2, 11.8, 9.4],
			"to": [16.2, 13.8, 10.6],
			"rotation": {"x": 7.0732, "y": -30.37069, "z": -2.83058, "origin": [13.2, 9.3, 8]},
			"faces": {
				"north": {"uv": [0, 8.5, 1.75, 9], "texture": "#0"},
				"east": {"uv": [10.75, 9.75, 11, 10.25], "texture": "#0"},
				"south": {"uv": [1.75, 8.5, 3.5, 9], "texture": "#0"},
				"west": {"uv": [10, 10.75, 10.25, 11.25], "texture": "#0"},
				"up": {"uv": [10.25, 6.25, 8.5, 6], "texture": "#0"},
				"down": {"uv": [11.5, 7.25, 9.75, 7.5], "texture": "#0"}
			}
		},
		{
			"from": [15.7, 12.6, 9.6],
			"to": [17.6, 13.6, 10.4],
			"rotation": {"x": 7.0732, "y": -30.37069, "z": -2.83058, "origin": [13.2, 9.3, 8]},
			"faces": {
				"north": {"uv": [10.75, 10.25, 11.25, 10.5], "texture": "#0"},
				"east": {"uv": [11, 11, 11.25, 11.25], "texture": "#0"},
				"south": {"uv": [10.75, 10.5, 11.25, 10.75], "texture": "#0"},
				"west": {"uv": [0, 11.25, 0.25, 11.5], "texture": "#0"},
				"up": {"uv": [11.25, 11, 10.75, 10.75], "texture": "#0"},
				"down": {"uv": [0.5, 11, 0, 11.25], "texture": "#0"}
			}
		},
		{
			"from": [-0.2, 12.1, 13.2],
			"to": [6.8, 14.1, 14.4],
			"rotation": {"x": 172.12779, "y": -29.87725, "z": 157.02945, "origin": [3.8, 9.6, 11.8]},
			"faces": {
				"north": {"uv": [8.5, 4.5, 10.25, 5], "texture": "#0"},
				"east": {"uv": [11, 1.25, 11.25, 1.75], "texture": "#0"},
				"south": {"uv": [8.5, 5, 10.25, 5.5], "texture": "#0"},
				"west": {"uv": [11, 2.75, 11.25, 3.25], "texture": "#0"},
				"up": {"uv": [11.5, 7.75, 9.75, 7.5], "texture": "#0"},
				"down": {"uv": [11.5, 9.25, 9.75, 9.5], "texture": "#0"}
			}
		},
		{
			"from": [6.3, 12.9, 13.4],
			"to": [8.2, 13.9, 14.2],
			"rotation": {"x": 172.12779, "y": -29.87725, "z": 157.02945, "origin": [3.8, 9.6, 11.8]},
			"faces": {
				"north": {"uv": [0.5, 11, 1, 11.25], "texture": "#0"},
				"east": {"uv": [11.25, 0, 11.5, 0.25], "texture": "#0"},
				"south": {"uv": [11, 0.5, 11.5, 0.75], "texture": "#0"},
				"west": {"uv": [0.25, 11.25, 0.5, 11.5], "texture": "#0"},
				"up": {"uv": [11.5, 1, 11, 0.75], "texture": "#0"},
				"down": {"uv": [11.5, 1, 11, 1.25], "texture": "#0"}
			}
		},
		{
			"from": [11.2, 15.6, 7],
			"to": [12.5, 20.3, 8.1],
			"rotation": {"x": 12.31594, "y": 2.15393, "z": -9.76758, "origin": [11, 15.6, 8]},
			"faces": {
				"north": {"uv": [2.75, 10, 3, 11.25], "texture": "#0"},
				"east": {"uv": [3.5, 10, 3.75, 11.25], "texture": "#0"},
				"south": {"uv": [3.75, 10, 4, 11.25], "texture": "#0"},
				"west": {"uv": [4, 10, 4.25, 11.25], "texture": "#0"},
				"up": {"uv": [10, 11.25, 9.75, 11], "texture": "#0"},
				"down": {"uv": [11.25, 9.75, 11, 10], "texture": "#0"}
			}
		},
		{
			"from": [9.7, 11.6, 7],
			"to": [11.5, 14.3, 8.1],
			"rotation": {"x": 12.31594, "y": 2.15393, "z": -9.76758, "origin": [10, 12.6, 8]},
			"faces": {
				"north": {"uv": [10.5, 4.25, 11, 4.75], "texture": "#0"},
				"east": {"uv": [3, 11, 3.25, 11.5], "texture": "#0"},
				"south": {"uv": [10.5, 4.75, 11, 5.25], "texture": "#0"},
				"west": {"uv": [3.25, 11, 3.5, 11.5], "texture": "#0"},
				"up": {"uv": [11.5, 2, 11, 1.75], "texture": "#0"},
				"down": {"uv": [11.5, 3.25, 11, 3.5], "texture": "#0"}
			}
		},
		{
			"from": [4.7, 11.6, 7],
			"to": [6.5, 14.3, 8.1],
			"rotation": {"x": 12.31594, "y": 2.15393, "z": -9.76758, "origin": [10, 12.6, 8]},
			"faces": {
				"north": {"uv": [10.5, 5.25, 11, 5.75], "texture": "#0"},
				"east": {"uv": [11, 3.5, 11.25, 4], "texture": "#0"},
				"south": {"uv": [10.5, 5.75, 11, 6.25], "texture": "#0"},
				"west": {"uv": [11, 4, 11.25, 4.5], "texture": "#0"},
				"up": {"uv": [11.5, 4.75, 11, 4.5], "texture": "#0"},
				"down": {"uv": [11.5, 4.75, 11, 5], "texture": "#0"}
			}
		},
		{
			"from": [5.2, 15.6, 7],
			"to": [6.5, 20.3, 8.1],
			"rotation": {"x": 12.31594, "y": 2.15393, "z": -9.76758, "origin": [11, 15.6, 8]},
			"faces": {
				"north": {"uv": [4.25, 10, 4.5, 11.25], "texture": "#0"},
				"east": {"uv": [4.5, 10, 4.75, 11.25], "texture": "#0"},
				"south": {"uv": [4.75, 10, 5, 11.25], "texture": "#0"},
				"west": {"uv": [5, 10, 5.25, 11.25], "texture": "#0"},
				"up": {"uv": [11.25, 10.25, 11, 10], "texture": "#0"},
				"down": {"uv": [11, 11, 10.75, 11.25], "texture": "#0"}
			}
		},
		{
			"from": [8.2, 12.8, 6],
			"to": [9.5, 17.5, 7.7],
			"rotation": {"x": 12.31594, "y": 2.15393, "z": -9.76758, "origin": [14, 12.8, 7.6]},
			"faces": {
				"north": {"uv": [5.25, 10, 5.5, 11.25], "texture": "#0"},
				"east": {"uv": [1, 9.5, 1.5, 10.75], "texture": "#0"},
				"south": {"uv": [5.5, 10, 5.75, 11.25], "texture": "#0"},
				"west": {"uv": [7.5, 9.5, 8, 10.75], "texture": "#0"},
				"up": {"uv": [11.25, 5.5, 11, 5], "texture": "#0"},
				"down": {"uv": [11.25, 5.5, 11, 6], "texture": "#0"}
			}
		},
		{
			"from": [7.4, 13.8, 6.1],
			"to": [8.4, 17.8, 7.9],
			"rotation": {"x": 12.31594, "y": 2.15393, "z": -9.76758, "origin": [13, 13.8, 7.6]},
			"faces": {
				"north": {"uv": [8, 10.5, 8.25, 11.5], "texture": "#0"},
				"east": {"uv": [9.75, 2.5, 10.25, 3.5], "texture": "#0"},
				"south": {"uv": [8.25, 10.5, 8.5, 11.5], "texture": "#0"},
				"west": {"uv": [6.5, 9.75, 7, 10.75], "texture": "#0"},
				"up": {"uv": [11.25, 6.5, 11, 6], "texture": "#0"},
				"down": {"uv": [11.25, 6.5, 11, 7], "texture": "#0"}
			}
		},
		{
			"from": [1.7, 9.8, 5],
			"to": [2.7, 15.8, 6.1],
			"rotation": {"x": 18.12752, "y": 16.95595, "z": -61.05528, "origin": [7.3, 11.8, 6]},
			"faces": {
				"north": {"uv": [7, 9.75, 7.25, 11.25], "texture": "#0"},
				"east": {"uv": [7.25, 9.75, 7.5, 11.25], "texture": "#0"},
				"south": {"uv": [9.75, 9.5, 10, 11], "texture": "#0"},
				"west": {"uv": [1.5, 10, 1.75, 11.5], "texture": "#0"},
				"up": {"uv": [11.5, 0.5, 11.25, 0.25], "texture": "#0"},
				"down": {"uv": [0.75, 11.25, 0.5, 11.5], "texture": "#0"}
			}
		},
		{
			"from": [10.3, 16, 8.5],
			"to": [11.6, 22.2, 9.6],
			"rotation": {"x": 10.73001, "y": -22.29685, "z": 44.09989, "origin": [16.2, 18.2, 9.5]},
			"faces": {
				"north": {"uv": [1.75, 10, 2, 11.5], "texture": "#0"},
				"east": {"uv": [2, 10, 2.25, 11.5], "texture": "#0"},
				"south": {"uv": [2.25, 10, 2.5, 11.5], "texture": "#0"},
				"west": {"uv": [2.5, 10, 2.75, 11.5], "texture": "#0"},
				"up": {"uv": [1, 11.5, 0.75, 11.25], "texture": "#0"},
				"down": {"uv": [11.5, 1.25, 11.25, 1.5], "texture": "#0"}
			}
		},
		{
			"from": [5.3, 22.7, 8.7],
			"to": [6.6, 27.2, 9.3],
			"rotation": {"x": 10.95378, "y": -20.43457, "z": 106.26444, "origin": [11.2, 23.2, 9.5]},
			"faces": {
				"north": {"uv": [5.75, 10, 6, 11.25], "texture": "#0"},
				"east": {"uv": [6, 10, 6.25, 11.25], "texture": "#0"},
				"south": {"uv": [6.25, 10, 6.5, 11.25], "texture": "#0"},
				"west": {"uv": [10, 9.5, 10.25, 10.75], "texture": "#0"},
				"up": {"uv": [11.5, 1.75, 11.25, 1.5], "texture": "#0"},
				"down": {"uv": [3, 11.25, 2.75, 11.5], "texture": "#0"}
			}
		},
		{
			"from": [2.6, 24.2, 8.9],
			"to": [3.9, 27.9, 9.5],
			"rotation": {"x": 3.81142, "y": -12.76152, "z": 125.65087, "origin": [8.5, 23.9, 9.7]},
			"faces": {
				"north": {"uv": [10.25, 10.5, 10.5, 11.5], "texture": "#0"},
				"east": {"uv": [10.5, 10.5, 10.75, 11.5], "texture": "#0"},
				"south": {"uv": [10.75, 0.5, 11, 1.5], "texture": "#0"},
				"west": {"uv": [1, 10.75, 1.25, 11.75], "texture": "#0"},
				"up": {"uv": [11.5, 3, 11.25, 2.75], "texture": "#0"},
				"down": {"uv": [11.5, 3, 11.25, 3.25], "texture": "#0"}
			}
		},
		{
			"from": [5.1, 3.9, 2],
			"to": [7.4, 5.9, 7.5],
			"rotation": {"angle": 25, "axis": "y", "origin": [9, 4.2, 6.5]},
			"faces": {
				"north": {"uv": [10.25, 7.75, 10.75, 8.25], "texture": "#0"},
				"east": {"uv": [8.5, 8.75, 10, 9.25], "texture": "#0"},
				"south": {"uv": [10.25, 8.25, 10.75, 8.75], "texture": "#0"},
				"west": {"uv": [0, 9, 1.5, 9.5], "texture": "#0"},
				"up": {"uv": [4, 10, 3.5, 8.5], "texture": "#0"},
				"down": {"uv": [4.5, 8.5, 4, 10], "texture": "#0"}
			}
		},
		{
			"from": [0.8, 4.2, 7.5],
			"to": [3.2, 11.2, 9.5],
			"rotation": {"x": 10.86815, "y": 6.21271, "z": -29.40842, "origin": [3, 4.2, 6.5]},
			"faces": {
				"north": {"uv": [4.5, 8.25, 5, 10], "texture": "#0"},
				"east": {"uv": [5, 8.25, 5.5, 10], "texture": "#0"},
				"south": {"uv": [5.5, 8.25, 6, 10], "texture": "#0"},
				"west": {"uv": [6, 8.25, 6.5, 10], "texture": "#0"},
				"up": {"uv": [10.75, 10.5, 10.25, 10], "texture": "#0"},
				"down": {"uv": [11, 1.5, 10.5, 2], "texture": "#0"}
			}
		}
	],
	"display": {
		"thirdperson_righthand": {
			"rotation": [51.39, 1.35, -12.48],
			"translation": [-6.25, 1, 0.5],
			"scale": [0.94, 0.94, 0.94]
		},
		"thirdperson_lefthand": {
			"rotation": [51.39, 1.35, -12.48],
			"translation": [-6.25, 1, 0.5],
			"scale": [0.94, 0.94, 0.94]
		},
		"firstperson_righthand": {
			"scale": [0.69, 0.69, 0.69]
		},
		"firstperson_lefthand": {
			"scale": [0.69, 0.69, 0.69]
		},
		"ground": {
			"translation": [0, 1.25, 0]
		},
		"gui": {
			"rotation": [-180, 3, -180],
			"translation": [0, -4.5, 0],
			"scale": [0.9, 0.9, 0.9]
		},
		"head": {
			"translation": [0, 10.75, 0]
		},
		"fixed": {
			"rotation": [-94.25, 0, 0],
			"translation": [0, -0.25, -10.5],
			"scale": [2.61, 2.61, 2.61]
		},
		"on_shelf": {
			"rotation": [-180, 1, -180]
		}
	}
}
