{
	"format_version": "1.21.6",
	"credit": "Made with Blockbench",
	"texture_size": [32, 32],
	"textures": {
		"0": "garysinspace:item/fnaf",
		"particle": "garysinspace:item/fnaf"
	},
	"elements": [
		{
			"from": [6, 0, 8],
			"to": [11, 1, 9],
			"rotation": {"angle": 0, "axis": "y", "origin": [7, 0, 7]},
			"faces": {
				"north": {"uv": [0, 8, 2.5, 8.5], "texture": "#0"},
				"east": {"uv": [0, 9, 0.5, 9.5], "texture": "#0"},
				"south": {"uv": [2.5, 8, 5, 8.5], "texture": "#0"},
				"west": {"uv": [0.5, 9, 1, 9.5], "texture": "#0"},
				"up": {"uv": [7.5, 8.5, 5, 8], "texture": "#0"},
				"down": {"uv": [10, 8, 7.5, 8.5], "texture": "#0"}
			}
		},
		{
			"from": [3, 1, 8],
			"to": [14, 2, 9],
			"rotation": {"angle": 0, "axis": "y", "origin": [7, 1, 7]},
			"faces": {
				"north": {"uv": [7.5, 4, 13, 4.5], "texture": "#0"},
				"east": {"uv": [1, 9, 1.5, 9.5], "texture": "#0"},
				"south": {"uv": [7.5, 4.5, 13, 5], "texture": "#0"},
				"west": {"uv": [1.5, 9, 2, 9.5], "texture": "#0"},
				"up": {"uv": [13, 5.5, 7.5, 5], "texture": "#0"},
				"down": {"uv": [13, 5.5, 7.5, 6], "texture": "#0"}
			}
		},
		{
			"from": [2, 2, 8],
			"to": [15, 3, 9],
			"rotation": {"angle": 0, "axis": "y", "origin": [7, 2, 7]},
			"faces": {
				"north": {"uv": [7.5, 0, 14, 0.5], "texture": "#0"},
				"east": {"uv": [2, 9, 2.5, 9.5], "texture": "#0"},
				"south": {"uv": [7.5, 0.5, 14, 1], "texture": "#0"},
				"west": {"uv": [2.5, 9, 3, 9.5], "texture": "#0"},
				"up": {"uv": [14, 1.5, 7.5, 1], "texture": "#0"},
				"down": {"uv": [14, 1.5, 7.5, 2], "texture": "#0"}
			}
		},
		{
			"from": [1, 3, 8],
			"to": [16, 4, 9],
			"rotation": {"angle": 0, "axis": "y", "origin": [7, 3, 7]},
			"faces": {
				"north": {"uv": [0, 0, 7.5, 0.5], "texture": "#0"},
				"east": {"uv": [3, 9, 3.5, 9.5], "texture": "#0"},
				"south": {"uv": [0, 0.5, 7.5, 1], "texture": "#0"},
				"west": {"uv": [3.5, 9, 4, 9.5], "texture": "#0"},
				"up": {"uv": [7.5, 1.5, 0, 1], "texture": "#0"},
				"down": {"uv": [7.5, 1.5, 0, 2], "texture": "#0"}
			}
		},
		{
			"from": [1, 4, 8],
			"to": [16, 5, 9],
			"rotation": {"angle": 0, "axis": "y", "origin": [7, 4, 7]},
			"faces": {
				"north": {"uv": [0, 2, 7.5, 2.5], "texture": "#0"},
				"east": {"uv": [4, 9, 4.5, 9.5], "texture": "#0"},
				"south": {"uv": [0, 2.5, 7.5, 3], "texture": "#0"},
				"west": {"uv": [4.5, 9, 5, 9.5], "texture": "#0"},
				"up": {"uv": [7.5, 3.5, 0, 3], "texture": "#0"},
				"down": {"uv": [7.5, 3.5, 0, 4], "texture": "#0"}
			}
		},
		{
			"from": [1, 5, 8],
			"to": [16, 6, 9],
			"rotation": {"angle": 0, "axis": "y", "origin": [7, 5, 7]},
			"faces": {
				"north": {"uv": [0, 4, 7.5, 4.5], "texture": "#0"},
				"east": {"uv": [5, 9, 5.5, 9.5], "texture": "#0"},
				"south": {"uv": [0, 4.5, 7.5, 5], "texture": "#0"},
				"west": {"uv": [5.5, 9, 6, 9.5], "texture": "#0"},
				"up": {"uv": [7.5, 5.5, 0, 5], "texture": "#0"},
				"down": {"uv": [7.5, 5.5, 0, 6], "texture": "#0"}
			}
		},
		{
			"from": [1, 6, 8],
			"to": [16, 7, 9],
			"rotation": {"angle": 0, "axis": "y", "origin": [7, 6, 7]},
			"faces": {
				"north": {"uv": [0, 6, 7.5, 6.5], "texture": "#0"},
				"east": {"uv": [6, 9, 6.5, 9.5], "texture": "#0"},
				"south": {"uv": [0, 6.5, 7.5, 7], "texture": "#0"},
				"west": {"uv": [6.5, 9, 7, 9.5], "texture": "#0"},
				"up": {"uv": [7.5, 7.5, 0, 7], "texture": "#0"},
				"down": {"uv": [7.5, 7.5, 0, 8], "texture": "#0"}
			}
		},
		{
			"from": [2, 7, 8],
			"to": [15, 8, 9],
			"rotation": {"angle": 0, "axis": "y", "origin": [7, 7, 7]},
			"faces": {
				"north": {"uv": [7.5, 2, 14, 2.5], "texture": "#0"},
				"east": {"uv": [7, 9, 7.5, 9.5], "texture": "#0"},
				"south": {"uv": [7.5, 2.5, 14, 3], "texture": "#0"},
				"west": {"uv": [7.5, 9, 8, 9.5], "texture": "#0"},
				"up": {"uv": [14, 3.5, 7.5, 3], "texture": "#0"},
				"down": {"uv": [14, 3.5, 7.5, 4], "texture": "#0"}
			}
		},
		{
			"from": [3, 8, 8],
			"to": [14, 9, 9],
			"rotation": {"angle": 0, "axis": "y", "origin": [7, 8, 7]},
			"faces": {
				"north": {"uv": [7.5, 6, 13, 6.5], "texture": "#0"},
				"east": {"uv": [8, 9, 8.5, 9.5], "texture": "#0"},
				"south": {"uv": [7.5, 6.5, 13, 7], "texture": "#0"},
				"west": {"uv": [8.5, 9, 9, 9.5], "texture": "#0"},
				"up": {"uv": [13, 7.5, 7.5, 7], "texture": "#0"},
				"down": {"uv": [13, 7.5, 7.5, 8], "texture": "#0"}
			}
		},
		{
			"from": [6, 9, 8],
			"to": [11, 10, 9],
			"rotation": {"angle": 0, "axis": "y", "origin": [7, 9, 7]},
			"faces": {
				"north": {"uv": [0, 8.5, 2.5, 9], "texture": "#0"},
				"east": {"uv": [9, 9, 9.5, 9.5], "texture": "#0"},
				"south": {"uv": [2.5, 8.5, 5, 9], "texture": "#0"},
				"west": {"uv": [0, 9.5, 0.5, 10], "texture": "#0"},
				"up": {"uv": [7.5, 9, 5, 8.5], "texture": "#0"},
				"down": {"uv": [10, 8.5, 7.5, 9], "texture": "#0"}
			}
		}
	],
	"display": {
		"thirdperson_righthand": {
			"rotation": [160.47, -14, 25.18],
			"translation": [-1, 0.25, 0.75],
			"scale": [0.63, 0.63, 0.63]
		},
		"thirdperson_lefthand": {
			"rotation": [160.47, -14, 25.18],
			"translation": [-1, 0.25, 0.75],
			"scale": [0.63, 0.63, 0.63]
		},
		"firstperson_righthand": {
			"translation": [0, 6.25, 0]
		},
		"firstperson_lefthand": {
			"translation": [0, 6.25, 0]
		},
		"ground": {
			"translation": [0, 5.5, 0]
		},
		"gui": {
			"translation": [0, 2.25, 0]
		},
		"head": {
			"translation": [-0.75, 9.75, 0]
		},
		"fixed": {
			"translation": [-0.5, 3.25, -1.25]
		}
	}
}
