{
	"format_version": "1.21.11",
	"credit": "Made with Blockbench",
	"texture_size": [64, 64],
	"textures": {
		"0": "garysinspace:item/foxhat",
		"particle": "garysinspace:item/foxhat"
	},
	"elements": [
		{
			"from": [3, 7, 2],
			"to": [13, 10, 13.6],
			"rotation": {"angle": 0, "axis": "y", "origin": [7, 8, 5]},
			"faces": {
				"north": {"uv": [2.5, 6.25, 5, 7], "texture": "#0"},
				"east": {"uv": [5, 0, 8, 0.75], "texture": "#0"},
				"south": {"uv": [5, 6.25, 7.5, 7], "texture": "#0"},
				"west": {"uv": [5, 0.75, 8, 1.5], "texture": "#0"},
				"up": {"uv": [2.5, 3, 0, 0], "texture": "#0"},
				"down": {"uv": [5, 0, 2.5, 3], "texture": "#0"}
			}
		},
		{
			"from": [3.4, 2.4, 12.5],
			"to": [12.5, 7, 13],
			"rotation": {"angle": 0, "axis": "y", "origin": [7, 8, 5]},
			"faces": {
				"north": {"uv": [4.5, 3, 6.75, 4.25], "texture": "#0"},
				"east": {"uv": [0.5, 8.75, 0.75, 10], "texture": "#0"},
				"south": {"uv": [4.5, 4.25, 6.75, 5.5], "texture": "#0"},
				"west": {"uv": [0.75, 8.75, 1, 10], "texture": "#0"},
				"up": {"uv": [7.75, 8, 5.5, 7.75], "texture": "#0"},
				"down": {"uv": [10, 7.75, 7.75, 8], "texture": "#0"}
			}
		},
		{
			"from": [3.3, 4, 2.6],
			"to": [4, 7, 12.5],
			"rotation": {"angle": 0, "axis": "y", "origin": [7, 8, 5]},
			"faces": {
				"north": {"uv": [8.75, 5.5, 9, 6.25], "texture": "#0"},
				"east": {"uv": [0, 5.5, 2.5, 6.25], "texture": "#0"},
				"south": {"uv": [6.25, 8.75, 6.5, 9.5], "texture": "#0"},
				"west": {"uv": [2.5, 5.5, 5, 6.25], "texture": "#0"},
				"up": {"uv": [2.25, 10.25, 2, 7.75], "texture": "#0"},
				"down": {"uv": [2.5, 7.75, 2.25, 10.25], "texture": "#0"}
			}
		},
		{
			"from": [6, 7, 0],
			"to": [10, 10, 3],
			"rotation": {"angle": 0, "axis": "y", "origin": [7, 8, -5]},
			"faces": {
				"north": {"uv": [6.75, 4.5, 7.75, 5.25], "texture": "#0"},
				"east": {"uv": [7.5, 2.25, 8.25, 3], "texture": "#0"},
				"south": {"uv": [2, 7, 3, 7.75], "texture": "#0"},
				"west": {"uv": [4.75, 7.75, 5.5, 8.5], "texture": "#0"},
				"up": {"uv": [4, 7.75, 3, 7], "texture": "#0"},
				"down": {"uv": [5, 7, 4, 7.75], "texture": "#0"}
			}
		},
		{
			"from": [7, 9, -1],
			"to": [9, 10, 0],
			"rotation": {"angle": 0, "axis": "y", "origin": [7, 8, -5]},
			"faces": {
				"north": {"uv": [9, 6.75, 9.5, 7], "texture": "#0"},
				"east": {"uv": [9.5, 0.25, 9.75, 0.5], "texture": "#0"},
				"south": {"uv": [9, 7.5, 9.5, 7.75], "texture": "#0"},
				"west": {"uv": [1, 9.5, 1.25, 9.75], "texture": "#0"},
				"up": {"uv": [9.75, 0.75, 9.25, 0.5], "texture": "#0"},
				"down": {"uv": [9.75, 0.75, 9.25, 1], "texture": "#0"}
			}
		},
		{
			"from": [10.4, 10.2, 2.7],
			"to": [12.4, 11.2, 3.3],
			"rotation": {"angle": 0, "axis": "y", "origin": [7, 8, -5]},
			"faces": {
				"north": {"uv": [1, 9.25, 1.5, 9.5], "texture": "#0"},
				"east": {"uv": [1.25, 9.5, 1.5, 9.75], "texture": "#0"},
				"south": {"uv": [9.25, 1, 9.75, 1.25], "texture": "#0"},
				"west": {"uv": [1.5, 9.5, 1.75, 9.75], "texture": "#0"},
				"up": {"uv": [9.75, 1.75, 9.25, 1.5], "texture": "#0"},
				"down": {"uv": [9.75, 1.75, 9.25, 2], "texture": "#0"}
			}
		},
		{
			"from": [10.6, -6, 2],
			"to": [13.4, -3, 5],
			"rotation": {"angle": 0, "axis": "y", "origin": [7, 8, -5]},
			"faces": {
				"north": {"uv": [8, 0, 8.75, 0.75], "texture": "#0"},
				"east": {"uv": [8, 0.75, 8.75, 1.5], "texture": "#0"},
				"south": {"uv": [8, 4.5, 8.75, 5.25], "texture": "#0"},
				"west": {"uv": [8, 5.25, 8.75, 6], "texture": "#0"},
				"up": {"uv": [6.25, 8.75, 5.5, 8], "texture": "#0"},
				"down": {"uv": [8.75, 6, 8, 6.75], "texture": "#0"}
			}
		},
		{
			"from": [6.975, 6.5, 1.7],
			"to": [9.025, 8.5, 4.7],
			"rotation": {"angle": -17.5, "axis": "x", "origin": [7, 6.5, -3.3]},
			"faces": {
				"north": {"uv": [8.75, 0.75, 9.25, 1.25], "texture": "#0"},
				"east": {"uv": [8.5, 8, 9.25, 8.5], "texture": "#0"},
				"south": {"uv": [1, 8.75, 1.5, 9.25], "texture": "#0"},
				"west": {"uv": [8.5, 8.5, 9.25, 9], "texture": "#0"},
				"up": {"uv": [0.5, 9.5, 0, 8.75], "texture": "#0"},
				"down": {"uv": [9.25, 0, 8.75, 0.75], "texture": "#0"}
			}
		},
		{
			"from": [3.4, 10, 3],
			"to": [12.6, 13, 13],
			"rotation": {"angle": 0, "axis": "y", "origin": [7, 10, 5]},
			"faces": {
				"north": {"uv": [6.75, 3, 9, 3.75], "texture": "#0"},
				"east": {"uv": [5, 1.5, 7.5, 2.25], "texture": "#0"},
				"south": {"uv": [6.75, 3.75, 9, 4.5], "texture": "#0"},
				"west": {"uv": [5, 2.25, 7.5, 3], "texture": "#0"},
				"up": {"uv": [2.25, 5.5, 0, 3], "texture": "#0"},
				"down": {"uv": [4.5, 3, 2.25, 5.5], "texture": "#0"}
			}
		},
		{
			"from": [10.7, 7.3, 2.9],
			"to": [14, 8.5, 4.2],
			"rotation": {"x": 3.81397, "y": -11.91276, "z": -2.89807, "origin": [7, 10, 5]},
			"faces": {
				"north": {"uv": [6.75, 5.25, 7.5, 5.5], "texture": "#0"},
				"east": {"uv": [5.5, 9.25, 5.75, 9.5], "texture": "#0"},
				"south": {"uv": [8.75, 5, 9.5, 5.25], "texture": "#0"},
				"west": {"uv": [5.75, 9.25, 6, 9.5], "texture": "#0"},
				"up": {"uv": [9.5, 5.5, 8.75, 5.25], "texture": "#0"},
				"down": {"uv": [6.25, 8.75, 5.5, 9], "texture": "#0"}
			}
		},
		{
			"from": [14.2, 6.3, 6.5],
			"to": [15.5, 8.4, 7.8],
			"rotation": {"x": 0, "y": 0, "z": 65, "origin": [7, 10, 5]},
			"faces": {
				"north": {"uv": [9, 5.75, 9.25, 6.25], "texture": "#0"},
				"east": {"uv": [9, 6.25, 9.25, 6.75], "texture": "#0"},
				"south": {"uv": [6.75, 9, 7, 9.5], "texture": "#0"},
				"west": {"uv": [7, 9, 7.25, 9.5], "texture": "#0"},
				"up": {"uv": [9.5, 6, 9.25, 5.75], "texture": "#0"},
				"down": {"uv": [6.25, 9.25, 6, 9.5], "texture": "#0"}
			}
		},
		{
			"from": [1.8, 5.4, 6.5],
			"to": [6.1, 8.4, 7.8],
			"rotation": {"x": 0, "y": 0, "z": -65, "origin": [9, 10, 5]},
			"faces": {
				"north": {"uv": [5, 7, 6, 7.75], "texture": "#0"},
				"east": {"uv": [1.5, 8.75, 1.75, 9.5], "texture": "#0"},
				"south": {"uv": [6, 7, 7, 7.75], "texture": "#0"},
				"west": {"uv": [1.75, 8.75, 2, 9.5], "texture": "#0"},
				"up": {"uv": [9, 7.75, 8, 7.5], "texture": "#0"},
				"down": {"uv": [9.75, 1.25, 8.75, 1.5], "texture": "#0"}
			}
		},
		{
			"from": [2, 7.3, 2.9],
			"to": [5.3, 8.5, 4.2],
			"rotation": {"x": 0, "y": 12.5, "z": -15, "origin": [9, 10, 5]},
			"faces": {
				"north": {"uv": [6.75, 8.75, 7.5, 9], "texture": "#0"},
				"east": {"uv": [9.25, 8.75, 9.5, 9], "texture": "#0"},
				"south": {"uv": [8.75, 7, 9.5, 7.25], "texture": "#0"},
				"west": {"uv": [9.25, 9, 9.5, 9.25], "texture": "#0"},
				"up": {"uv": [9.5, 7.5, 8.75, 7.25], "texture": "#0"},
				"down": {"uv": [8.25, 8.75, 7.5, 9], "texture": "#0"}
			}
		},
		{
			"from": [2, 7.3, 2.9],
			"to": [5.3, 8.5, 4.2],
			"rotation": {"x": 3.81397, "y": 11.91276, "z": 2.89807, "origin": [9, 10, 5]},
			"faces": {
				"north": {"uv": [9, 3, 9.75, 3.25], "texture": "#0"},
				"east": {"uv": [9.25, 9.25, 9.5, 9.5], "texture": "#0"},
				"south": {"uv": [9, 3.25, 9.75, 3.5], "texture": "#0"},
				"west": {"uv": [0, 9.5, 0.25, 9.75], "texture": "#0"},
				"up": {"uv": [9.75, 3.75, 9, 3.5], "texture": "#0"},
				"down": {"uv": [9.75, 3.75, 9, 4], "texture": "#0"}
			}
		},
		{
			"from": [0.5, 6.3, 6.5],
			"to": [1.8, 8.4, 7.8],
			"rotation": {"x": 0, "y": 0, "z": -65, "origin": [9, 10, 5]},
			"faces": {
				"north": {"uv": [7.25, 9, 7.5, 9.5], "texture": "#0"},
				"east": {"uv": [7.5, 9, 7.75, 9.5], "texture": "#0"},
				"south": {"uv": [7.75, 9, 8, 9.5], "texture": "#0"},
				"west": {"uv": [8, 9, 8.25, 9.5], "texture": "#0"},
				"up": {"uv": [9.5, 6.25, 9.25, 6], "texture": "#0"},
				"down": {"uv": [9.5, 6.25, 9.25, 6.5], "texture": "#0"}
			}
		},
		{
			"from": [12, 4, 2.6],
			"to": [12.7, 7, 12.6],
			"rotation": {"angle": 0, "axis": "y", "origin": [9, 8, 5]},
			"faces": {
				"north": {"uv": [8.75, 6.25, 9, 7], "texture": "#0"},
				"east": {"uv": [5, 5.5, 7.5, 6.25], "texture": "#0"},
				"south": {"uv": [6.5, 8.75, 6.75, 9.5], "texture": "#0"},
				"west": {"uv": [0, 6.25, 2.5, 7], "texture": "#0"},
				"up": {"uv": [2.75, 10.25, 2.5, 7.75], "texture": "#0"},
				"down": {"uv": [3, 7.75, 2.75, 10.25], "texture": "#0"}
			}
		},
		{
			"from": [12, -3, 2.6],
			"to": [12.7, 4, 4.6],
			"rotation": {"angle": 0, "axis": "y", "origin": [9, 8, 5]},
			"faces": {
				"north": {"uv": [7.5, 5.25, 7.75, 7], "texture": "#0"},
				"east": {"uv": [0, 7, 0.5, 8.75], "texture": "#0"},
				"south": {"uv": [4.75, 8.5, 5, 10.25], "texture": "#0"},
				"west": {"uv": [0.5, 7, 1, 8.75], "texture": "#0"},
				"up": {"uv": [8.75, 9.5, 8.5, 9], "texture": "#0"},
				"down": {"uv": [9, 9, 8.75, 9.5], "texture": "#0"}
			}
		},
		{
			"from": [11.3, -3, 2.6],
			"to": [12, 7.1, 3.3],
			"rotation": {"angle": 0, "axis": "y", "origin": [9, 8, 5]},
			"faces": {
				"north": {"uv": [4, 7.75, 4.25, 10.25], "texture": "#0"},
				"east": {"uv": [4.25, 7.75, 4.5, 10.25], "texture": "#0"},
				"south": {"uv": [4.5, 7.75, 4.75, 10.25], "texture": "#0"},
				"west": {"uv": [7.75, 4.5, 8, 7], "texture": "#0"},
				"up": {"uv": [9.5, 8.5, 9.25, 8.25], "texture": "#0"},
				"down": {"uv": [9.5, 8.5, 9.25, 8.75], "texture": "#0"}
			}
		},
		{
			"from": [4, -3, 2.6],
			"to": [4.7, 7.1, 3.3],
			"rotation": {"angle": 0, "axis": "y", "origin": [7, 8, 5]},
			"faces": {
				"north": {"uv": [3, 7.75, 3.25, 10.25], "texture": "#0"},
				"east": {"uv": [3.25, 7.75, 3.5, 10.25], "texture": "#0"},
				"south": {"uv": [3.5, 7.75, 3.75, 10.25], "texture": "#0"},
				"west": {"uv": [3.75, 7.75, 4, 10.25], "texture": "#0"},
				"up": {"uv": [9.5, 6.75, 9.25, 6.5], "texture": "#0"},
				"down": {"uv": [9.5, 8, 9.25, 8.25], "texture": "#0"}
			}
		},
		{
			"from": [3.3, -3, 2.6],
			"to": [4, 4, 4.6],
			"rotation": {"angle": 0, "axis": "y", "origin": [7, 8, 5]},
			"faces": {
				"north": {"uv": [5, 8.5, 5.25, 10.25], "texture": "#0"},
				"east": {"uv": [1, 7, 1.5, 8.75], "texture": "#0"},
				"south": {"uv": [5.25, 8.5, 5.5, 10.25], "texture": "#0"},
				"west": {"uv": [1.5, 7, 2, 8.75], "texture": "#0"},
				"up": {"uv": [9.25, 9.5, 9, 9], "texture": "#0"},
				"down": {"uv": [9.5, 0, 9.25, 0.5], "texture": "#0"}
			}
		},
		{
			"from": [2.6, -6, 2],
			"to": [5.4, -3, 5],
			"rotation": {"angle": 0, "axis": "y", "origin": [9, 8, -5]},
			"faces": {
				"north": {"uv": [6.25, 8, 7, 8.75], "texture": "#0"},
				"east": {"uv": [8, 6.75, 8.75, 7.5], "texture": "#0"},
				"south": {"uv": [7, 8, 7.75, 8.75], "texture": "#0"},
				"west": {"uv": [7.75, 8, 8.5, 8.75], "texture": "#0"},
				"up": {"uv": [9, 3, 8.25, 2.25], "texture": "#0"},
				"down": {"uv": [9.25, 1.5, 8.5, 2.25], "texture": "#0"}
			}
		},
		{
			"from": [9.9, 5.4, 6.5],
			"to": [14.2, 8.4, 7.8],
			"rotation": {"x": 0, "y": 0, "z": 65, "origin": [7, 10, 5]},
			"faces": {
				"north": {"uv": [7, 7, 8, 7.75], "texture": "#0"},
				"east": {"uv": [8.25, 8.75, 8.5, 9.5], "texture": "#0"},
				"south": {"uv": [7.5, 1.5, 8.5, 2.25], "texture": "#0"},
				"west": {"uv": [9, 2.25, 9.25, 3], "texture": "#0"},
				"up": {"uv": [9.75, 4.75, 8.75, 4.5], "texture": "#0"},
				"down": {"uv": [9.75, 4.75, 8.75, 5], "texture": "#0"}
			}
		},
		{
			"from": [10.7, 7.3, 2.9],
			"to": [14, 8.5, 4.2],
			"rotation": {"x": 0, "y": -12.5, "z": 15, "origin": [7, 10, 5]},
			"faces": {
				"north": {"uv": [9, 4, 9.75, 4.25], "texture": "#0"},
				"east": {"uv": [9.5, 0, 9.75, 0.25], "texture": "#0"},
				"south": {"uv": [9, 4.25, 9.75, 4.5], "texture": "#0"},
				"west": {"uv": [0.25, 9.5, 0.5, 9.75], "texture": "#0"},
				"up": {"uv": [6.25, 9.25, 5.5, 9], "texture": "#0"},
				"down": {"uv": [9.75, 5.5, 9, 5.75], "texture": "#0"}
			}
		},
		{
			"from": [3.6, 10.2, 2.7],
			"to": [5.6, 11.2, 3.3],
			"rotation": {"angle": 0, "axis": "y", "origin": [9, 8, -5]},
			"faces": {
				"north": {"uv": [9.25, 2, 9.75, 2.25], "texture": "#0"},
				"east": {"uv": [1.75, 9.5, 2, 9.75], "texture": "#0"},
				"south": {"uv": [9.25, 2.25, 9.75, 2.5], "texture": "#0"},
				"west": {"uv": [9.5, 5, 9.75, 5.25], "texture": "#0"},
				"up": {"uv": [9.75, 2.75, 9.25, 2.5], "texture": "#0"},
				"down": {"uv": [9.75, 2.75, 9.25, 3], "texture": "#0"}
			}
		}
	],
	"display": {
		"thirdperson_righthand": {
			"rotation": [54.5, 0, 0]
		},
		"thirdperson_lefthand": {
			"rotation": [54.5, 0, 0]
		},
		"ground": {
			"translation": [0, 9.75, 0]
		},
		"gui": {
			"rotation": [-180, 0.5, -180],
			"translation": [0, -2, 0]
		},
		"head": {
			"translation": [0, 3.25, 0.25],
			"scale": [1.69, 1.69, 1.69]
		},
		"on_shelf": {
			"rotation": [-180, -3.25, -180]
		}
	}
}
