{
	"format_version": "1.21.6",
	"credit": "Made with Blockbench",
	"texture_size": [64, 64],
	"textures": {
		"0": "garysinspace:item/foxy",
		"particle": "garysinspace:item/foxy"
	},
	"elements": [
		{
			"from": [12, 5, 2],
			"to": [14, 12, 14],
			"rotation": {"angle": 0, "axis": "y", "origin": [7, 0, 7]},
			"faces": {
				"north": {"uv": [0.75, 11.75, 1.25, 13.5], "texture": "#0"},
				"east": {"uv": [6.75, 0, 9.75, 1.75], "texture": "#0"},
				"south": {"uv": [4.25, 11.75, 4.75, 13.5], "texture": "#0"},
				"west": {"uv": [6.75, 1.75, 9.75, 3.5], "texture": "#0"},
				"up": {"uv": [5.25, 13.5, 4.75, 10.5], "texture": "#0"},
				"down": {"uv": [5.75, 10.5, 5.25, 13.5], "texture": "#0"}
			}
		},
		{
			"from": [8, 12, 2.9],
			"to": [12.1, 12.8, 13.2],
			"rotation": {"angle": 0, "axis": "y", "origin": [7, 0, 7]},
			"faces": {
				"north": {"uv": [14.5, 5.25, 15.5, 5.5], "texture": "#0"},
				"east": {"uv": [12.75, 10.75, 15.25, 11], "texture": "#0"},
				"south": {"uv": [10.5, 14.5, 11.5, 14.75], "texture": "#0"},
				"west": {"uv": [13, 9.5, 15.5, 9.75], "texture": "#0"},
				"up": {"uv": [3.5, 10.75, 2.5, 8.25], "texture": "#0"},
				"down": {"uv": [7.75, 9.25, 6.75, 11.75], "texture": "#0"}
			}
		},
		{
			"from": [1.1, 16.6, 7.8],
			"to": [1.6, 19.5, 8.3],
			"rotation": {"angle": -37.5, "axis": "z", "origin": [-1.6, 4.6, 7]},
			"faces": {
				"north": {"uv": [8.5, 14.5, 8.75, 15.25], "texture": "#0"},
				"east": {"uv": [9.5, 14.5, 9.75, 15.25], "texture": "#0"},
				"south": {"uv": [14, 14.5, 14.25, 15.25], "texture": "#0"},
				"west": {"uv": [0, 14.75, 0.25, 15.5], "texture": "#0"},
				"up": {"uv": [15.75, 4.25, 15.5, 4], "texture": "#0"},
				"down": {"uv": [15.75, 4.25, 15.5, 4.5], "texture": "#0"}
			}
		},
		{
			"from": [10.04119, 7.40687, 7.8],
			"to": [10.94119, 7.90687, 8.3],
			"rotation": {"angle": 32.5, "axis": "z", "origin": [-1.95881, 10.60687, 7]},
			"faces": {
				"north": {"uv": [5, 15.5, 5.25, 15.75], "texture": "#0"},
				"east": {"uv": [15.5, 5, 15.75, 5.25], "texture": "#0"},
				"south": {"uv": [5.25, 15.5, 5.5, 15.75], "texture": "#0"},
				"west": {"uv": [15.5, 5.25, 15.75, 5.5], "texture": "#0"},
				"up": {"uv": [5.75, 15.75, 5.5, 15.5], "texture": "#0"},
				"down": {"uv": [15.75, 5.5, 15.5, 5.75], "texture": "#0"}
			}
		},
		{
			"from": [7.7, 12.6, 7.8],
			"to": [8.4, 16.4, 8.3],
			"rotation": {"angle": 0, "axis": "z", "origin": [5, 0.6, 7]},
			"faces": {
				"north": {"uv": [5, 14.5, 5.25, 15.5], "texture": "#0"},
				"east": {"uv": [5.25, 14.5, 5.5, 15.5], "texture": "#0"},
				"south": {"uv": [5.5, 14.5, 5.75, 15.5], "texture": "#0"},
				"west": {"uv": [6.25, 14.5, 6.5, 15.5], "texture": "#0"},
				"up": {"uv": [15.75, 4.75, 15.5, 4.5], "texture": "#0"},
				"down": {"uv": [15.75, 4.75, 15.5, 5], "texture": "#0"}
			}
		},
		{
			"from": [7.4, 16, 8],
			"to": [9.2, 19, 10],
			"rotation": {"angle": -32.5, "axis": "z", "origin": [2, 6, 7]},
			"faces": {
				"north": {"uv": [13.75, 13.75, 14.25, 14.5], "texture": "#0"},
				"east": {"uv": [0, 14, 0.5, 14.75], "texture": "#0"},
				"south": {"uv": [2.25, 14, 2.75, 14.75], "texture": "#0"},
				"west": {"uv": [3.5, 14, 4, 14.75], "texture": "#0"},
				"up": {"uv": [8.25, 14.75, 7.75, 14.25], "texture": "#0"},
				"down": {"uv": [14.75, 7.75, 14.25, 8.25], "texture": "#0"}
			}
		},
		{
			"from": [9.1, 17.2, 7.5],
			"to": [11.5, 18, 7.8],
			"rotation": {"angle": -32.5, "axis": "z", "origin": [4, 9, 7]},
			"faces": {
				"north": {"uv": [14.75, 7.25, 15.25, 7.5], "texture": "#0"},
				"east": {"uv": [15.25, 15.25, 15.5, 15.5], "texture": "#0"},
				"south": {"uv": [14.75, 7.75, 15.25, 8], "texture": "#0"},
				"west": {"uv": [0, 15.5, 0.25, 15.75], "texture": "#0"},
				"up": {"uv": [15.25, 8.25, 14.75, 8], "texture": "#0"},
				"down": {"uv": [15.25, 8.5, 14.75, 8.75], "texture": "#0"}
			}
		},
		{
			"from": [11, 21, 7.6],
			"to": [12, 22.6, 8.1],
			"rotation": {"angle": -32.5, "axis": "z", "origin": [4, 9, 7]},
			"faces": {
				"north": {"uv": [8, 14.75, 8.25, 15.25], "texture": "#0"},
				"east": {"uv": [14.75, 8.75, 15, 9.25], "texture": "#0"},
				"south": {"uv": [9, 14.75, 9.25, 15.25], "texture": "#0"},
				"west": {"uv": [9.25, 14.75, 9.5, 15.25], "texture": "#0"},
				"up": {"uv": [15.75, 0.25, 15.5, 0], "texture": "#0"},
				"down": {"uv": [0.5, 15.5, 0.25, 15.75], "texture": "#0"}
			}
		},
		{
			"from": [9.6, 22.6, 7.6],
			"to": [11, 23.6, 8.1],
			"rotation": {"angle": -32.5, "axis": "z", "origin": [4, 9, 7]},
			"faces": {
				"north": {"uv": [2.25, 15.5, 2.5, 15.75], "texture": "#0"},
				"east": {"uv": [15.5, 2.25, 15.75, 2.5], "texture": "#0"},
				"south": {"uv": [2.5, 15.5, 2.75, 15.75], "texture": "#0"},
				"west": {"uv": [15.5, 2.75, 15.75, 3], "texture": "#0"},
				"up": {"uv": [3.25, 15.75, 3, 15.5], "texture": "#0"},
				"down": {"uv": [15.75, 3, 15.5, 3.25], "texture": "#0"}
			}
		},
		{
			"from": [8.6, 21, 7.6],
			"to": [9.6, 22.6, 8.1],
			"rotation": {"angle": -32.5, "axis": "z", "origin": [4, 9, 7]},
			"faces": {
				"north": {"uv": [13.5, 14.75, 13.75, 15.25], "texture": "#0"},
				"east": {"uv": [13.75, 14.75, 14, 15.25], "texture": "#0"},
				"south": {"uv": [14.5, 14.75, 14.75, 15.25], "texture": "#0"},
				"west": {"uv": [14.75, 14.75, 15, 15.25], "texture": "#0"},
				"up": {"uv": [1, 15.75, 0.75, 15.5], "texture": "#0"},
				"down": {"uv": [15.75, 0.75, 15.5, 1], "texture": "#0"}
			}
		},
		{
			"from": [8.1, 17.2, 7.5],
			"to": [9.1, 21.2, 7.8],
			"rotation": {"angle": -32.5, "axis": "z", "origin": [4, 9, 7]},
			"faces": {
				"north": {"uv": [14.5, 1.5, 14.75, 2.5], "texture": "#0"},
				"east": {"uv": [3, 14.5, 3.25, 15.5], "texture": "#0"},
				"south": {"uv": [3.25, 14.5, 3.5, 15.5], "texture": "#0"},
				"west": {"uv": [14.5, 4, 14.75, 5], "texture": "#0"},
				"up": {"uv": [14.75, 15.5, 14.5, 15.25], "texture": "#0"},
				"down": {"uv": [15.5, 14.5, 15.25, 14.75], "texture": "#0"}
			}
		},
		{
			"from": [11.5, 17.2, 7.5],
			"to": [12.5, 21.2, 7.8],
			"rotation": {"angle": -32.5, "axis": "z", "origin": [4, 9, 7]},
			"faces": {
				"north": {"uv": [12.25, 14.25, 12.5, 15.25], "texture": "#0"},
				"east": {"uv": [12.5, 14.25, 12.75, 15.25], "texture": "#0"},
				"south": {"uv": [12.75, 14.25, 13, 15.25], "texture": "#0"},
				"west": {"uv": [13, 14.25, 13.25, 15.25], "texture": "#0"},
				"up": {"uv": [15.5, 14, 15.25, 13.75], "texture": "#0"},
				"down": {"uv": [14.25, 15.25, 14, 15.5], "texture": "#0"}
			}
		},
		{
			"from": [8.6, 17.2, 7.8],
			"to": [12, 22.6, 9.9],
			"rotation": {"angle": -32.5, "axis": "z", "origin": [4, 9, 7]},
			"faces": {
				"north": {"uv": [3.5, 8.25, 4.25, 9.5], "texture": "#0"},
				"east": {"uv": [12.25, 13, 12.75, 14.25], "texture": "#0"},
				"south": {"uv": [11.5, 11.5, 12.25, 12.75], "texture": "#0"},
				"west": {"uv": [12.75, 13, 13.25, 14.25], "texture": "#0"},
				"up": {"uv": [5.75, 14.5, 5, 14], "texture": "#0"},
				"down": {"uv": [14.75, 5.5, 14, 6], "texture": "#0"}
			}
		},
		{
			"from": [9.6, 17.2, 8.1],
			"to": [11, 23.6, 9.9],
			"rotation": {"angle": -32.5, "axis": "z", "origin": [4, 9, 7]},
			"faces": {
				"north": {"uv": [6, 13.75, 6.25, 15.25], "texture": "#0"},
				"east": {"uv": [12.75, 5.5, 13.25, 7], "texture": "#0"},
				"south": {"uv": [8.75, 13.75, 9, 15.25], "texture": "#0"},
				"west": {"uv": [11.5, 12.75, 12, 14.25], "texture": "#0"},
				"up": {"uv": [15, 13, 14.75, 12.5], "texture": "#0"},
				"down": {"uv": [13.5, 14.75, 13.25, 15.25], "texture": "#0"}
			}
		},
		{
			"from": [4, 8.8, 2],
			"to": [12, 12, 14],
			"rotation": {"angle": 0, "axis": "y", "origin": [7, 0, 7]},
			"faces": {
				"north": {"uv": [10.75, 1.5, 12.75, 2.25], "texture": "#0"},
				"east": {"uv": [9.75, 2.5, 12.75, 3.25], "texture": "#0"},
				"south": {"uv": [10.75, 7, 12.75, 7.75], "texture": "#0"},
				"west": {"uv": [9.75, 3.25, 12.75, 4], "texture": "#0"},
				"up": {"uv": [4.5, 3, 2.5, 0], "texture": "#0"},
				"down": {"uv": [4.5, 3, 2.5, 6], "texture": "#0"}
			}
		},
		{
			"from": [7, 5, 2],
			"to": [9, 10, 3],
			"rotation": {"angle": 0, "axis": "y", "origin": [7, 0, 7]},
			"faces": {
				"north": {"uv": [13, 8.25, 13.5, 9.5], "texture": "#0"},
				"east": {"uv": [0.5, 14, 0.75, 15.25], "texture": "#0"},
				"south": {"uv": [9, 13, 9.5, 14.25], "texture": "#0"},
				"west": {"uv": [2.75, 14, 3, 15.25], "texture": "#0"},
				"up": {"uv": [4.25, 15, 3.75, 14.75], "texture": "#0"},
				"down": {"uv": [15.25, 4, 14.75, 4.25], "texture": "#0"}
			}
		},
		{
			"from": [9, 5, 2],
			"to": [12, 5.5, 3],
			"rotation": {"angle": 0, "axis": "y", "origin": [7, 0, 7]},
			"faces": {
				"north": {"uv": [14.5, 13, 15.25, 13.25], "texture": "#0"},
				"east": {"uv": [15.25, 3.25, 15.5, 3.5], "texture": "#0"},
				"south": {"uv": [13.25, 14.5, 14, 14.75], "texture": "#0"},
				"west": {"uv": [15.25, 7.25, 15.5, 7.5], "texture": "#0"},
				"up": {"uv": [15.25, 13.5, 14.5, 13.25], "texture": "#0"},
				"down": {"uv": [15.25, 13.5, 14.5, 13.75], "texture": "#0"}
			}
		},
		{
			"from": [5.5, 2, -5.5],
			"to": [10.5, 5, -1],
			"rotation": {"angle": 0, "axis": "y", "origin": [7, 0, -8]},
			"faces": {
				"north": {"uv": [3, 11.75, 4.25, 12.5], "texture": "#0"},
				"east": {"uv": [6.75, 11.75, 8, 12.5], "texture": "#0"},
				"south": {"uv": [8, 11.75, 9.25, 12.5], "texture": "#0"},
				"west": {"uv": [9.25, 11.75, 10.5, 12.5], "texture": "#0"},
				"up": {"uv": [1.25, 11.75, 0, 10.5], "texture": "#0"},
				"down": {"uv": [4.75, 10.5, 3.5, 11.75], "texture": "#0"}
			}
		},
		{
			"from": [4.4, 2, -1],
			"to": [11.6, 5.2, 2],
			"rotation": {"angle": 0, "axis": "y", "origin": [7, 0, -5]},
			"faces": {
				"north": {"uv": [10.75, 7.75, 12.5, 8.5], "texture": "#0"},
				"east": {"uv": [13.25, 4.75, 14, 5.5], "texture": "#0"},
				"south": {"uv": [10.75, 8.5, 12.5, 9.25], "texture": "#0"},
				"west": {"uv": [13.25, 5.5, 14, 6.25], "texture": "#0"},
				"up": {"uv": [12.5, 10, 10.75, 9.25], "texture": "#0"},
				"down": {"uv": [10.5, 11, 8.75, 11.75], "texture": "#0"}
			}
		},
		{
			"from": [11.6, 3.6, 0.3],
			"to": [11.8, 4.1, 0.8],
			"rotation": {"angle": 0, "axis": "y", "origin": [6.9, 0, -4.8]},
			"faces": {
				"north": {"uv": [6.75, 15.5, 7, 15.75], "texture": "#0"},
				"east": {"uv": [15.5, 6.75, 15.75, 7], "texture": "#0"},
				"south": {"uv": [7, 15.5, 7.25, 15.75], "texture": "#0"},
				"west": {"uv": [15.5, 7, 15.75, 7.25], "texture": "#0"},
				"up": {"uv": [15.75, 7.5, 15.5, 7.25], "texture": "#0"},
				"down": {"uv": [15.75, 7.75, 15.5, 8], "texture": "#0"}
			}
		},
		{
			"from": [11.6, 4.2, -0.9],
			"to": [11.8, 4.7, -0.4],
			"rotation": {"angle": 0, "axis": "y", "origin": [6.9, 0.6, -6]},
			"faces": {
				"north": {"uv": [15.5, 8, 15.75, 8.25], "texture": "#0"},
				"east": {"uv": [15.5, 8.25, 15.75, 8.5], "texture": "#0"},
				"south": {"uv": [15.5, 8.5, 15.75, 8.75], "texture": "#0"},
				"west": {"uv": [15.5, 8.75, 15.75, 9], "texture": "#0"},
				"up": {"uv": [15.75, 9.25, 15.5, 9], "texture": "#0"},
				"down": {"uv": [15.75, 9.25, 15.5, 9.5], "texture": "#0"}
			}
		},
		{
			"from": [10.5, 3.1, -1.9],
			"to": [10.7, 3.6, -1.4],
			"rotation": {"angle": 0, "axis": "y", "origin": [5.8, -0.5, -7]},
			"faces": {
				"north": {"uv": [15.5, 9.5, 15.75, 9.75], "texture": "#0"},
				"east": {"uv": [9.75, 15.5, 10, 15.75], "texture": "#0"},
				"south": {"uv": [15.5, 9.75, 15.75, 10], "texture": "#0"},
				"west": {"uv": [10, 15.5, 10.25, 15.75], "texture": "#0"},
				"up": {"uv": [15.75, 10.25, 15.5, 10], "texture": "#0"},
				"down": {"uv": [10.5, 15.5, 10.25, 15.75], "texture": "#0"}
			}
		},
		{
			"from": [6.7, 4.4, -5.7],
			"to": [9.3, 5.5, -4.1],
			"rotation": {"angle": 0, "axis": "y", "origin": [7, 1, -9.3]},
			"faces": {
				"north": {"uv": [14.75, 0.5, 15.5, 0.75], "texture": "#0"},
				"east": {"uv": [3.75, 15, 4.25, 15.25], "texture": "#0"},
				"south": {"uv": [14.75, 0.75, 15.5, 1], "texture": "#0"},
				"west": {"uv": [4.25, 15, 4.75, 15.25], "texture": "#0"},
				"up": {"uv": [14.75, 12.5, 14, 12], "texture": "#0"},
				"down": {"uv": [14.75, 12.5, 14, 13], "texture": "#0"}
			}
		},
		{
			"from": [7.1, 3.4, -3.7],
			"to": [8.9, 5.1, 3.5],
			"rotation": {"angle": -10, "axis": "x", "origin": [7, -0.6, -3.5]},
			"faces": {
				"north": {"uv": [14.25, 7, 14.75, 7.5], "texture": "#0"},
				"east": {"uv": [12.5, 7.75, 14.25, 8.25], "texture": "#0"},
				"south": {"uv": [7.25, 14.25, 7.75, 14.75], "texture": "#0"},
				"west": {"uv": [8, 12.5, 9.75, 13], "texture": "#0"},
				"up": {"uv": [11, 13.75, 10.5, 12], "texture": "#0"},
				"down": {"uv": [11.5, 12, 11, 13.75], "texture": "#0"}
			}
		},
		{
			"from": [4, -1.2, -3.3],
			"to": [12, -0.4, 3.7],
			"rotation": {"angle": -10, "axis": "x", "origin": [7, -3.2, -4.7]},
			"faces": {
				"north": {"uv": [10.75, 2.25, 12.75, 2.5], "texture": "#0"},
				"east": {"uv": [13.75, 3.5, 15.5, 3.75], "texture": "#0"},
				"south": {"uv": [13.25, 6.75, 15.25, 7], "texture": "#0"},
				"west": {"uv": [4.25, 13.75, 6, 14], "texture": "#0"},
				"up": {"uv": [10.75, 8.75, 8.75, 7], "texture": "#0"},
				"down": {"uv": [10.75, 8.75, 8.75, 10.5], "texture": "#0"}
			}
		},
		{
			"from": [11.1, -1.2, -3.3],
			"to": [12.4, 0.3, 12.6],
			"rotation": {"angle": -10, "axis": "x", "origin": [7, -3.2, -4.7]},
			"faces": {
				"north": {"uv": [5.75, 15, 6, 15.5], "texture": "#0"},
				"east": {"uv": [8.75, 10.5, 12.75, 11], "texture": "#0"},
				"south": {"uv": [15, 6.25, 15.25, 6.75], "texture": "#0"},
				"west": {"uv": [10.75, 0, 14.75, 0.5], "texture": "#0"},
				"up": {"uv": [1.5, 15.25, 1.25, 11.25], "texture": "#0"},
				"down": {"uv": [1.75, 11.25, 1.5, 15.25], "texture": "#0"}
			}
		},
		{
			"from": [10.2, -1.1, 1.2],
			"to": [11, 0.7, 2],
			"rotation": {"angle": -10, "axis": "x", "origin": [7.2, -3.1, -4.7]},
			"faces": {
				"north": {"uv": [11.25, 15, 11.5, 15.5], "texture": "#0"},
				"east": {"uv": [14.25, 15, 14.5, 15.5], "texture": "#0"},
				"south": {"uv": [0.5, 15.25, 0.75, 15.75], "texture": "#0"},
				"west": {"uv": [15.25, 1.5, 15.5, 2], "texture": "#0"},
				"up": {"uv": [13.5, 15.75, 13.25, 15.5], "texture": "#0"},
				"down": {"uv": [15.75, 13.25, 15.5, 13.5], "texture": "#0"}
			}
		},
		{
			"from": [10.2, -1.4, -0.4],
			"to": [11, 0.4, 0.4],
			"rotation": {"angle": -10, "axis": "x", "origin": [7.2, -3.4, -6.3]},
			"faces": {
				"north": {"uv": [15.25, 2, 15.5, 2.5], "texture": "#0"},
				"east": {"uv": [2.75, 15.25, 3, 15.75], "texture": "#0"},
				"south": {"uv": [15.25, 2.75, 15.5, 3.25], "texture": "#0"},
				"west": {"uv": [3.75, 15.25, 4, 15.75], "texture": "#0"},
				"up": {"uv": [13.75, 15.75, 13.5, 15.5], "texture": "#0"},
				"down": {"uv": [15.75, 13.5, 15.5, 13.75], "texture": "#0"}
			}
		},
		{
			"from": [10.2, -1.7, -2.1],
			"to": [11, 0.1, -1.3],
			"rotation": {"angle": -10, "axis": "x", "origin": [7.2, -3.7, -8]},
			"faces": {
				"north": {"uv": [15.25, 4.5, 15.5, 5], "texture": "#0"},
				"east": {"uv": [4.75, 15.25, 5, 15.75], "texture": "#0"},
				"south": {"uv": [15.25, 5.5, 15.5, 6], "texture": "#0"},
				"west": {"uv": [6, 15.25, 6.25, 15.75], "texture": "#0"},
				"up": {"uv": [14.25, 15.75, 14, 15.5], "texture": "#0"},
				"down": {"uv": [15.75, 14, 15.5, 14.25], "texture": "#0"}
			}
		},
		{
			"from": [9.2, -1.8, -3.1],
			"to": [10, 0, -2.3],
			"rotation": {"angle": -10, "axis": "x", "origin": [6.2, -3.8, -9]},
			"faces": {
				"north": {"uv": [7.5, 15.25, 7.75, 15.75], "texture": "#0"},
				"east": {"uv": [7.75, 15.25, 8, 15.75], "texture": "#0"},
				"south": {"uv": [15.25, 7.75, 15.5, 8.25], "texture": "#0"},
				"west": {"uv": [8, 15.25, 8.25, 15.75], "texture": "#0"},
				"up": {"uv": [14.75, 15.75, 14.5, 15.5], "texture": "#0"},
				"down": {"uv": [15.75, 14.5, 15.5, 14.75], "texture": "#0"}
			}
		},
		{
			"from": [8.2, -1.8, -3.1],
			"to": [9, 0, -2.3],
			"rotation": {"angle": -10, "axis": "x", "origin": [5.2, -3.8, -9]},
			"faces": {
				"north": {"uv": [9, 15.25, 9.25, 15.75], "texture": "#0"},
				"east": {"uv": [15.25, 9, 15.5, 9.5], "texture": "#0"},
				"south": {"uv": [9.25, 15.25, 9.5, 15.75], "texture": "#0"},
				"west": {"uv": [9.5, 15.25, 9.75, 15.75], "texture": "#0"},
				"up": {"uv": [15.25, 15.75, 15, 15.5], "texture": "#0"},
				"down": {"uv": [15.75, 15, 15.5, 15.25], "texture": "#0"}
			}
		},
		{
			"from": [4.9, -1.2, -4.3],
			"to": [11.1, 0.3, -3.2],
			"rotation": {"angle": -10, "axis": "x", "origin": [7, -3.2, -4.7]},
			"faces": {
				"north": {"uv": [12.75, 7, 14.25, 7.5], "texture": "#0"},
				"east": {"uv": [10, 15, 10.25, 15.5], "texture": "#0"},
				"south": {"uv": [12.75, 10, 14.25, 10.5], "texture": "#0"},
				"west": {"uv": [10.5, 15, 10.75, 15.5], "texture": "#0"},
				"up": {"uv": [15.5, 6.25, 14, 6], "texture": "#0"},
				"down": {"uv": [15.75, 2.5, 14.25, 2.75], "texture": "#0"}
			}
		},
		{
			"from": [-2.3, 2.1, 1.7],
			"to": [0.6, 3.7, 5.2],
			"rotation": {"angle": 2.5, "axis": "z", "origin": [1.7, -1.9, 7]},
			"faces": {
				"north": {"uv": [6.75, 13.75, 7.5, 14.25], "texture": "#0"},
				"east": {"uv": [13.25, 6.25, 14.25, 6.75], "texture": "#0"},
				"south": {"uv": [7.5, 13.75, 8.25, 14.25], "texture": "#0"},
				"west": {"uv": [6.75, 13.25, 7.75, 13.75], "texture": "#0"},
				"up": {"uv": [4.25, 10.5, 3.5, 9.5], "texture": "#0"},
				"down": {"uv": [13.5, 1.5, 12.75, 2.5], "texture": "#0"}
			}
		},
		{
			"from": [5, 17.2, 8.1],
			"to": [6.4, 23.6, 9.9],
			"rotation": {"angle": 32.5, "axis": "z", "origin": [12, 9, 7]},
			"faces": {
				"north": {"uv": [4.25, 6, 4.5, 7.5], "texture": "#0"},
				"east": {"uv": [12.75, 2.5, 13.25, 4], "texture": "#0"},
				"south": {"uv": [9.5, 13, 9.75, 14.5], "texture": "#0"},
				"west": {"uv": [12.75, 4, 13.25, 5.5], "texture": "#0"},
				"up": {"uv": [2.5, 11.75, 2.25, 11.25], "texture": "#0"},
				"down": {"uv": [8, 13.25, 7.75, 13.75], "texture": "#0"}
			}
		},
		{
			"from": [4, 7.3, 1.5],
			"to": [7, 10.2, 2],
			"rotation": {"angle": 5, "axis": "x", "origin": [9, 0, 6]},
			"faces": {
				"north": {"uv": [3.5, 13.25, 4.25, 14], "texture": "#0"},
				"east": {"uv": [6.5, 14.5, 6.75, 15.25], "texture": "#0"},
				"south": {"uv": [13.25, 4, 14, 4.75], "texture": "#0"},
				"west": {"uv": [8.25, 14.5, 8.5, 15.25], "texture": "#0"},
				"up": {"uv": [15.25, 14, 14.5, 13.75], "texture": "#0"},
				"down": {"uv": [15.25, 14, 14.5, 14.25], "texture": "#0"}
			}
		},
		{
			"from": [4, 5, 2],
			"to": [7, 5.5, 3],
			"rotation": {"angle": 0, "axis": "y", "origin": [9, 0, 7]},
			"faces": {
				"north": {"uv": [14.5, 14.25, 15.25, 14.5], "texture": "#0"},
				"east": {"uv": [15.25, 10.75, 15.5, 11], "texture": "#0"},
				"south": {"uv": [14.5, 14.5, 15.25, 14.75], "texture": "#0"},
				"west": {"uv": [11.75, 15.25, 12, 15.5], "texture": "#0"},
				"up": {"uv": [15.5, 0.25, 14.75, 0], "texture": "#0"},
				"down": {"uv": [15.5, 0.25, 14.75, 0.5], "texture": "#0"}
			}
		},
		{
			"from": [9.8, 10.3, 1.4],
			"to": [12.2, 11.1, 2],
			"rotation": {"angle": 8, "axis": "z", "origin": [10, 8.7, 0]},
			"faces": {
				"north": {"uv": [14.75, 5.5, 15.25, 5.75], "texture": "#0"},
				"east": {"uv": [15.25, 12.25, 15.5, 12.5], "texture": "#0"},
				"south": {"uv": [14.75, 5.75, 15.25, 6], "texture": "#0"},
				"west": {"uv": [12.5, 15.25, 12.75, 15.5], "texture": "#0"},
				"up": {"uv": [7.25, 15, 6.75, 14.75], "texture": "#0"},
				"down": {"uv": [15.25, 7, 14.75, 7.25], "texture": "#0"}
			}
		},
		{
			"from": [3.8, 10.3, 1.4],
			"to": [6.2, 11.1, 2],
			"rotation": {"angle": -8, "axis": "z", "origin": [6, 8.7, 0]},
			"faces": {
				"north": {"uv": [4.25, 14.75, 4.75, 15], "texture": "#0"},
				"east": {"uv": [15.25, 12, 15.5, 12.25], "texture": "#0"},
				"south": {"uv": [14.75, 4.25, 15.25, 4.5], "texture": "#0"},
				"west": {"uv": [12.25, 15.25, 12.5, 15.5], "texture": "#0"},
				"up": {"uv": [15.25, 4.75, 14.75, 4.5], "texture": "#0"},
				"down": {"uv": [15.25, 4.75, 14.75, 5], "texture": "#0"}
			}
		},
		{
			"from": [4.3, 5.7, 2.4],
			"to": [6.7, 8.4, 4],
			"rotation": {"angle": 0, "axis": "y", "origin": [6.5, 6, 2]},
			"faces": {
				"north": {"uv": [8.25, 13.75, 8.75, 14.5], "texture": "#0"},
				"east": {"uv": [10.5, 13.75, 11, 14.5], "texture": "#0"},
				"south": {"uv": [11, 13.75, 11.5, 14.5], "texture": "#0"},
				"west": {"uv": [13.75, 13, 14.25, 13.75], "texture": "#0"},
				"up": {"uv": [13.75, 14.5, 13.25, 14], "texture": "#0"},
				"down": {"uv": [7.25, 14.25, 6.75, 14.75], "texture": "#0"}
			}
		},
		{
			"from": [9, 5.4, 1.4],
			"to": [13.1, 8.8, 2],
			"rotation": {"angle": 0, "axis": "y", "origin": [12, 6, 2]},
			"faces": {
				"north": {"uv": [1.25, 7.5, 2.25, 8.25], "texture": "#0"},
				"east": {"uv": [2.5, 14.75, 2.75, 15.5], "texture": "#0"},
				"south": {"uv": [8, 13, 9, 13.75], "texture": "#0"},
				"west": {"uv": [3.5, 14.75, 3.75, 15.5], "texture": "#0"},
				"up": {"uv": [15.5, 11.75, 14.5, 11.5], "texture": "#0"},
				"down": {"uv": [15.5, 11.75, 14.5, 12], "texture": "#0"}
			}
		},
		{
			"from": [6.9, 6.9, 1.6],
			"to": [9, 7.3, 2.8],
			"rotation": {"angle": 0, "axis": "y", "origin": [12, 6, 2]},
			"faces": {
				"north": {"uv": [15, 15, 15.5, 15.25], "texture": "#0"},
				"east": {"uv": [15.5, 6, 15.75, 6.25], "texture": "#0"},
				"south": {"uv": [15.25, 1, 15.75, 1.25], "texture": "#0"},
				"west": {"uv": [6.25, 15.5, 6.5, 15.75], "texture": "#0"},
				"up": {"uv": [1.75, 15.5, 1.25, 15.25], "texture": "#0"},
				"down": {"uv": [15.75, 1.25, 15.25, 1.5], "texture": "#0"}
			}
		},
		{
			"from": [13, 6.9, 1.6],
			"to": [14.2, 7.3, 14.1],
			"rotation": {"angle": 0, "axis": "y", "origin": [12, 6, 2]},
			"faces": {
				"north": {"uv": [15.5, 6.25, 15.75, 6.5], "texture": "#0"},
				"east": {"uv": [12.75, 7.5, 15.75, 7.75], "texture": "#0"},
				"south": {"uv": [15.5, 6.5, 15.75, 6.75], "texture": "#0"},
				"west": {"uv": [12.75, 10.5, 15.75, 10.75], "texture": "#0"},
				"up": {"uv": [10.5, 15.5, 10.25, 12.5], "texture": "#0"},
				"down": {"uv": [12.25, 12.75, 12, 15.75], "texture": "#0"}
			}
		},
		{
			"from": [5.05881, 7.40687, 7.8],
			"to": [5.95881, 7.90687, 8.3],
			"rotation": {"angle": -32.5, "axis": "z", "origin": [17.95881, 10.60687, 7]},
			"faces": {
				"north": {"uv": [12.75, 15.25, 13, 15.5], "texture": "#0"},
				"east": {"uv": [13, 15.25, 13.25, 15.5], "texture": "#0"},
				"south": {"uv": [15.25, 13, 15.5, 13.25], "texture": "#0"},
				"west": {"uv": [13.25, 15.25, 13.5, 15.5], "texture": "#0"},
				"up": {"uv": [15.5, 13.5, 15.25, 13.25], "texture": "#0"},
				"down": {"uv": [13.75, 15.25, 13.5, 15.5], "texture": "#0"}
			}
		},
		{
			"from": [4, 0, 1.8],
			"to": [12, 1.1, 4],
			"rotation": {"angle": 0, "axis": "y", "origin": [9, 0, 7]},
			"faces": {
				"north": {"uv": [4.25, 13.5, 6.25, 13.75], "texture": "#0"},
				"east": {"uv": [14.75, 12, 15.25, 12.25], "texture": "#0"},
				"south": {"uv": [13.5, 8.25, 15.5, 8.5], "texture": "#0"},
				"west": {"uv": [14.75, 12.25, 15.25, 12.5], "texture": "#0"},
				"up": {"uv": [12.75, 10.5, 10.75, 10], "texture": "#0"},
				"down": {"uv": [13.5, 11, 11.5, 11.5], "texture": "#0"}
			}
		},
		{
			"from": [4, 1, 3.9],
			"to": [12, 5, 4],
			"rotation": {"angle": 0, "axis": "y", "origin": [9, 0, 7]},
			"faces": {
				"north": {"uv": [2.25, 7.25, 4.25, 8.25], "texture": "#0"},
				"east": {"uv": [0, 1.25, 0, 2.25], "texture": "#0"},
				"south": {"uv": [6.75, 8.25, 8.75, 9.25], "texture": "#0"},
				"west": {"uv": [0, 1.25, 0, 2.25], "texture": "#0"},
				"up": {"uv": [2, 0, 0, 0], "texture": "#0"},
				"down": {"uv": [2, 0, 0, 0], "texture": "#0"}
			}
		},
		{
			"from": [4, 5, 2.9],
			"to": [12, 10, 4],
			"rotation": {"angle": 0, "axis": "y", "origin": [9, 0, 7]},
			"faces": {
				"north": {"uv": [2.25, 6, 4.25, 7.25], "texture": "#0"},
				"east": {"uv": [0, 0, 0, 1.25], "texture": "#0"},
				"south": {"uv": [6.75, 7, 8.75, 8.25], "texture": "#0"},
				"west": {"uv": [0, 0, 0, 1.25], "texture": "#0"},
				"up": {"uv": [2, 0, 0, 0], "texture": "#0"},
				"down": {"uv": [2, 0, 0, 0], "texture": "#0"}
			}
		},
		{
			"from": [3.5, 0, 4],
			"to": [12.5, 10, 14],
			"rotation": {"angle": 0, "axis": "y", "origin": [9, 0, 7]},
			"faces": {
				"north": {"uv": [4.5, 0, 6.75, 2.5], "texture": "#0"},
				"east": {"uv": [0, 0, 2.5, 2.5], "texture": "#0"},
				"south": {"uv": [4.5, 2.5, 6.75, 5], "texture": "#0"},
				"west": {"uv": [0, 2.5, 2.5, 5], "texture": "#0"},
				"up": {"uv": [2.25, 7.5, 0, 5], "texture": "#0"},
				"down": {"uv": [6.75, 5, 4.5, 7.5], "texture": "#0"}
			}
		},
		{
			"from": [6.8, 16, 8],
			"to": [8.6, 19, 10],
			"rotation": {"angle": 32.5, "axis": "z", "origin": [14, 6, 7]},
			"faces": {
				"north": {"uv": [4, 14, 4.5, 14.75], "texture": "#0"},
				"east": {"uv": [14, 4, 14.5, 4.75], "texture": "#0"},
				"south": {"uv": [4.5, 14, 5, 14.75], "texture": "#0"},
				"west": {"uv": [14, 4.75, 14.5, 5.5], "texture": "#0"},
				"up": {"uv": [9.5, 14.75, 9, 14.25], "texture": "#0"},
				"down": {"uv": [10.25, 14.25, 9.75, 14.75], "texture": "#0"}
			}
		},
		{
			"from": [3.5, 17.2, 7.5],
			"to": [4.5, 21.2, 7.8],
			"rotation": {"angle": 32.5, "axis": "z", "origin": [12, 9, 7]},
			"faces": {
				"north": {"uv": [2.25, 5, 2.5, 6], "texture": "#0"},
				"east": {"uv": [5.75, 14, 6, 15], "texture": "#0"},
				"south": {"uv": [11.5, 14.25, 11.75, 15.25], "texture": "#0"},
				"west": {"uv": [11.75, 14.25, 12, 15.25], "texture": "#0"},
				"up": {"uv": [15.5, 13.75, 15.25, 13.5], "texture": "#0"},
				"down": {"uv": [14, 15.25, 13.75, 15.5], "texture": "#0"}
			}
		},
		{
			"from": [6.9, 17.2, 7.5],
			"to": [7.9, 21.2, 7.8],
			"rotation": {"angle": 32.5, "axis": "z", "origin": [12, 9, 7]},
			"faces": {
				"north": {"uv": [14.25, 13, 14.5, 14], "texture": "#0"},
				"east": {"uv": [14.25, 14, 14.5, 15], "texture": "#0"},
				"south": {"uv": [0.75, 14.5, 1, 15.5], "texture": "#0"},
				"west": {"uv": [1, 14.5, 1.25, 15.5], "texture": "#0"},
				"up": {"uv": [15.5, 14.25, 15.25, 14], "texture": "#0"},
				"down": {"uv": [15.5, 14.25, 15.25, 14.5], "texture": "#0"}
			}
		},
		{
			"from": [6.4, 21, 7.6],
			"to": [7.4, 22.6, 8.1],
			"rotation": {"angle": 32.5, "axis": "z", "origin": [12, 9, 7]},
			"faces": {
				"north": {"uv": [4.75, 14.75, 5, 15.25], "texture": "#0"},
				"east": {"uv": [7.25, 14.75, 7.5, 15.25], "texture": "#0"},
				"south": {"uv": [7.5, 14.75, 7.75, 15.25], "texture": "#0"},
				"west": {"uv": [7.75, 14.75, 8, 15.25], "texture": "#0"},
				"up": {"uv": [15, 15.5, 14.75, 15.25], "texture": "#0"},
				"down": {"uv": [15.25, 15.25, 15, 15.5], "texture": "#0"}
			}
		},
		{
			"from": [3.5, 17.2, 7.8],
			"to": [7.9, 21.2, 10.2],
			"rotation": {"angle": 32.5, "axis": "z", "origin": [12, 9, 7]},
			"faces": {
				"north": {"uv": [2.5, 10.75, 3.5, 11.75], "texture": "#0"},
				"east": {"uv": [13.25, 13, 13.75, 14], "texture": "#0"},
				"south": {"uv": [10.5, 11, 11.5, 12], "texture": "#0"},
				"west": {"uv": [0.75, 13.5, 1.25, 14.5], "texture": "#0"},
				"up": {"uv": [14.5, 2, 13.5, 1.5], "texture": "#0"},
				"down": {"uv": [14.5, 2, 13.5, 2.5], "texture": "#0"}
			}
		},
		{
			"from": [4.5, 17.2, 7.5],
			"to": [6.9, 18, 7.8],
			"rotation": {"angle": 32.5, "axis": "z", "origin": [12, 9, 7]},
			"faces": {
				"north": {"uv": [14.75, 9.25, 15.25, 9.5], "texture": "#0"},
				"east": {"uv": [15.5, 0.25, 15.75, 0.5], "texture": "#0"},
				"south": {"uv": [9.75, 14.75, 10.25, 15], "texture": "#0"},
				"west": {"uv": [15.5, 0.5, 15.75, 0.75], "texture": "#0"},
				"up": {"uv": [11, 15, 10.5, 14.75], "texture": "#0"},
				"down": {"uv": [11.5, 14.75, 11, 15], "texture": "#0"}
			}
		},
		{
			"from": [4, 17.2, 7.8],
			"to": [7.4, 22.6, 9.9],
			"rotation": {"angle": 32.5, "axis": "z", "origin": [12, 9, 7]},
			"faces": {
				"north": {"uv": [0, 11.75, 0.75, 13], "texture": "#0"},
				"east": {"uv": [13.25, 2.5, 13.75, 3.75], "texture": "#0"},
				"south": {"uv": [2.25, 11.75, 3, 13], "texture": "#0"},
				"west": {"uv": [3, 13.25, 3.5, 14.5], "texture": "#0"},
				"up": {"uv": [14.75, 9, 14, 8.5], "texture": "#0"},
				"down": {"uv": [14.75, 9, 14, 9.5], "texture": "#0"}
			}
		},
		{
			"from": [5, 22.6, 7.6],
			"to": [6.4, 23.6, 8.1],
			"rotation": {"angle": 32.5, "axis": "z", "origin": [12, 9, 7]},
			"faces": {
				"north": {"uv": [1, 15.5, 1.25, 15.75], "texture": "#0"},
				"east": {"uv": [1.25, 15.5, 1.5, 15.75], "texture": "#0"},
				"south": {"uv": [1.5, 15.5, 1.75, 15.75], "texture": "#0"},
				"west": {"uv": [15.5, 1.5, 15.75, 1.75], "texture": "#0"},
				"up": {"uv": [15.75, 2, 15.5, 1.75], "texture": "#0"},
				"down": {"uv": [15.75, 2, 15.5, 2.25], "texture": "#0"}
			}
		},
		{
			"from": [4, 21, 7.6],
			"to": [5, 22.6, 8.1],
			"rotation": {"angle": 32.5, "axis": "z", "origin": [12, 9, 7]},
			"faces": {
				"north": {"uv": [15, 1, 15.25, 1.5], "texture": "#0"},
				"east": {"uv": [15, 1.5, 15.25, 2], "texture": "#0"},
				"south": {"uv": [15, 2, 15.25, 2.5], "texture": "#0"},
				"west": {"uv": [15, 2.75, 15.25, 3.25], "texture": "#0"},
				"up": {"uv": [3.5, 15.75, 3.25, 15.5], "texture": "#0"},
				"down": {"uv": [15.75, 3.25, 15.5, 3.5], "texture": "#0"}
			}
		},
		{
			"from": [7, -1.8, -3.1],
			"to": [7.8, 0, -2.3],
			"rotation": {"angle": -10, "axis": "x", "origin": [10.8, -3.8, -9]},
			"faces": {
				"north": {"uv": [6.75, 15, 7, 15.5], "texture": "#0"},
				"east": {"uv": [7, 15, 7.25, 15.5], "texture": "#0"},
				"south": {"uv": [15, 8.75, 15.25, 9.25], "texture": "#0"},
				"west": {"uv": [9.75, 15, 10, 15.5], "texture": "#0"},
				"up": {"uv": [3.75, 15.75, 3.5, 15.5], "texture": "#0"},
				"down": {"uv": [15.75, 3.5, 15.5, 3.75], "texture": "#0"}
			}
		},
		{
			"from": [11.4, 2, 1.7],
			"to": [16.1, 5, 14],
			"rotation": {"angle": 0, "axis": "y", "origin": [14, 0, 7]},
			"faces": {
				"north": {"uv": [12.25, 11.5, 13.5, 12.25], "texture": "#0"},
				"east": {"uv": [9.75, 4, 12.75, 4.75], "texture": "#0"},
				"south": {"uv": [12.25, 12.25, 13.5, 13], "texture": "#0"},
				"west": {"uv": [9.75, 4.75, 12.75, 5.5], "texture": "#0"},
				"up": {"uv": [1.25, 10.5, 0, 7.5], "texture": "#0"},
				"down": {"uv": [5.5, 7.5, 4.25, 10.5], "texture": "#0"}
			}
		},
		{
			"from": [16.9, 3.4, 1.7],
			"to": [18.7, 4.8, 5.2],
			"rotation": {"angle": 15, "axis": "z", "origin": [15.7, -0.2, 7]},
			"faces": {
				"north": {"uv": [10.75, 15, 11.25, 15.25], "texture": "#0"},
				"east": {"uv": [14.25, 3.25, 15.25, 3.5], "texture": "#0"},
				"south": {"uv": [15, 12.5, 15.5, 12.75], "texture": "#0"},
				"west": {"uv": [14.25, 10, 15.25, 10.25], "texture": "#0"},
				"up": {"uv": [6.75, 14.5, 6.25, 13.5], "texture": "#0"},
				"down": {"uv": [14, 8.5, 13.5, 9.5], "texture": "#0"}
			}
		},
		{
			"from": [15.4, 2.1, 1.7],
			"to": [18.3, 3.7, 5.2],
			"rotation": {"angle": -2.5, "axis": "z", "origin": [14.3, -1.9, 7]},
			"faces": {
				"north": {"uv": [14.25, 2.75, 15, 3.25], "texture": "#0"},
				"east": {"uv": [13.5, 11, 14.5, 11.5], "texture": "#0"},
				"south": {"uv": [14.25, 6.25, 15, 6.75], "texture": "#0"},
				"west": {"uv": [13.5, 11.5, 14.5, 12], "texture": "#0"},
				"up": {"uv": [0.75, 14, 0, 13], "texture": "#0"},
				"down": {"uv": [3, 13, 2.25, 14], "texture": "#0"}
			}
		},
		{
			"from": [-0.1, 2, 1.7],
			"to": [4.6, 5, 14],
			"rotation": {"angle": 0, "axis": "y", "origin": [2, 0, 7]},
			"faces": {
				"north": {"uv": [3, 12.5, 4.25, 13.25], "texture": "#0"},
				"east": {"uv": [9.75, 5.5, 12.75, 6.25], "texture": "#0"},
				"south": {"uv": [6.75, 12.5, 8, 13.25], "texture": "#0"},
				"west": {"uv": [9.75, 6.25, 12.75, 7], "texture": "#0"},
				"up": {"uv": [6.75, 10.5, 5.5, 7.5], "texture": "#0"},
				"down": {"uv": [2.5, 8.25, 1.25, 11.25], "texture": "#0"}
			}
		},
		{
			"from": [-2.7, 3.4, 1.7],
			"to": [-0.9, 4.8, 5.2],
			"rotation": {"angle": -15, "axis": "z", "origin": [0.3, -0.2, 7]},
			"faces": {
				"north": {"uv": [15, 12.75, 15.5, 13], "texture": "#0"},
				"east": {"uv": [14.25, 10.25, 15.25, 10.5], "texture": "#0"},
				"south": {"uv": [15, 14.75, 15.5, 15], "texture": "#0"},
				"west": {"uv": [14.5, 5, 15.5, 5.25], "texture": "#0"},
				"up": {"uv": [14, 13, 13.5, 12], "texture": "#0"},
				"down": {"uv": [14.25, 2.5, 13.75, 3.5], "texture": "#0"}
			}
		},
		{
			"from": [2, 5, 2],
			"to": [4, 12, 14],
			"rotation": {"angle": 0, "axis": "y", "origin": [9, 0, 7]},
			"faces": {
				"north": {"uv": [12.5, 8.25, 13, 10], "texture": "#0"},
				"east": {"uv": [6.75, 3.5, 9.75, 5.25], "texture": "#0"},
				"south": {"uv": [9.75, 12.5, 10.25, 14.25], "texture": "#0"},
				"west": {"uv": [6.75, 5.25, 9.75, 7], "texture": "#0"},
				"up": {"uv": [6.25, 13.5, 5.75, 10.5], "texture": "#0"},
				"down": {"uv": [6.75, 10.5, 6.25, 13.5], "texture": "#0"}
			}
		},
		{
			"from": [3.9, 12, 2.9],
			"to": [8, 12.8, 13.2],
			"rotation": {"angle": 0, "axis": "y", "origin": [9, 0, 7]},
			"faces": {
				"north": {"uv": [14.5, 11, 15.5, 11.25], "texture": "#0"},
				"east": {"uv": [13, 9.75, 15.5, 10], "texture": "#0"},
				"south": {"uv": [14.5, 11.25, 15.5, 11.5], "texture": "#0"},
				"west": {"uv": [13.25, 3.75, 15.75, 4], "texture": "#0"},
				"up": {"uv": [8.75, 11.75, 7.75, 9.25], "texture": "#0"},
				"down": {"uv": [10.75, 0, 9.75, 2.5], "texture": "#0"}
			}
		},
		{
			"from": [14.4, 16.6, 7.8],
			"to": [14.9, 19.5, 8.3],
			"rotation": {"angle": 37.5, "axis": "z", "origin": [17.6, 4.6, 7]},
			"faces": {
				"north": {"uv": [0.25, 14.75, 0.5, 15.5], "texture": "#0"},
				"east": {"uv": [14.75, 1, 15, 1.75], "texture": "#0"},
				"south": {"uv": [14.75, 1.75, 15, 2.5], "texture": "#0"},
				"west": {"uv": [2.25, 14.75, 2.5, 15.5], "texture": "#0"},
				"up": {"uv": [6, 15.75, 5.75, 15.5], "texture": "#0"},
				"down": {"uv": [15.75, 5.75, 15.5, 6], "texture": "#0"}
			}
		},
		{
			"from": [4.2, 4.2, -0.9],
			"to": [4.4, 4.7, -0.4],
			"rotation": {"angle": 0, "axis": "y", "origin": [9.1, 0.6, -6]},
			"faces": {
				"north": {"uv": [15.5, 10.25, 15.75, 10.5], "texture": "#0"},
				"east": {"uv": [10.5, 15.5, 10.75, 15.75], "texture": "#0"},
				"south": {"uv": [15.5, 10.75, 15.75, 11], "texture": "#0"},
				"west": {"uv": [15.5, 11, 15.75, 11.25], "texture": "#0"},
				"up": {"uv": [11.5, 15.75, 11.25, 15.5], "texture": "#0"},
				"down": {"uv": [15.75, 11.25, 15.5, 11.5], "texture": "#0"}
			}
		},
		{
			"from": [4.2, 3.6, 0.3],
			"to": [4.4, 4.1, 0.8],
			"rotation": {"angle": 0, "axis": "y", "origin": [9.1, 0, -4.8]},
			"faces": {
				"north": {"uv": [15.5, 11.5, 15.75, 11.75], "texture": "#0"},
				"east": {"uv": [11.75, 15.5, 12, 15.75], "texture": "#0"},
				"south": {"uv": [15.5, 11.75, 15.75, 12], "texture": "#0"},
				"west": {"uv": [15.5, 12, 15.75, 12.25], "texture": "#0"},
				"up": {"uv": [12.5, 15.75, 12.25, 15.5], "texture": "#0"},
				"down": {"uv": [15.75, 12.25, 15.5, 12.5], "texture": "#0"}
			}
		},
		{
			"from": [5.3, 3.1, -1.9],
			"to": [5.5, 3.6, -1.4],
			"rotation": {"angle": 0, "axis": "y", "origin": [10.2, -0.5, -7]},
			"faces": {
				"north": {"uv": [12.5, 15.5, 12.75, 15.75], "texture": "#0"},
				"east": {"uv": [15.5, 12.5, 15.75, 12.75], "texture": "#0"},
				"south": {"uv": [12.75, 15.5, 13, 15.75], "texture": "#0"},
				"west": {"uv": [15.5, 12.75, 15.75, 13], "texture": "#0"},
				"up": {"uv": [13.25, 15.75, 13, 15.5], "texture": "#0"},
				"down": {"uv": [15.75, 13, 15.5, 13.25], "texture": "#0"}
			}
		},
		{
			"from": [3.6, -1.2, -3.3],
			"to": [4.9, 0.3, 12.6],
			"rotation": {"angle": -10, "axis": "x", "origin": [9, -3.2, -4.7]},
			"faces": {
				"north": {"uv": [1.75, 15.25, 2, 15.75], "texture": "#0"},
				"east": {"uv": [10.75, 0.5, 14.75, 1], "texture": "#0"},
				"south": {"uv": [2, 15.25, 2.25, 15.75], "texture": "#0"},
				"west": {"uv": [10.75, 1, 14.75, 1.5], "texture": "#0"},
				"up": {"uv": [2, 15.25, 1.75, 11.25], "texture": "#0"},
				"down": {"uv": [2.25, 11.25, 2, 15.25], "texture": "#0"}
			}
		},
		{
			"from": [5, -1.1, 1.2],
			"to": [5.8, 0.7, 2],
			"rotation": {"angle": -10, "axis": "x", "origin": [8.8, -3.1, -4.7]},
			"faces": {
				"north": {"uv": [4, 15.25, 4.25, 15.75], "texture": "#0"},
				"east": {"uv": [15.25, 4, 15.5, 4.5], "texture": "#0"},
				"south": {"uv": [4.25, 15.25, 4.5, 15.75], "texture": "#0"},
				"west": {"uv": [4.5, 15.25, 4.75, 15.75], "texture": "#0"},
				"up": {"uv": [14, 15.75, 13.75, 15.5], "texture": "#0"},
				"down": {"uv": [15.75, 13.75, 15.5, 14], "texture": "#0"}
			}
		},
		{
			"from": [5, -1.4, -0.4],
			"to": [5.8, 0.4, 0.4],
			"rotation": {"angle": -10, "axis": "x", "origin": [8.8, -3.4, -6.3]},
			"faces": {
				"north": {"uv": [15.25, 6.25, 15.5, 6.75], "texture": "#0"},
				"east": {"uv": [6.5, 15.25, 6.75, 15.75], "texture": "#0"},
				"south": {"uv": [15.25, 6.75, 15.5, 7.25], "texture": "#0"},
				"west": {"uv": [7.25, 15.25, 7.5, 15.75], "texture": "#0"},
				"up": {"uv": [14.5, 15.75, 14.25, 15.5], "texture": "#0"},
				"down": {"uv": [15.75, 14.25, 15.5, 14.5], "texture": "#0"}
			}
		},
		{
			"from": [5, -1.7, -2.1],
			"to": [5.8, 0.1, -1.3],
			"rotation": {"angle": -10, "axis": "x", "origin": [8.8, -3.7, -8]},
			"faces": {
				"north": {"uv": [8.25, 15.25, 8.5, 15.75], "texture": "#0"},
				"east": {"uv": [8.5, 15.25, 8.75, 15.75], "texture": "#0"},
				"south": {"uv": [15.25, 8.5, 15.5, 9], "texture": "#0"},
				"west": {"uv": [8.75, 15.25, 9, 15.75], "texture": "#0"},
				"up": {"uv": [15, 15.75, 14.75, 15.5], "texture": "#0"},
				"down": {"uv": [15.75, 14.75, 15.5, 15], "texture": "#0"}
			}
		},
		{
			"from": [6, -1.8, -3.1],
			"to": [6.8, 0, -2.3],
			"rotation": {"angle": -10, "axis": "x", "origin": [9.8, -3.8, -9]},
			"faces": {
				"north": {"uv": [15.25, 10, 15.5, 10.5], "texture": "#0"},
				"east": {"uv": [10.75, 15.25, 11, 15.75], "texture": "#0"},
				"south": {"uv": [11, 15.25, 11.25, 15.75], "texture": "#0"},
				"west": {"uv": [11.5, 15.25, 11.75, 15.75], "texture": "#0"},
				"up": {"uv": [15.5, 15.75, 15.25, 15.5], "texture": "#0"},
				"down": {"uv": [15.75, 15.25, 15.5, 15.5], "texture": "#0"}
			}
		},
		{
			"from": [8.1, 17.2, 7.8],
			"to": [12.5, 21.2, 10.2],
			"rotation": {"angle": -32.5, "axis": "z", "origin": [4, 9, 7]},
			"faces": {
				"north": {"uv": [3.5, 10.75, 2.5, 11.75], "texture": "#0"},
				"east": {"uv": [1.25, 13.5, 0.75, 14.5], "texture": "#0"},
				"south": {"uv": [11.5, 11, 10.5, 12], "texture": "#0"},
				"west": {"uv": [13.75, 13, 13.25, 14], "texture": "#0"},
				"up": {"uv": [13.5, 2, 14.5, 1.5], "texture": "#0"},
				"down": {"uv": [13.5, 2, 14.5, 2.5], "texture": "#0"}
			}
		}
	],
	"display": {
		"thirdperson_righthand": {
			"rotation": [63.25, 0, 0],
			"translation": [-5.75, 3, 1.25]
		},
		"gui": {
			"rotation": [-180, 0.5, -180]
		},
		"head": {
			"translation": [0, 6, 0],
			"scale": [1.74, 1.74, 1.74]
		},
		"fixed": {
			"translation": [0, 0, -0.75],
			"scale": [1.85, 1.85, 1.85]
		},
		"on_shelf": {
			"rotation": [180, 3.25, 180]
		}
	}
}
