{
	"format_version": "1.21.11",
	"credit": "Made with Blockbench",
	"texture_size": [64, 64],
	"textures": {
		"0": "garysinspace:item/frog_hat",
		"particle": "garysinspace:item/frog_hat"
	},
	"elements": [
		{
			"from": [2.6, 7.9, 3],
			"to": [13.4, 10, 13.3],
			"rotation": {"angle": 0, "axis": "y", "origin": [7, 8, 5]},
			"faces": {
				"north": {"uv": [7, 0, 9.5, 0.5], "texture": "#0"},
				"east": {"uv": [7, 0.5, 9.5, 1], "texture": "#0"},
				"south": {"uv": [7, 1, 9.5, 1.5], "texture": "#0"},
				"west": {"uv": [7, 1.5, 9.5, 2], "texture": "#0"},
				"up": {"uv": [2.5, 2.5, 0, 0], "texture": "#0"},
				"down": {"uv": [2.5, 2.5, 0, 5], "texture": "#0"}
			}
		},
		{
			"from": [3.7, 6.5, 2.6],
			"to": [8, 9.2, 3.7],
			"rotation": {"angle": 0, "axis": "y", "origin": [8, 11, 2.1]},
			"faces": {
				"north": {"uv": [7.5, 3, 8.5, 3.75], "texture": "#0"},
				"east": {"uv": [9.25, 6.25, 9.5, 7], "texture": "#0"},
				"south": {"uv": [3.25, 7.5, 4.25, 8.25], "texture": "#0"},
				"west": {"uv": [7, 9.25, 7.25, 10], "texture": "#0"},
				"up": {"uv": [10, 4.5, 9, 4.25], "texture": "#0"},
				"down": {"uv": [1, 9.25, 0, 9.5], "texture": "#0"}
			}
		},
		{
			"from": [1.9, 9.7, 7.2],
			"to": [5.9, 13.4, 8.7],
			"rotation": {"angle": 0, "axis": "y", "origin": [8.3, 14.2, 6.1]},
			"faces": {
				"north": {"uv": [7, 2, 8, 3], "texture": "#0"},
				"east": {"uv": [4.5, 3.5, 5, 4.5], "texture": "#0"},
				"south": {"uv": [7.25, 6, 8.25, 7], "texture": "#0"},
				"west": {"uv": [8, 2, 8.5, 3], "texture": "#0"},
				"up": {"uv": [8, 8.5, 7, 8], "texture": "#0"},
				"down": {"uv": [9, 8, 8, 8.5], "texture": "#0"}
			}
		},
		{
			"from": [2.5, 9.7, 8.7],
			"to": [5.3, 12.7, 10.2],
			"rotation": {"angle": 0, "axis": "y", "origin": [8.3, 14.2, 7.6]},
			"faces": {
				"north": {"uv": [0.75, 8, 1.5, 8.75], "texture": "#0"},
				"east": {"uv": [8.75, 6.5, 9.25, 7.25], "texture": "#0"},
				"south": {"uv": [1.5, 8, 2.25, 8.75], "texture": "#0"},
				"west": {"uv": [8.75, 7.25, 9.25, 8], "texture": "#0"},
				"up": {"uv": [9.75, 4.25, 9, 3.75], "texture": "#0"},
				"down": {"uv": [8.25, 9, 7.5, 9.5], "texture": "#0"}
			}
		},
		{
			"from": [4, 10, 3],
			"to": [12, 11, 12.4],
			"rotation": {"angle": 0, "axis": "y", "origin": [7, 10, 5]},
			"faces": {
				"north": {"uv": [7.5, 5.5, 9.5, 5.75], "texture": "#0"},
				"east": {"uv": [7.5, 5, 9.75, 5.25], "texture": "#0"},
				"south": {"uv": [7.5, 5.75, 9.5, 6], "texture": "#0"},
				"west": {"uv": [7.5, 5.25, 9.75, 5.5], "texture": "#0"},
				"up": {"uv": [4.5, 2.25, 2.5, 0], "texture": "#0"},
				"down": {"uv": [4.5, 2.25, 2.5, 4.5], "texture": "#0"}
			}
		},
		{
			"from": [10.7, 9.7, 8.7],
			"to": [13.5, 12.7, 10.2],
			"rotation": {"angle": 0, "axis": "y", "origin": [7.7, 14.2, 7.6]},
			"faces": {
				"north": {"uv": [6.25, 7.75, 7, 8.5], "texture": "#0"},
				"east": {"uv": [8.5, 3.75, 9, 4.5], "texture": "#0"},
				"south": {"uv": [0, 8, 0.75, 8.75], "texture": "#0"},
				"west": {"uv": [7, 8.5, 7.5, 9.25], "texture": "#0"},
				"up": {"uv": [8.25, 9, 7.5, 8.5], "texture": "#0"},
				"down": {"uv": [9, 8.5, 8.25, 9], "texture": "#0"}
			}
		},
		{
			"from": [13, 2, 9],
			"to": [13.5, 7, 12.9],
			"rotation": {"angle": 0, "axis": "y", "origin": [9, 8, 5]},
			"faces": {
				"north": {"uv": [8.25, 6.5, 8.5, 8], "texture": "#0"},
				"east": {"uv": [4.5, 6, 5.5, 7.5], "texture": "#0"},
				"south": {"uv": [8.5, 6.5, 8.75, 8], "texture": "#0"},
				"west": {"uv": [5.5, 6, 6.5, 7.5], "texture": "#0"},
				"up": {"uv": [8.75, 10, 8.5, 9], "texture": "#0"},
				"down": {"uv": [9, 9, 8.75, 10], "texture": "#0"}
			}
		},
		{
			"from": [2.6, 1.2, 3.2],
			"to": [4, 7.9, 5.7],
			"rotation": {"angle": 0, "axis": "y", "origin": [7, 8, 2.1]},
			"faces": {
				"north": {"uv": [8.5, 2, 8.75, 3.75], "texture": "#0"},
				"east": {"uv": [0, 6.25, 0.75, 8], "texture": "#0"},
				"south": {"uv": [2.25, 8.5, 2.5, 10.25], "texture": "#0"},
				"west": {"uv": [0.75, 6.25, 1.5, 8], "texture": "#0"},
				"up": {"uv": [9.5, 7.75, 9.25, 7], "texture": "#0"},
				"down": {"uv": [7.5, 9.25, 7.25, 10], "texture": "#0"}
			}
		},
		{
			"from": [2.3, -1.4, 3.2],
			"to": [4.5, 0.7, 5.7],
			"rotation": {"angle": 0, "axis": "y", "origin": [7.5, 2, 2.1]},
			"faces": {
				"north": {"uv": [7, 3, 7.5, 3.5], "texture": "#0"},
				"east": {"uv": [0, 8.75, 0.75, 9.25], "texture": "#0"},
				"south": {"uv": [1, 9.25, 1.5, 9.75], "texture": "#0"},
				"west": {"uv": [0.75, 8.75, 1.5, 9.25], "texture": "#0"},
				"up": {"uv": [2, 9.5, 1.5, 8.75], "texture": "#0"},
				"down": {"uv": [9.25, 2, 8.75, 2.75], "texture": "#0"}
			}
		},
		{
			"from": [3, -1.2, 4.1],
			"to": [3.8, 1.6, 4.8],
			"rotation": {"angle": 0, "axis": "y", "origin": [7.5, 2, 2.1]},
			"faces": {
				"north": {"uv": [0, 9.5, 0.25, 10.25], "texture": "#0"},
				"east": {"uv": [9.5, 0, 9.75, 0.75], "texture": "#0"},
				"south": {"uv": [0.25, 9.5, 0.5, 10.25], "texture": "#0"},
				"west": {"uv": [0.5, 9.5, 0.75, 10.25], "texture": "#0"},
				"up": {"uv": [6.5, 7.75, 6.25, 7.5], "texture": "#0"},
				"down": {"uv": [7.25, 7.75, 7, 8], "texture": "#0"}
			}
		},
		{
			"from": [2, 3, 3.8],
			"to": [3.1, 8.7, 13.4],
			"rotation": {"angle": 0, "axis": "y", "origin": [7, 8, 5]},
			"faces": {
				"north": {"uv": [2.25, 6.25, 2.5, 7.5], "texture": "#0"},
				"east": {"uv": [2.5, 4.5, 5, 5.75], "texture": "#0"},
				"south": {"uv": [2, 8.75, 2.25, 10], "texture": "#0"},
				"west": {"uv": [0, 5, 2.5, 6.25], "texture": "#0"},
				"up": {"uv": [5.5, 10, 5.25, 7.5], "texture": "#0"},
				"down": {"uv": [5.75, 7.5, 5.5, 10], "texture": "#0"}
			}
		},
		{
			"from": [2.5, 1.5, 9],
			"to": [3, 7, 12.7],
			"rotation": {"angle": 0, "axis": "y", "origin": [7, 8, 5]},
			"faces": {
				"north": {"uv": [6.5, 8.5, 6.75, 10.25], "texture": "#0"},
				"east": {"uv": [2.5, 5.75, 3.5, 7.5], "texture": "#0"},
				"south": {"uv": [6.75, 8.5, 7, 10.25], "texture": "#0"},
				"west": {"uv": [3.5, 5.75, 4.5, 7.5], "texture": "#0"},
				"up": {"uv": [4, 10.25, 3.75, 9.25], "texture": "#0"},
				"down": {"uv": [4.25, 9.25, 4, 10.25], "texture": "#0"}
			}
		},
		{
			"from": [3.1, 0.8, 12.5],
			"to": [13, 8, 13.6],
			"rotation": {"angle": 0, "axis": "y", "origin": [7, 8, 5]},
			"faces": {
				"north": {"uv": [4.5, 0, 7, 1.75], "texture": "#0"},
				"east": {"uv": [2.5, 8.5, 2.75, 10.25], "texture": "#0"},
				"south": {"uv": [4.5, 1.75, 7, 3.5], "texture": "#0"},
				"west": {"uv": [2.75, 8.5, 3, 10.25], "texture": "#0"},
				"up": {"uv": [10, 4.75, 7.5, 4.5], "texture": "#0"},
				"down": {"uv": [10, 4.75, 7.5, 5], "texture": "#0"}
			}
		},
		{
			"from": [12.2, -1.1, 4.1],
			"to": [13, 1.6, 4.8],
			"rotation": {"angle": 0, "axis": "y", "origin": [8.5, 2, 2.1]},
			"faces": {
				"north": {"uv": [9.25, 7.75, 9.5, 8.5], "texture": "#0"},
				"east": {"uv": [9.25, 8.5, 9.5, 9.25], "texture": "#0"},
				"south": {"uv": [9, 9.25, 9.25, 10], "texture": "#0"},
				"west": {"uv": [9.25, 9.25, 9.5, 10], "texture": "#0"},
				"up": {"uv": [4.75, 6, 4.5, 5.75], "texture": "#0"},
				"down": {"uv": [5, 5.75, 4.75, 6], "texture": "#0"}
			}
		},
		{
			"from": [11.5, -1.4, 3.2],
			"to": [13.7, 0.7, 5.7],
			"rotation": {"angle": 0, "axis": "y", "origin": [8.5, 2, 2.1]},
			"faces": {
				"north": {"uv": [9.25, 2, 9.75, 2.5], "texture": "#0"},
				"east": {"uv": [8.75, 2.75, 9.5, 3.25], "texture": "#0"},
				"south": {"uv": [3.25, 9.25, 3.75, 9.75], "texture": "#0"},
				"west": {"uv": [8.75, 3.25, 9.5, 3.75], "texture": "#0"},
				"up": {"uv": [4.75, 9.5, 4.25, 8.75], "texture": "#0"},
				"down": {"uv": [5.25, 8.75, 4.75, 9.5], "texture": "#0"}
			}
		},
		{
			"from": [8, 6.5, 2.6],
			"to": [12.3, 9.2, 3.7],
			"rotation": {"angle": 0, "axis": "y", "origin": [8, 11, 2.1]},
			"faces": {
				"north": {"uv": [7.5, 3.75, 8.5, 4.5], "texture": "#0"},
				"east": {"uv": [0.75, 9.5, 1, 10.25], "texture": "#0"},
				"south": {"uv": [4.25, 7.5, 5.25, 8.25], "texture": "#0"},
				"west": {"uv": [9.5, 0.75, 9.75, 1.5], "texture": "#0"},
				"up": {"uv": [10.25, 2.75, 9.25, 2.5], "texture": "#0"},
				"down": {"uv": [10.25, 6, 9.25, 6.25], "texture": "#0"}
			}
		},
		{
			"from": [12, 1.2, 3.2],
			"to": [13.4, 7.9, 5.7],
			"rotation": {"angle": 0, "axis": "y", "origin": [9, 8, 2.1]},
			"faces": {
				"north": {"uv": [3, 8.5, 3.25, 10.25], "texture": "#0"},
				"east": {"uv": [1.5, 6.25, 2.25, 8], "texture": "#0"},
				"south": {"uv": [6.25, 8.5, 6.5, 10.25], "texture": "#0"},
				"west": {"uv": [6.5, 6, 7.25, 7.75], "texture": "#0"},
				"up": {"uv": [1.75, 10.25, 1.5, 9.5], "texture": "#0"},
				"down": {"uv": [2, 9.5, 1.75, 10.25], "texture": "#0"}
			}
		},
		{
			"from": [12.9, 3, 3.8],
			"to": [14, 8.7, 13.4],
			"rotation": {"angle": 0, "axis": "y", "origin": [9, 8, 5]},
			"faces": {
				"north": {"uv": [9, 8, 9.25, 9.25], "texture": "#0"},
				"east": {"uv": [5, 3.5, 7.5, 4.75], "texture": "#0"},
				"south": {"uv": [8.25, 9, 8.5, 10.25], "texture": "#0"},
				"west": {"uv": [5, 4.75, 7.5, 6], "texture": "#0"},
				"up": {"uv": [6, 10, 5.75, 7.5], "texture": "#0"},
				"down": {"uv": [6.25, 7.5, 6, 10], "texture": "#0"}
			}
		},
		{
			"from": [10.1, 9.7, 7.2],
			"to": [14.1, 13.4, 8.7],
			"rotation": {"angle": 0, "axis": "y", "origin": [7.7, 14.2, 6.1]},
			"faces": {
				"north": {"uv": [7.25, 7, 8.25, 8], "texture": "#0"},
				"east": {"uv": [3.25, 8.25, 3.75, 9.25], "texture": "#0"},
				"south": {"uv": [2.25, 7.5, 3.25, 8.5], "texture": "#0"},
				"west": {"uv": [3.75, 8.25, 4.25, 9.25], "texture": "#0"},
				"up": {"uv": [5.25, 8.75, 4.25, 8.25], "texture": "#0"},
				"down": {"uv": [9.25, 6, 8.25, 6.5], "texture": "#0"}
			}
		}
	],
	"display": {
		"ground": {
			"translation": [0, 6, 0]
		},
		"gui": {
			"rotation": [-180, 2.5, -180]
		},
		"head": {
			"translation": [0, 5.75, -0.75],
			"scale": [1.69, 1.69, 1.69]
		},
		"on_shelf": {
			"rotation": [-180, -0.5, -180]
		}
	}
}
