{
	"credit": "Made with Blockbench",
	"texture_size": [64, 64],
	"textures": {
		"0": "garysinspace:item/fursuit_head",
		"particle": "garysinspace:item/fursuit_head"
	},
	"elements": [
		{
			"from": [3, -0.025, 6],
			"to": [13, 8, 13],
			"rotation": {"angle": 0, "axis": "y", "origin": [3, 0, 6]},
			"faces": {
				"north": {"uv": [0, 0, 2.5, 2], "texture": "#0"},
				"east": {"uv": [2.5, 3.5, 4.25, 5.5], "texture": "#0"},
				"south": {"uv": [0, 2, 2.5, 4], "texture": "#0"},
				"west": {"uv": [0, 4, 1.75, 6], "texture": "#0"},
				"up": {"uv": [5, 1.75, 2.5, 0], "texture": "#0"},
				"down": {"uv": [5, 1.75, 2.5, 3.5], "texture": "#0"}
			}
		},
		{
			"from": [2.2, 5.9, 9],
			"to": [6.2, 9.7, 11],
			"rotation": {"angle": 22.5, "axis": "z", "origin": [2.8, 7.7, 9]},
			"faces": {
				"north": {"uv": [3.25, 5.5, 4.25, 6.5], "texture": "#0"},
				"east": {"uv": [6.5, 2.25, 7, 3.25], "texture": "#0"},
				"south": {"uv": [5.75, 4.75, 6.75, 5.75], "texture": "#0"},
				"west": {"uv": [3, 6.5, 3.5, 7.5], "texture": "#0"},
				"up": {"uv": [4.5, 7.25, 3.5, 6.75], "texture": "#0"},
				"down": {"uv": [5.5, 6.75, 4.5, 7.25], "texture": "#0"}
			}
		},
		{
			"from": [9.8, 5.9, 9],
			"to": [13.8, 9.7, 11],
			"rotation": {"angle": -22.5, "axis": "z", "origin": [13.2, 7.7, 9]},
			"faces": {
				"north": {"uv": [4.25, 5.5, 3.25, 6.5], "texture": "#0"},
				"east": {"uv": [3.5, 6.5, 3, 7.5], "texture": "#0"},
				"south": {"uv": [6.75, 4.75, 5.75, 5.75], "texture": "#0"},
				"west": {"uv": [7, 2.25, 6.5, 3.25], "texture": "#0"},
				"up": {"uv": [3.5, 7.25, 4.5, 6.75], "texture": "#0"},
				"down": {"uv": [4.5, 6.75, 5.5, 7.25], "texture": "#0"}
			}
		},
		{
			"from": [2.3, 9.5, 9.2],
			"to": [5.1, 10.9, 10.8],
			"rotation": {"angle": 22.5, "axis": "z", "origin": [3, 9.5, 9.2]},
			"faces": {
				"north": {"uv": [5, 3.25, 5.75, 3.5], "texture": "#0"},
				"east": {"uv": [6, 7.75, 6.5, 8], "texture": "#0"},
				"south": {"uv": [1, 6, 1.75, 6.25], "texture": "#0"},
				"west": {"uv": [7.75, 6, 8.25, 6.25], "texture": "#0"},
				"up": {"uv": [7.5, 6.75, 6.75, 6.25], "texture": "#0"},
				"down": {"uv": [1.75, 7, 1, 7.5], "texture": "#0"}
			}
		},
		{
			"from": [2.5, 10.5, 9.4],
			"to": [4.1, 12.9, 10.55],
			"rotation": {"angle": 22.5, "axis": "z", "origin": [3, 10.5, 9.2]},
			"faces": {
				"north": {"uv": [1.75, 7.5, 2.25, 8], "texture": "#0"},
				"east": {"uv": [5.5, 6, 5.75, 6.5], "texture": "#0"},
				"south": {"uv": [3, 7.5, 3.5, 8], "texture": "#0"},
				"west": {"uv": [7, 2.75, 7.25, 3.25], "texture": "#0"},
				"up": {"uv": [8.25, 7.75, 7.75, 7.5], "texture": "#0"},
				"down": {"uv": [8.25, 7.75, 7.75, 8], "texture": "#0"}
			}
		},
		{
			"from": [11.9, 10.5, 9.4],
			"to": [13.5, 12.9, 10.55],
			"rotation": {"angle": -22.5, "axis": "z", "origin": [13, 10.5, 9.2]},
			"faces": {
				"north": {"uv": [2.25, 7.5, 1.75, 8], "texture": "#0"},
				"east": {"uv": [7.25, 2.75, 7, 3.25], "texture": "#0"},
				"south": {"uv": [3.5, 7.5, 3, 8], "texture": "#0"},
				"west": {"uv": [5.75, 6, 5.5, 6.5], "texture": "#0"},
				"up": {"uv": [7.75, 7.75, 8.25, 7.5], "texture": "#0"},
				"down": {"uv": [7.75, 7.75, 8.25, 8], "texture": "#0"}
			}
		},
		{
			"from": [10.9, 9.5, 9.2],
			"to": [13.7, 10.9, 10.8],
			"rotation": {"angle": -22.5, "axis": "z", "origin": [13, 9.5, 9.2]},
			"faces": {
				"north": {"uv": [5.75, 3.25, 5, 3.5], "texture": "#0"},
				"east": {"uv": [8.25, 6, 7.75, 6.25], "texture": "#0"},
				"south": {"uv": [1.75, 6, 1, 6.25], "texture": "#0"},
				"west": {"uv": [6.5, 7.75, 6, 8], "texture": "#0"},
				"up": {"uv": [6.75, 6.75, 7.5, 6.25], "texture": "#0"},
				"down": {"uv": [1, 7, 1.75, 7.5], "texture": "#0"}
			}
		},
		{
			"from": [2.6, 0, 5],
			"to": [8.6, 3, 10],
			"rotation": {"angle": 0, "axis": "y", "origin": [2.6, 0, 5]},
			"faces": {
				"north": {"uv": [5, 2.5, 6.5, 3.25], "texture": "#0"},
				"east": {"uv": [4.25, 6, 5.5, 6.75], "texture": "#0"},
				"south": {"uv": [1.75, 5.5, 3.25, 6.25], "texture": "#0"},
				"west": {"uv": [1, 6.25, 2.25, 7], "texture": "#0"},
				"up": {"uv": [5.75, 4.75, 4.25, 3.5], "texture": "#0"},
				"down": {"uv": [5.75, 4.75, 4.25, 6], "texture": "#0"}
			}
		},
		{
			"from": [7.4, 0, 5],
			"to": [13.4, 3, 10],
			"rotation": {"angle": 0, "axis": "y", "origin": [13.4, 0, 5]},
			"faces": {
				"north": {"uv": [6.5, 2.5, 5, 3.25], "texture": "#0"},
				"east": {"uv": [2.25, 6.25, 1, 7], "texture": "#0"},
				"south": {"uv": [3.25, 5.5, 1.75, 6.25], "texture": "#0"},
				"west": {"uv": [5.5, 6, 4.25, 6.75], "texture": "#0"},
				"up": {"uv": [4.25, 4.75, 5.75, 3.5], "texture": "#0"},
				"down": {"uv": [4.25, 4.75, 5.75, 6], "texture": "#0"}
			}
		},
		{
			"from": [7, 3, 5.2],
			"to": [8, 5, 7],
			"rotation": {"angle": 22.5, "axis": "x", "origin": [7, 3, 5]},
			"faces": {
				"north": {"uv": [6.5, 7.75, 6.75, 8.25], "texture": "#0"},
				"east": {"uv": [7.5, 6.75, 8, 7.25], "texture": "#0"},
				"south": {"uv": [2, 8, 2.25, 8.5], "texture": "#0"},
				"west": {"uv": [7.25, 7.5, 7.75, 8], "texture": "#0"},
				"up": {"uv": [3.25, 8.5, 3, 8], "texture": "#0"},
				"down": {"uv": [3.5, 8, 3.25, 8.5], "texture": "#0"}
			}
		},
		{
			"from": [8, 3, 5.2],
			"to": [9, 5, 7],
			"rotation": {"angle": 22.5, "axis": "x", "origin": [9, 3, 5]},
			"faces": {
				"north": {"uv": [6.75, 7.75, 6.5, 8.25], "texture": "#0"},
				"east": {"uv": [7.75, 7.5, 7.25, 8], "texture": "#0"},
				"south": {"uv": [2.25, 8, 2, 8.5], "texture": "#0"},
				"west": {"uv": [8, 6.75, 7.5, 7.25], "texture": "#0"},
				"up": {"uv": [3, 8.5, 3.25, 8], "texture": "#0"},
				"down": {"uv": [3.25, 8, 3.5, 8.5], "texture": "#0"}
			}
		},
		{
			"from": [5, 3.5, 5.6],
			"to": [6, 5.5, 7.6],
			"rotation": {"angle": 0, "axis": "z", "origin": [5, 3.5, 5.6]},
			"faces": {
				"north": {"uv": [4.5, 8, 4.75, 8.5], "texture": "#0"},
				"east": {"uv": [7.75, 1, 8.25, 1.5], "texture": "#0"},
				"south": {"uv": [4.75, 8, 5, 8.5], "texture": "#0"},
				"west": {"uv": [7.75, 1.5, 8.25, 2], "texture": "#0"},
				"up": {"uv": [5.25, 8.5, 5, 8], "texture": "#0"},
				"down": {"uv": [8.25, 5, 8, 5.5], "texture": "#0"}
			}
		},
		{
			"from": [10, 3.5, 5.6],
			"to": [11, 5.5, 7.6],
			"rotation": {"angle": 0, "axis": "z", "origin": [11, 3.5, 5.6]},
			"faces": {
				"north": {"uv": [4.75, 8, 4.5, 8.5], "texture": "#0"},
				"east": {"uv": [8.25, 1.5, 7.75, 2], "texture": "#0"},
				"south": {"uv": [5, 8, 4.75, 8.5], "texture": "#0"},
				"west": {"uv": [8.25, 1, 7.75, 1.5], "texture": "#0"},
				"up": {"uv": [5, 8.5, 5.25, 8], "texture": "#0"},
				"down": {"uv": [8, 5, 8.25, 5.5], "texture": "#0"}
			}
		},
		{
			"from": [5.8, 0, 2.4],
			"to": [8, 2.7, 5],
			"rotation": {"angle": 0, "axis": "y", "origin": [6, 0, 3]},
			"faces": {
				"north": {"uv": [2.5, 7, 3, 7.75], "texture": "#0"},
				"east": {"uv": [1.75, 4, 2.5, 4.75], "texture": "#0"},
				"south": {"uv": [7, 6.75, 7.5, 7.5], "texture": "#0"},
				"west": {"uv": [1.75, 4.75, 2.5, 5.5], "texture": "#0"},
				"up": {"uv": [7.75, 2.25, 7.25, 1.5], "texture": "#0"},
				"down": {"uv": [7.75, 2.75, 7.25, 3.5], "texture": "#0"}
			}
		},
		{
			"from": [8, 0, 2.4],
			"to": [10.2, 2.7, 5],
			"rotation": {"angle": 0, "axis": "y", "origin": [10, 0, 3]},
			"faces": {
				"north": {"uv": [3, 7, 2.5, 7.75], "texture": "#0"},
				"east": {"uv": [2.5, 4.75, 1.75, 5.5], "texture": "#0"},
				"south": {"uv": [7.5, 6.75, 7, 7.5], "texture": "#0"},
				"west": {"uv": [2.5, 4, 1.75, 4.75], "texture": "#0"},
				"up": {"uv": [7.25, 2.25, 7.75, 1.5], "texture": "#0"},
				"down": {"uv": [7.25, 2.75, 7.75, 3.5], "texture": "#0"}
			}
		},
		{
			"from": [4.6, 6, 5.5],
			"to": [6.6, 7, 7],
			"rotation": {"angle": 0, "axis": "y", "origin": [4.6, 6, 5]},
			"faces": {
				"north": {"uv": [8, 6.25, 8.5, 6.5], "texture": "#0"},
				"east": {"uv": [8, 6.5, 8.5, 6.75], "texture": "#0"},
				"south": {"uv": [6.75, 8, 7.25, 8.25], "texture": "#0"},
				"west": {"uv": [8, 6.75, 8.5, 7], "texture": "#0"},
				"up": {"uv": [8.25, 3, 7.75, 2.5], "texture": "#0"},
				"down": {"uv": [8.25, 3, 7.75, 3.5], "texture": "#0"}
			}
		},
		{
			"from": [9.4, 6, 5.5],
			"to": [11.4, 7, 7],
			"rotation": {"angle": 0, "axis": "y", "origin": [11.4, 6, 5]},
			"faces": {
				"north": {"uv": [8.5, 6.25, 8, 6.5], "texture": "#0"},
				"east": {"uv": [8.5, 6.75, 8, 7], "texture": "#0"},
				"south": {"uv": [7.25, 8, 6.75, 8.25], "texture": "#0"},
				"west": {"uv": [8.5, 6.5, 8, 6.75], "texture": "#0"},
				"up": {"uv": [7.75, 3, 8.25, 2.5], "texture": "#0"},
				"down": {"uv": [7.75, 3, 8.25, 3.5], "texture": "#0"}
			}
		},
		{
			"from": [8.03137, 1.025, 1.9],
			"to": [8.83137, 2.6, 2.5],
			"rotation": {"angle": 45, "axis": "z", "origin": [8.03137, 1, 1.1]},
			"faces": {
				"north": {"uv": [6.25, 8, 6.5, 8.5], "texture": "#0"},
				"east": {"uv": [8.25, 0, 8.5, 0.5], "texture": "#0"},
				"south": {"uv": [0.5, 8.25, 0.75, 8.75], "texture": "#0"},
				"west": {"uv": [8.25, 0.5, 8.5, 1], "texture": "#0"},
				"up": {"uv": [3.25, 6.5, 3, 6.25], "texture": "#0"},
				"down": {"uv": [5.75, 6.5, 5.5, 6.75], "texture": "#0"}
			}
		},
		{
			"from": [7.46569, 1.89706, 1.9],
			"to": [8.56569, 2.69706, 2.5],
			"rotation": {"angle": 0, "axis": "z", "origin": [8.56569, 1.89706, 1.1]},
			"faces": {
				"north": {"uv": [6.75, 7.25, 7, 7.5], "texture": "#0"},
				"east": {"uv": [2.25, 7.5, 2.5, 7.75], "texture": "#0"},
				"south": {"uv": [8.25, 5.5, 8.5, 5.75], "texture": "#0"},
				"west": {"uv": [8.25, 6, 8.5, 6.25], "texture": "#0"},
				"up": {"uv": [8.5, 8.25, 8.25, 8], "texture": "#0"},
				"down": {"uv": [8.5, 8.25, 8.25, 8.5], "texture": "#0"}
			}
		},
		{
			"from": [7.2, 1, 1.9],
			"to": [8, 2.6, 2.5],
			"rotation": {"angle": -45, "axis": "z", "origin": [8, 1, 1.1]},
			"faces": {
				"north": {"uv": [0.75, 8.25, 1, 8.75], "texture": "#0"},
				"east": {"uv": [1, 8.25, 1.25, 8.75], "texture": "#0"},
				"south": {"uv": [8.25, 1, 8.5, 1.5], "texture": "#0"},
				"west": {"uv": [1.25, 8.25, 1.5, 8.75], "texture": "#0"},
				"up": {"uv": [0.25, 8.75, 0, 8.5], "texture": "#0"},
				"down": {"uv": [8.75, 0, 8.5, 0.25], "texture": "#0"}
			}
		},
		{
			"from": [7, 1.8, 3],
			"to": [9, 2.5, 7],
			"rotation": {"angle": -22.5, "axis": "x", "origin": [7, 2, 3]},
			"faces": {
				"north": {"uv": [1.5, 8.25, 2, 8.5], "texture": "#0"},
				"east": {"uv": [7.25, 5.5, 8.25, 5.75], "texture": "#0"},
				"south": {"uv": [8.25, 1.5, 8.75, 1.75], "texture": "#0"},
				"west": {"uv": [7.5, 7.25, 8.5, 7.5], "texture": "#0"},
				"up": {"uv": [0.5, 8, 0, 7], "texture": "#0"},
				"down": {"uv": [1, 7, 0.5, 8], "texture": "#0"}
			}
		},
		{
			"from": [0.7, 2.3, 8.2],
			"to": [2.7, 3.6, 8.6],
			"rotation": {"angle": -22.5, "axis": "z", "origin": [0.7, 1.6, 7.9]},
			"faces": {
				"north": {"uv": [8.25, 1.75, 8.75, 2], "texture": "#0"},
				"east": {"uv": [0.25, 8.5, 0.5, 8.75], "texture": "#0"},
				"south": {"uv": [8.25, 2, 8.75, 2.25], "texture": "#0"},
				"west": {"uv": [8.5, 0.25, 8.75, 0.5], "texture": "#0"},
				"up": {"uv": [2.75, 8.5, 2.25, 8.25], "texture": "#0"},
				"down": {"uv": [8.75, 2.25, 8.25, 2.5], "texture": "#0"}
			}
		},
		{
			"from": [0.2, 0.2, 8.9],
			"to": [2.7, 1.8, 9.4],
			"rotation": {"angle": 22.5, "axis": "y", "origin": [0.7, -0.4, 7.9]},
			"faces": {
				"north": {"uv": [4.5, 7.25, 5.25, 7.75], "texture": "#0"},
				"east": {"uv": [8.25, 2.5, 8.5, 3], "texture": "#0"},
				"south": {"uv": [7.25, 5, 8, 5.5], "texture": "#0"},
				"west": {"uv": [2.75, 8.25, 3, 8.75], "texture": "#0"},
				"up": {"uv": [8.5, 4.75, 7.75, 4.5], "texture": "#0"},
				"down": {"uv": [8.5, 4.75, 7.75, 5], "texture": "#0"}
			}
		},
		{
			"from": [13.3, 0.2, 8.9],
			"to": [15.8, 1.8, 9.4],
			"rotation": {"angle": -22.5, "axis": "y", "origin": [15.3, -0.4, 7.9]},
			"faces": {
				"north": {"uv": [5.25, 7.25, 4.5, 7.75], "texture": "#0"},
				"east": {"uv": [3, 8.25, 2.75, 8.75], "texture": "#0"},
				"south": {"uv": [8, 5, 7.25, 5.5], "texture": "#0"},
				"west": {"uv": [8.5, 2.5, 8.25, 3], "texture": "#0"},
				"up": {"uv": [7.75, 4.75, 8.5, 4.5], "texture": "#0"},
				"down": {"uv": [7.75, 4.75, 8.5, 5], "texture": "#0"}
			}
		},
		{
			"from": [13.3, 2.3, 8.2],
			"to": [15.3, 3.6, 8.6],
			"rotation": {"angle": 22.5, "axis": "z", "origin": [15.3, 1.6, 7.9]},
			"faces": {
				"north": {"uv": [8.75, 1.75, 8.25, 2], "texture": "#0"},
				"east": {"uv": [8.75, 0.25, 8.5, 0.5], "texture": "#0"},
				"south": {"uv": [8.75, 2, 8.25, 2.25], "texture": "#0"},
				"west": {"uv": [0.5, 8.5, 0.25, 8.75], "texture": "#0"},
				"up": {"uv": [2.25, 8.5, 2.75, 8.25], "texture": "#0"},
				"down": {"uv": [8.25, 2.25, 8.75, 2.5], "texture": "#0"}
			}
		},
		{
			"from": [7.5, 1, 2],
			"to": [7.7, 2.1, 2.5],
			"rotation": {"angle": 45, "axis": "z", "origin": [7.9, 0.1, 0.5]},
			"faces": {
				"north": {"uv": [8.5, 1, 8.75, 1.25], "texture": "#0"},
				"east": {"uv": [8.5, 1.25, 8.75, 1.5], "texture": "#0"},
				"south": {"uv": [1.5, 8.5, 1.75, 8.75], "texture": "#0"},
				"west": {"uv": [1.75, 8.5, 2, 8.75], "texture": "#0"},
				"up": {"uv": [2.25, 8.75, 2, 8.5], "texture": "#0"},
				"down": {"uv": [2.5, 8.5, 2.25, 8.75], "texture": "#0"}
			}
		},
		{
			"from": [7.7, 0.2, 2],
			"to": [8.8, 0.4, 2.5],
			"rotation": {"angle": -22.5, "axis": "z", "origin": [9.7, 0, 0.5]},
			"faces": {
				"north": {"uv": [2.5, 8.5, 2.75, 8.75], "texture": "#0"},
				"east": {"uv": [8.5, 2.5, 8.75, 2.75], "texture": "#0"},
				"south": {"uv": [8.5, 2.75, 8.75, 3], "texture": "#0"},
				"west": {"uv": [3, 8.5, 3.25, 8.75], "texture": "#0"},
				"up": {"uv": [8.75, 3.25, 8.5, 3], "texture": "#0"},
				"down": {"uv": [3.5, 8.5, 3.25, 8.75], "texture": "#0"}
			}
		},
		{
			"from": [8.3, 1, 2],
			"to": [8.5, 2.1, 2.5],
			"rotation": {"angle": -45, "axis": "z", "origin": [8.1, 0.1, 0.5]},
			"faces": {
				"north": {"uv": [8.75, 1, 8.5, 1.25], "texture": "#0"},
				"east": {"uv": [2, 8.5, 1.75, 8.75], "texture": "#0"},
				"south": {"uv": [1.75, 8.5, 1.5, 8.75], "texture": "#0"},
				"west": {"uv": [8.75, 1.25, 8.5, 1.5], "texture": "#0"},
				"up": {"uv": [2, 8.75, 2.25, 8.5], "texture": "#0"},
				"down": {"uv": [2.25, 8.5, 2.5, 8.75], "texture": "#0"}
			}
		},
		{
			"from": [7.2, 0.2, 2],
			"to": [8.3, 0.4, 2.5],
			"rotation": {"angle": 22.5, "axis": "z", "origin": [6.3, 0, 0.5]},
			"faces": {
				"north": {"uv": [2.75, 8.5, 2.5, 8.75], "texture": "#0"},
				"east": {"uv": [3.25, 8.5, 3, 8.75], "texture": "#0"},
				"south": {"uv": [8.75, 2.75, 8.5, 3], "texture": "#0"},
				"west": {"uv": [8.75, 2.5, 8.5, 2.75], "texture": "#0"},
				"up": {"uv": [8.5, 3.25, 8.75, 3], "texture": "#0"},
				"down": {"uv": [3.25, 8.5, 3.5, 8.75], "texture": "#0"}
			}
		},
		{
			"from": [7.16863, 1.025, 1.9],
			"to": [7.96863, 2.6, 2.5],
			"rotation": {"angle": -45, "axis": "z", "origin": [7.96863, 1, 1.1]},
			"faces": {
				"north": {"uv": [6.5, 8, 6.25, 8.5], "texture": "#0"},
				"east": {"uv": [8.5, 0.5, 8.25, 1], "texture": "#0"},
				"south": {"uv": [0.75, 8.25, 0.5, 8.75], "texture": "#0"},
				"west": {"uv": [8.5, 0, 8.25, 0.5], "texture": "#0"},
				"up": {"uv": [3, 6.5, 3.25, 6.25], "texture": "#0"},
				"down": {"uv": [5.5, 6.5, 5.75, 6.75], "texture": "#0"}
			}
		},
		{
			"from": [8, 1, 1.9],
			"to": [8.8, 2.6, 2.5],
			"rotation": {"angle": 45, "axis": "z", "origin": [8, 1, 1.1]},
			"faces": {
				"north": {"uv": [1, 8.25, 0.75, 8.75], "texture": "#0"},
				"east": {"uv": [1.5, 8.25, 1.25, 8.75], "texture": "#0"},
				"south": {"uv": [8.5, 1, 8.25, 1.5], "texture": "#0"},
				"west": {"uv": [1.25, 8.25, 1, 8.75], "texture": "#0"},
				"up": {"uv": [0, 8.75, 0.25, 8.5], "texture": "#0"},
				"down": {"uv": [8.5, 0, 8.75, 0.25], "texture": "#0"}
			}
		},
		{
			"from": [7.43431, 1.89706, 1.9],
			"to": [8.53431, 2.69706, 2.5],
			"rotation": {"angle": 0, "axis": "z", "origin": [7.43431, 1.89706, 1.1]},
			"faces": {
				"north": {"uv": [7, 7.25, 6.75, 7.5], "texture": "#0"},
				"east": {"uv": [8.5, 6, 8.25, 6.25], "texture": "#0"},
				"south": {"uv": [8.5, 5.5, 8.25, 5.75], "texture": "#0"},
				"west": {"uv": [2.5, 7.5, 2.25, 7.75], "texture": "#0"},
				"up": {"uv": [8.25, 8.25, 8.5, 8], "texture": "#0"},
				"down": {"uv": [8.25, 8.25, 8.5, 8.5], "texture": "#0"}
			}
		}
	],
	"display": {
		"thirdperson_righthand": {
			"rotation": [34.5, 0, 0],
			"translation": [-6.25, 5.75, 1.25]
		},
		"thirdperson_lefthand": {
			"rotation": [34.5, 0, 0],
			"translation": [-6.25, 5.75, 1.25]
		},
		"ground": {
			"translation": [0, 4.75, 0]
		},
		"gui": {
			"rotation": [13, 148, 0],
			"translation": [0, 1.75, 0]
		},
		"head": {
			"translation": [0, 10.5, -3.75],
			"scale": [1.81, 2.16, 2.63]
		},
		"fixed": {
			"translation": [0, 12.25, -7.25],
			"scale": [3.04, 3.04, 3.04]
		}
	}
}