{
	"format_version": "1.21.6",
	"credit": "Made with Blockbench",
	"texture_size": [64, 64],
	"textures": {
		"0": "garysinspace:item/garyhead",
		"particle": "garysinspace:item/garyhead"
	},
	"elements": [
		{
			"from": [2, 0, 2],
			"to": [14, 12, 14],
			"rotation": {"angle": 0, "axis": "y", "origin": [7, 0, 7]},
			"faces": {
				"north": {"uv": [0, 0, 3, 3], "texture": "#0"},
				"east": {"uv": [0, 3, 3, 6], "texture": "#0"},
				"south": {"uv": [3, 0, 6, 3], "texture": "#0"},
				"west": {"uv": [3, 3, 6, 6], "texture": "#0"},
				"up": {"uv": [3, 9, 0, 6], "texture": "#0"},
				"down": {"uv": [9, 0, 6, 3], "texture": "#0"}
			}
		},
		{
			"from": [13, 0, 1.5],
			"to": [14, 12, 2],
			"rotation": {"angle": 0, "axis": "y", "origin": [7, 0, 6]},
			"faces": {
				"north": {"uv": [3, 11.75, 3.25, 14.75], "texture": "#0"},
				"east": {"uv": [3.25, 11.75, 3.5, 14.75], "texture": "#0"},
				"south": {"uv": [3.5, 11.75, 3.75, 14.75], "texture": "#0"},
				"west": {"uv": [3.75, 11.75, 4, 14.75], "texture": "#0"},
				"up": {"uv": [3.75, 15.25, 3.5, 15], "texture": "#0"},
				"down": {"uv": [4, 15, 3.75, 15.25], "texture": "#0"}
			}
		},
		{
			"from": [3, 10, 1.5],
			"to": [14, 12, 2],
			"rotation": {"angle": 0, "axis": "y", "origin": [7, 0, 6]},
			"faces": {
				"north": {"uv": [9.5, 7, 12.25, 7.5], "texture": "#0"},
				"east": {"uv": [14, 14.75, 14.25, 15.25], "texture": "#0"},
				"south": {"uv": [7.25, 9.75, 10, 10.25], "texture": "#0"},
				"west": {"uv": [14.25, 14.75, 14.5, 15.25], "texture": "#0"},
				"up": {"uv": [15, 7.25, 12.25, 7], "texture": "#0"},
				"down": {"uv": [15, 7.25, 12.25, 7.5], "texture": "#0"}
			}
		},
		{
			"from": [8.6, 8, 1.2],
			"to": [13.5, 11.1, 2],
			"rotation": {"angle": 0, "axis": "y", "origin": [7, 0, 6]},
			"faces": {
				"north": {"uv": [11, 0.5, 12.25, 1.25], "texture": "#0"},
				"east": {"uv": [6.5, 14.5, 6.75, 15.25], "texture": "#0"},
				"south": {"uv": [3, 11, 4.25, 11.75], "texture": "#0"},
				"west": {"uv": [8.25, 14.5, 8.5, 15.25], "texture": "#0"},
				"up": {"uv": [15, 14.25, 13.75, 14], "texture": "#0"},
				"down": {"uv": [15.5, 10.75, 14.25, 11], "texture": "#0"}
			}
		},
		{
			"from": [9.6, 5, 1.7],
			"to": [10.5, 6.1, 2],
			"rotation": {"angle": 0, "axis": "y", "origin": [7, -3, 6]},
			"faces": {
				"north": {"uv": [9, 15, 9.25, 15.25], "texture": "#0"},
				"east": {"uv": [9.25, 15, 9.5, 15.25], "texture": "#0"},
				"south": {"uv": [15, 9.25, 15.25, 9.5], "texture": "#0"},
				"west": {"uv": [9.5, 15, 9.75, 15.25], "texture": "#0"},
				"up": {"uv": [15.25, 9.75, 15, 9.5], "texture": "#0"},
				"down": {"uv": [10, 15, 9.75, 15.25], "texture": "#0"}
			}
		},
		{
			"from": [8.6, 8, 0.2],
			"to": [11.5, 9.1, 1],
			"rotation": {"angle": 0, "axis": "y", "origin": [6, -1, 5]},
			"faces": {
				"north": {"uv": [7, 14.75, 7.75, 15], "texture": "#0"},
				"east": {"uv": [15, 6.75, 15.25, 7], "texture": "#0"},
				"south": {"uv": [14.75, 7.5, 15.5, 7.75], "texture": "#0"},
				"west": {"uv": [7, 15, 7.25, 15.25], "texture": "#0"},
				"up": {"uv": [15.5, 8, 14.75, 7.75], "texture": "#0"},
				"down": {"uv": [15.5, 8, 14.75, 8.25], "texture": "#0"}
			}
		},
		{
			"from": [8.4, 6, 1.6],
			"to": [13.1, 8.1, 2],
			"rotation": {"angle": 0, "axis": "y", "origin": [6, -2, 6]},
			"faces": {
				"north": {"uv": [12.75, 2.75, 14, 3.25], "texture": "#0"},
				"east": {"uv": [0, 15, 0.25, 15.5], "texture": "#0"},
				"south": {"uv": [12.75, 3.25, 14, 3.75], "texture": "#0"},
				"west": {"uv": [15, 0, 15.25, 0.5], "texture": "#0"},
				"up": {"uv": [15.75, 13.75, 14.5, 13.5], "texture": "#0"},
				"down": {"uv": [15.75, 13.75, 14.5, 14], "texture": "#0"}
			}
		},
		{
			"from": [8, 4, 1.5],
			"to": [9, 12, 2],
			"rotation": {"angle": 0, "axis": "y", "origin": [7, 0, 6]},
			"faces": {
				"north": {"uv": [10.25, 12.75, 10.5, 14.75], "texture": "#0"},
				"east": {"uv": [10.5, 12.75, 10.75, 14.75], "texture": "#0"},
				"south": {"uv": [10.75, 12.75, 11, 14.75], "texture": "#0"},
				"west": {"uv": [11, 12.75, 11.25, 14.75], "texture": "#0"},
				"up": {"uv": [4.75, 15.25, 4.5, 15], "texture": "#0"},
				"down": {"uv": [5, 15, 4.75, 15.25], "texture": "#0"}
			}
		},
		{
			"from": [5, 2, -1],
			"to": [11, 4, 2],
			"rotation": {"angle": 0, "axis": "y", "origin": [7, 0, 0]},
			"faces": {
				"north": {"uv": [11.5, 9.25, 13, 9.75], "texture": "#0"},
				"east": {"uv": [7, 13.5, 7.75, 14], "texture": "#0"},
				"south": {"uv": [11.5, 9.75, 13, 10.25], "texture": "#0"},
				"west": {"uv": [7.75, 13.5, 8.5, 14], "texture": "#0"},
				"up": {"uv": [11.25, 9.5, 9.75, 8.75], "texture": "#0"},
				"down": {"uv": [11.5, 1.25, 10, 2], "texture": "#0"}
			}
		},
		{
			"from": [5, 0, -1],
			"to": [11, 1, 2],
			"rotation": {"angle": 0, "axis": "y", "origin": [7, -2, 0]},
			"faces": {
				"north": {"uv": [13.75, 6.5, 15.25, 6.75], "texture": "#0"},
				"east": {"uv": [4.25, 14.75, 5, 15], "texture": "#0"},
				"south": {"uv": [11.25, 13.75, 12.75, 14], "texture": "#0"},
				"west": {"uv": [14.75, 5.5, 15.5, 5.75], "texture": "#0"},
				"up": {"uv": [11.5, 2.75, 10, 2], "texture": "#0"},
				"down": {"uv": [11.5, 2.75, 10, 3.5], "texture": "#0"}
			}
		},
		{
			"from": [5, 1, 1.2],
			"to": [13.3, 2, 2],
			"rotation": {"angle": 0, "axis": "y", "origin": [7, -1, 0]},
			"faces": {
				"north": {"uv": [10, 5.75, 12, 6], "texture": "#0"},
				"east": {"uv": [5.75, 15, 6, 15.25], "texture": "#0"},
				"south": {"uv": [12.25, 10.75, 14.25, 11], "texture": "#0"},
				"west": {"uv": [6, 15, 6.25, 15.25], "texture": "#0"},
				"up": {"uv": [14.5, 9.25, 12.5, 9], "texture": "#0"},
				"down": {"uv": [14.75, 4.75, 12.75, 5], "texture": "#0"}
			}
		},
		{
			"from": [5, 1, 0],
			"to": [11, 2, 2],
			"rotation": {"angle": 0, "axis": "z", "origin": [7, -1, 0]},
			"faces": {
				"north": {"uv": [13.75, 12.5, 15.25, 12.75], "texture": "#0"},
				"east": {"uv": [14.5, 14.75, 15, 15], "texture": "#0"},
				"south": {"uv": [13.75, 12.75, 15.25, 13], "texture": "#0"},
				"west": {"uv": [14.75, 14.5, 15.25, 14.75], "texture": "#0"},
				"up": {"uv": [13.25, 11.5, 11.75, 11], "texture": "#0"},
				"down": {"uv": [13.25, 11.5, 11.75, 12], "texture": "#0"}
			}
		},
		{
			"from": [7, 3, -2],
			"to": [9, 4, -1],
			"rotation": {"angle": 0, "axis": "y", "origin": [7, 0, -1]},
			"faces": {
				"north": {"uv": [10.75, 8.5, 11.25, 8.75], "texture": "#0"},
				"east": {"uv": [3, 15, 3.25, 15.25], "texture": "#0"},
				"south": {"uv": [5.5, 11, 6, 11.25], "texture": "#0"},
				"west": {"uv": [3.25, 15, 3.5, 15.25], "texture": "#0"},
				"up": {"uv": [5.5, 12.5, 5, 12.25], "texture": "#0"},
				"down": {"uv": [11.75, 12.25, 11.25, 12.5], "texture": "#0"}
			}
		},
		{
			"from": [-0.15, 3.85, 7],
			"to": [6.85, 4.85, 8],
			"rotation": {"angle": -37.5, "axis": "z", "origin": [5.85, 4.85, 6]},
			"faces": {
				"north": {"uv": [5, 13.25, 6.75, 13.5], "texture": "#0"},
				"east": {"uv": [9.5, 7.5, 9.75, 7.75], "texture": "#0"},
				"south": {"uv": [6.75, 13.25, 8.5, 13.5], "texture": "#0"},
				"west": {"uv": [9.75, 9.5, 10, 9.75], "texture": "#0"},
				"up": {"uv": [15, 11.25, 13.25, 11], "texture": "#0"},
				"down": {"uv": [13, 13.25, 11.25, 13.5], "texture": "#0"}
			}
		},
		{
			"from": [1, 8, 9],
			"to": [5, 13, 10],
			"rotation": {"angle": 25, "axis": "z", "origin": [1, 9, 8]},
			"faces": {
				"north": {"uv": [9.75, 7.5, 10.75, 8.75], "texture": "#0"},
				"east": {"uv": [4.25, 7.75, 4.5, 9], "texture": "#0"},
				"south": {"uv": [10, 0, 11, 1.25], "texture": "#0"},
				"west": {"uv": [6, 9, 6.25, 10.25], "texture": "#0"},
				"up": {"uv": [15.75, 2, 14.75, 1.75], "texture": "#0"},
				"down": {"uv": [15.75, 2, 14.75, 2.25], "texture": "#0"}
			}
		},
		{
			"from": [11, 8, 9],
			"to": [15, 13, 10],
			"rotation": {"angle": -25, "axis": "z", "origin": [15, 9, 8]},
			"faces": {
				"north": {"uv": [8, 4.75, 9, 6], "texture": "#0"},
				"east": {"uv": [6, 4.75, 6.25, 6], "texture": "#0"},
				"south": {"uv": [3, 9.75, 4, 11], "texture": "#0"},
				"west": {"uv": [4, 7.75, 4.25, 9], "texture": "#0"},
				"up": {"uv": [7.25, 10.25, 6.25, 10], "texture": "#0"},
				"down": {"uv": [2.25, 14.75, 1.25, 15], "texture": "#0"}
			}
		},
		{
			"from": [1, 0, 1],
			"to": [3, 2, 9],
			"rotation": {"angle": 0, "axis": "y", "origin": [0, -2, 7]},
			"faces": {
				"north": {"uv": [5, 11.75, 5.5, 12.25], "texture": "#0"},
				"east": {"uv": [6, 10.25, 8, 10.75], "texture": "#0"},
				"south": {"uv": [14.75, 1.25, 15.25, 1.75], "texture": "#0"},
				"west": {"uv": [8, 10.25, 10, 10.75], "texture": "#0"},
				"up": {"uv": [10.5, 12.25, 10, 10.25], "texture": "#0"},
				"down": {"uv": [11, 10.25, 10.5, 12.25], "texture": "#0"}
			}
		},
		{
			"from": [11, 2, 1],
			"to": [15, 4, 9],
			"rotation": {"angle": 0, "axis": "y", "origin": [16, 0, 7]},
			"faces": {
				"north": {"uv": [12.75, 3.75, 13.75, 4.25], "texture": "#0"},
				"east": {"uv": [6, 10.75, 8, 11.25], "texture": "#0"},
				"south": {"uv": [12.75, 4.25, 13.75, 4.75], "texture": "#0"},
				"west": {"uv": [10.75, 7.5, 12.75, 8], "texture": "#0"},
				"up": {"uv": [4, 9.75, 3, 7.75], "texture": "#0"},
				"down": {"uv": [8.75, 7.75, 7.75, 9.75], "texture": "#0"}
			}
		},
		{
			"from": [11, 0, 1],
			"to": [15, 1, 9],
			"rotation": {"angle": 0, "axis": "y", "origin": [16, -2, 7]},
			"faces": {
				"north": {"uv": [2.25, 14.75, 3.25, 15], "texture": "#0"},
				"east": {"uv": [12.75, 5, 14.75, 5.25], "texture": "#0"},
				"south": {"uv": [14.75, 2.25, 15.75, 2.5], "texture": "#0"},
				"west": {"uv": [12.75, 5.25, 14.75, 5.5], "texture": "#0"},
				"up": {"uv": [7.25, 10, 6.25, 8], "texture": "#0"},
				"down": {"uv": [9.75, 7.75, 8.75, 9.75], "texture": "#0"}
			}
		},
		{
			"from": [11.3, 2, 1],
			"to": [15, 3, 9],
			"rotation": {"angle": 22.5, "axis": "z", "origin": [16, 0, 7]},
			"faces": {
				"north": {"uv": [14.75, 4.75, 15.75, 5], "texture": "#0"},
				"east": {"uv": [13, 0.25, 15, 0.5], "texture": "#0"},
				"south": {"uv": [14.75, 5, 15.75, 5.25], "texture": "#0"},
				"west": {"uv": [5, 13, 7, 13.25], "texture": "#0"},
				"up": {"uv": [10, 4, 9, 2], "texture": "#0"},
				"down": {"uv": [5, 9, 4, 11], "texture": "#0"}
			}
		},
		{
			"from": [13, 0, 1],
			"to": [15, 2, 9],
			"rotation": {"angle": 0, "axis": "y", "origin": [16, -2, 7]},
			"faces": {
				"north": {"uv": [14.75, 2.5, 15.25, 3], "texture": "#0"},
				"east": {"uv": [0, 11, 2, 11.5], "texture": "#0"},
				"south": {"uv": [14.75, 3, 15.25, 3.5], "texture": "#0"},
				"west": {"uv": [11, 0, 13, 0.5], "texture": "#0"},
				"up": {"uv": [2.5, 13, 2, 11], "texture": "#0"},
				"down": {"uv": [3, 11, 2.5, 13], "texture": "#0"}
			}
		},
		{
			"from": [10, 8, 8],
			"to": [16, 15, 9],
			"rotation": {"angle": -25, "axis": "z", "origin": [15, 9, 7]},
			"faces": {
				"north": {"uv": [3, 6, 4.5, 7.75], "texture": "#0"},
				"east": {"uv": [7.25, 8, 7.5, 9.75], "texture": "#0"},
				"south": {"uv": [6, 3, 7.5, 4.75], "texture": "#0"},
				"west": {"uv": [7.5, 8, 7.75, 9.75], "texture": "#0"},
				"up": {"uv": [9.5, 6.25, 8, 6], "texture": "#0"},
				"down": {"uv": [12.75, 13.5, 11.25, 13.75], "texture": "#0"}
			}
		},
		{
			"from": [15, 8, 7],
			"to": [16, 15, 8],
			"rotation": {"angle": -25, "axis": "z", "origin": [15, 9, 6]},
			"faces": {
				"north": {"uv": [1, 13.25, 1.25, 15], "texture": "#0"},
				"east": {"uv": [8.5, 13.25, 8.75, 15], "texture": "#0"},
				"south": {"uv": [8.75, 13.25, 9, 15], "texture": "#0"},
				"west": {"uv": [13, 13.25, 13.25, 15], "texture": "#0"},
				"up": {"uv": [2.25, 15.25, 2, 15], "texture": "#0"},
				"down": {"uv": [2.5, 15, 2.25, 15.25], "texture": "#0"}
			}
		},
		{
			"from": [10, 14, 7],
			"to": [16, 15, 8],
			"rotation": {"angle": -25, "axis": "z", "origin": [15, 9, 6]},
			"faces": {
				"north": {"uv": [13.75, 4.25, 15.25, 4.5], "texture": "#0"},
				"east": {"uv": [15, 1, 15.25, 1.25], "texture": "#0"},
				"south": {"uv": [13.75, 4.5, 15.25, 4.75], "texture": "#0"},
				"west": {"uv": [1.25, 15, 1.5, 15.25], "texture": "#0"},
				"up": {"uv": [6.75, 14, 5.25, 13.75], "texture": "#0"},
				"down": {"uv": [15.25, 5.75, 13.75, 6], "texture": "#0"}
			}
		},
		{
			"from": [10, 8, 7],
			"to": [11, 15, 8],
			"rotation": {"angle": -25, "axis": "z", "origin": [15, 9, 6]},
			"faces": {
				"north": {"uv": [9, 13, 9.25, 14.75], "texture": "#0"},
				"east": {"uv": [9.25, 13, 9.5, 14.75], "texture": "#0"},
				"south": {"uv": [9.5, 13, 9.75, 14.75], "texture": "#0"},
				"west": {"uv": [9.75, 13, 10, 14.75], "texture": "#0"},
				"up": {"uv": [0.5, 15.25, 0.25, 15], "texture": "#0"},
				"down": {"uv": [0.75, 15, 0.5, 15.25], "texture": "#0"}
			}
		},
		{
			"from": [9.15, 3.85, 8],
			"to": [16.15, 9.85, 9],
			"rotation": {"angle": 37.5, "axis": "z", "origin": [10.15, 4.85, 7]},
			"faces": {
				"north": {"uv": [4.5, 6, 6.25, 7.5], "texture": "#0"},
				"east": {"uv": [12.75, 13.5, 13, 15], "texture": "#0"},
				"south": {"uv": [6.25, 4.75, 8, 6.25], "texture": "#0"},
				"west": {"uv": [13.5, 13, 13.75, 14.5], "texture": "#0"},
				"up": {"uv": [15, 11.5, 13.25, 11.25], "texture": "#0"},
				"down": {"uv": [15, 11.5, 13.25, 11.75], "texture": "#0"}
			}
		},
		{
			"from": [9.15, 3.85, 7],
			"to": [16.15, 4.85, 8],
			"rotation": {"angle": 37.5, "axis": "z", "origin": [10.15, 4.85, 6]},
			"faces": {
				"north": {"uv": [13.25, 11.75, 15, 12], "texture": "#0"},
				"east": {"uv": [2.5, 15, 2.75, 15.25], "texture": "#0"},
				"south": {"uv": [13.25, 12, 15, 12.25], "texture": "#0"},
				"west": {"uv": [2.75, 15, 3, 15.25], "texture": "#0"},
				"up": {"uv": [15, 12.5, 13.25, 12.25], "texture": "#0"},
				"down": {"uv": [7, 13.5, 5.25, 13.75], "texture": "#0"}
			}
		},
		{
			"from": [5, 8, 7],
			"to": [6, 15, 8],
			"rotation": {"angle": 25, "axis": "z", "origin": [1, 9, 6]},
			"faces": {
				"north": {"uv": [2, 13, 2.25, 14.75], "texture": "#0"},
				"east": {"uv": [2.25, 13, 2.5, 14.75], "texture": "#0"},
				"south": {"uv": [2.5, 13, 2.75, 14.75], "texture": "#0"},
				"west": {"uv": [2.75, 13, 3, 14.75], "texture": "#0"},
				"up": {"uv": [11.5, 9.5, 11.25, 9.25], "texture": "#0"},
				"down": {"uv": [12.25, 5.75, 12, 6], "texture": "#0"}
			}
		},
		{
			"from": [0, 14, 7],
			"to": [6, 15, 8],
			"rotation": {"angle": 25, "axis": "z", "origin": [1, 9, 6]},
			"faces": {
				"north": {"uv": [13.75, 0.5, 15.25, 0.75], "texture": "#0"},
				"east": {"uv": [0.75, 15, 1, 15.25], "texture": "#0"},
				"south": {"uv": [13.75, 0.75, 15.25, 1], "texture": "#0"},
				"west": {"uv": [1, 15, 1.25, 15.25], "texture": "#0"},
				"up": {"uv": [15.25, 4, 13.75, 3.75], "texture": "#0"},
				"down": {"uv": [15.25, 4, 13.75, 4.25], "texture": "#0"}
			}
		},
		{
			"from": [0, 8, 7],
			"to": [1, 15, 8],
			"rotation": {"angle": 25, "axis": "z", "origin": [1, 9, 6]},
			"faces": {
				"north": {"uv": [0, 13.25, 0.25, 15], "texture": "#0"},
				"east": {"uv": [0.25, 13.25, 0.5, 15], "texture": "#0"},
				"south": {"uv": [0.5, 13.25, 0.75, 15], "texture": "#0"},
				"west": {"uv": [0.75, 13.25, 1, 15], "texture": "#0"},
				"up": {"uv": [1.75, 15.25, 1.5, 15], "texture": "#0"},
				"down": {"uv": [2, 15, 1.75, 15.25], "texture": "#0"}
			}
		},
		{
			"from": [0, 8, 8],
			"to": [6, 15, 9],
			"rotation": {"angle": 25, "axis": "z", "origin": [1, 9, 7]},
			"faces": {
				"north": {"uv": [6.25, 6.25, 7.75, 8], "texture": "#0"},
				"east": {"uv": [13.25, 13, 13.5, 14.75], "texture": "#0"},
				"south": {"uv": [7.5, 3, 9, 4.75], "texture": "#0"},
				"west": {"uv": [5, 13.5, 5.25, 15.25], "texture": "#0"},
				"up": {"uv": [15.25, 6.25, 13.75, 6], "texture": "#0"},
				"down": {"uv": [15.25, 6.25, 13.75, 6.5], "texture": "#0"}
			}
		},
		{
			"from": [-0.15, 3.85, 8],
			"to": [6.85, 9.85, 9],
			"rotation": {"angle": -37.5, "axis": "z", "origin": [5.85, 4.85, 7]},
			"faces": {
				"north": {"uv": [4.5, 7.5, 6.25, 9], "texture": "#0"},
				"east": {"uv": [6.75, 13.75, 7, 15.25], "texture": "#0"},
				"south": {"uv": [7.75, 6.25, 9.5, 7.75], "texture": "#0"},
				"west": {"uv": [13.75, 7.5, 14, 9], "texture": "#0"},
				"up": {"uv": [15.25, 10.5, 13.5, 10.25], "texture": "#0"},
				"down": {"uv": [15.25, 10.5, 13.5, 10.75], "texture": "#0"}
			}
		},
		{
			"from": [7, 4, 1.5],
			"to": [8, 12, 2],
			"rotation": {"angle": 0, "axis": "y", "origin": [9, 0, 6]},
			"faces": {
				"north": {"uv": [1.25, 12.75, 1.5, 14.75], "texture": "#0"},
				"east": {"uv": [1.5, 12.75, 1.75, 14.75], "texture": "#0"},
				"south": {"uv": [1.75, 12.75, 2, 14.75], "texture": "#0"},
				"west": {"uv": [10, 12.75, 10.25, 14.75], "texture": "#0"},
				"up": {"uv": [4.25, 15.25, 4, 15], "texture": "#0"},
				"down": {"uv": [4.5, 15, 4.25, 15.25], "texture": "#0"}
			}
		},
		{
			"from": [2, 10, 1.5],
			"to": [13, 12, 2],
			"rotation": {"angle": 0, "axis": "y", "origin": [9, 0, 6]},
			"faces": {
				"north": {"uv": [9.5, 6, 12.25, 6.5], "texture": "#0"},
				"east": {"uv": [7.75, 14.75, 8, 15.25], "texture": "#0"},
				"south": {"uv": [9.5, 6.5, 12.25, 7], "texture": "#0"},
				"west": {"uv": [8, 14.75, 8.25, 15.25], "texture": "#0"},
				"up": {"uv": [15, 1.25, 12.25, 1], "texture": "#0"},
				"down": {"uv": [15, 6.75, 12.25, 7], "texture": "#0"}
			}
		},
		{
			"from": [2.9, 6, 1.6],
			"to": [7.6, 8.1, 2],
			"rotation": {"angle": 0, "axis": "y", "origin": [10, -2, 6]},
			"faces": {
				"north": {"uv": [0.75, 12.25, 2, 12.75], "texture": "#0"},
				"east": {"uv": [12, 14.75, 12.25, 15.25], "texture": "#0"},
				"south": {"uv": [10, 12.25, 11.25, 12.75], "texture": "#0"},
				"west": {"uv": [12.25, 14.75, 12.5, 15.25], "texture": "#0"},
				"up": {"uv": [15, 14.5, 13.75, 14.25], "texture": "#0"},
				"down": {"uv": [6.5, 14.5, 5.25, 14.75], "texture": "#0"}
			}
		},
		{
			"from": [2, 0, 1.5],
			"to": [3, 12, 2],
			"rotation": {"angle": 0, "axis": "y", "origin": [9, 0, 6]},
			"faces": {
				"north": {"uv": [4, 11.75, 4.25, 14.75], "texture": "#0"},
				"east": {"uv": [4.25, 11.75, 4.5, 14.75], "texture": "#0"},
				"south": {"uv": [4.5, 11.75, 4.75, 14.75], "texture": "#0"},
				"west": {"uv": [4.75, 11.75, 5, 14.75], "texture": "#0"},
				"up": {"uv": [5.5, 15.25, 5.25, 15], "texture": "#0"},
				"down": {"uv": [5.75, 15, 5.5, 15.25], "texture": "#0"}
			}
		},
		{
			"from": [1, 2, 1],
			"to": [5, 4, 9],
			"rotation": {"angle": 0, "axis": "y", "origin": [0, 0, 7]},
			"faces": {
				"north": {"uv": [12.75, 7.5, 13.75, 8], "texture": "#0"},
				"east": {"uv": [8, 10.75, 10, 11.25], "texture": "#0"},
				"south": {"uv": [12.75, 8, 13.75, 8.5], "texture": "#0"},
				"west": {"uv": [10.75, 8, 12.75, 8.5], "texture": "#0"},
				"up": {"uv": [1, 11, 0, 9], "texture": "#0"},
				"down": {"uv": [10, 0, 9, 2], "texture": "#0"}
			}
		},
		{
			"from": [1, 2, 1],
			"to": [4.8, 3, 9],
			"rotation": {"angle": -22.5, "axis": "z", "origin": [0, 0, 7]},
			"faces": {
				"north": {"uv": [3.25, 14.75, 4.25, 15], "texture": "#0"},
				"east": {"uv": [12.75, 5.5, 14.75, 5.75], "texture": "#0"},
				"south": {"uv": [14.75, 3.5, 15.75, 3.75], "texture": "#0"},
				"west": {"uv": [13, 0, 15, 0.25], "texture": "#0"},
				"up": {"uv": [2, 11, 1, 9], "texture": "#0"},
				"down": {"uv": [3, 9, 2, 11], "texture": "#0"}
			}
		},
		{
			"from": [1, 0, 1],
			"to": [5, 1, 9],
			"rotation": {"angle": 0, "axis": "y", "origin": [0, -2, 7]},
			"faces": {
				"north": {"uv": [5.25, 14.75, 6.25, 15], "texture": "#0"},
				"east": {"uv": [7, 13, 9, 13.25], "texture": "#0"},
				"south": {"uv": [14.75, 5.25, 15.75, 5.5], "texture": "#0"},
				"west": {"uv": [13, 9.25, 15, 9.5], "texture": "#0"},
				"up": {"uv": [10, 6, 9, 4], "texture": "#0"},
				"down": {"uv": [6, 9, 5, 11], "texture": "#0"}
			}
		},
		{
			"from": [5.5, 5, 1.7],
			"to": [6.4, 6.1, 2],
			"rotation": {"angle": 0, "axis": "y", "origin": [9, -3, 6]},
			"faces": {
				"north": {"uv": [15, 7, 15.25, 7.25], "texture": "#0"},
				"east": {"uv": [7.25, 15, 7.5, 15.25], "texture": "#0"},
				"south": {"uv": [15, 7.25, 15.25, 7.5], "texture": "#0"},
				"west": {"uv": [7.5, 15, 7.75, 15.25], "texture": "#0"},
				"up": {"uv": [8.75, 15.25, 8.5, 15], "texture": "#0"},
				"down": {"uv": [9, 15, 8.75, 15.25], "texture": "#0"}
			}
		},
		{
			"from": [7.9, 1.3, -0.075],
			"to": [11.05, 1.5, 1.6],
			"rotation": {"angle": 0, "axis": "z", "origin": [1, -1.3, 4]},
			"faces": {
				"north": {"uv": [15, 7, 15.25, 7.25], "rotation": 270, "texture": "#0"},
				"east": {"uv": [8.75, 15.25, 8.5, 15], "rotation": 90, "texture": "#0"},
				"south": {"uv": [15, 7.25, 15.25, 7.5], "rotation": 90, "texture": "#0"},
				"west": {"uv": [9, 15, 8.75, 15.25], "rotation": 90, "texture": "#0"},
				"up": {"uv": [7.5, 15, 7.75, 15.25], "rotation": 90, "texture": "#0"},
				"down": {"uv": [7.25, 15, 7.5, 15.25], "rotation": 90, "texture": "#0"}
			}
		},
		{
			"from": [2.5, 8, 1.2],
			"to": [7.4, 11.1, 2],
			"rotation": {"angle": 0, "axis": "y", "origin": [9, 0, 6]},
			"faces": {
				"north": {"uv": [4.25, 11, 5.5, 11.75], "texture": "#0"},
				"east": {"uv": [12.5, 14.5, 12.75, 15.25], "texture": "#0"},
				"south": {"uv": [11, 10.25, 12.25, 11], "texture": "#0"},
				"west": {"uv": [6.25, 14.75, 6.5, 15.5], "texture": "#0"},
				"up": {"uv": [8.25, 14.75, 7, 14.5], "texture": "#0"},
				"down": {"uv": [15.75, 9, 14.5, 9.25], "texture": "#0"}
			}
		},
		{
			"from": [2.7, 1, 1.2],
			"to": [11, 2, 2],
			"rotation": {"angle": 0, "axis": "y", "origin": [9, -1, 0]},
			"faces": {
				"north": {"uv": [13, 9.5, 15, 9.75], "texture": "#0"},
				"east": {"uv": [15, 9.75, 15.25, 10], "texture": "#0"},
				"south": {"uv": [13, 9.75, 15, 10], "texture": "#0"},
				"west": {"uv": [10, 15, 10.25, 15.25], "texture": "#0"},
				"up": {"uv": [15, 10.25, 13, 10], "texture": "#0"},
				"down": {"uv": [13.25, 13, 11.25, 13.25], "texture": "#0"}
			}
		},
		{
			"from": [-0.9, 0.6, 4.5],
			"to": [2.6, 2.5, 9.2],
			"rotation": {"angle": 2.5, "axis": "z", "origin": [0, 0.5, 7.2]},
			"faces": {
				"north": {"uv": [13.75, 13, 14.5, 13.5], "texture": "#0"},
				"east": {"uv": [12.25, 10.25, 13.5, 10.75], "texture": "#0"},
				"south": {"uv": [13.75, 13.5, 14.5, 14], "texture": "#0"},
				"west": {"uv": [5, 12.5, 6.25, 13], "texture": "#0"},
				"up": {"uv": [11.75, 12.25, 11, 11], "texture": "#0"},
				"down": {"uv": [6.25, 11.25, 5.5, 12.5], "texture": "#0"}
			}
		},
		{
			"from": [14, 2.9, 4.4],
			"to": [17, 4.7, 9.2],
			"rotation": {"angle": 22.5, "axis": "z", "origin": [16, 2.5, 7.2]},
			"faces": {
				"north": {"uv": [14, 1.25, 14.75, 1.75], "texture": "#0"},
				"east": {"uv": [6.25, 12.5, 7.5, 13], "texture": "#0"},
				"south": {"uv": [14, 1.75, 14.75, 2.25], "texture": "#0"},
				"west": {"uv": [7.5, 12.5, 8.75, 13], "texture": "#0"},
				"up": {"uv": [7, 12.5, 6.25, 11.25], "texture": "#0"},
				"down": {"uv": [7.75, 11.25, 7, 12.5], "texture": "#0"}
			}
		},
		{
			"from": [13.5, 0.6, 4.5],
			"to": [16.9, 2.5, 9.2],
			"rotation": {"angle": -2.5, "axis": "z", "origin": [16, 0.5, 7.2]},
			"faces": {
				"north": {"uv": [14, 2.25, 14.75, 2.75], "texture": "#0"},
				"east": {"uv": [12.5, 8.5, 13.75, 9], "texture": "#0"},
				"south": {"uv": [14, 2.75, 14.75, 3.25], "texture": "#0"},
				"west": {"uv": [8.75, 12.5, 10, 13], "texture": "#0"},
				"up": {"uv": [8.5, 12.5, 7.75, 11.25], "texture": "#0"},
				"down": {"uv": [9.25, 11.25, 8.5, 12.5], "texture": "#0"}
			}
		},
		{
			"from": [-1, 2.9, 4.4],
			"to": [2, 4.7, 9.2],
			"rotation": {"angle": -22.5, "axis": "z", "origin": [0, 2.5, 7.2]},
			"faces": {
				"north": {"uv": [14, 3.25, 14.75, 3.75], "texture": "#0"},
				"east": {"uv": [11.25, 12.5, 12.5, 13], "texture": "#0"},
				"south": {"uv": [5.25, 14, 6, 14.5], "texture": "#0"},
				"west": {"uv": [12.5, 12.5, 13.75, 13], "texture": "#0"},
				"up": {"uv": [10, 12.5, 9.25, 11.25], "texture": "#0"},
				"down": {"uv": [0.75, 11.5, 0, 12.75], "texture": "#0"}
			}
		},
		{
			"from": [3, 11.5, 1],
			"to": [7.8, 13.5, 4],
			"rotation": {"angle": -32.5, "axis": "z", "origin": [6, 11.5, 2]},
			"faces": {
				"north": {"uv": [0, 12.75, 1.25, 13.25], "texture": "#0"},
				"east": {"uv": [6, 14, 6.75, 14.5], "texture": "#0"},
				"south": {"uv": [12.75, 1.25, 14, 1.75], "texture": "#0"},
				"west": {"uv": [7, 14, 7.75, 14.5], "texture": "#0"},
				"up": {"uv": [12.5, 9.25, 11.25, 8.5], "texture": "#0"},
				"down": {"uv": [2, 11.5, 0.75, 12.25], "texture": "#0"}
			}
		},
		{
			"from": [4, 10.5, 0.2],
			"to": [9, 11.5, 3],
			"rotation": {"angle": 32.5, "axis": "z", "origin": [7, 9.5, 1]},
			"faces": {
				"north": {"uv": [11.25, 14.5, 12.5, 14.75], "texture": "#0"},
				"east": {"uv": [14.75, 8.25, 15.5, 8.5], "texture": "#0"},
				"south": {"uv": [14.5, 13, 15.75, 13.25], "texture": "#0"},
				"west": {"uv": [14.75, 8.5, 15.5, 8.75], "texture": "#0"},
				"up": {"uv": [12.75, 2, 11.5, 1.25], "texture": "#0"},
				"down": {"uv": [12.75, 2, 11.5, 2.75], "texture": "#0"}
			}
		},
		{
			"from": [8, 10.5, 0],
			"to": [14.3, 12.5, 3],
			"rotation": {"angle": 0, "axis": "z", "origin": [10, 10.5, 1]},
			"faces": {
				"north": {"uv": [11.75, 12, 13.25, 12.5], "texture": "#0"},
				"east": {"uv": [14, 7.5, 14.75, 8], "texture": "#0"},
				"south": {"uv": [12.25, 0.5, 13.75, 1], "texture": "#0"},
				"west": {"uv": [7.75, 14, 8.5, 14.5], "texture": "#0"},
				"up": {"uv": [11.5, 4.25, 10, 3.5], "texture": "#0"},
				"down": {"uv": [11.5, 4.25, 10, 5], "texture": "#0"}
			}
		},
		{
			"from": [7, 10.5, 0.2],
			"to": [12, 11.5, 3],
			"rotation": {"angle": -32.5, "axis": "z", "origin": [9, 9.5, 1]},
			"faces": {
				"north": {"uv": [14.5, 13.25, 15.75, 13.5], "texture": "#0"},
				"east": {"uv": [14.75, 8.75, 15.5, 9], "texture": "#0"},
				"south": {"uv": [13.5, 14.5, 14.75, 14.75], "texture": "#0"},
				"west": {"uv": [9, 14.75, 9.75, 15], "texture": "#0"},
				"up": {"uv": [12.75, 5, 11.5, 4.25], "texture": "#0"},
				"down": {"uv": [12.75, 5, 11.5, 5.75], "texture": "#0"}
			}
		},
		{
			"from": [8.2, 11.5, 1],
			"to": [13, 13.5, 4],
			"rotation": {"angle": 32.5, "axis": "z", "origin": [10, 11.5, 2]},
			"faces": {
				"north": {"uv": [12.75, 1.75, 14, 2.25], "texture": "#0"},
				"east": {"uv": [14, 8, 14.75, 8.5], "texture": "#0"},
				"south": {"uv": [12.75, 2.25, 14, 2.75], "texture": "#0"},
				"west": {"uv": [14, 8.5, 14.75, 9], "texture": "#0"},
				"up": {"uv": [12.75, 3.5, 11.5, 2.75], "texture": "#0"},
				"down": {"uv": [12.75, 3.5, 11.5, 4.25], "texture": "#0"}
			}
		},
		{
			"from": [1.7, 10.5, 0],
			"to": [8, 12.5, 3],
			"rotation": {"angle": 0, "axis": "z", "origin": [6, 10.5, 1]},
			"faces": {
				"north": {"uv": [12.25, 5.75, 13.75, 6.25], "texture": "#0"},
				"east": {"uv": [11.25, 14, 12, 14.5], "texture": "#0"},
				"south": {"uv": [12.25, 6.25, 13.75, 6.75], "texture": "#0"},
				"west": {"uv": [12, 14, 12.75, 14.5], "texture": "#0"},
				"up": {"uv": [11.5, 5.75, 10, 5], "texture": "#0"},
				"down": {"uv": [11.5, 9.5, 10, 10.25], "texture": "#0"}
			}
		},
		{
			"from": [4.5, 8, 0.2],
			"to": [7.4, 9.1, 1],
			"rotation": {"angle": 0, "axis": "y", "origin": [10, -1, 5]},
			"faces": {
				"north": {"uv": [9.75, 14.75, 10.5, 15], "texture": "#0"},
				"east": {"uv": [15, 10, 15.25, 10.25], "texture": "#0"},
				"south": {"uv": [10.5, 14.75, 11.25, 15], "texture": "#0"},
				"west": {"uv": [10.25, 15, 10.5, 15.25], "texture": "#0"},
				"up": {"uv": [12, 15, 11.25, 14.75], "texture": "#0"},
				"down": {"uv": [14, 14.75, 13.25, 15], "texture": "#0"}
			}
		},
		{
			"from": [4.95, 1.3, -0.075],
			"to": [8.1, 1.5, 1.6],
			"rotation": {"angle": 0, "axis": "z", "origin": [15, -1.3, 4]},
			"faces": {
				"north": {"uv": [15.25, 7, 15, 7.25], "texture": "#0"},
				"east": {"uv": [7.75, 15, 7.5, 15.25], "texture": "#0"},
				"south": {"uv": [15.25, 7.25, 15, 7.5], "texture": "#0"},
				"west": {"uv": [7.5, 15, 7.25, 15.25], "texture": "#0"},
				"up": {"uv": [8.5, 15.25, 8.75, 15], "texture": "#0"},
				"down": {"uv": [8.75, 15, 9, 15.25], "texture": "#0"}
			}
		}
	],
	"display": {
		"head": {
			"translation": [0, 6.5, 0.5],
			"scale": [1.74, 1.74, 1.74]
		},
		"fixed": {
			"translation": [0, 3.75, 0],
			"scale": [2.12, 2.12, 2.12]
		}
	}
}
