{
	"format_version": "1.21.6",
	"credit": "Made with Blockbench",
	"texture_size": [64, 64],
	"textures": {
		"0": "garysinspace:item/guitar",
		"particle": "garysinspace:item/guitar"
	},
	"elements": [
		{
			"from": [7, 6.1, 6.975],
			"to": [9, 24, 8.05],
			"rotation": {"angle": 0, "axis": "y", "origin": [7, 11, 6]},
			"faces": {
				"north": {"uv": [0, 0, 0.5, 4.5], "texture": "#0"},
				"east": {"uv": [3, 0, 3.25, 4.5], "texture": "#0"},
				"south": {"uv": [0.5, 0, 1, 4.5], "texture": "#0"},
				"west": {"uv": [3.25, 0, 3.5, 4.5], "texture": "#0"},
				"up": {"uv": [7.25, 6.25, 6.75, 6], "texture": "#0"},
				"down": {"uv": [7.25, 6.25, 6.75, 6.5], "texture": "#0"}
			}
		},
		{
			"from": [7, 6.5, 6.925],
			"to": [9, 7.1, 8.05],
			"rotation": {"angle": 0, "axis": "y", "origin": [7, 11, 6]},
			"faces": {
				"north": {"uv": [0, 0, 0.5, 4.5], "texture": "#0"},
				"east": {"uv": [3, 0, 3.25, 4.5], "texture": "#0"},
				"south": {"uv": [0.5, 0, 1, 4.5], "texture": "#0"},
				"west": {"uv": [3.25, 0, 3.5, 4.5], "texture": "#0"},
				"up": {"uv": [7.25, 6.25, 6.75, 6], "texture": "#0"},
				"down": {"uv": [7.25, 6.25, 6.75, 6.5], "texture": "#0"}
			}
		},
		{
			"from": [8.6, 6.1, 6.9],
			"to": [8.7, 22.4, 6.975],
			"rotation": {"angle": 0, "axis": "y", "origin": [7, 11, 6]},
			"faces": {
				"north": {"uv": [0, 4.5, 0.25, 8.75], "texture": "#0"},
				"east": {"uv": [4.5, 0, 4.75, 4.25], "texture": "#0"},
				"south": {"uv": [0.25, 4.5, 0.5, 8.75], "texture": "#0"},
				"west": {"uv": [0.5, 4.5, 0.75, 8.75], "texture": "#0"},
				"up": {"uv": [7.75, 4.25, 7.5, 4], "texture": "#0"},
				"down": {"uv": [4.5, 7.5, 4.25, 7.75], "texture": "#0"}
			}
		},
		{
			"from": [8.3, 6.1, 6.9],
			"to": [8.4, 23, 6.975],
			"rotation": {"angle": 0, "axis": "y", "origin": [6.7, 11, 6]},
			"faces": {
				"north": {"uv": [0.75, 4.5, 1, 8.75], "texture": "#0"},
				"east": {"uv": [3, 4.5, 3.25, 8.75], "texture": "#0"},
				"south": {"uv": [3.25, 4.5, 3.5, 8.75], "texture": "#0"},
				"west": {"uv": [3.5, 4.5, 3.75, 8.75], "texture": "#0"},
				"up": {"uv": [4.75, 7.75, 4.5, 7.5], "texture": "#0"},
				"down": {"uv": [5, 7.5, 4.75, 7.75], "texture": "#0"}
			}
		},
		{
			"from": [8, 6.1, 6.9],
			"to": [8.1, 23.6, 6.975],
			"rotation": {"angle": 0, "axis": "y", "origin": [6.4, 11, 6]},
			"faces": {
				"north": {"uv": [3.5, 0, 3.75, 4.5], "texture": "#0"},
				"east": {"uv": [3.75, 0, 4, 4.5], "texture": "#0"},
				"south": {"uv": [4, 0, 4.25, 4.5], "texture": "#0"},
				"west": {"uv": [4.25, 0, 4.5, 4.5], "texture": "#0"},
				"up": {"uv": [5.25, 7.75, 5, 7.5], "texture": "#0"},
				"down": {"uv": [7.75, 5.25, 7.5, 5.5], "texture": "#0"}
			}
		},
		{
			"from": [7.675, 6.1, 6.9],
			"to": [7.775, 24.3, 6.975],
			"rotation": {"angle": 0, "axis": "y", "origin": [6.075, 11, 6]},
			"faces": {
				"north": {"uv": [1, 0, 1.25, 4.75], "texture": "#0"},
				"east": {"uv": [1.25, 0, 1.5, 4.75], "texture": "#0"},
				"south": {"uv": [1.5, 0, 1.75, 4.75], "texture": "#0"},
				"west": {"uv": [1.75, 0, 2, 4.75], "texture": "#0"},
				"up": {"uv": [7.75, 5.75, 7.5, 5.5], "texture": "#0"},
				"down": {"uv": [6, 7.5, 5.75, 7.75], "texture": "#0"}
			}
		},
		{
			"from": [7.3, 6.1, 6.9],
			"to": [7.4, 24.8, 6.975],
			"rotation": {"angle": 0, "axis": "y", "origin": [5.7, 11, 6]},
			"faces": {
				"north": {"uv": [2, 0, 2.25, 4.75], "texture": "#0"},
				"east": {"uv": [2.25, 0, 2.5, 4.75], "texture": "#0"},
				"south": {"uv": [2.5, 0, 2.75, 4.75], "texture": "#0"},
				"west": {"uv": [2.75, 0, 3, 4.75], "texture": "#0"},
				"up": {"uv": [7.75, 6, 7.5, 5.75], "texture": "#0"},
				"down": {"uv": [6.25, 7.5, 6, 7.75], "texture": "#0"}
			}
		},
		{
			"from": [6.825, 6.2, 6.95],
			"to": [9.175, 7.275, 6.975],
			"rotation": {"angle": 0, "axis": "y", "origin": [7, 11, 6]},
			"faces": {
				"north": {"uv": [7, 6.5, 7.5, 6.75], "texture": "#0"},
				"east": {"uv": [2.5, 7.5, 2.75, 7.75], "texture": "#0"},
				"south": {"uv": [6.75, 7, 7.25, 7.25], "texture": "#0"},
				"west": {"uv": [2.75, 7.5, 3, 7.75], "texture": "#0"},
				"up": {"uv": [7.5, 7, 7, 6.75], "texture": "#0"},
				"down": {"uv": [3, 7.25, 2.5, 7.5], "texture": "#0"}
			}
		},
		{
			"from": [6.975, 7.825, 6.925],
			"to": [9.025, 8.525, 6.975],
			"rotation": {"angle": 0, "axis": "y", "origin": [7, 12.325, 6]},
			"faces": {
				"north": {"uv": [7.25, 2.5, 7.75, 2.75], "texture": "#0"},
				"east": {"uv": [7.5, 3.5, 7.75, 3.75], "texture": "#0"},
				"south": {"uv": [7.25, 2.75, 7.75, 3], "texture": "#0"},
				"west": {"uv": [3.75, 7.5, 4, 7.75], "texture": "#0"},
				"up": {"uv": [7.75, 3.25, 7.25, 3], "texture": "#0"},
				"down": {"uv": [7.75, 3.25, 7.25, 3.5], "texture": "#0"}
			}
		},
		{
			"from": [6.975, 9.85, 6.925],
			"to": [9.025, 10.825, 6.975],
			"rotation": {"angle": 0, "axis": "y", "origin": [7, 14.625, 6]},
			"faces": {
				"north": {"uv": [7.25, 4.75, 7.75, 5], "texture": "#0"},
				"east": {"uv": [7.5, 3.75, 7.75, 4], "texture": "#0"},
				"south": {"uv": [7.25, 5, 7.75, 5.25], "texture": "#0"},
				"west": {"uv": [4, 7.5, 4.25, 7.75], "texture": "#0"},
				"up": {"uv": [7.75, 6.25, 7.25, 6], "texture": "#0"},
				"down": {"uv": [7.75, 6.25, 7.25, 6.5], "texture": "#0"}
			}
		},
		{
			"from": [11.775, 22, 6.925],
			"to": [14.1, 26.625, 8.1],
			"rotation": {"angle": 25, "axis": "z", "origin": [12.1, 12.9, 6]},
			"faces": {
				"north": {"uv": [5.25, 3.5, 5.75, 4.75], "texture": "#0"},
				"east": {"uv": [6.5, 4.75, 6.75, 6], "texture": "#0"},
				"south": {"uv": [5.25, 4.75, 5.75, 6], "texture": "#0"},
				"west": {"uv": [6.5, 6, 6.75, 7.25], "texture": "#0"},
				"up": {"uv": [7.5, 5.5, 7, 5.25], "texture": "#0"},
				"down": {"uv": [7.5, 5.5, 7, 5.75], "texture": "#0"}
			}
		},
		{
			"from": [11.775, 22, 6.925],
			"to": [14.1, 26.625, 8.1],
			"rotation": {"angle": 25, "axis": "z", "origin": [12.1, 12.9, 6]},
			"faces": {
				"north": {"uv": [5.25, 3.5, 5.75, 4.75], "texture": "#0"},
				"east": {"uv": [6.5, 4.75, 6.75, 6], "texture": "#0"},
				"south": {"uv": [5.25, 4.75, 5.75, 6], "texture": "#0"},
				"west": {"uv": [6.5, 6, 6.75, 7.25], "texture": "#0"},
				"up": {"uv": [7.5, 5.5, 7, 5.25], "texture": "#0"},
				"down": {"uv": [7.5, 5.5, 7, 5.75], "texture": "#0"}
			}
		},
		{
			"from": [12.5, 3, 7],
			"to": [13.5, 13, 8],
			"rotation": {"angle": 22.5, "axis": "z", "origin": [12.5, 6, 6]},
			"faces": {
				"north": {"uv": [2.5, 4.75, 2.75, 7.25], "texture": "#0"},
				"east": {"uv": [2.75, 4.75, 3, 7.25], "texture": "#0"},
				"south": {"uv": [3.75, 5, 4, 7.5], "texture": "#0"},
				"west": {"uv": [4, 5, 4.25, 7.5], "texture": "#0"},
				"up": {"uv": [4.75, 4.5, 4.5, 4.25], "texture": "#0"},
				"down": {"uv": [6.25, 7, 6, 7.25], "texture": "#0"}
			}
		},
		{
			"from": [11.7, 3.9, 7.025],
			"to": [12.9, 12.1, 7.975],
			"rotation": {"angle": 22.5, "axis": "z", "origin": [12.5, 6, 6]},
			"faces": {
				"north": {"uv": [1, 5.75, 1.25, 7.75], "texture": "#0"},
				"east": {"uv": [1.25, 5.75, 1.5, 7.75], "texture": "#0"},
				"south": {"uv": [1.5, 5.75, 1.75, 7.75], "texture": "#0"},
				"west": {"uv": [1.75, 5.75, 2, 7.75], "texture": "#0"},
				"up": {"uv": [7.75, 0.75, 7.5, 0.5], "texture": "#0"},
				"down": {"uv": [7.75, 0.75, 7.5, 1], "texture": "#0"}
			}
		},
		{
			"from": [8.7, 7.9, 7.025],
			"to": [11.7, 11.8, 7.975],
			"rotation": {"angle": 22.5, "axis": "z", "origin": [12.5, 6, 6]},
			"faces": {
				"north": {"uv": [4.75, 1.5, 5.5, 2.5], "texture": "#0"},
				"east": {"uv": [6.75, 2.5, 7, 3.5], "texture": "#0"},
				"south": {"uv": [1.75, 4.75, 2.5, 5.75], "texture": "#0"},
				"west": {"uv": [6.75, 4.75, 7, 5.75], "texture": "#0"},
				"up": {"uv": [7.5, 4.25, 6.75, 4], "texture": "#0"},
				"down": {"uv": [7.5, 5.75, 6.75, 6], "texture": "#0"}
			}
		},
		{
			"from": [6.34915, 4.10928, 7],
			"to": [14.44915, 5.10928, 8],
			"rotation": {"angle": -27.5, "axis": "z", "origin": [11.44915, 4.10928, 6]},
			"faces": {
				"north": {"uv": [5.5, 0.5, 7.5, 0.75], "texture": "#0"},
				"east": {"uv": [7.25, 7, 7.5, 7.25], "texture": "#0"},
				"south": {"uv": [5.5, 0.75, 7.5, 1], "texture": "#0"},
				"west": {"uv": [7.25, 7.25, 7.5, 7.5], "texture": "#0"},
				"up": {"uv": [7.5, 1.25, 5.5, 1], "texture": "#0"},
				"down": {"uv": [7.5, 1.25, 5.5, 1.5], "texture": "#0"}
			}
		},
		{
			"from": [6.34915, 4.80928, 7.05],
			"to": [11.94915, 7.00928, 7.95],
			"rotation": {"angle": -27.5, "axis": "z", "origin": [11.44915, 4.10928, 6]},
			"faces": {
				"north": {"uv": [4.75, 2.5, 6.25, 3], "texture": "#0"},
				"east": {"uv": [7, 3, 7.25, 3.5], "texture": "#0"},
				"south": {"uv": [4.75, 3, 6.25, 3.5], "texture": "#0"},
				"west": {"uv": [7, 4.75, 7.25, 5.25], "texture": "#0"},
				"up": {"uv": [8, 4.5, 6.5, 4.25], "texture": "#0"},
				"down": {"uv": [8, 4.5, 6.5, 4.75], "texture": "#0"}
			}
		},
		{
			"from": [7.41126, 6.61401, 7],
			"to": [8.41126, 13.61401, 8],
			"rotation": {"angle": -20, "axis": "z", "origin": [7.41126, 6.61401, 6]},
			"faces": {
				"north": {"uv": [6.25, 2.5, 6.5, 4.25], "texture": "#0"},
				"east": {"uv": [6.25, 4.25, 6.5, 6], "texture": "#0"},
				"south": {"uv": [6.25, 6, 6.5, 7.75], "texture": "#0"},
				"west": {"uv": [6.5, 2.5, 6.75, 4.25], "texture": "#0"},
				"up": {"uv": [7, 7.5, 6.75, 7.25], "texture": "#0"},
				"down": {"uv": [7.25, 7.25, 7, 7.5], "texture": "#0"}
			}
		},
		{
			"from": [7.58874, 6.61401, 7],
			"to": [8.58874, 13.61401, 8],
			"rotation": {"angle": 20, "axis": "z", "origin": [8.58874, 6.61401, 6]},
			"faces": {
				"north": {"uv": [6, 3.5, 6.25, 5.25], "texture": "#0"},
				"east": {"uv": [5.25, 6, 5.5, 7.75], "texture": "#0"},
				"south": {"uv": [6, 5.25, 6.25, 7], "texture": "#0"},
				"west": {"uv": [5.5, 6, 5.75, 7.75], "texture": "#0"},
				"up": {"uv": [6.25, 7.5, 6, 7.25], "texture": "#0"},
				"down": {"uv": [6.75, 7.25, 6.5, 7.5], "texture": "#0"}
			}
		},
		{
			"from": [4.05085, 4.80928, 7.05],
			"to": [9.65085, 7.00928, 7.95],
			"rotation": {"angle": 27.5, "axis": "z", "origin": [4.55085, 4.10928, 6]},
			"faces": {
				"north": {"uv": [3.75, 4.5, 5.25, 5], "texture": "#0"},
				"east": {"uv": [6.75, 6.5, 7, 7], "texture": "#0"},
				"south": {"uv": [4.75, 0, 6.25, 0.5], "texture": "#0"},
				"west": {"uv": [7, 2.5, 7.25, 3], "texture": "#0"},
				"up": {"uv": [7.75, 0.25, 6.25, 0], "texture": "#0"},
				"down": {"uv": [7.75, 0.25, 6.25, 0.5], "texture": "#0"}
			}
		},
		{
			"from": [4.3, 7.9, 7.025],
			"to": [7.3, 11.8, 7.975],
			"rotation": {"angle": -22.5, "axis": "z", "origin": [3.5, 6, 6]},
			"faces": {
				"north": {"uv": [4.75, 0.5, 5.5, 1.5], "texture": "#0"},
				"east": {"uv": [4.75, 3.5, 5, 4.5], "texture": "#0"},
				"south": {"uv": [1, 4.75, 1.75, 5.75], "texture": "#0"},
				"west": {"uv": [5, 3.5, 5.25, 4.5], "texture": "#0"},
				"up": {"uv": [7.5, 3.75, 6.75, 3.5], "texture": "#0"},
				"down": {"uv": [7.5, 3.75, 6.75, 4], "texture": "#0"}
			}
		},
		{
			"from": [2.5, 3, 7],
			"to": [3.5, 13, 8],
			"rotation": {"angle": -22.5, "axis": "z", "origin": [3.5, 6, 6]},
			"faces": {
				"north": {"uv": [4.25, 5, 4.5, 7.5], "texture": "#0"},
				"east": {"uv": [4.5, 5, 4.75, 7.5], "texture": "#0"},
				"south": {"uv": [4.75, 5, 5, 7.5], "texture": "#0"},
				"west": {"uv": [5, 5, 5.25, 7.5], "texture": "#0"},
				"up": {"uv": [7.75, 1.25, 7.5, 1], "texture": "#0"},
				"down": {"uv": [7.75, 1.25, 7.5, 1.5], "texture": "#0"}
			}
		},
		{
			"from": [3.1, 3.9, 7.025],
			"to": [4.3, 12.1, 7.975],
			"rotation": {"angle": -22.5, "axis": "z", "origin": [3.5, 6, 6]},
			"faces": {
				"north": {"uv": [2, 5.75, 2.25, 7.75], "texture": "#0"},
				"east": {"uv": [2.25, 5.75, 2.5, 7.75], "texture": "#0"},
				"south": {"uv": [5.75, 3.5, 6, 5.5], "texture": "#0"},
				"west": {"uv": [5.75, 5.5, 6, 7.5], "texture": "#0"},
				"up": {"uv": [7.75, 1.75, 7.5, 1.5], "texture": "#0"},
				"down": {"uv": [7.75, 1.75, 7.5, 2], "texture": "#0"}
			}
		},
		{
			"from": [1.55085, 4.10928, 7],
			"to": [9.65085, 5.10928, 8],
			"rotation": {"angle": 27.5, "axis": "z", "origin": [4.55085, 4.10928, 6]},
			"faces": {
				"north": {"uv": [5.5, 1.5, 7.5, 1.75], "texture": "#0"},
				"east": {"uv": [7.5, 2, 7.75, 2.25], "texture": "#0"},
				"south": {"uv": [5.5, 1.75, 7.5, 2], "texture": "#0"},
				"west": {"uv": [7.5, 2.25, 7.75, 2.5], "texture": "#0"},
				"up": {"uv": [7.5, 2.25, 5.5, 2], "texture": "#0"},
				"down": {"uv": [7.5, 2.25, 5.5, 2.5], "texture": "#0"}
			}
		}
	],
	"display": {
		"thirdperson_righthand": {
			"rotation": [87.6, -3.34, 81.06],
			"translation": [0.25, -2.75, -1],
			"scale": [1.02, 1.02, 1.02]
		},
		"thirdperson_lefthand": {
			"rotation": [87.6, -3.34, 81.06],
			"translation": [0.25, -2.75, -1],
			"scale": [1.02, 1.02, 1.02]
		},
		"firstperson_righthand": {
			"rotation": [0, 0, 64.25],
			"translation": [-2.75, -3.5, 0],
			"scale": [1.25, 1.25, 1.25]
		},
		"firstperson_lefthand": {
			"rotation": [0, 0, 64.25],
			"translation": [-2.75, -3.5, 0],
			"scale": [1.25, 1.25, 1.25]
		},
		"ground": {
			"translation": [0, 1.75, 0]
		},
		"gui": {
			"rotation": [179.13, 0.91, -137.75],
			"translation": [-1.75, -2.25, 0],
			"scale": [0.76, 0.76, 0.76]
		},
		"head": {
			"rotation": [178.21, -3.32, 151.75],
			"translation": [0, -20.25, 3.75],
			"scale": [1.4, 1.4, 1.4]
		},
		"fixed": {
			"translation": [0, -4.75, 0]
		},
		"on_shelf": {
			"rotation": [-180, -5.75, -180]
		}
	}
}
