{
	"format_version": "1.21.11",
	"credit": "Made with Blockbench",
	"texture_size": [64, 64],
	"textures": {
		"0": "garysinspace:item/helmet",
		"particle": "garysinspace:item/helmet"
	},
	"elements": [
		{
			"from": [2.58595, 1.14009, 3.7],
			"to": [3.08595, 4.04009, 5.5],
			"rotation": {"angle": 7.5, "axis": "z", "origin": [2.18595, 4.94009, 8]},
			"faces": {
				"north": {"uv": [4.25, 5.75, 4.5, 6.5], "texture": "#0"},
				"east": {"uv": [5.75, 5, 6.25, 5.75], "texture": "#0"},
				"south": {"uv": [5.5, 7.25, 5.75, 8], "texture": "#0"},
				"west": {"uv": [5.75, 5.75, 6.25, 6.5], "texture": "#0"},
				"up": {"uv": [8, 1.5, 7.75, 1], "texture": "#0"},
				"down": {"uv": [3, 7.75, 2.75, 8.25], "texture": "#0"}
			}
		},
		{
			"from": [4, 8.3, 4],
			"to": [8, 9.4, 12.1],
			"rotation": {"angle": 0, "axis": "y", "origin": [2.3, 9, 8]},
			"faces": {
				"north": {"uv": [7, 5.5, 8, 5.75], "texture": "#0"},
				"east": {"uv": [5.75, 4, 7.75, 4.25], "texture": "#0"},
				"south": {"uv": [7, 5.75, 8, 6], "texture": "#0"},
				"west": {"uv": [5.75, 4.25, 7.75, 4.5], "texture": "#0"},
				"up": {"uv": [1, 2, 0, 0], "texture": "#0"},
				"down": {"uv": [2, 0, 1, 2], "texture": "#0"}
			}
		},
		{
			"from": [6.9, 9.4, 4.7],
			"to": [9.1, 9.9, 10.9],
			"rotation": {"angle": 0, "axis": "y", "origin": [4.3, 10, 8]},
			"faces": {
				"north": {"uv": [8, 0.5, 8.5, 0.75], "texture": "#0"},
				"east": {"uv": [6.5, 3.5, 8, 3.75], "texture": "#0"},
				"south": {"uv": [8, 4.5, 8.5, 4.75], "texture": "#0"},
				"west": {"uv": [6.5, 3.75, 8, 4], "texture": "#0"},
				"up": {"uv": [2, 6.75, 1.5, 5.25], "texture": "#0"},
				"down": {"uv": [2.5, 5.25, 2, 6.75], "texture": "#0"}
			}
		},
		{
			"from": [11.2, 6.9, 3.4],
			"to": [12.8, 8.6, 12.9],
			"rotation": {"angle": 0, "axis": "y", "origin": [13.7, 9, 8]},
			"faces": {
				"north": {"uv": [3.5, 4.5, 4, 5], "texture": "#0"},
				"east": {"uv": [3, 1.5, 5.5, 2], "texture": "#0"},
				"south": {"uv": [7, 5, 7.5, 5.5], "texture": "#0"},
				"west": {"uv": [1, 3.5, 3.5, 4], "texture": "#0"},
				"up": {"uv": [4, 4.5, 3.5, 2], "texture": "#0"},
				"down": {"uv": [0.5, 4, 0, 6.5], "texture": "#0"}
			}
		},
		{
			"from": [8, 8.3, 4],
			"to": [12, 9.4, 12.1],
			"rotation": {"angle": 0, "axis": "y", "origin": [13.7, 9, 8]},
			"faces": {
				"north": {"uv": [7, 6, 8, 6.25], "texture": "#0"},
				"east": {"uv": [5.75, 4.5, 7.75, 4.75], "texture": "#0"},
				"south": {"uv": [7, 6.25, 8, 6.5], "texture": "#0"},
				"west": {"uv": [5.75, 4.75, 7.75, 5], "texture": "#0"},
				"up": {"uv": [1, 4, 0, 2], "texture": "#0"},
				"down": {"uv": [3, 0, 2, 2], "texture": "#0"}
			}
		},
		{
			"from": [12.7, 4.1, 3.2],
			"to": [13.3, 7.3, 12.9],
			"rotation": {"angle": 0, "axis": "y", "origin": [13.7, 5, 8]},
			"faces": {
				"north": {"uv": [5.75, 7.25, 6, 8], "texture": "#0"},
				"east": {"uv": [1, 2, 3.5, 2.75], "texture": "#0"},
				"south": {"uv": [6, 7.25, 6.25, 8], "texture": "#0"},
				"west": {"uv": [1, 2.75, 3.5, 3.5], "texture": "#0"},
				"up": {"uv": [2.75, 7.75, 2.5, 5.25], "texture": "#0"},
				"down": {"uv": [3, 5.25, 2.75, 7.75], "texture": "#0"}
			}
		},
		{
			"from": [8, 4.1, 12.9],
			"to": [13.3, 7.3, 13.5],
			"rotation": {"angle": 0, "axis": "y", "origin": [13.7, 5, 8]},
			"faces": {
				"north": {"uv": [0.5, 4.5, 1.75, 5.25], "texture": "#0"},
				"east": {"uv": [1, 7.5, 1.25, 8.25], "texture": "#0"},
				"south": {"uv": [1.75, 4.5, 3, 5.25], "texture": "#0"},
				"west": {"uv": [1.25, 7.5, 1.5, 8.25], "texture": "#0"},
				"up": {"uv": [8.25, 2.25, 7, 2], "texture": "#0"},
				"down": {"uv": [8.25, 2.25, 7, 2.5], "texture": "#0"}
			}
		},
		{
			"from": [8, 7.3, 12],
			"to": [11.3, 8.8, 13.1],
			"rotation": {"angle": 0, "axis": "y", "origin": [13.7, 8.2, 7.8]},
			"faces": {
				"north": {"uv": [4.75, 6.25, 5.5, 6.75], "texture": "#0"},
				"east": {"uv": [4, 7.75, 4.25, 8.25], "texture": "#0"},
				"south": {"uv": [6.25, 5, 7, 5.5], "texture": "#0"},
				"west": {"uv": [7.75, 4, 8, 4.5], "texture": "#0"},
				"up": {"uv": [8.25, 1, 7.5, 0.75], "texture": "#0"},
				"down": {"uv": [8.25, 5, 7.5, 5.25], "texture": "#0"}
			}
		},
		{
			"from": [8, 2.3, 12.6],
			"to": [13, 4.3, 13.2],
			"rotation": {"angle": 0, "axis": "y", "origin": [13.7, 3.2, 7.8]},
			"faces": {
				"north": {"uv": [5.5, 1, 6.75, 1.5], "texture": "#0"},
				"east": {"uv": [4.25, 7.75, 4.5, 8.25], "texture": "#0"},
				"south": {"uv": [5.5, 1.5, 6.75, 2], "texture": "#0"},
				"west": {"uv": [7.75, 4.5, 8, 5], "texture": "#0"},
				"up": {"uv": [8.25, 3.25, 7, 3], "texture": "#0"},
				"down": {"uv": [8.25, 3.25, 7, 3.5], "texture": "#0"}
			}
		},
		{
			"from": [12.7, 1.1, 8.2],
			"to": [13.3, 4.1, 12.6],
			"rotation": {"angle": 0, "axis": "y", "origin": [13.7, 5, 8]},
			"faces": {
				"north": {"uv": [0.5, 7.5, 0.75, 8.25], "texture": "#0"},
				"east": {"uv": [3.5, 5, 4.5, 5.75], "texture": "#0"},
				"south": {"uv": [0.75, 7.5, 1, 8.25], "texture": "#0"},
				"west": {"uv": [0.5, 5.25, 1.5, 6], "texture": "#0"},
				"up": {"uv": [7.5, 1, 7.25, 0], "texture": "#0"},
				"down": {"uv": [0.5, 7.25, 0.25, 8.25], "texture": "#0"}
			}
		},
		{
			"from": [12.91405, 1.14009, 3.7],
			"to": [13.41405, 4.04009, 5.5],
			"rotation": {"angle": -7.5, "axis": "z", "origin": [13.81405, 4.94009, 8]},
			"faces": {
				"north": {"uv": [6.25, 7.25, 6.5, 8], "texture": "#0"},
				"east": {"uv": [0.5, 6, 1, 6.75], "texture": "#0"},
				"south": {"uv": [6.5, 7.25, 6.75, 8], "texture": "#0"},
				"west": {"uv": [1, 6, 1.5, 6.75], "texture": "#0"},
				"up": {"uv": [3.25, 8.25, 3, 7.75], "texture": "#0"},
				"down": {"uv": [3.5, 7.75, 3.25, 8.25], "texture": "#0"}
			}
		},
		{
			"from": [3.2, 6.9, 3.4],
			"to": [4.8, 8.6, 12.9],
			"rotation": {"angle": 0, "axis": "y", "origin": [2.3, 9, 8]},
			"faces": {
				"north": {"uv": [7, 6.5, 7.5, 7], "texture": "#0"},
				"east": {"uv": [0.5, 4, 3, 4.5], "texture": "#0"},
				"south": {"uv": [7, 7, 7.5, 7.5], "texture": "#0"},
				"west": {"uv": [4, 2, 6.5, 2.5], "texture": "#0"},
				"up": {"uv": [4.5, 5, 4, 2.5], "texture": "#0"},
				"down": {"uv": [3.5, 4, 3, 6.5], "texture": "#0"}
			}
		},
		{
			"from": [2.7, 1.1, 8.2],
			"to": [3.3, 4.1, 12.6],
			"rotation": {"angle": 0, "axis": "y", "origin": [2.3, 5, 8]},
			"faces": {
				"north": {"uv": [6.75, 7.25, 7, 8], "texture": "#0"},
				"east": {"uv": [4.5, 4, 5.5, 4.75], "texture": "#0"},
				"south": {"uv": [7.5, 0, 7.75, 0.75], "texture": "#0"},
				"west": {"uv": [4.5, 4.75, 5.5, 5.5], "texture": "#0"},
				"up": {"uv": [5.5, 7.75, 5.25, 6.75], "texture": "#0"},
				"down": {"uv": [0.25, 7.25, 0, 8.25], "texture": "#0"}
			}
		},
		{
			"from": [3, 2.3, 12.6],
			"to": [8, 4.3, 13.2],
			"rotation": {"angle": 0, "axis": "y", "origin": [2.3, 3.2, 7.8]},
			"faces": {
				"north": {"uv": [5.5, 0, 6.75, 0.5], "texture": "#0"},
				"east": {"uv": [3.5, 7.75, 3.75, 8.25], "texture": "#0"},
				"south": {"uv": [5.5, 0.5, 6.75, 1], "texture": "#0"},
				"west": {"uv": [3.75, 7.75, 4, 8.25], "texture": "#0"},
				"up": {"uv": [8, 1.75, 6.75, 1.5], "texture": "#0"},
				"down": {"uv": [8, 1.75, 6.75, 2], "texture": "#0"}
			}
		},
		{
			"from": [2.7, 4.1, 3.2],
			"to": [3.3, 7.3, 12.9],
			"rotation": {"angle": 0, "axis": "y", "origin": [2.3, 5, 8]},
			"faces": {
				"north": {"uv": [1.5, 7.5, 1.75, 8.25], "texture": "#0"},
				"east": {"uv": [3, 0, 5.5, 0.75], "texture": "#0"},
				"south": {"uv": [1.75, 7.5, 2, 8.25], "texture": "#0"},
				"west": {"uv": [3, 0.75, 5.5, 1.5], "texture": "#0"},
				"up": {"uv": [5.75, 6.5, 5.5, 4], "texture": "#0"},
				"down": {"uv": [4.75, 5.5, 4.5, 8], "texture": "#0"}
			}
		},
		{
			"from": [2.7, 4.1, 12.9],
			"to": [8, 7.3, 13.5],
			"rotation": {"angle": 0, "axis": "y", "origin": [2.3, 5, 8]},
			"faces": {
				"north": {"uv": [4.5, 2.5, 5.75, 3.25], "texture": "#0"},
				"east": {"uv": [2, 7.5, 2.25, 8.25], "texture": "#0"},
				"south": {"uv": [4.5, 3.25, 5.75, 4], "texture": "#0"},
				"west": {"uv": [2.25, 7.5, 2.5, 8.25], "texture": "#0"},
				"up": {"uv": [8.25, 2.75, 7, 2.5], "texture": "#0"},
				"down": {"uv": [8.25, 2.75, 7, 3], "texture": "#0"}
			}
		},
		{
			"from": [4.7, 7.3, 12],
			"to": [8, 8.8, 13.1],
			"rotation": {"angle": 0, "axis": "y", "origin": [2.3, 8.2, 7.8]},
			"faces": {
				"north": {"uv": [6.25, 5.5, 7, 6], "texture": "#0"},
				"east": {"uv": [5.25, 7.75, 5.5, 8.25], "texture": "#0"},
				"south": {"uv": [6.25, 6, 7, 6.5], "texture": "#0"},
				"west": {"uv": [7.75, 6.75, 8, 7.25], "texture": "#0"},
				"up": {"uv": [8.25, 5.5, 7.5, 5.25], "texture": "#0"},
				"down": {"uv": [8.25, 6.5, 7.5, 6.75], "texture": "#0"}
			}
		},
		{
			"from": [9.5, 8.7, 4.2],
			"to": [11.9, 11.8, 7.4],
			"rotation": {"angle": 30, "axis": "x", "origin": [11, 9, 5]},
			"faces": {
				"north": {"uv": [0, 6.5, 0.5, 7.25], "texture": "#0"},
				"east": {"uv": [4.75, 5.5, 5.5, 6.25], "texture": "#0"},
				"south": {"uv": [6.5, 2, 7, 2.75], "texture": "#0"},
				"west": {"uv": [5.75, 2.5, 6.5, 3.25], "texture": "#0"},
				"up": {"uv": [7, 3.5, 6.5, 2.75], "texture": "#0"},
				"down": {"uv": [3.5, 6.5, 3, 7.25], "texture": "#0"}
			}
		},
		{
			"from": [9.1, 11.8, 3.4],
			"to": [11, 14.7, 5.4],
			"rotation": {"x": 63.48124, "y": 9.84655, "z": -17.49524, "origin": [11.1, 9.9, 4.1]},
			"faces": {
				"north": {"uv": [3.5, 6.5, 4, 7.25], "texture": "#0"},
				"east": {"uv": [4, 6.5, 4.5, 7.25], "texture": "#0"},
				"south": {"uv": [5.5, 6.5, 6, 7.25], "texture": "#0"},
				"west": {"uv": [6, 6.5, 6.5, 7.25], "texture": "#0"},
				"up": {"uv": [7.75, 1.5, 7.25, 1], "texture": "#0"},
				"down": {"uv": [3.5, 7.25, 3, 7.75], "texture": "#0"}
			}
		},
		{
			"from": [8.65989, 14.97676, 4.49786],
			"to": [9.75989, 18.07676, 5.99786],
			"rotation": {"x": 76.22793, "y": 34.26312, "z": -23.35608, "origin": [10.05989, 11.67676, 4.99786]},
			"faces": {
				"north": {"uv": [4.75, 7.5, 5, 8.25], "texture": "#0"},
				"east": {"uv": [5, 7.5, 5.25, 8.25], "texture": "#0"},
				"south": {"uv": [7.5, 6.75, 7.75, 7.5], "texture": "#0"},
				"west": {"uv": [7, 7.5, 7.25, 8.25], "texture": "#0"},
				"up": {"uv": [8.25, 5.75, 8, 5.5], "texture": "#0"},
				"down": {"uv": [6, 8, 5.75, 8.25], "texture": "#0"}
			}
		},
		{
			"from": [7.25989, 19.17676, 7.39786],
			"to": [7.75989, 21.27676, 8.29786],
			"rotation": {"x": 73.8515, "y": 70.19316, "z": -41.86143, "origin": [8.55989, 13.87676, 7.79786]},
			"faces": {
				"north": {"uv": [8, 1.5, 8.25, 2], "texture": "#0"},
				"east": {"uv": [8, 3.5, 8.25, 4], "texture": "#0"},
				"south": {"uv": [8, 4, 8.25, 4.5], "texture": "#0"},
				"west": {"uv": [4.5, 8, 4.75, 8.5], "texture": "#0"},
				"up": {"uv": [8.25, 6, 8, 5.75], "texture": "#0"},
				"down": {"uv": [6.25, 8, 6, 8.25], "texture": "#0"}
			}
		},
		{
			"from": [8.24011, 19.17676, 7.39786],
			"to": [8.74011, 21.27676, 8.29786],
			"rotation": {"x": 73.8515, "y": -70.19316, "z": 41.86143, "origin": [7.44011, 13.87676, 7.79786]},
			"faces": {
				"north": {"uv": [7.75, 7.25, 8, 7.75], "texture": "#0"},
				"east": {"uv": [7.75, 7.75, 8, 8.25], "texture": "#0"},
				"south": {"uv": [8, 0, 8.25, 0.5], "texture": "#0"},
				"west": {"uv": [8, 1, 8.25, 1.5], "texture": "#0"},
				"up": {"uv": [8.25, 5, 8, 4.75], "texture": "#0"},
				"down": {"uv": [5.75, 8, 5.5, 8.25], "texture": "#0"}
			}
		},
		{
			"from": [4.1, 8.7, 4.2],
			"to": [6.5, 11.8, 7.4],
			"rotation": {"angle": 30, "axis": "x", "origin": [5, 9, 5]},
			"faces": {
				"north": {"uv": [6.5, 6.5, 7, 7.25], "texture": "#0"},
				"east": {"uv": [5.75, 3.25, 6.5, 4], "texture": "#0"},
				"south": {"uv": [6.75, 0, 7.25, 0.75], "texture": "#0"},
				"west": {"uv": [3.5, 5.75, 4.25, 6.5], "texture": "#0"},
				"up": {"uv": [1, 7.5, 0.5, 6.75], "texture": "#0"},
				"down": {"uv": [7.25, 0.75, 6.75, 1.5], "texture": "#0"}
			}
		},
		{
			"from": [5, 11.8, 3.4],
			"to": [6.9, 14.7, 5.4],
			"rotation": {"x": 63.48124, "y": -9.84655, "z": 17.49524, "origin": [4.9, 9.9, 4.1]},
			"faces": {
				"north": {"uv": [1, 6.75, 1.5, 7.5], "texture": "#0"},
				"east": {"uv": [1.5, 6.75, 2, 7.5], "texture": "#0"},
				"south": {"uv": [2, 6.75, 2.5, 7.5], "texture": "#0"},
				"west": {"uv": [4.75, 6.75, 5.25, 7.5], "texture": "#0"},
				"up": {"uv": [4, 7.75, 3.5, 7.25], "texture": "#0"},
				"down": {"uv": [4.5, 7.25, 4, 7.75], "texture": "#0"}
			}
		},
		{
			"from": [6.24011, 14.97676, 4.49786],
			"to": [7.34011, 18.07676, 5.99786],
			"rotation": {"x": 76.22793, "y": -34.26312, "z": 23.35608, "origin": [5.94011, 11.67676, 4.99786]},
			"faces": {
				"north": {"uv": [7.25, 7.5, 7.5, 8.25], "texture": "#0"},
				"east": {"uv": [7.5, 7.5, 7.75, 8.25], "texture": "#0"},
				"south": {"uv": [7.75, 0, 8, 0.75], "texture": "#0"},
				"west": {"uv": [2.5, 7.75, 2.75, 8.5], "texture": "#0"},
				"up": {"uv": [8.25, 6.25, 8, 6], "texture": "#0"},
				"down": {"uv": [6.5, 8, 6.25, 8.25], "texture": "#0"}
			}
		}
	],
	"display": {
		"head": {
			"translation": [0, 6.5, -0.25],
			"scale": [1.65, 1.65, 1.65]
		}
	}
}