{
	"format_version": "1.21.6",
	"credit": "Made with Blockbench",
	"texture_size": [32, 32],
	"textures": {
		"0": "garysinspace:item/hook",
		"particle": "garysinspace:item/hook"
	},
	"elements": [
		{
			"from": [5, 0, 5],
			"to": [11, 5, 11],
			"rotation": {"angle": 0, "axis": "y", "origin": [7, 0, 7]},
			"faces": {
				"north": {"uv": [3, 0, 6, 2.5], "texture": "#0"},
				"east": {"uv": [3, 2.5, 6, 5], "texture": "#0"},
				"south": {"uv": [3, 5, 6, 7.5], "texture": "#0"},
				"west": {"uv": [0, 6, 3, 8.5], "texture": "#0"},
				"up": {"uv": [3, 3, 0, 0], "texture": "#0"},
				"down": {"uv": [3, 3, 0, 6], "texture": "#0"}
			}
		},
		{
			"from": [7.5, 5, 7.5],
			"to": [8.5, 6.4, 8.5],
			"rotation": {"angle": 0, "axis": "y", "origin": [7.5, 5, 7.5]},
			"faces": {
				"north": {"uv": [7.5, 0, 8, 0.5], "texture": "#0"},
				"east": {"uv": [7.5, 0.5, 8, 1], "texture": "#0"},
				"south": {"uv": [7.5, 1, 8, 1.5], "texture": "#0"},
				"west": {"uv": [7.5, 1.5, 8, 2], "texture": "#0"},
				"up": {"uv": [3.5, 8, 3, 7.5], "texture": "#0"},
				"down": {"uv": [4, 7.5, 3.5, 8], "texture": "#0"}
			}
		},
		{
			"from": [5.09475, 5.74386, 7.525],
			"to": [8.09475, 6.74386, 8.475],
			"rotation": {"angle": -27.5, "axis": "z", "origin": [7.59475, 5.74386, 7.5]},
			"faces": {
				"north": {"uv": [6, 0, 7.5, 0.5], "texture": "#0"},
				"east": {"uv": [4, 7.5, 4.5, 8], "texture": "#0"},
				"south": {"uv": [6, 0.5, 7.5, 1], "texture": "#0"},
				"west": {"uv": [7.5, 4, 8, 4.5], "texture": "#0"},
				"up": {"uv": [7.5, 1.5, 6, 1], "texture": "#0"},
				"down": {"uv": [7.5, 1.5, 6, 2], "texture": "#0"}
			}
		},
		{
			"from": [5.0352, 6.83793, 7.55],
			"to": [6.0352, 8.93793, 8.45],
			"rotation": {"angle": 20, "axis": "z", "origin": [5.0352, 7.83793, 7.5]},
			"faces": {
				"north": {"uv": [6, 2, 6.5, 3], "texture": "#0"},
				"east": {"uv": [6, 3, 6.5, 4], "texture": "#0"},
				"south": {"uv": [6, 4, 6.5, 5], "texture": "#0"},
				"west": {"uv": [6, 5, 6.5, 6], "texture": "#0"},
				"up": {"uv": [5, 8, 4.5, 7.5], "texture": "#0"},
				"down": {"uv": [8, 4.5, 7.5, 5], "texture": "#0"}
			}
		},
		{
			"from": [5.19628, 8.71498, 7.5],
			"to": [6.19628, 10.91498, 8.5],
			"rotation": {"angle": -32.5, "axis": "z", "origin": [5.19628, 9.71498, 7.5]},
			"faces": {
				"north": {"uv": [6, 6, 6.5, 7], "texture": "#0"},
				"east": {"uv": [6.5, 2, 7, 3], "texture": "#0"},
				"south": {"uv": [6.5, 3, 7, 4], "texture": "#0"},
				"west": {"uv": [6.5, 4, 7, 5], "texture": "#0"},
				"up": {"uv": [5.5, 8, 5, 7.5], "texture": "#0"},
				"down": {"uv": [8, 5, 7.5, 5.5], "texture": "#0"}
			}
		},
		{
			"from": [5.80696, 9.98587, 7.525],
			"to": [8.00696, 10.98587, 8.475],
			"rotation": {"angle": 15, "axis": "z", "origin": [6.80696, 10.98587, 7.5]},
			"faces": {
				"north": {"uv": [6.5, 5, 7.5, 5.5], "texture": "#0"},
				"east": {"uv": [5.5, 7.5, 6, 8], "texture": "#0"},
				"south": {"uv": [6.5, 5.5, 7.5, 6], "texture": "#0"},
				"west": {"uv": [7.5, 5.5, 8, 6], "texture": "#0"},
				"up": {"uv": [7.5, 6.5, 6.5, 6], "texture": "#0"},
				"down": {"uv": [7.5, 6.5, 6.5, 7], "texture": "#0"}
			}
		},
		{
			"from": [7.90577, 9.95443, 7.5],
			"to": [9.80577, 10.95443, 8.5],
			"rotation": {"angle": -20, "axis": "z", "origin": [8.90577, 10.95443, 7.5]},
			"faces": {
				"north": {"uv": [7, 2, 8, 2.5], "texture": "#0"},
				"east": {"uv": [7.5, 6, 8, 6.5], "texture": "#0"},
				"south": {"uv": [7, 2.5, 8, 3], "texture": "#0"},
				"west": {"uv": [7.5, 6.5, 8, 7], "texture": "#0"},
				"up": {"uv": [8, 3.5, 7, 3], "texture": "#0"},
				"down": {"uv": [8, 3.5, 7, 4], "texture": "#0"}
			}
		},
		{
			"from": [9.28879, 8.90322, 7.525],
			"to": [10.28879, 10.80322, 8.475],
			"rotation": {"angle": 32.5, "axis": "z", "origin": [10.28879, 9.80322, 7.5]},
			"faces": {
				"north": {"uv": [7, 4, 7.5, 5], "texture": "#0"},
				"east": {"uv": [6, 7, 6.5, 8], "texture": "#0"},
				"south": {"uv": [6.5, 7, 7, 8], "texture": "#0"},
				"west": {"uv": [7, 7, 7.5, 8], "texture": "#0"},
				"up": {"uv": [8, 7.5, 7.5, 7], "texture": "#0"},
				"down": {"uv": [8, 7.5, 7.5, 8], "texture": "#0"}
			}
		},
		{
			"from": [10.07236, 8.34417, 7.5],
			"to": [10.77236, 9.04417, 8.5],
			"rotation": {"angle": -12.5, "axis": "z", "origin": [10.77236, 9.04417, 7.5]},
			"faces": {
				"north": {"uv": [8, 0, 8.5, 0.5], "texture": "#0"},
				"east": {"uv": [8, 0.5, 8.5, 1], "texture": "#0"},
				"south": {"uv": [8, 1, 8.5, 1.5], "texture": "#0"},
				"west": {"uv": [8, 1.5, 8.5, 2], "texture": "#0"},
				"up": {"uv": [8.5, 2.5, 8, 2], "texture": "#0"},
				"down": {"uv": [8.5, 2.5, 8, 3], "texture": "#0"}
			}
		}
	],
	"display": {
		"thirdperson_righthand": {
			"rotation": [90.47, 0.27, 179.94],
			"translation": [0.25, -2, -4.75]
		},
		"thirdperson_lefthand": {
			"rotation": [-93, 0, 0],
			"translation": [0.25, -2.25, -4.75]
		},
		"firstperson_righthand": {
			"rotation": [135.25, 7.5, -180],
			"translation": [0, 5.25, 0]
		},
		"firstperson_lefthand": {
			"rotation": [142, 180, -180],
			"translation": [0, 5.25, 0]
		},
		"ground": {
			"translation": [0, 5.25, 0]
		},
		"gui": {
			"translation": [0, 3.25, 0],
			"scale": [1.34, 1.34, 1.34]
		},
		"head": {
			"translation": [0, 22.5, 0],
			"scale": [2.72, 2.72, 2.72]
		},
		"fixed": {
			"translation": [0, 4.75, -2.5],
			"scale": [1.43, 1.43, 1.43]
		},
		"on_shelf": {
			"translation": [0, 1, 0]
		}
	}
}
