{
	"format_version": "1.21.11",
	"credit": "Made with Blockbench",
	"texture_size": [32, 32],
	"textures": {
		"0": "garysinspace:item/kettle"
	},
	"elements": [
		{
			"from": [5, 0, 5],
			"to": [12, 3, 11],
			"rotation": {"angle": 0, "axis": "y", "origin": [8, 0, 8]},
			"faces": {
				"north": {"uv": [6, 2.5, 9.5, 4], "texture": "#0"},
				"east": {"uv": [6.5, 7, 9.5, 8.5], "texture": "#0"},
				"south": {"uv": [6, 4, 9.5, 5.5], "texture": "#0"},
				"west": {"uv": [0, 8.5, 3, 10], "texture": "#0"},
				"up": {"uv": [3.5, 3, 0, 0], "texture": "#0"},
				"down": {"uv": [3.5, 3, 0, 6], "texture": "#0"}
			}
		},
		{
			"from": [5.8, 0, 4.5],
			"to": [11.2, 2.7, 11.5],
			"rotation": {"angle": 0, "axis": "y", "origin": [8, 0, 8]},
			"faces": {
				"north": {"uv": [9.5, 5, 12, 6.5], "texture": "#0"},
				"east": {"uv": [6, 5.5, 9.5, 7], "texture": "#0"},
				"south": {"uv": [9.5, 6.5, 12, 8], "texture": "#0"},
				"west": {"uv": [3, 7, 6.5, 8.5], "texture": "#0"},
				"up": {"uv": [6, 3.5, 3.5, 0], "texture": "#0"},
				"down": {"uv": [6, 3.5, 3.5, 7], "texture": "#0"}
			}
		},
		{
			"from": [6.3, 2.9, 5.1],
			"to": [10.7, 5.4, 5.5],
			"rotation": {"angle": 0, "axis": "y", "origin": [8, 0, 2.5]},
			"faces": {
				"north": {"uv": [5, 10, 7, 11.5], "texture": "#0"},
				"east": {"uv": [8.5, 11.5, 9, 13], "texture": "#0"},
				"south": {"uv": [7, 10, 9, 11.5], "texture": "#0"},
				"west": {"uv": [2, 12, 2.5, 13.5], "texture": "#0"},
				"up": {"uv": [14, 3, 12, 2.5], "texture": "#0"},
				"down": {"uv": [14, 3, 12, 3.5], "texture": "#0"}
			}
		},
		{
			"from": [6.3, 2.9, 10.5],
			"to": [10.7, 5.4, 10.9],
			"rotation": {"angle": 0, "axis": "y", "origin": [8, 0, 7.8]},
			"faces": {
				"north": {"uv": [9, 10.5, 11, 12], "texture": "#0"},
				"east": {"uv": [7.5, 12, 8, 13.5], "texture": "#0"},
				"south": {"uv": [11, 0, 13, 1.5], "texture": "#0"},
				"west": {"uv": [8, 12, 8.5, 13.5], "texture": "#0"},
				"up": {"uv": [14, 4, 12, 3.5], "texture": "#0"},
				"down": {"uv": [14, 4, 12, 4.5], "texture": "#0"}
			}
		},
		{
			"from": [11.4, 3.7, 7.3],
			"to": [11.7, 4.8, 8.7],
			"rotation": {"angle": 0, "axis": "y", "origin": [8, 3, 8]},
			"faces": {
				"north": {"uv": [9, 2, 9.5, 2.5], "texture": "#0"},
				"east": {"uv": [1.5, 12.5, 2, 13], "texture": "#0"},
				"south": {"uv": [1.5, 13, 2, 13.5], "texture": "#0"},
				"west": {"uv": [13, 8.5, 13.5, 9], "texture": "#0"},
				"up": {"uv": [13.5, 9.5, 13, 9], "texture": "#0"},
				"down": {"uv": [10, 13, 9.5, 13.5], "texture": "#0"}
			}
		},
		{
			"from": [11.9, 0.7, 7.3],
			"to": [12.2, 1.8, 8.7],
			"rotation": {"angle": 0, "axis": "y", "origin": [8.5, 0, 8]},
			"faces": {
				"north": {"uv": [6, 13.5, 6.5, 14], "texture": "#0"},
				"east": {"uv": [6.5, 13.5, 7, 14], "texture": "#0"},
				"south": {"uv": [7, 13.5, 7.5, 14], "texture": "#0"},
				"west": {"uv": [13.5, 7, 14, 7.5], "texture": "#0"},
				"up": {"uv": [8, 14, 7.5, 13.5], "texture": "#0"},
				"down": {"uv": [14, 7.5, 13.5, 8], "texture": "#0"}
			}
		},
		{
			"from": [5.5, 3, 5.5],
			"to": [11.5, 6, 10.5],
			"rotation": {"angle": 0, "axis": "y", "origin": [8, 3, 8]},
			"faces": {
				"north": {"uv": [3, 8.5, 6, 10], "texture": "#0"},
				"east": {"uv": [0, 10, 2.5, 11.5], "texture": "#0"},
				"south": {"uv": [6, 8.5, 9, 10], "texture": "#0"},
				"west": {"uv": [2.5, 10, 5, 11.5], "texture": "#0"},
				"up": {"uv": [3, 8.5, 0, 6], "texture": "#0"},
				"down": {"uv": [9, 0, 6, 2.5], "texture": "#0"}
			}
		},
		{
			"from": [10.5, 4.5, 7.575],
			"to": [14.5, 5.1, 8.425],
			"rotation": {"angle": 37.5, "axis": "z", "origin": [13, 3.1, 8]},
			"faces": {
				"north": {"uv": [4.5, 11.5, 6.5, 12], "texture": "#0"},
				"east": {"uv": [13, 11, 13.5, 11.5], "texture": "#0"},
				"south": {"uv": [6.5, 11.5, 8.5, 12], "texture": "#0"},
				"west": {"uv": [11.5, 13, 12, 13.5], "texture": "#0"},
				"up": {"uv": [2, 12.5, 0, 12], "texture": "#0"},
				"down": {"uv": [14, 2, 12, 2.5], "texture": "#0"}
			}
		},
		{
			"from": [12.325, 2.5, 7.55],
			"to": [14.125, 3.1, 8.45],
			"rotation": {"angle": 37.5, "axis": "z", "origin": [14.825, 1.1, 8]},
			"faces": {
				"north": {"uv": [5.5, 13, 6.5, 13.5], "texture": "#0"},
				"east": {"uv": [12.5, 13, 13, 13.5], "texture": "#0"},
				"south": {"uv": [6.5, 13, 7.5, 13.5], "texture": "#0"},
				"west": {"uv": [13, 12.5, 13.5, 13], "texture": "#0"},
				"up": {"uv": [14, 8.5, 13, 8], "texture": "#0"},
				"down": {"uv": [9.5, 13, 8.5, 13.5], "texture": "#0"}
			}
		},
		{
			"from": [12.8, 5.375, 7.575],
			"to": [15.45, 5.975, 8.45],
			"rotation": {"x": 0, "y": 0, "z": 75, "origin": [15.45, 3.975, 8]},
			"faces": {
				"north": {"uv": [12, 7.5, 13.5, 8], "texture": "#0"},
				"east": {"uv": [13, 13, 13.5, 13.5], "texture": "#0"},
				"south": {"uv": [9, 12, 10.5, 12.5], "texture": "#0"},
				"west": {"uv": [0, 13.5, 0.5, 14], "texture": "#0"},
				"up": {"uv": [12, 12.5, 10.5, 12], "texture": "#0"},
				"down": {"uv": [13.5, 12, 12, 12.5], "texture": "#0"}
			}
		},
		{
			"from": [10.68693, 3.80548, 7.6],
			"to": [12.38693, 4.40548, 8.4],
			"rotation": {"x": 0, "y": 0, "z": -47.5, "origin": [13.18693, 2.40548, 8]},
			"faces": {
				"north": {"uv": [3.5, 13, 4.5, 13.5], "texture": "#0"},
				"east": {"uv": [13, 11.5, 13.5, 12], "texture": "#0"},
				"south": {"uv": [4.5, 13, 5.5, 13.5], "texture": "#0"},
				"west": {"uv": [12, 13, 12.5, 13.5], "texture": "#0"},
				"up": {"uv": [14, 5, 13, 4.5], "texture": "#0"},
				"down": {"uv": [14, 5, 13, 5.5], "texture": "#0"}
			}
		},
		{
			"from": [1.5, 2.3, 7.1],
			"to": [2.5, 3.7, 8.9],
			"rotation": {"x": 0, "y": 0, "z": -50, "origin": [4, 2, 8]},
			"faces": {
				"north": {"uv": [3, 6, 3.5, 7], "texture": "#0"},
				"east": {"uv": [2.5, 11.5, 3.5, 12.5], "texture": "#0"},
				"south": {"uv": [0, 12.5, 0.5, 13.5], "texture": "#0"},
				"west": {"uv": [3.5, 11.5, 4.5, 12.5], "texture": "#0"},
				"up": {"uv": [1, 13.5, 0.5, 12.5], "texture": "#0"},
				"down": {"uv": [1.5, 12.5, 1, 13.5], "texture": "#0"}
			}
		},
		{
			"from": [2.5, 2.3, 7.1],
			"to": [6.1, 3.7, 8.9],
			"rotation": {"x": 0, "y": 0, "z": -50, "origin": [4, 2, 8]},
			"faces": {
				"north": {"uv": [11, 8, 13, 9], "texture": "#0"},
				"east": {"uv": [4.5, 12, 5.5, 13], "texture": "#0"},
				"south": {"uv": [11, 9, 13, 10], "texture": "#0"},
				"west": {"uv": [12, 4.5, 13, 5.5], "texture": "#0"},
				"up": {"uv": [13, 11, 11, 10], "texture": "#0"},
				"down": {"uv": [13, 11, 11, 12], "texture": "#0"}
			}
		},
		{
			"from": [6.1, 6, 6.3],
			"to": [10.9, 6.5, 9.7],
			"rotation": {"angle": 0, "axis": "y", "origin": [8, 6, 8]},
			"faces": {
				"north": {"uv": [11, 1.5, 13.5, 2], "texture": "#0"},
				"east": {"uv": [9.5, 8, 11, 8.5], "texture": "#0"},
				"south": {"uv": [0, 11.5, 2.5, 12], "texture": "#0"},
				"west": {"uv": [12, 7, 13.5, 7.5], "texture": "#0"},
				"up": {"uv": [12, 3.5, 9.5, 2], "texture": "#0"},
				"down": {"uv": [12, 3.5, 9.5, 5], "texture": "#0"}
			}
		},
		{
			"from": [9.5, 6.3, 7.5],
			"to": [10.4, 6.7, 8.5],
			"rotation": {"angle": 0, "axis": "y", "origin": [8, 6.3, 8]},
			"faces": {
				"north": {"uv": [0.5, 13.5, 1, 14], "texture": "#0"},
				"east": {"uv": [1, 13.5, 1.5, 14], "texture": "#0"},
				"south": {"uv": [1.5, 13.5, 2, 14], "texture": "#0"},
				"west": {"uv": [13.5, 1.5, 14, 2], "texture": "#0"},
				"up": {"uv": [2.5, 14, 2, 13.5], "texture": "#0"},
				"down": {"uv": [3, 13.5, 2.5, 14], "texture": "#0"}
			}
		},
		{
			"from": [6.6, 6.3, 7.5],
			"to": [7.5, 6.7, 8.5],
			"rotation": {"angle": 0, "axis": "y", "origin": [5.5, 6.3, 8]},
			"faces": {
				"north": {"uv": [3, 13.5, 3.5, 14], "texture": "#0"},
				"east": {"uv": [3.5, 13.5, 4, 14], "texture": "#0"},
				"south": {"uv": [4, 13.5, 4.5, 14], "texture": "#0"},
				"west": {"uv": [4.5, 13.5, 5, 14], "texture": "#0"},
				"up": {"uv": [5.5, 14, 5, 13.5], "texture": "#0"},
				"down": {"uv": [6, 13.5, 5.5, 14], "texture": "#0"}
			}
		},
		{
			"from": [6.7, 6, 5.9],
			"to": [10.3, 6.4, 10.1],
			"rotation": {"angle": 0, "axis": "y", "origin": [8, 6, 8]},
			"faces": {
				"north": {"uv": [5.5, 12, 7.5, 12.5], "texture": "#0"},
				"east": {"uv": [12, 5.5, 14, 6], "texture": "#0"},
				"south": {"uv": [12, 6, 14, 6.5], "texture": "#0"},
				"west": {"uv": [12, 6.5, 14, 7], "texture": "#0"},
				"up": {"uv": [11, 2, 9, 0], "texture": "#0"},
				"down": {"uv": [11, 8.5, 9, 10.5], "texture": "#0"}
			}
		},
		{
			"from": [7.4, 7.7, 7.9],
			"to": [9.6, 8.1, 8.1],
			"rotation": {"angle": 0, "axis": "y", "origin": [8, 8, 8]},
			"faces": {
				"north": {"uv": [2.5, 12.5, 3.5, 13], "texture": "#0"},
				"east": {"uv": [13, 9.5, 13.5, 10], "texture": "#0"},
				"south": {"uv": [3.5, 12.5, 4.5, 13], "texture": "#0"},
				"west": {"uv": [10, 13, 10.5, 13.5], "texture": "#0"},
				"up": {"uv": [6.5, 13, 5.5, 12.5], "texture": "#0"},
				"down": {"uv": [7.5, 12.5, 6.5, 13], "texture": "#0"}
			}
		},
		{
			"from": [9.16294, 7.11395, 7.875],
			"to": [11.36294, 7.61395, 8.125],
			"rotation": {"x": 0, "y": 0, "z": -65, "origin": [9.76294, 7.51395, 8]},
			"faces": {
				"north": {"uv": [9, 12.5, 10, 13], "texture": "#0"},
				"east": {"uv": [13, 10, 13.5, 10.5], "texture": "#0"},
				"south": {"uv": [10, 12.5, 11, 13], "texture": "#0"},
				"west": {"uv": [10.5, 13, 11, 13.5], "texture": "#0"},
				"up": {"uv": [12, 13, 11, 12.5], "texture": "#0"},
				"down": {"uv": [13, 12.5, 12, 13], "texture": "#0"}
			}
		},
		{
			"from": [7.18084, 6.56038, 7.875],
			"to": [9.38084, 7.06038, 8.125],
			"rotation": {"x": 0, "y": 0, "z": -115, "origin": [7.78084, 7.26038, 8]},
			"faces": {
				"north": {"uv": [13, 0, 14, 0.5], "texture": "#0"},
				"east": {"uv": [13, 10.5, 13.5, 11], "texture": "#0"},
				"south": {"uv": [13, 0.5, 14, 1], "texture": "#0"},
				"west": {"uv": [11, 13, 11.5, 13.5], "texture": "#0"},
				"up": {"uv": [14, 1.5, 13, 1], "texture": "#0"},
				"down": {"uv": [3.5, 13, 2.5, 13.5], "texture": "#0"}
			}
		}
	],
	"display": {
		"thirdperson_righthand": {
			"rotation": [128.11, -86.91, 54.59],
			"translation": [0, -0.75, 0.5]
		},
		"thirdperson_lefthand": {
			"rotation": [150.12, 87.05, -73.63],
			"translation": [0, -0.75, 0.5]
		},
		"firstperson_righthand": {
			"translation": [0, 5.5, 0]
		},
		"firstperson_lefthand": {
			"translation": [0, 5.5, 0]
		},
		"ground": {
			"translation": [0, 4.75, 0]
		},
		"gui": {
			"translation": [0, 2.5, 0],
			"scale": [1.31, 1.31, 1.31]
		},
		"head": {
			"rotation": [0, -89.75, 0],
			"translation": [0, 18.25, 0],
			"scale": [1.51, 1.51, 1.51]
		},
		"fixed": {
			"rotation": [-90, 0, 0],
			"translation": [-1, 0, -18.25],
			"scale": [2.41, 2.41, 2.41]
		},
		"on_shelf": {
			"scale": [1.47, 1.47, 1.47]
		}
	}
}
