{
	"format_version": "1.21.6",
	"credit": "Made with Blockbench",
	"texture_size": [64, 64],
	"textures": {
		"0": "garysinspace:item/lamp",
		"particle": "garysinspace:item/lamp"
	},
	"elements": [
		{
			"from": [5, 0, 5],
			"to": [11, 1, 11],
			"rotation": {"angle": 0, "axis": "y", "origin": [5, 0, 5]},
			"faces": {
				"north": {"uv": [6, 2.25, 7.5, 2.5], "texture": "#0"},
				"east": {"uv": [6, 2.5, 7.5, 2.75], "texture": "#0"},
				"south": {"uv": [6, 2.75, 7.5, 3], "texture": "#0"},
				"west": {"uv": [6, 3, 7.5, 3.25], "texture": "#0"},
				"up": {"uv": [1.5, 4, 0, 2.5], "texture": "#0"},
				"down": {"uv": [4.75, 0, 3.25, 1.5], "texture": "#0"}
			}
		},
		{
			"from": [6.3, 1, 6.2],
			"to": [9.7, 1.5, 9.8],
			"rotation": {"angle": 0, "axis": "y", "origin": [5, 1, 5]},
			"faces": {
				"north": {"uv": [6.75, 6.5, 7.5, 6.75], "texture": "#0"},
				"east": {"uv": [6.75, 6.25, 7.75, 6.5], "texture": "#0"},
				"south": {"uv": [2.5, 7, 3.25, 7.25], "texture": "#0"},
				"west": {"uv": [6.5, 6.75, 7.5, 7], "texture": "#0"},
				"up": {"uv": [3.25, 5, 2.5, 4], "texture": "#0"},
				"down": {"uv": [5.5, 0, 4.75, 1], "texture": "#0"}
			}
		},
		{
			"from": [6.5, 8.8, 6.5],
			"to": [9.5, 9.5, 9.5],
			"rotation": {"angle": 0, "axis": "y", "origin": [5, 9, 5]},
			"faces": {
				"north": {"uv": [3.25, 7, 4, 7.25], "texture": "#0"},
				"east": {"uv": [4, 7, 4.75, 7.25], "texture": "#0"},
				"south": {"uv": [6.5, 7, 7.25, 7.25], "texture": "#0"},
				"west": {"uv": [1.5, 7.25, 2.25, 7.5], "texture": "#0"},
				"up": {"uv": [6.25, 0.75, 5.5, 0], "texture": "#0"},
				"down": {"uv": [6.25, 0.75, 5.5, 1.5], "texture": "#0"}
			}
		},
		{
			"from": [7.3, 8.1, 7.3],
			"to": [8.7, 9, 8.7],
			"rotation": {"angle": 0, "axis": "y", "origin": [5, 8.5, 5]},
			"faces": {
				"north": {"uv": [3.5, 7.25, 3.75, 7.5], "texture": "#0"},
				"east": {"uv": [7.25, 3.5, 7.5, 3.75], "texture": "#0"},
				"south": {"uv": [3.75, 7.25, 4, 7.5], "texture": "#0"},
				"west": {"uv": [7.25, 3.75, 7.5, 4], "texture": "#0"},
				"up": {"uv": [4.25, 7.5, 4, 7.25], "texture": "#0"},
				"down": {"uv": [7.5, 4, 7.25, 4.25], "texture": "#0"}
			}
		},
		{
			"from": [4, 0, 5.6],
			"to": [12, 0.5, 10.4],
			"rotation": {"angle": 0, "axis": "y", "origin": [5, 0, 5]},
			"faces": {
				"north": {"uv": [0.25, 5.75, 2.25, 6], "texture": "#0"},
				"east": {"uv": [6, 3.25, 7.25, 3.5], "texture": "#0"},
				"south": {"uv": [5.75, 1.5, 7.75, 1.75], "texture": "#0"},
				"west": {"uv": [6, 3.5, 7.25, 3.75], "texture": "#0"},
				"up": {"uv": [2, 1.25, 0, 0], "texture": "#0"},
				"down": {"uv": [2, 1.25, 0, 2.5], "texture": "#0"}
			}
		},
		{
			"from": [5.6, 0, 4],
			"to": [10.4, 0.5, 12],
			"rotation": {"angle": 0, "axis": "y", "origin": [5, 0, 11]},
			"faces": {
				"north": {"uv": [6, 3.75, 7.25, 4], "texture": "#0"},
				"east": {"uv": [5.75, 1.75, 7.75, 2], "texture": "#0"},
				"south": {"uv": [6, 4, 7.25, 4.25], "texture": "#0"},
				"west": {"uv": [5.75, 2, 7.75, 2.25], "texture": "#0"},
				"up": {"uv": [3.25, 2, 2, 0], "texture": "#0"},
				"down": {"uv": [3.25, 2, 2, 4], "texture": "#0"}
			}
		},
		{
			"from": [7.5, 1, 7.6],
			"to": [8.5, 11.3, 8.4],
			"rotation": {"angle": 0, "axis": "y", "origin": [7, 1, 7]},
			"faces": {
				"north": {"uv": [5, 5, 5.25, 7.5], "texture": "#0"},
				"east": {"uv": [5.25, 5, 5.5, 7.5], "texture": "#0"},
				"south": {"uv": [5.5, 5, 5.75, 7.5], "texture": "#0"},
				"west": {"uv": [0, 5.75, 0.25, 8.25], "texture": "#0"},
				"up": {"uv": [5.5, 1.25, 5.25, 1], "texture": "#0"},
				"down": {"uv": [5.5, 1.25, 5.25, 1.5], "texture": "#0"}
			}
		},
		{
			"from": [7, 9.5, 7],
			"to": [9, 12.75, 9],
			"light_emission": 10,
			"rotation": {"angle": 0, "axis": "y", "origin": [7, 10, 7]},
			"faces": {
				"north": {"uv": [1.5, 2.5, 2, 3.25], "texture": "#0"},
				"east": {"uv": [1.5, 3.25, 2, 4], "texture": "#0"},
				"south": {"uv": [1.25, 6, 1.75, 6.75], "texture": "#0"},
				"west": {"uv": [1.75, 6, 2.25, 6.75], "texture": "#0"},
				"up": {"uv": [5.25, 1.5, 4.75, 1], "texture": "#0"},
				"down": {"uv": [2, 6.75, 1.5, 7.25], "texture": "#0"}
			}
		},
		{
			"from": [5.6, 9, 4.9],
			"to": [10.8, 16, 5.1],
			"rotation": {"angle": 13.75, "axis": "x", "origin": [8, 14, 3.1]},
			"faces": {
				"north": {"uv": [3.25, 1.5, 4.5, 3.25], "texture": "#0"},
				"east": {"uv": [2.25, 5.75, 2.5, 7.5], "texture": "#0"},
				"south": {"uv": [3.25, 3.25, 4.5, 5], "texture": "#0"},
				"west": {"uv": [5.75, 2.25, 6, 4], "texture": "#0"},
				"up": {"uv": [7.25, 4.5, 6, 4.25], "texture": "#0"},
				"down": {"uv": [7.25, 4.5, 6, 4.75], "texture": "#0"}
			}
		},
		{
			"from": [5.6, 8, 10.9],
			"to": [10.8, 15, 11.1],
			"rotation": {"angle": -15.75, "axis": "x", "origin": [8, 13, 9.1]},
			"faces": {
				"north": {"uv": [0, 4, 1.25, 5.75], "texture": "#0"},
				"east": {"uv": [5.75, 4, 6, 5.75], "texture": "#0"},
				"south": {"uv": [1.25, 4, 2.5, 5.75], "texture": "#0"},
				"west": {"uv": [5.75, 5.75, 6, 7.5], "texture": "#0"},
				"up": {"uv": [7.25, 5, 6, 4.75], "texture": "#0"},
				"down": {"uv": [7.25, 5, 6, 5.25], "texture": "#0"}
			}
		},
		{
			"from": [5, 8.075, 5.3],
			"to": [5.2, 15, 10.5],
			"rotation": {"angle": -15, "axis": "z", "origin": [7, 13, 7.7]},
			"faces": {
				"north": {"uv": [0.25, 6, 0.5, 7.75], "texture": "#0"},
				"east": {"uv": [4.5, 1.5, 5.75, 3.25], "texture": "#0"},
				"south": {"uv": [0.5, 6, 0.75, 7.75], "texture": "#0"},
				"west": {"uv": [4.5, 3.25, 5.75, 5], "texture": "#0"},
				"up": {"uv": [6.25, 6.5, 6, 5.25], "texture": "#0"},
				"down": {"uv": [6.5, 0, 6.25, 1.25], "texture": "#0"}
			}
		},
		{
			"from": [11.05, 9, 5.3],
			"to": [11.25, 16, 10.5],
			"rotation": {"angle": 15, "axis": "z", "origin": [13.05, 14, 7.7]},
			"faces": {
				"north": {"uv": [0.75, 6, 1, 7.75], "texture": "#0"},
				"east": {"uv": [2.5, 5, 3.75, 6.75], "texture": "#0"},
				"south": {"uv": [1, 6, 1.25, 7.75], "texture": "#0"},
				"west": {"uv": [3.75, 5, 5, 6.75], "texture": "#0"},
				"up": {"uv": [6.5, 6.5, 6.25, 5.25], "texture": "#0"},
				"down": {"uv": [6.75, 0, 6.5, 1.25], "texture": "#0"}
			}
		},
		{
			"from": [5.6, 15.4, 5.3],
			"to": [5.8, 15.6, 10.5],
			"rotation": {"angle": 0, "axis": "y", "origin": [4, 14, 7]},
			"faces": {
				"north": {"uv": [2, 6.75, 2.25, 7], "texture": "#0"},
				"east": {"uv": [6.25, 1.25, 7.5, 1.5], "texture": "#0"},
				"south": {"uv": [2, 7, 2.25, 7.25], "texture": "#0"},
				"west": {"uv": [6.5, 5.25, 7.75, 5.5], "texture": "#0"},
				"up": {"uv": [6.75, 6.75, 6.5, 5.5], "texture": "#0"},
				"down": {"uv": [6.25, 6.5, 6, 7.75], "texture": "#0"}
			}
		},
		{
			"from": [3.74384, 8.7, 5.34384],
			"to": [3.94384, 8.9, 10.54384],
			"rotation": {"angle": 0, "axis": "y", "origin": [2.14384, 7.3, 7.04384]},
			"faces": {
				"north": {"uv": [2, 6.75, 2.25, 7], "texture": "#0"},
				"east": {"uv": [6.25, 1.25, 7.5, 1.5], "texture": "#0"},
				"south": {"uv": [2, 7, 2.25, 7.25], "texture": "#0"},
				"west": {"uv": [6.5, 5.25, 7.75, 5.5], "texture": "#0"},
				"up": {"uv": [6.75, 6.75, 6.5, 5.5], "texture": "#0"},
				"down": {"uv": [6.25, 6.5, 6, 7.75], "texture": "#0"}
			}
		},
		{
			"from": [10.6, 15.4, 5.3],
			"to": [10.8, 15.6, 10.5],
			"rotation": {"angle": 0, "axis": "y", "origin": [9, 14, 7]},
			"faces": {
				"north": {"uv": [4.75, 7, 5, 7.25], "texture": "#0"},
				"east": {"uv": [6.75, 0, 8, 0.25], "texture": "#0"},
				"south": {"uv": [2.5, 7.25, 2.75, 7.5], "texture": "#0"},
				"west": {"uv": [6.75, 0.25, 8, 0.5], "texture": "#0"},
				"up": {"uv": [6.5, 7.75, 6.25, 6.5], "texture": "#0"},
				"down": {"uv": [1.5, 6.75, 1.25, 8], "texture": "#0"}
			}
		},
		{
			"from": [12.44319, 8.7, 5.28898],
			"to": [12.64319, 8.9, 10.53898],
			"rotation": {"angle": 0, "axis": "y", "origin": [10.84319, 7.3, 6.98898]},
			"faces": {
				"north": {"uv": [4.75, 7, 5, 7.25], "texture": "#0"},
				"east": {"uv": [6.75, 0, 8, 0.25], "texture": "#0"},
				"south": {"uv": [2.5, 7.25, 2.75, 7.5], "texture": "#0"},
				"west": {"uv": [6.75, 0.25, 8, 0.5], "texture": "#0"},
				"up": {"uv": [6.5, 7.75, 6.25, 6.5], "texture": "#0"},
				"down": {"uv": [1.5, 6.75, 1.25, 8], "texture": "#0"}
			}
		},
		{
			"from": [9.13731, 8.7, 4.2756],
			"to": [11.63731, 8.9, 4.4756],
			"rotation": {"angle": -42.5, "axis": "y", "origin": [10.83731, 7.3, 6.0756]},
			"faces": {
				"north": {"uv": [6.75, 0, 8, 0.25], "texture": "#0"},
				"east": {"uv": [2.5, 7.25, 2.75, 7.5], "texture": "#0"},
				"south": {"uv": [6.75, 0.25, 8, 0.5], "texture": "#0"},
				"west": {"uv": [4.75, 7, 5, 7.25], "texture": "#0"},
				"up": {"uv": [6.5, 7.75, 6.25, 6.5], "rotation": 270, "texture": "#0"},
				"down": {"uv": [1.5, 6.75, 1.25, 8], "rotation": 90, "texture": "#0"}
			}
		},
		{
			"from": [9.29289, 8.7, 12.16152],
			"to": [11.91789, 8.9, 12.36152],
			"rotation": {"angle": 45, "axis": "y", "origin": [10.09289, 7.3, 10.56152]},
			"faces": {
				"north": {"uv": [6.75, 0.25, 8, 0.5], "texture": "#0"},
				"east": {"uv": [4.75, 7, 5, 7.25], "texture": "#0"},
				"south": {"uv": [6.75, 0, 8, 0.25], "texture": "#0"},
				"west": {"uv": [2.5, 7.25, 2.75, 7.5], "texture": "#0"},
				"up": {"uv": [6.5, 7.75, 6.25, 6.5], "rotation": 90, "texture": "#0"},
				"down": {"uv": [1.5, 6.75, 1.25, 8], "rotation": 270, "texture": "#0"}
			}
		},
		{
			"from": [5.50294, 8.7, 11.14069],
			"to": [5.70294, 8.9, 13.76569],
			"rotation": {"angle": 45, "axis": "y", "origin": [3.90294, 7.3, 12.96569]},
			"faces": {
				"north": {"uv": [4.75, 7, 5, 7.25], "texture": "#0"},
				"east": {"uv": [6.75, 0, 8, 0.25], "texture": "#0"},
				"south": {"uv": [2.5, 7.25, 2.75, 7.5], "texture": "#0"},
				"west": {"uv": [6.75, 0.25, 8, 0.5], "texture": "#0"},
				"up": {"uv": [6.5, 7.75, 6.25, 6.5], "texture": "#0"},
				"down": {"uv": [1.5, 6.75, 1.25, 8], "texture": "#0"}
			}
		},
		{
			"from": [4.48705, 8.7, 3.62496],
			"to": [7.03705, 8.9, 3.82496],
			"rotation": {"angle": 43.25, "axis": "y", "origin": [6.28705, 7.3, 5.42496]},
			"faces": {
				"north": {"uv": [6.75, 0, 8, 0.25], "texture": "#0"},
				"east": {"uv": [2.5, 7.25, 2.75, 7.5], "texture": "#0"},
				"south": {"uv": [6.75, 0.25, 8, 0.5], "texture": "#0"},
				"west": {"uv": [4.75, 7, 5, 7.25], "texture": "#0"},
				"up": {"uv": [6.5, 7.75, 6.25, 6.5], "rotation": 270, "texture": "#0"},
				"down": {"uv": [1.5, 6.75, 1.25, 8], "rotation": 90, "texture": "#0"}
			}
		},
		{
			"from": [5.6, 15.4, 5.3],
			"to": [10.8, 15.6, 5.525],
			"rotation": {"angle": 0, "axis": "y", "origin": [7.3, 14, 7.1]},
			"faces": {
				"north": {"uv": [6.75, 0.5, 8, 0.75], "texture": "#0"},
				"east": {"uv": [2.75, 7.25, 3, 7.5], "texture": "#0"},
				"south": {"uv": [6.75, 0.75, 8, 1], "texture": "#0"},
				"west": {"uv": [3, 7.25, 3.25, 7.5], "texture": "#0"},
				"up": {"uv": [8, 1.25, 6.75, 1], "texture": "#0"},
				"down": {"uv": [3.75, 6.75, 2.5, 7], "texture": "#0"}
			}
		},
		{
			"from": [5.6, 8.7, 3.6],
			"to": [10.8, 8.9, 3.825],
			"rotation": {"angle": 0, "axis": "y", "origin": [7.3, 7.3, 5.4]},
			"faces": {
				"north": {"uv": [6.75, 0.5, 8, 0.75], "texture": "#0"},
				"east": {"uv": [2.75, 7.25, 3, 7.5], "texture": "#0"},
				"south": {"uv": [6.75, 0.75, 8, 1], "texture": "#0"},
				"west": {"uv": [3, 7.25, 3.25, 7.5], "texture": "#0"},
				"up": {"uv": [8, 1.25, 6.75, 1], "texture": "#0"},
				"down": {"uv": [3.75, 6.75, 2.5, 7], "texture": "#0"}
			}
		},
		{
			"from": [5.6, 15.4, 10.275],
			"to": [10.8, 15.6, 10.5],
			"rotation": {"angle": 0, "axis": "y", "origin": [7.3, 14, 12.075]},
			"faces": {
				"north": {"uv": [3.75, 6.75, 5, 7], "texture": "#0"},
				"east": {"uv": [3.25, 7.25, 3.5, 7.5], "texture": "#0"},
				"south": {"uv": [6.75, 5.5, 8, 5.75], "texture": "#0"},
				"west": {"uv": [7.25, 3.25, 7.5, 3.5], "texture": "#0"},
				"up": {"uv": [8, 6, 6.75, 5.75], "texture": "#0"},
				"down": {"uv": [8, 6, 6.75, 6.25], "texture": "#0"}
			}
		},
		{
			"from": [5.6, 8.7, 12.175],
			"to": [10.8, 8.9, 12.4],
			"rotation": {"angle": 0, "axis": "y", "origin": [7.3, 7.3, 13.975]},
			"faces": {
				"north": {"uv": [3.75, 6.75, 5, 7], "texture": "#0"},
				"east": {"uv": [3.25, 7.25, 3.5, 7.5], "texture": "#0"},
				"south": {"uv": [6.75, 5.5, 8, 5.75], "texture": "#0"},
				"west": {"uv": [7.25, 3.25, 7.5, 3.5], "texture": "#0"},
				"up": {"uv": [8, 6, 6.75, 5.75], "texture": "#0"},
				"down": {"uv": [8, 6, 6.75, 6.25], "texture": "#0"}
			}
		}
	],
	"display": {
		"fixed": {
			"rotation": [-90, 0, 0],
			"translation": [0, 0, -22],
			"scale": [2.75, 2.75, 2.75]
		}
	}
}
