{
	"format_version": "1.21.6",
	"credit": "Made with Blockbench",
	"texture_size": [64, 64],
	"textures": {
		"2": "garysinspace:item/lightice"
	},
	"elements": [
		{
			"from": [4, -16, 4],
			"to": [12, -15, 12],
			"rotation": {"angle": 0, "axis": "y", "origin": [7, -16, 7]},
			"faces": {
				"north": {"uv": [8.5, 8, 10.5, 8.25], "texture": "#2"},
				"east": {"uv": [9.25, 2.5, 11.25, 2.75], "texture": "#2"},
				"south": {"uv": [9.25, 2.75, 11.25, 3], "texture": "#2"},
				"west": {"uv": [9.25, 3, 11.25, 3.25], "texture": "#2"},
				"up": {"uv": [2, 2, 0, 0], "texture": "#2"},
				"down": {"uv": [2, 2, 0, 4], "texture": "#2"}
			}
		},
		{
			"from": [5, -15, 5],
			"to": [11, -14.6, 11],
			"rotation": {"angle": 0, "axis": "y", "origin": [7, -15, 7]},
			"faces": {
				"north": {"uv": [9.75, 6.75, 11.25, 6.875], "texture": "#2"},
				"east": {"uv": [9.75, 7, 11.25, 7.125], "texture": "#2"},
				"south": {"uv": [7.25, 9.75, 8.75, 9.875], "texture": "#2"},
				"west": {"uv": [9.75, 7.25, 11.25, 7.375], "texture": "#2"},
				"up": {"uv": [5, 5.5, 3.5, 4], "texture": "#2"},
				"down": {"uv": [6.5, 3.5, 5, 5], "texture": "#2"}
			}
		},
		{
			"from": [5.7, -14.95, 5.7],
			"to": [10.3, -12.2, 10.3],
			"rotation": {"angle": 0, "axis": "y", "origin": [7, -14.6, 7]},
			"faces": {
				"north": {"uv": [7.5, 5.75, 8.625, 6.4375], "texture": "#2"},
				"east": {"uv": [8, 3.75, 9.125, 4.4375], "texture": "#2"},
				"south": {"uv": [8.5, 0, 9.625, 0.6875], "texture": "#2"},
				"west": {"uv": [8.5, 0.75, 9.625, 1.4375], "texture": "#2"},
				"up": {"uv": [8.375, 1.125, 7.25, 0], "texture": "#2"},
				"down": {"uv": [8.375, 1.25, 7.25, 2.375], "texture": "#2"}
			}
		},
		{
			"from": [6.3, -12.2, 6.2],
			"to": [9.7, -3.2, 9.8],
			"rotation": {"angle": 0, "axis": "y", "origin": [7, -14.6, 7]},
			"faces": {
				"north": {"uv": [2.5, 5.75, 3.375, 8], "texture": "#2"},
				"east": {"uv": [6.5, 4.5, 7.375, 6.75], "texture": "#2"},
				"south": {"uv": [5, 6.5, 5.875, 8.75], "texture": "#2"},
				"west": {"uv": [6, 6.75, 6.875, 9], "texture": "#2"},
				"up": {"uv": [3.375, 8.875, 2.5, 8], "texture": "#2"},
				"down": {"uv": [9.375, 1.5, 8.5, 2.375], "texture": "#2"}
			}
		},
		{
			"from": [6.8, 15.8, 6.9],
			"to": [9.2, 17.8, 9.1],
			"rotation": {"angle": 0, "axis": "y", "origin": [7, 7.9, 7]},
			"faces": {
				"north": {"uv": [4, 3.5, 4.625, 4], "texture": "#2"},
				"east": {"uv": [7.25, 2.5, 7.8125, 3], "texture": "#2"},
				"south": {"uv": [5.75, 3, 6.375, 3.5], "texture": "#2"},
				"west": {"uv": [0, 9.5, 0.5625, 10], "texture": "#2"},
				"up": {"uv": [3.125, 9.5625, 2.5, 9], "texture": "#2"},
				"down": {"uv": [6.625, 9, 6, 9.5625], "texture": "#2"}
			}
		},
		{
			"from": [7, -0.8, 7.1],
			"to": [9, 15.9, 8.9],
			"rotation": {"angle": 0, "axis": "y", "origin": [7, -3.2, 7]},
			"faces": {
				"north": {"uv": [1.5, 5.75, 2, 9.9375], "texture": "#2"},
				"east": {"uv": [3.5, 7, 3.9375, 11.1875], "texture": "#2"},
				"south": {"uv": [2, 5.75, 2.5, 9.9375], "texture": "#2"},
				"west": {"uv": [4, 7, 4.4375, 11.1875], "texture": "#2"},
				"up": {"uv": [10.25, 0.4375, 9.75, 0], "texture": "#2"},
				"down": {"uv": [10.25, 0.5, 9.75, 0.9375], "texture": "#2"}
			}
		},
		{
			"from": [5.7, -3.2, 5.7],
			"to": [10.3, -0.8, 10.3],
			"rotation": {"angle": 0, "axis": "y", "origin": [7, -3.2, 7]},
			"faces": {
				"north": {"uv": [8.5, 6.5, 9.625, 7.125], "texture": "#2"},
				"east": {"uv": [8.5, 7.25, 9.625, 7.875], "texture": "#2"},
				"south": {"uv": [0, 8.75, 1.125, 9.375], "texture": "#2"},
				"west": {"uv": [4.5, 8.75, 5.625, 9.375], "texture": "#2"},
				"up": {"uv": [8.625, 5.625, 7.5, 4.5], "texture": "#2"},
				"down": {"uv": [9.125, 2.5, 8, 3.625], "texture": "#2"}
			}
		},
		{
			"from": [5.7, 17.8, 5.7],
			"to": [10.3, 18.6, 10.3],
			"rotation": {"angle": 0, "axis": "y", "origin": [7, 17.8, 7]},
			"faces": {
				"north": {"uv": [9.75, 1, 10.875, 1.1875], "texture": "#2"},
				"east": {"uv": [9.75, 1.25, 10.875, 1.4375], "texture": "#2"},
				"south": {"uv": [6, 9.75, 7.125, 9.9375], "texture": "#2"},
				"west": {"uv": [9.75, 6.5, 10.875, 6.6875], "texture": "#2"},
				"up": {"uv": [8.125, 9.375, 7, 8.25], "texture": "#2"},
				"down": {"uv": [9.375, 8.25, 8.25, 9.375], "texture": "#2"}
			}
		},
		{
			"from": [4.7, 18.6, 4.7],
			"to": [11.3, 18.9, 11.3],
			"rotation": {"angle": 0, "axis": "y", "origin": [7, 18.8, 7]},
			"faces": {
				"north": {"uv": [10.25, 5.5, 11.875, 5.5625], "texture": "#2"},
				"east": {"uv": [5.75, 10.25, 7.375, 10.3125], "texture": "#2"},
				"south": {"uv": [10.25, 5.75, 11.875, 5.8125], "texture": "#2"},
				"west": {"uv": [10.25, 6, 11.875, 6.0625], "texture": "#2"},
				"up": {"uv": [1.625, 5.625, 0, 4], "texture": "#2"},
				"down": {"uv": [5.625, 0, 4, 1.625], "texture": "#2"}
			}
		},
		{
			"from": [5.2, 18.6, 11.3],
			"to": [10.8, 18.9, 12],
			"rotation": {"angle": 0, "axis": "y", "origin": [7, 18.8, 7]},
			"faces": {
				"north": {"uv": [10.25, 6.25, 11.625, 6.3125], "texture": "#2"},
				"east": {"uv": [11.5, 2.25, 11.6875, 2.3125], "texture": "#2"},
				"south": {"uv": [8, 10.25, 9.375, 10.3125], "texture": "#2"},
				"west": {"uv": [2.5, 11.5, 2.6875, 11.5625], "texture": "#2"},
				"up": {"uv": [10.875, 2.4375, 9.5, 2.25], "texture": "#2"},
				"down": {"uv": [8.125, 9.5, 6.75, 9.6875], "texture": "#2"}
			}
		},
		{
			"from": [4, 18.6, 5.2],
			"to": [4.7, 18.9, 10.8],
			"rotation": {"angle": 0, "axis": "y", "origin": [9, 18.8, 7]},
			"faces": {
				"north": {"uv": [11.5, 2.5, 11.6875, 2.5625], "texture": "#2"},
				"east": {"uv": [9.5, 10.25, 10.875, 10.3125], "texture": "#2"},
				"south": {"uv": [2.75, 11.5, 2.9375, 11.5625], "texture": "#2"},
				"west": {"uv": [10.25, 9.75, 11.625, 9.8125], "texture": "#2"},
				"up": {"uv": [3.4375, 10.375, 3.25, 9], "texture": "#2"},
				"down": {"uv": [0.9375, 9.5, 0.75, 10.875], "texture": "#2"}
			}
		},
		{
			"from": [5.2, 18.6, 4],
			"to": [10.8, 18.9, 4.7],
			"rotation": {"angle": 0, "axis": "y", "origin": [9, 18.8, 9]},
			"faces": {
				"north": {"uv": [10.5, 0, 11.875, 0.0625], "texture": "#2"},
				"east": {"uv": [11.5, 2.75, 11.6875, 2.8125], "texture": "#2"},
				"south": {"uv": [10.5, 0.25, 11.875, 0.3125], "texture": "#2"},
				"west": {"uv": [3, 11.5, 3.1875, 11.5625], "texture": "#2"},
				"up": {"uv": [9.625, 9.6875, 8.25, 9.5], "texture": "#2"},
				"down": {"uv": [10.875, 8.25, 9.5, 8.4375], "texture": "#2"}
			}
		},
		{
			"from": [11.3, 18.6, 5.2],
			"to": [12, 18.9, 10.8],
			"rotation": {"angle": 0, "axis": "y", "origin": [7, 18.8, 7]},
			"faces": {
				"north": {"uv": [11.5, 3, 11.6875, 3.0625], "texture": "#2"},
				"east": {"uv": [10.5, 0.5, 11.875, 0.5625], "texture": "#2"},
				"south": {"uv": [3.25, 11.5, 3.4375, 11.5625], "texture": "#2"},
				"west": {"uv": [10.5, 0.75, 11.875, 0.8125], "texture": "#2"},
				"up": {"uv": [1.1875, 10.875, 1, 9.5], "texture": "#2"},
				"down": {"uv": [4.6875, 9.5, 4.5, 10.875], "texture": "#2"}
			}
		},
		{
			"from": [3.5, 25, 5.2],
			"to": [4.2, 25.3, 10.8],
			"rotation": {"angle": 0, "axis": "y", "origin": [9, 25.2, 9]},
			"faces": {
				"north": {"uv": [3.5, 11.5, 3.6875, 11.5625], "texture": "#2"},
				"east": {"uv": [5.75, 10.5, 7.125, 10.5625], "texture": "#2"},
				"south": {"uv": [3.75, 11.5, 3.9375, 11.5625], "texture": "#2"},
				"west": {"uv": [8, 10.5, 9.375, 10.5625], "texture": "#2"},
				"up": {"uv": [4.9375, 10.875, 4.75, 9.5], "texture": "#2"},
				"down": {"uv": [5.1875, 9.5, 5, 10.875], "texture": "#2"}
			}
		},
		{
			"from": [4.2, 25, 4.2],
			"to": [11.8, 25.3, 11.8],
			"rotation": {"angle": 0, "axis": "y", "origin": [7, 25.2, 7]},
			"faces": {
				"north": {"uv": [10.25, 4.5, 12.125, 4.5625], "texture": "#2"},
				"east": {"uv": [10.25, 4.75, 12.125, 4.8125], "texture": "#2"},
				"south": {"uv": [10.25, 5, 12.125, 5.0625], "texture": "#2"},
				"west": {"uv": [10.25, 5.25, 12.125, 5.3125], "texture": "#2"},
				"up": {"uv": [3.875, 1.875, 2, 0], "texture": "#2"},
				"down": {"uv": [3.875, 2, 2, 3.875], "texture": "#2"}
			}
		},
		{
			"from": [5.2, 25, 11.8],
			"to": [10.8, 25.3, 12.5],
			"rotation": {"angle": 0, "axis": "y", "origin": [7, 25.2, 7.5]},
			"faces": {
				"north": {"uv": [10.5, 8, 11.875, 8.0625], "texture": "#2"},
				"east": {"uv": [4, 11.5, 4.1875, 11.5625], "texture": "#2"},
				"south": {"uv": [9.5, 10.5, 10.875, 10.5625], "texture": "#2"},
				"west": {"uv": [11.5, 4, 11.6875, 4.0625], "texture": "#2"},
				"up": {"uv": [10.875, 8.6875, 9.5, 8.5], "texture": "#2"},
				"down": {"uv": [10.875, 8.75, 9.5, 8.9375], "texture": "#2"}
			}
		},
		{
			"from": [11.8, 25, 5.2],
			"to": [12.5, 25.3, 10.8],
			"rotation": {"angle": 0, "axis": "y", "origin": [7, 25.2, 9]},
			"faces": {
				"north": {"uv": [4.25, 11.5, 4.4375, 11.5625], "texture": "#2"},
				"east": {"uv": [10.5, 10, 11.875, 10.0625], "texture": "#2"},
				"south": {"uv": [11.5, 4.25, 11.6875, 4.3125], "texture": "#2"},
				"west": {"uv": [10.75, 3.25, 12.125, 3.3125], "texture": "#2"},
				"up": {"uv": [5.4375, 10.875, 5.25, 9.5], "texture": "#2"},
				"down": {"uv": [5.6875, 9.5, 5.5, 10.875], "texture": "#2"}
			}
		},
		{
			"from": [5.2, 25, 3.5],
			"to": [10.8, 25.3, 4.2],
			"rotation": {"angle": 0, "axis": "y", "origin": [9, 25.2, 9]},
			"faces": {
				"north": {"uv": [10.75, 3.5, 12.125, 3.5625], "texture": "#2"},
				"east": {"uv": [5, 11.5, 5.1875, 11.5625], "texture": "#2"},
				"south": {"uv": [10.75, 3.75, 12.125, 3.8125], "texture": "#2"},
				"west": {"uv": [5.25, 11.5, 5.4375, 11.5625], "texture": "#2"},
				"up": {"uv": [10.875, 9.1875, 9.5, 9], "texture": "#2"},
				"down": {"uv": [10.875, 9.25, 9.5, 9.4375], "texture": "#2"}
			}
		},
		{
			"from": [5.1, 18.9, 5.1],
			"to": [10.9, 25, 10.9],
			"rotation": {"angle": 0, "axis": "y", "origin": [7, 18.8, 7]},
			"faces": {
				"north": {"uv": [5, 5, 6.4375, 6.5], "texture": "#2"},
				"east": {"uv": [3.5, 5.5, 4.9375, 7], "texture": "#2"},
				"south": {"uv": [0, 5.75, 1.4375, 7.25], "texture": "#2"},
				"west": {"uv": [5.75, 0, 7.1875, 1.5], "texture": "#2"},
				"up": {"uv": [7.1875, 2.9375, 5.75, 1.5], "texture": "#2"},
				"down": {"uv": [7.9375, 3, 6.5, 4.4375], "texture": "#2"}
			}
		},
		{
			"from": [5.1, 18.9, 5.1],
			"to": [10.9, 25, 10.9],
			"rotation": {"angle": 0, "axis": "y", "origin": [7, 18.8, 7]},
			"faces": {
				"north": {"uv": [5, 5, 6.4375, 6.5], "texture": "#2"},
				"east": {"uv": [3.5, 5.5, 4.9375, 7], "texture": "#2"},
				"south": {"uv": [0, 5.75, 1.4375, 7.25], "texture": "#2"},
				"west": {"uv": [5.75, 0, 7.1875, 1.5], "texture": "#2"},
				"up": {"uv": [5.75, 1.5, 7.1875, 2.9375], "texture": "#2"},
				"down": {"uv": [6.5, 3, 7.9375, 4.4375], "texture": "#2"}
			}
		},
		{
			"from": [4.7, 25.2, 4.7],
			"to": [11.3, 26, 11.3],
			"rotation": {"angle": 0, "axis": "y", "origin": [7, 20.8, 7]},
			"faces": {
				"north": {"uv": [9.25, 4.25, 10.875, 4.4375], "texture": "#2"},
				"east": {"uv": [9.5, 1.5, 11.125, 1.6875], "texture": "#2"},
				"south": {"uv": [9.5, 1.75, 11.125, 1.9375], "texture": "#2"},
				"west": {"uv": [9.5, 2, 11.125, 2.1875], "texture": "#2"},
				"up": {"uv": [3.375, 5.625, 1.75, 4], "texture": "#2"},
				"down": {"uv": [5.625, 1.75, 4, 3.375], "texture": "#2"}
			}
		},
		{
			"from": [5.3, 25.8, 5.4],
			"to": [10.7, 27.5, 10.6],
			"rotation": {"angle": 0, "axis": "y", "origin": [7, 22.6, 7]},
			"faces": {
				"north": {"uv": [8.75, 4.5, 10.125, 4.9375], "texture": "#2"},
				"east": {"uv": [8.75, 5.5, 10.0625, 5.9375], "texture": "#2"},
				"south": {"uv": [8.75, 5, 10.125, 5.4375], "texture": "#2"},
				"west": {"uv": [8.75, 6, 10.0625, 6.4375], "texture": "#2"},
				"up": {"uv": [8.375, 8.0625, 7, 6.75], "texture": "#2"},
				"down": {"uv": [1.375, 7.25, 0, 8.5625], "texture": "#2"}
			}
		},
		{
			"from": [7.3, 27.5, 7.4],
			"to": [8.7, 28, 8.6],
			"rotation": {"angle": 0, "axis": "y", "origin": [7, 22.8, 7]},
			"faces": {
				"north": {"uv": [4.5, 8.5, 4.875, 8.625], "texture": "#2"},
				"east": {"uv": [10.75, 10.75, 11.0625, 10.875], "texture": "#2"},
				"south": {"uv": [2.5, 9.75, 2.875, 9.875], "texture": "#2"},
				"west": {"uv": [0.75, 11, 1.0625, 11.125], "texture": "#2"},
				"up": {"uv": [2.375, 10.5625, 2, 10.25], "texture": "#2"},
				"down": {"uv": [2.875, 10.25, 2.5, 10.5625], "texture": "#2"}
			}
		},
		{
			"from": [12, -16, 5],
			"to": [13, -15.4, 11],
			"rotation": {"angle": 0, "axis": "y", "origin": [6, -16, 7]},
			"faces": {
				"north": {"uv": [11, 1, 11.25, 1.125], "texture": "#2"},
				"east": {"uv": [9.75, 7.5, 11.25, 7.625], "texture": "#2"},
				"south": {"uv": [11, 1.25, 11.25, 1.375], "texture": "#2"},
				"west": {"uv": [9.75, 7.75, 11.25, 7.875], "texture": "#2"},
				"up": {"uv": [4.75, 8.5, 4.5, 7], "texture": "#2"},
				"down": {"uv": [5, 7, 4.75, 8.5], "texture": "#2"}
			}
		},
		{
			"from": [5, -16, 12],
			"to": [11, -15.4, 13],
			"rotation": {"angle": 0, "axis": "y", "origin": [9, -16, 6]},
			"faces": {
				"north": {"uv": [8.75, 9.75, 10.25, 9.875], "texture": "#2"},
				"east": {"uv": [11, 2.25, 11.25, 2.375], "texture": "#2"},
				"south": {"uv": [9.75, 9.5, 11.25, 9.625], "texture": "#2"},
				"west": {"uv": [11, 4, 11.25, 4.125], "texture": "#2"},
				"up": {"uv": [10.75, 3.5, 9.25, 3.25], "texture": "#2"},
				"down": {"uv": [10.75, 3.5, 9.25, 3.75], "texture": "#2"}
			}
		},
		{
			"from": [5, -16, 3],
			"to": [11, -15.4, 4],
			"rotation": {"angle": 0, "axis": "y", "origin": [9, -16, -3]},
			"faces": {
				"north": {"uv": [1.5, 10, 3, 10.125], "texture": "#2"},
				"east": {"uv": [11, 4.25, 11.25, 4.375], "texture": "#2"},
				"south": {"uv": [6, 10, 7.5, 10.125], "texture": "#2"},
				"west": {"uv": [5, 11, 5.25, 11.125], "texture": "#2"},
				"up": {"uv": [10.75, 4, 9.25, 3.75], "texture": "#2"},
				"down": {"uv": [10.75, 4, 9.25, 4.25], "texture": "#2"}
			}
		},
		{
			"from": [3, -16, 5],
			"to": [4, -15.4, 11],
			"rotation": {"angle": 0, "axis": "y", "origin": [10, -16, 7]},
			"faces": {
				"north": {"uv": [5.25, 11, 5.5, 11.125], "texture": "#2"},
				"east": {"uv": [7.5, 10, 9, 10.125], "texture": "#2"},
				"south": {"uv": [5.5, 11, 5.75, 11.125], "texture": "#2"},
				"west": {"uv": [9, 10, 10.5, 10.125], "texture": "#2"},
				"up": {"uv": [1.5, 10.25, 1.25, 8.75], "texture": "#2"},
				"down": {"uv": [6, 8.75, 5.75, 10.25], "texture": "#2"}
			}
		},
		{
			"from": [9.94476, 12.15218, 7.7],
			"to": [10.64476, 12.55218, 8.1],
			"rotation": {"angle": -22.5, "axis": "z", "origin": [16.64476, 12.15218, 7.4]},
			"faces": {
				"north": {"uv": [3.25, 11.25, 3.4375, 11.375], "texture": "#2"},
				"east": {"uv": [7.25, 11.25, 7.375, 11.375], "texture": "#2"},
				"south": {"uv": [3.5, 11.25, 3.6875, 11.375], "texture": "#2"},
				"west": {"uv": [11.25, 7.5, 11.375, 7.625], "texture": "#2"},
				"up": {"uv": [3.9375, 11.375, 3.75, 11.25], "texture": "#2"},
				"down": {"uv": [4.1875, 11.25, 4, 11.375], "texture": "#2"}
			}
		},
		{
			"from": [9.8898, 18.29124, 7.725],
			"to": [10.5898, 18.69124, 8.075],
			"rotation": {"angle": 35, "axis": "z", "origin": [16.5898, 18.29124, 7.4]},
			"faces": {
				"north": {"uv": [11.25, 4, 11.4375, 4.125], "texture": "#2"},
				"east": {"uv": [8, 11.5, 8.0625, 11.625], "texture": "#2"},
				"south": {"uv": [4.25, 11.25, 4.4375, 11.375], "texture": "#2"},
				"west": {"uv": [8.25, 11.5, 8.3125, 11.625], "texture": "#2"},
				"up": {"uv": [5.6875, 11.5625, 5.5, 11.5], "texture": "#2"},
				"down": {"uv": [6.4375, 11.5, 6.25, 11.5625], "texture": "#2"}
			}
		},
		{
			"from": [13.99194, 14.30933, 7.7],
			"to": [14.39194, 15.40933, 8.1],
			"rotation": {"angle": -22.5, "axis": "z", "origin": [14.39194, 21.40933, 7.4]},
			"faces": {
				"north": {"uv": [11, 6.5, 11.125, 6.75], "texture": "#2"},
				"east": {"uv": [11, 8.25, 11.125, 8.5], "texture": "#2"},
				"south": {"uv": [11, 8.5, 11.125, 8.75], "texture": "#2"},
				"west": {"uv": [11, 8.75, 11.125, 9], "texture": "#2"},
				"up": {"uv": [11.375, 7.875, 11.25, 7.75], "texture": "#2"},
				"down": {"uv": [8.125, 11.25, 8, 11.375], "texture": "#2"}
			}
		},
		{
			"from": [9.2675, 15.43787, 7.725],
			"to": [9.6675, 16.53787, 8.085],
			"rotation": {"angle": 20, "axis": "z", "origin": [9.6675, 22.53787, 7.4]},
			"faces": {
				"north": {"uv": [11, 9, 11.125, 9.25], "texture": "#2"},
				"east": {"uv": [8.25, 11.25, 8.3125, 11.5], "texture": "#2"},
				"south": {"uv": [11, 9.25, 11.125, 9.5], "texture": "#2"},
				"west": {"uv": [11.25, 8.25, 11.3125, 8.5], "texture": "#2"},
				"up": {"uv": [11.625, 8.3125, 11.5, 8.25], "texture": "#2"},
				"down": {"uv": [11.625, 8.5, 11.5, 8.5625], "texture": "#2"}
			}
		},
		{
			"from": [11.73154, 20.31454, 7.7],
			"to": [12.83154, 20.71454, 8.1],
			"rotation": {"angle": -32.5, "axis": "z", "origin": [5.73154, 20.71454, 7.4]},
			"faces": {
				"north": {"uv": [9.5, 11, 9.75, 11.125], "texture": "#2"},
				"east": {"uv": [11.25, 8.5, 11.375, 8.625], "texture": "#2"},
				"south": {"uv": [11, 10.25, 11.25, 10.375], "texture": "#2"},
				"west": {"uv": [11.25, 8.75, 11.375, 8.875], "texture": "#2"},
				"up": {"uv": [11.25, 10.625, 11, 10.5], "texture": "#2"},
				"down": {"uv": [11, 11, 10.75, 11.125], "texture": "#2"}
			}
		},
		{
			"from": [9.99836, 16.79413, 7.725],
			"to": [10.79836, 17.19413, 8.075],
			"rotation": {"angle": 2.5, "axis": "z", "origin": [3.99836, 17.19413, 7.4]},
			"faces": {
				"north": {"uv": [11.25, 4.25, 11.4375, 4.375], "texture": "#2"},
				"east": {"uv": [11.5, 8.75, 11.5625, 8.875], "texture": "#2"},
				"south": {"uv": [5, 11.25, 5.1875, 11.375], "texture": "#2"},
				"west": {"uv": [11.5, 9, 11.5625, 9.125], "texture": "#2"},
				"up": {"uv": [6.6875, 11.5625, 6.5, 11.5], "texture": "#2"},
				"down": {"uv": [11.6875, 6.5, 11.5, 6.5625], "texture": "#2"}
			}
		},
		{
			"from": [10.55373, 12.49205, 7.7],
			"to": [11.65373, 12.89205, 8.1],
			"rotation": {"angle": 40, "axis": "z", "origin": [4.55373, 12.89205, 7.4]},
			"faces": {
				"north": {"uv": [11, 11, 11.25, 11.125], "texture": "#2"},
				"east": {"uv": [11.25, 9, 11.375, 9.125], "texture": "#2"},
				"south": {"uv": [0.25, 11.25, 0.5, 11.375], "texture": "#2"},
				"west": {"uv": [11.25, 9.25, 11.375, 9.375], "texture": "#2"},
				"up": {"uv": [0.75, 11.375, 0.5, 11.25], "texture": "#2"},
				"down": {"uv": [1, 11.25, 0.75, 11.375], "texture": "#2"}
			}
		},
		{
			"from": [6.044, 16.77662, 7.7],
			"to": [6.444, 18.77662, 8.1],
			"rotation": {"angle": -25, "axis": "z", "origin": [6.044, 10.17662, 7.4]},
			"faces": {
				"north": {"uv": [4.75, 3.5, 4.875, 4], "texture": "#2"},
				"east": {"uv": [6.75, 9, 6.875, 9.5], "texture": "#2"},
				"south": {"uv": [6.25, 10.75, 6.375, 11.25], "texture": "#2"},
				"west": {"uv": [6.5, 10.75, 6.625, 11.25], "texture": "#2"},
				"up": {"uv": [9.625, 11.375, 9.5, 11.25], "texture": "#2"},
				"down": {"uv": [11.375, 9.5, 11.25, 9.625], "texture": "#2"}
			}
		},
		{
			"from": [1.60806, 14.30933, 7.7],
			"to": [2.00806, 15.40933, 8.1],
			"rotation": {"angle": 22.5, "axis": "z", "origin": [1.60806, 21.40933, 7.4]},
			"faces": {
				"north": {"uv": [1, 11.25, 1.125, 11.5], "texture": "#2"},
				"east": {"uv": [11.25, 1, 11.375, 1.25], "texture": "#2"},
				"south": {"uv": [1.25, 11.25, 1.375, 11.5], "texture": "#2"},
				"west": {"uv": [11.25, 1.25, 11.375, 1.5], "texture": "#2"},
				"up": {"uv": [11.375, 10.375, 11.25, 10.25], "texture": "#2"},
				"down": {"uv": [11.375, 10.5, 11.25, 10.625], "texture": "#2"}
			}
		},
		{
			"from": [5.4102, 18.29124, 7.725],
			"to": [6.1102, 18.69124, 8.075],
			"rotation": {"angle": -35, "axis": "z", "origin": [-0.5898, 18.29124, 7.4]},
			"faces": {
				"north": {"uv": [5.25, 11.25, 5.4375, 11.375], "texture": "#2"},
				"east": {"uv": [11.5, 9.25, 11.5625, 9.375], "texture": "#2"},
				"south": {"uv": [5.5, 11.25, 5.6875, 11.375], "texture": "#2"},
				"west": {"uv": [9.5, 11.5, 9.5625, 11.625], "texture": "#2"},
				"up": {"uv": [6.9375, 11.5625, 6.75, 11.5], "texture": "#2"},
				"down": {"uv": [11.6875, 6.75, 11.5, 6.8125], "texture": "#2"}
			}
		},
		{
			"from": [5.35524, 12.15218, 7.7],
			"to": [6.05524, 12.55218, 8.1],
			"rotation": {"angle": 22.5, "axis": "z", "origin": [-0.64476, 12.15218, 7.4]},
			"faces": {
				"north": {"uv": [6.25, 11.25, 6.4375, 11.375], "texture": "#2"},
				"east": {"uv": [10.75, 11.25, 10.875, 11.375], "texture": "#2"},
				"south": {"uv": [6.5, 11.25, 6.6875, 11.375], "texture": "#2"},
				"west": {"uv": [11.25, 10.75, 11.375, 10.875], "texture": "#2"},
				"up": {"uv": [11.4375, 6.625, 11.25, 6.5], "texture": "#2"},
				"down": {"uv": [6.9375, 11.25, 6.75, 11.375], "texture": "#2"}
			}
		},
		{
			"from": [6.3325, 15.43787, 7.725],
			"to": [6.7325, 16.53787, 8.085],
			"rotation": {"angle": -20, "axis": "z", "origin": [6.3325, 22.53787, 7.4]},
			"faces": {
				"north": {"uv": [1.5, 11.25, 1.625, 11.5], "texture": "#2"},
				"east": {"uv": [11, 11.25, 11.0625, 11.5], "texture": "#2"},
				"south": {"uv": [11.25, 1.5, 11.375, 1.75], "texture": "#2"},
				"west": {"uv": [11.25, 11, 11.3125, 11.25], "texture": "#2"},
				"up": {"uv": [11.625, 9.5625, 11.5, 9.5], "texture": "#2"},
				"down": {"uv": [9.875, 11.5, 9.75, 11.5625], "texture": "#2"}
			}
		},
		{
			"from": [3.16846, 20.31454, 7.7],
			"to": [4.26846, 20.71454, 8.1],
			"rotation": {"angle": 32.5, "axis": "z", "origin": [10.26846, 20.71454, 7.4]},
			"faces": {
				"north": {"uv": [1.75, 11.25, 2, 11.375], "texture": "#2"},
				"east": {"uv": [11.25, 11.25, 11.375, 11.375], "texture": "#2"},
				"south": {"uv": [11.25, 1.75, 11.5, 1.875], "texture": "#2"},
				"west": {"uv": [0, 11.5, 0.125, 11.625], "texture": "#2"},
				"up": {"uv": [11.5, 2.125, 11.25, 2], "texture": "#2"},
				"down": {"uv": [11.5, 2.25, 11.25, 2.375], "texture": "#2"}
			}
		},
		{
			"from": [5.20164, 16.79413, 7.725],
			"to": [6.00164, 17.19413, 8.075],
			"rotation": {"angle": -2.5, "axis": "z", "origin": [12.00164, 17.19413, 7.4]},
			"faces": {
				"north": {"uv": [11.25, 6.75, 11.4375, 6.875], "texture": "#2"},
				"east": {"uv": [10, 11.5, 10.0625, 11.625], "texture": "#2"},
				"south": {"uv": [7, 11.25, 7.1875, 11.375], "texture": "#2"},
				"west": {"uv": [10.25, 11.5, 10.3125, 11.625], "texture": "#2"},
				"up": {"uv": [7.1875, 11.5625, 7, 11.5], "texture": "#2"},
				"down": {"uv": [7.4375, 11.5, 7.25, 11.5625], "texture": "#2"}
			}
		},
		{
			"from": [4.34627, 12.49205, 7.7],
			"to": [5.44627, 12.89205, 8.1],
			"rotation": {"angle": -40, "axis": "z", "origin": [11.44627, 12.89205, 7.4]},
			"faces": {
				"north": {"uv": [11.25, 2.5, 11.5, 2.625], "texture": "#2"},
				"east": {"uv": [0.25, 11.5, 0.375, 11.625], "texture": "#2"},
				"south": {"uv": [11.25, 2.75, 11.5, 2.875], "texture": "#2"},
				"west": {"uv": [0.5, 11.5, 0.625, 11.625], "texture": "#2"},
				"up": {"uv": [3.25, 11.375, 3, 11.25], "texture": "#2"},
				"down": {"uv": [11.5, 3, 11.25, 3.125], "texture": "#2"}
			}
		},
		{
			"from": [9.556, 16.77662, 7.7],
			"to": [9.956, 18.77662, 8.1],
			"rotation": {"angle": 25, "axis": "z", "origin": [9.956, 10.17662, 7.4]},
			"faces": {
				"north": {"uv": [6.75, 10.75, 6.875, 11.25], "texture": "#2"},
				"east": {"uv": [7, 10.75, 7.125, 11.25], "texture": "#2"},
				"south": {"uv": [8, 10.75, 8.125, 11.25], "texture": "#2"},
				"west": {"uv": [8.25, 10.75, 8.375, 11.25], "texture": "#2"},
				"up": {"uv": [0.875, 11.625, 0.75, 11.5], "texture": "#2"},
				"down": {"uv": [1.125, 11.5, 1, 11.625], "texture": "#2"}
			}
		},
		{
			"from": [4, 16.5, 7],
			"to": [4.2, 18.9, 7.4],
			"rotation": {"angle": 0, "axis": "y", "origin": [3, 8, 7]},
			"faces": {
				"north": {"uv": [4.5, 11, 4.5625, 11.625], "texture": "#2"},
				"east": {"uv": [2.5, 10.75, 2.625, 11.375], "texture": "#2"},
				"south": {"uv": [4.75, 11, 4.8125, 11.625], "texture": "#2"},
				"west": {"uv": [2.75, 10.75, 2.875, 11.375], "texture": "#2"},
				"up": {"uv": [11.5625, 10.375, 11.5, 10.25], "texture": "#2"},
				"down": {"uv": [10.5625, 11.5, 10.5, 11.625], "texture": "#2"}
			}
		},
		{
			"from": [11.8, 15.4, 9.9],
			"to": [12.1, 19, 10.2],
			"rotation": {"angle": 0, "axis": "y", "origin": [10.9, 8, 9.7]},
			"faces": {
				"north": {"uv": [8.5, 10.75, 8.5625, 11.625], "texture": "#2"},
				"east": {"uv": [8.75, 10.75, 8.8125, 11.625], "texture": "#2"},
				"south": {"uv": [9, 10.75, 9.0625, 11.625], "texture": "#2"},
				"west": {"uv": [9.25, 10.75, 9.3125, 11.625], "texture": "#2"},
				"up": {"uv": [0.0625, 11.8125, 0, 11.75], "texture": "#2"},
				"down": {"uv": [0.3125, 11.75, 0.25, 11.8125], "texture": "#2"}
			}
		},
		{
			"from": [9.4, 13.2, 11.8],
			"to": [9.8, 19, 12.1],
			"rotation": {"angle": 0, "axis": "y", "origin": [8.5, 8, 11.6]},
			"faces": {
				"north": {"uv": [3, 9.75, 3.125, 11.1875], "texture": "#2"},
				"east": {"uv": [7.5, 10.25, 7.5625, 11.6875], "texture": "#2"},
				"south": {"uv": [0, 10, 0.125, 11.4375], "texture": "#2"},
				"west": {"uv": [7.75, 10.25, 7.8125, 11.6875], "texture": "#2"},
				"up": {"uv": [11.625, 10.8125, 11.5, 10.75], "texture": "#2"},
				"down": {"uv": [11.125, 11.5, 11, 11.5625], "texture": "#2"}
			}
		},
		{
			"from": [7.1, 16.3, 11.8],
			"to": [7.5, 19, 12],
			"rotation": {"angle": 0, "axis": "y", "origin": [6.2, 8, 11.6]},
			"faces": {
				"north": {"uv": [3.25, 10.5, 3.375, 11.1875], "texture": "#2"},
				"east": {"uv": [9.75, 10.75, 9.8125, 11.4375], "texture": "#2"},
				"south": {"uv": [7.25, 10.5, 7.375, 11.1875], "texture": "#2"},
				"west": {"uv": [10, 10.75, 10.0625, 11.4375], "texture": "#2"},
				"up": {"uv": [11.625, 11.0625, 11.5, 11], "texture": "#2"},
				"down": {"uv": [11.375, 11.5, 11.25, 11.5625], "texture": "#2"}
			}
		},
		{
			"from": [7.1, 16.3, 3.8],
			"to": [7.5, 19, 4.1],
			"rotation": {"angle": 0, "axis": "y", "origin": [6.2, 8, 3.6]},
			"faces": {
				"north": {"uv": [2, 10.75, 2.125, 11.4375], "texture": "#2"},
				"east": {"uv": [10.25, 10.75, 10.3125, 11.4375], "texture": "#2"},
				"south": {"uv": [2.25, 10.75, 2.375, 11.4375], "texture": "#2"},
				"west": {"uv": [10.5, 10.75, 10.5625, 11.4375], "texture": "#2"},
				"up": {"uv": [11.625, 11.3125, 11.5, 11.25], "texture": "#2"},
				"down": {"uv": [11.625, 11.5, 11.5, 11.5625], "texture": "#2"}
			}
		},
		{
			"from": [7.5, 18.1, 3.8],
			"to": [8.2, 19, 4.1],
			"rotation": {"angle": 0, "axis": "y", "origin": [6.2, 8, 3.6]},
			"faces": {
				"north": {"uv": [10.75, 4, 10.9375, 4.25], "texture": "#2"},
				"east": {"uv": [11.5, 2, 11.5625, 2.25], "texture": "#2"},
				"south": {"uv": [9.5, 10.75, 9.6875, 11], "texture": "#2"},
				"west": {"uv": [2.25, 11.5, 2.3125, 11.75], "texture": "#2"},
				"up": {"uv": [11.6875, 7.5625, 11.5, 7.5], "texture": "#2"},
				"down": {"uv": [11.6875, 7.75, 11.5, 7.8125], "texture": "#2"}
			}
		},
		{
			"from": [6.4, 15, 11.8],
			"to": [6.9, 19, 12.2],
			"rotation": {"angle": 0, "axis": "y", "origin": [5.6, 8, 11.6]},
			"faces": {
				"north": {"uv": [10.25, 0, 10.375, 1], "texture": "#2"},
				"east": {"uv": [1.25, 10.25, 1.375, 11.25], "texture": "#2"},
				"south": {"uv": [1.5, 10.25, 1.625, 11.25], "texture": "#2"},
				"west": {"uv": [1.75, 10.25, 1.875, 11.25], "texture": "#2"},
				"up": {"uv": [11.625, 1.625, 11.5, 1.5], "texture": "#2"},
				"down": {"uv": [1.875, 11.5, 1.75, 11.625], "texture": "#2"}
			}
		},
		{
			"from": [6.5, 18, 11.7],
			"to": [8, 19.1, 12.1],
			"rotation": {"angle": 0, "axis": "y", "origin": [5.6, 8, 11.6]},
			"faces": {
				"north": {"uv": [6, 6.5, 6.375, 6.75], "texture": "#2"},
				"east": {"uv": [11.5, 1.75, 11.5625, 2], "texture": "#2"},
				"south": {"uv": [7.5, 6.5, 7.875, 6.75], "texture": "#2"},
				"west": {"uv": [2, 11.5, 2.0625, 11.75], "texture": "#2"},
				"up": {"uv": [11.625, 7.0625, 11.25, 7], "texture": "#2"},
				"down": {"uv": [11.625, 7.25, 11.25, 7.3125], "texture": "#2"}
			}
		},
		{
			"from": [3.9, 14.5, 6],
			"to": [4.2, 19, 6.5],
			"rotation": {"angle": 0, "axis": "y", "origin": [3, 8, 6]},
			"faces": {
				"north": {"uv": [5.75, 10.75, 5.8125, 11.875], "texture": "#2"},
				"east": {"uv": [0.25, 10, 0.375, 11.125], "texture": "#2"},
				"south": {"uv": [6, 10.75, 6.0625, 11.875], "texture": "#2"},
				"west": {"uv": [0.5, 10, 0.625, 11.125], "texture": "#2"},
				"up": {"uv": [11.5625, 10.625, 11.5, 10.5], "texture": "#2"},
				"down": {"uv": [10.8125, 11.5, 10.75, 11.625], "texture": "#2"}
			}
		},
		{
			"from": [3.9, 18, 6.5],
			"to": [4.3, 19, 7.5],
			"rotation": {"angle": 0, "axis": "y", "origin": [3, 8, 6.5]},
			"faces": {
				"north": {"uv": [11.5, 1, 11.5625, 1.25], "texture": "#2"},
				"east": {"uv": [8, 6.5, 8.25, 6.75], "texture": "#2"},
				"south": {"uv": [1.25, 11.5, 1.3125, 11.75], "texture": "#2"},
				"west": {"uv": [8.25, 6.5, 8.5, 6.75], "texture": "#2"},
				"up": {"uv": [11.5625, 1.5, 11.5, 1.25], "texture": "#2"},
				"down": {"uv": [1.5625, 11.5, 1.5, 11.75], "texture": "#2"}
			}
		}
	],
	"display": {
		"ground": {
			"translation": [0, 20.5, 0]
		},
		"gui": {
			"scale": [0.31, 0.31, 0.31]
		},
		"fixed": {
			"rotation": [-90, 0, 0],
			"translation": [0, 0, -68],
			"scale": [2.84, 2.84, 2.84]
		},
		"on_shelf": {
			"scale": [0.61, 0.61, 0.61]
		}
	}
}
