{
	"format_version": "1.21.6",
	"credit": "Made with Blockbench",
	"texture_size": [64, 64],
	"textures": {
		"0": "garysinspace:item/light",
		"particle": "garysinspace:item/light"
	},
	"elements": [
		{
			"from": [4, -16, 4],
			"to": [12, -15, 12],
			"rotation": {"angle": 0, "axis": "y", "origin": [7, -16, 7]},
			"faces": {
				"north": {"uv": [0.75, 9, 2.75, 9.25], "texture": "#0"},
				"east": {"uv": [9, 5.75, 11, 6], "texture": "#0"},
				"south": {"uv": [9, 6, 11, 6.25], "texture": "#0"},
				"west": {"uv": [9, 6.25, 11, 6.5], "texture": "#0"},
				"up": {"uv": [2, 2, 0, 0], "texture": "#0"},
				"down": {"uv": [2, 2, 0, 4], "texture": "#0"}
			}
		},
		{
			"from": [5, -15, 5],
			"to": [11, -14.6, 11],
			"rotation": {"angle": 0, "axis": "y", "origin": [7, -15, 7]},
			"faces": {
				"north": {"uv": [0, 9.5, 1.5, 9.75], "texture": "#0"},
				"east": {"uv": [1.5, 9.5, 3, 9.75], "texture": "#0"},
				"south": {"uv": [7, 9.5, 8.5, 9.75], "texture": "#0"},
				"west": {"uv": [8.5, 9.5, 10, 9.75], "texture": "#0"},
				"up": {"uv": [5, 5.5, 3.5, 4], "texture": "#0"},
				"down": {"uv": [6.5, 3.5, 5, 5], "texture": "#0"}
			}
		},
		{
			"from": [5.7, -14.95, 5.7],
			"to": [10.3, -12.2, 10.3],
			"rotation": {"angle": 0, "axis": "y", "origin": [7, -14.6, 7]},
			"faces": {
				"north": {"uv": [8, 3.75, 9.25, 4.25], "texture": "#0"},
				"east": {"uv": [0.75, 8.5, 2, 9], "texture": "#0"},
				"south": {"uv": [8.5, 1, 9.75, 1.5], "texture": "#0"},
				"west": {"uv": [8.5, 1.5, 9.75, 2], "texture": "#0"},
				"up": {"uv": [8.5, 1.25, 7.25, 0], "texture": "#0"},
				"down": {"uv": [2, 7.25, 0.75, 8.5], "texture": "#0"}
			}
		},
		{
			"from": [6.3, -12.2, 6.2],
			"to": [9.7, -3.2, 9.8],
			"rotation": {"angle": 0, "axis": "y", "origin": [7, -14.6, 7]},
			"faces": {
				"north": {"uv": [7, 6.5, 7.75, 8.75], "texture": "#0"},
				"east": {"uv": [5, 5, 6, 7.25], "texture": "#0"},
				"south": {"uv": [0, 7.25, 0.75, 9.5], "texture": "#0"},
				"west": {"uv": [3.5, 5.5, 4.5, 7.75], "texture": "#0"},
				"up": {"uv": [4.25, 8.75, 3.5, 7.75], "texture": "#0"},
				"down": {"uv": [9.25, 0, 8.5, 1], "texture": "#0"}
			}
		},
		{
			"from": [6.8, 15.8, 6.9],
			"to": [9.2, 17.8, 9.1],
			"rotation": {"angle": 0, "axis": "y", "origin": [7, 7.9, 7]},
			"faces": {
				"north": {"uv": [2, 8.03873, 2.5, 8.53169], "texture": "#0"},
				"east": {"uv": [2.5, 8.03873, 3, 8.53169], "texture": "#0"},
				"south": {"uv": [5, 8.03873, 5.5, 8.53169], "texture": "#0"},
				"west": {"uv": [5.5, 8.03873, 6, 8.53169], "texture": "#0"},
				"up": {"uv": [6.25, 3.5, 5.75, 3], "texture": "#0"},
				"down": {"uv": [7, 4.5, 6.5, 5], "texture": "#0"}
			}
		},
		{
			"from": [7, -0.8, 7.1],
			"to": [9, 15.9, 8.9],
			"rotation": {"angle": 0, "axis": "y", "origin": [7, -3.2, 7]},
			"faces": {
				"north": {"uv": [4.5, 5.5, 5, 9.75], "texture": "#0"},
				"east": {"uv": [3, 5.75, 3.5, 10], "texture": "#0"},
				"south": {"uv": [6, 6.5, 6.5, 10.75], "texture": "#0"},
				"west": {"uv": [6.5, 6.5, 7, 10.75], "texture": "#0"},
				"up": {"uv": [4.5, 4, 4, 3.5], "texture": "#0"},
				"down": {"uv": [5, 3.5, 4.5, 4], "texture": "#0"}
			}
		},
		{
			"from": [5.7, -3.2, 5.7],
			"to": [10.3, -0.8, 10.3],
			"rotation": {"angle": 0, "axis": "y", "origin": [7, -3.2, 7]},
			"faces": {
				"north": {"uv": [8.5, 2, 9.75, 2.5], "texture": "#0"},
				"east": {"uv": [8.75, 4.25, 10, 4.75], "texture": "#0"},
				"south": {"uv": [8.75, 4.75, 10, 5.25], "texture": "#0"},
				"west": {"uv": [8.75, 5.25, 10, 5.75], "texture": "#0"},
				"up": {"uv": [8.5, 2.5, 7.25, 1.25], "texture": "#0"},
				"down": {"uv": [8.75, 4.5, 7.5, 5.75], "texture": "#0"}
			}
		},
		{
			"from": [5.7, 17.8, 5.7],
			"to": [10.3, 18.6, 10.3],
			"rotation": {"angle": 0, "axis": "y", "origin": [7, 17.8, 7]},
			"faces": {
				"north": {"uv": [1.5, 10.25, 2.75, 10.5], "texture": "#0"},
				"east": {"uv": [7, 10.25, 8.25, 10.5], "texture": "#0"},
				"south": {"uv": [8.25, 10.25, 9.5, 10.5], "texture": "#0"},
				"west": {"uv": [9.5, 10.25, 10.75, 10.5], "texture": "#0"},
				"up": {"uv": [9, 7, 7.75, 5.75], "texture": "#0"},
				"down": {"uv": [9, 7, 7.75, 8.25], "texture": "#0"}
			}
		},
		{
			"from": [4.7, 18.6, 4.7],
			"to": [11.3, 18.9, 11.3],
			"rotation": {"angle": 0, "axis": "y", "origin": [7, 18.8, 7]},
			"faces": {
				"north": {"uv": [9, 7.5, 10.75, 7.75], "texture": "#0"},
				"east": {"uv": [9, 7.75, 10.75, 8], "texture": "#0"},
				"south": {"uv": [9, 8, 10.75, 8.25], "texture": "#0"},
				"west": {"uv": [9, 8.25, 10.75, 8.5], "texture": "#0"},
				"up": {"uv": [1.75, 5.75, 0, 4], "texture": "#0"},
				"down": {"uv": [5.75, 0, 4, 1.75], "texture": "#0"}
			}
		},
		{
			"from": [5.2, 18.6, 11.3],
			"to": [10.8, 18.9, 12],
			"rotation": {"angle": 0, "axis": "y", "origin": [7, 18.8, 7]},
			"faces": {
				"north": {"uv": [0, 9.75, 1.5, 10], "texture": "#0"},
				"east": {"uv": [7.5, 2.5, 7.75, 2.75], "texture": "#0"},
				"south": {"uv": [9.75, 1, 11.25, 1.25], "texture": "#0"},
				"west": {"uv": [7.5, 2.75, 7.75, 3], "texture": "#0"},
				"up": {"uv": [11.25, 1.5, 9.75, 1.25], "texture": "#0"},
				"down": {"uv": [3, 9.75, 1.5, 10], "texture": "#0"}
			}
		},
		{
			"from": [4, 18.6, 5.2],
			"to": [4.7, 18.9, 10.8],
			"rotation": {"angle": 0, "axis": "y", "origin": [9, 18.8, 7]},
			"faces": {
				"north": {"uv": [7.75, 2.5, 8, 2.75], "texture": "#0"},
				"east": {"uv": [9.75, 1.5, 11.25, 1.75], "texture": "#0"},
				"south": {"uv": [7.75, 2.75, 8, 3], "texture": "#0"},
				"west": {"uv": [9.75, 1.75, 11.25, 2], "texture": "#0"},
				"up": {"uv": [5.25, 10.5, 5, 9], "texture": "#0"},
				"down": {"uv": [5.5, 9, 5.25, 10.5], "texture": "#0"}
			}
		},
		{
			"from": [5.2, 18.6, 4],
			"to": [10.8, 18.9, 4.7],
			"rotation": {"angle": 0, "axis": "y", "origin": [9, 18.8, 9]},
			"faces": {
				"north": {"uv": [9.75, 2, 11.25, 2.25], "texture": "#0"},
				"east": {"uv": [8, 4.25, 8.25, 4.5], "texture": "#0"},
				"south": {"uv": [9.75, 2.25, 11.25, 2.5], "texture": "#0"},
				"west": {"uv": [8.25, 4.25, 8.5, 4.5], "texture": "#0"},
				"up": {"uv": [8.5, 10, 7, 9.75], "texture": "#0"},
				"down": {"uv": [10, 9.75, 8.5, 10], "texture": "#0"}
			}
		},
		{
			"from": [11.3, 18.6, 5.2],
			"to": [12, 18.9, 10.8],
			"rotation": {"angle": 0, "axis": "y", "origin": [7, 18.8, 7]},
			"faces": {
				"north": {"uv": [8.5, 4.25, 8.75, 4.5], "texture": "#0"},
				"east": {"uv": [0, 10, 1.5, 10.25], "texture": "#0"},
				"south": {"uv": [2.75, 9, 3, 9.25], "texture": "#0"},
				"west": {"uv": [1.5, 10, 3, 10.25], "texture": "#0"},
				"up": {"uv": [5.75, 10.5, 5.5, 9], "texture": "#0"},
				"down": {"uv": [6, 9, 5.75, 10.5], "texture": "#0"}
			}
		},
		{
			"from": [3.5, 25, 5.2],
			"to": [4.2, 25.3, 10.8],
			"rotation": {"angle": 0, "axis": "y", "origin": [9, 25.2, 9]},
			"faces": {
				"north": {"uv": [1.5, 10.75, 1.75, 11], "texture": "#0"},
				"east": {"uv": [10, 10, 11.5, 10.25], "texture": "#0"},
				"south": {"uv": [1.75, 10.75, 2, 11], "texture": "#0"},
				"west": {"uv": [0, 10.25, 1.5, 10.5], "texture": "#0"},
				"up": {"uv": [5, 11.25, 4.75, 9.75], "texture": "#0"},
				"down": {"uv": [3.25, 10, 3, 11.5], "texture": "#0"}
			}
		},
		{
			"from": [4.2, 25, 4.2],
			"to": [11.8, 25.3, 11.8],
			"rotation": {"angle": 0, "axis": "y", "origin": [7, 25.2, 7]},
			"faces": {
				"north": {"uv": [9, 6.5, 11, 6.75], "texture": "#0"},
				"east": {"uv": [9, 6.75, 11, 7], "texture": "#0"},
				"south": {"uv": [9, 7, 11, 7.25], "texture": "#0"},
				"west": {"uv": [9, 7.25, 11, 7.5], "texture": "#0"},
				"up": {"uv": [4, 2, 2, 0], "texture": "#0"},
				"down": {"uv": [4, 2, 2, 4], "texture": "#0"}
			}
		},
		{
			"from": [5.2, 25, 11.8],
			"to": [10.8, 25.3, 12.5],
			"rotation": {"angle": 0, "axis": "y", "origin": [7, 25.2, 7.5]},
			"faces": {
				"north": {"uv": [7, 10, 8.5, 10.25], "texture": "#0"},
				"east": {"uv": [1, 10.75, 1.25, 11], "texture": "#0"},
				"south": {"uv": [8.5, 10, 10, 10.25], "texture": "#0"},
				"west": {"uv": [1.25, 10.75, 1.5, 11], "texture": "#0"},
				"up": {"uv": [11.5, 9.75, 10, 9.5], "texture": "#0"},
				"down": {"uv": [11.5, 9.75, 10, 10], "texture": "#0"}
			}
		},
		{
			"from": [11.8, 25, 5.2],
			"to": [12.5, 25.3, 10.8],
			"rotation": {"angle": 0, "axis": "y", "origin": [7, 25.2, 9]},
			"faces": {
				"north": {"uv": [2.75, 9.25, 3, 9.5], "texture": "#0"},
				"east": {"uv": [10, 5.25, 11.5, 5.5], "texture": "#0"},
				"south": {"uv": [10.5, 9.25, 10.75, 9.5], "texture": "#0"},
				"west": {"uv": [10, 5.5, 11.5, 5.75], "texture": "#0"},
				"up": {"uv": [4.5, 10.75, 4.25, 9.25], "texture": "#0"},
				"down": {"uv": [4.75, 9.75, 4.5, 11.25], "texture": "#0"}
			}
		},
		{
			"from": [5.2, 25, 3.5],
			"to": [10.8, 25.3, 4.2],
			"rotation": {"angle": 0, "axis": "y", "origin": [9, 25.2, 9]},
			"faces": {
				"north": {"uv": [10, 4.25, 11.5, 4.5], "texture": "#0"},
				"east": {"uv": [2.25, 9.25, 2.5, 9.5], "texture": "#0"},
				"south": {"uv": [10, 4.5, 11.5, 4.75], "texture": "#0"},
				"west": {"uv": [2.5, 9.25, 2.75, 9.5], "texture": "#0"},
				"up": {"uv": [11.5, 5, 10, 4.75], "texture": "#0"},
				"down": {"uv": [11.5, 5, 10, 5.25], "texture": "#0"}
			}
		},
		{
			"from": [5.1, 18.9, 5.1],
			"to": [10.9, 25, 10.9],
			"rotation": {"angle": 0, "axis": "y", "origin": [7, 18.8, 7]},
			"faces": {
				"north": {"uv": [0, 5.75, 1.5, 7.25], "texture": "#0"},
				"east": {"uv": [5.75, 0, 7.25, 1.5], "texture": "#0"},
				"south": {"uv": [1.5, 5.75, 3, 7.25], "texture": "#0"},
				"west": {"uv": [5.75, 1.5, 7.25, 3], "texture": "#0"},
				"up": {"uv": [7.5, 6.5, 6, 5], "texture": "#0"},
				"down": {"uv": [8, 3, 6.5, 4.5], "texture": "#0"}
			}
		},
		{
			"from": [5.1, 18.9, 5.1],
			"to": [10.9, 25, 10.9],
			"rotation": {"angle": 0, "axis": "y", "origin": [7, 18.8, 7]},
			"faces": {
				"north": {"uv": [0, 5.75, 1.5, 7.25], "texture": "#0"},
				"east": {"uv": [5.75, 0, 7.25, 1.5], "texture": "#0"},
				"south": {"uv": [1.5, 5.75, 3, 7.25], "texture": "#0"},
				"west": {"uv": [5.75, 1.5, 7.25, 3], "texture": "#0"},
				"up": {"uv": [7.5, 6.5, 6, 5], "texture": "#0"},
				"down": {"uv": [8, 3, 6.5, 4.5], "texture": "#0"}
			}
		},
		{
			"from": [4.7, 25.2, 4.7],
			"to": [11.3, 26, 11.3],
			"rotation": {"angle": 0, "axis": "y", "origin": [7, 20.8, 7]},
			"faces": {
				"north": {"uv": [9, 8.5, 10.75, 8.75], "texture": "#0"},
				"east": {"uv": [9, 8.75, 10.75, 9], "texture": "#0"},
				"south": {"uv": [9, 9, 10.75, 9.25], "texture": "#0"},
				"west": {"uv": [9.25, 0, 11, 0.25], "texture": "#0"},
				"up": {"uv": [3.5, 5.75, 1.75, 4], "texture": "#0"},
				"down": {"uv": [5.75, 1.75, 4, 3.5], "texture": "#0"}
			}
		},
		{
			"from": [5.3, 25.8, 5.4],
			"to": [10.7, 27.5, 10.6],
			"rotation": {"angle": 0, "axis": "y", "origin": [7, 22.6, 7]},
			"faces": {
				"north": {"uv": [0, 10.5, 1.25, 10.75], "texture": "#0"},
				"east": {"uv": [1.25, 10.5, 2.5, 10.75], "texture": "#0"},
				"south": {"uv": [7, 10.5, 8.25, 10.75], "texture": "#0"},
				"west": {"uv": [8.25, 10.5, 9.5, 10.75], "texture": "#0"},
				"up": {"uv": [9.25, 3.75, 8, 2.5], "texture": "#0"},
				"down": {"uv": [9, 8.25, 7.75, 9.5], "texture": "#0"}
			}
		},
		{
			"from": [7.3, 27.5, 7.4],
			"to": [8.7, 28, 8.6],
			"rotation": {"angle": 0, "axis": "y", "origin": [7, 22.8, 7]},
			"faces": {
				"north": {"uv": [2, 10.75, 2.25, 11], "texture": "#0"},
				"east": {"uv": [2.25, 10.75, 2.5, 11], "texture": "#0"},
				"south": {"uv": [10.75, 2.5, 11, 2.75], "texture": "#0"},
				"west": {"uv": [10.75, 2.75, 11, 3], "texture": "#0"},
				"up": {"uv": [11, 3.25, 10.75, 3], "texture": "#0"},
				"down": {"uv": [3.5, 10.75, 3.25, 11], "texture": "#0"}
			}
		},
		{
			"from": [12, -16, 5],
			"to": [13, -15.4, 11],
			"rotation": {"angle": 0, "axis": "y", "origin": [6, -16, 7]},
			"faces": {
				"north": {"uv": [6.25, 3, 6.5, 3.25], "texture": "#0"},
				"east": {"uv": [9.25, 0.25, 10.75, 0.5], "texture": "#0"},
				"south": {"uv": [6.25, 3.25, 6.5, 3.5], "texture": "#0"},
				"west": {"uv": [9.25, 0.5, 10.75, 0.75], "texture": "#0"},
				"up": {"uv": [4.5, 9.25, 4.25, 7.75], "texture": "#0"},
				"down": {"uv": [3.75, 8.75, 3.5, 10.25], "texture": "#0"}
			}
		},
		{
			"from": [5, -16, 12],
			"to": [11, -15.4, 13],
			"rotation": {"angle": 0, "axis": "y", "origin": [9, -16, 6]},
			"faces": {
				"north": {"uv": [9.25, 2.5, 10.75, 2.75], "texture": "#0"},
				"east": {"uv": [7.25, 2.5, 7.5, 2.75], "texture": "#0"},
				"south": {"uv": [9.25, 2.75, 10.75, 3], "texture": "#0"},
				"west": {"uv": [7.25, 2.75, 7.5, 3], "texture": "#0"},
				"up": {"uv": [10.75, 3.25, 9.25, 3], "texture": "#0"},
				"down": {"uv": [10.75, 3.25, 9.25, 3.5], "texture": "#0"}
			}
		},
		{
			"from": [5, -16, 3],
			"to": [11, -15.4, 4],
			"rotation": {"angle": 0, "axis": "y", "origin": [9, -16, -3]},
			"faces": {
				"north": {"uv": [9.25, 3.5, 10.75, 3.75], "texture": "#0"},
				"east": {"uv": [7.25, 4.5, 7.5, 4.75], "texture": "#0"},
				"south": {"uv": [9.25, 3.75, 10.75, 4], "texture": "#0"},
				"west": {"uv": [7.25, 4.75, 7.5, 5], "texture": "#0"},
				"up": {"uv": [10.75, 4.25, 9.25, 4], "texture": "#0"},
				"down": {"uv": [10.5, 9.25, 9, 9.5], "texture": "#0"}
			}
		},
		{
			"from": [3, -16, 5],
			"to": [4, -15.4, 11],
			"rotation": {"angle": 0, "axis": "y", "origin": [10, -16, 7]},
			"faces": {
				"north": {"uv": [7, 4.5, 7.25, 4.75], "texture": "#0"},
				"east": {"uv": [0.75, 9.25, 2.25, 9.5], "texture": "#0"},
				"south": {"uv": [7, 4.75, 7.25, 5], "texture": "#0"},
				"west": {"uv": [9.25, 0.75, 10.75, 1], "texture": "#0"},
				"up": {"uv": [4, 10.25, 3.75, 8.75], "texture": "#0"},
				"down": {"uv": [4.25, 8.75, 4, 10.25], "texture": "#0"}
			}
		},
		{
			"from": [9.94476, 12.15218, 7.7],
			"to": [10.64476, 12.55218, 8.1],
			"rotation": {"angle": -22.5, "axis": "z", "origin": [16.64476, 12.15218, 7.4]},
			"faces": {
				"north": {"uv": [1.5, 11.5, 1.75, 11.75], "texture": "#0"},
				"east": {"uv": [11.5, 1.5, 11.75, 1.75], "texture": "#0"},
				"south": {"uv": [1.75, 11.5, 2, 11.75], "texture": "#0"},
				"west": {"uv": [11.5, 1.75, 11.75, 2], "texture": "#0"},
				"up": {"uv": [2.25, 11.75, 2, 11.5], "texture": "#0"},
				"down": {"uv": [11.75, 2, 11.5, 2.25], "texture": "#0"}
			}
		},
		{
			"from": [9.8898, 18.29124, 7.725],
			"to": [10.5898, 18.69124, 8.075],
			"rotation": {"angle": 35, "axis": "z", "origin": [16.5898, 18.29124, 7.4]},
			"faces": {
				"north": {"uv": [2.25, 11.5, 2.5, 11.75], "texture": "#0"},
				"east": {"uv": [11.5, 2.25, 11.75, 2.5], "texture": "#0"},
				"south": {"uv": [2.5, 11.5, 2.75, 11.75], "texture": "#0"},
				"west": {"uv": [11.5, 2.5, 11.75, 2.75], "texture": "#0"},
				"up": {"uv": [3, 11.75, 2.75, 11.5], "texture": "#0"},
				"down": {"uv": [11.75, 2.75, 11.5, 3], "texture": "#0"}
			}
		},
		{
			"from": [13.99194, 14.30933, 7.7],
			"to": [14.39194, 15.40933, 8.1],
			"rotation": {"angle": -22.5, "axis": "z", "origin": [14.39194, 21.40933, 7.4]},
			"faces": {
				"north": {"uv": [3, 11.5, 3.25, 11.75], "texture": "#0"},
				"east": {"uv": [11.5, 3, 11.75, 3.25], "texture": "#0"},
				"south": {"uv": [3.25, 11.5, 3.5, 11.75], "texture": "#0"},
				"west": {"uv": [11.5, 3.25, 11.75, 3.5], "texture": "#0"},
				"up": {"uv": [3.75, 11.75, 3.5, 11.5], "texture": "#0"},
				"down": {"uv": [11.75, 3.5, 11.5, 3.75], "texture": "#0"}
			}
		},
		{
			"from": [9.2675, 15.43787, 7.725],
			"to": [9.6675, 16.53787, 8.085],
			"rotation": {"angle": 20, "axis": "z", "origin": [9.6675, 22.53787, 7.4]},
			"faces": {
				"north": {"uv": [3.75, 11.5, 4, 11.75], "texture": "#0"},
				"east": {"uv": [11.5, 3.75, 11.75, 4], "texture": "#0"},
				"south": {"uv": [4, 11.5, 4.25, 11.75], "texture": "#0"},
				"west": {"uv": [11.5, 4, 11.75, 4.25], "texture": "#0"},
				"up": {"uv": [4.5, 11.75, 4.25, 11.5], "texture": "#0"},
				"down": {"uv": [11.75, 4.25, 11.5, 4.5], "texture": "#0"}
			}
		},
		{
			"from": [11.73154, 20.31454, 7.7],
			"to": [12.83154, 20.71454, 8.1],
			"rotation": {"angle": -32.5, "axis": "z", "origin": [5.73154, 20.71454, 7.4]},
			"faces": {
				"north": {"uv": [4.5, 11.5, 4.75, 11.75], "texture": "#0"},
				"east": {"uv": [11.5, 4.5, 11.75, 4.75], "texture": "#0"},
				"south": {"uv": [4.75, 11.5, 5, 11.75], "texture": "#0"},
				"west": {"uv": [11.5, 4.75, 11.75, 5], "texture": "#0"},
				"up": {"uv": [5.25, 11.75, 5, 11.5], "texture": "#0"},
				"down": {"uv": [11.75, 5, 11.5, 5.25], "texture": "#0"}
			}
		},
		{
			"from": [9.99836, 16.79413, 7.725],
			"to": [10.79836, 17.19413, 8.075],
			"rotation": {"angle": 2.5, "axis": "z", "origin": [3.99836, 17.19413, 7.4]},
			"faces": {
				"north": {"uv": [5.25, 11.5, 5.5, 11.75], "texture": "#0"},
				"east": {"uv": [11.5, 5.25, 11.75, 5.5], "texture": "#0"},
				"south": {"uv": [5.5, 11.5, 5.75, 11.75], "texture": "#0"},
				"west": {"uv": [11.5, 5.5, 11.75, 5.75], "texture": "#0"},
				"up": {"uv": [6, 11.75, 5.75, 11.5], "texture": "#0"},
				"down": {"uv": [11.75, 5.75, 11.5, 6], "texture": "#0"}
			}
		},
		{
			"from": [10.55373, 12.49205, 7.7],
			"to": [11.65373, 12.89205, 8.1],
			"rotation": {"angle": 40, "axis": "z", "origin": [4.55373, 12.89205, 7.4]},
			"faces": {
				"north": {"uv": [6, 11.5, 6.25, 11.75], "texture": "#0"},
				"east": {"uv": [11.5, 6, 11.75, 6.25], "texture": "#0"},
				"south": {"uv": [6.25, 11.5, 6.5, 11.75], "texture": "#0"},
				"west": {"uv": [11.5, 6.25, 11.75, 6.5], "texture": "#0"},
				"up": {"uv": [6.75, 11.75, 6.5, 11.5], "texture": "#0"},
				"down": {"uv": [11.75, 6.5, 11.5, 6.75], "texture": "#0"}
			}
		},
		{
			"from": [6.044, 16.77662, 7.7],
			"to": [6.444, 18.77662, 8.1],
			"rotation": {"angle": -25, "axis": "z", "origin": [6.044, 10.17662, 7.4]},
			"faces": {
				"north": {"uv": [10, 10.5, 10.25, 11.25], "texture": "#0"},
				"east": {"uv": [10.25, 10.5, 10.5, 11.25], "texture": "#0"},
				"south": {"uv": [10.5, 10.5, 10.75, 11.25], "texture": "#0"},
				"west": {"uv": [0, 10.75, 0.25, 11.5], "texture": "#0"},
				"up": {"uv": [7, 11.75, 6.75, 11.5], "texture": "#0"},
				"down": {"uv": [11.75, 6.75, 11.5, 7], "texture": "#0"}
			}
		},
		{
			"from": [1.60806, 14.30933, 7.7],
			"to": [2.00806, 15.40933, 8.1],
			"rotation": {"angle": 22.5, "axis": "z", "origin": [1.60806, 21.40933, 7.4]},
			"faces": {
				"north": {"uv": [7, 11.5, 7.25, 11.75], "texture": "#0"},
				"east": {"uv": [11.5, 7, 11.75, 7.25], "texture": "#0"},
				"south": {"uv": [7.25, 11.5, 7.5, 11.75], "texture": "#0"},
				"west": {"uv": [11.5, 7.25, 11.75, 7.5], "texture": "#0"},
				"up": {"uv": [7.75, 11.75, 7.5, 11.5], "texture": "#0"},
				"down": {"uv": [11.75, 7.5, 11.5, 7.75], "texture": "#0"}
			}
		},
		{
			"from": [5.4102, 18.29124, 7.725],
			"to": [6.1102, 18.69124, 8.075],
			"rotation": {"angle": -35, "axis": "z", "origin": [-0.5898, 18.29124, 7.4]},
			"faces": {
				"north": {"uv": [7.75, 11.5, 8, 11.75], "texture": "#0"},
				"east": {"uv": [11.5, 7.75, 11.75, 8], "texture": "#0"},
				"south": {"uv": [8, 11.5, 8.25, 11.75], "texture": "#0"},
				"west": {"uv": [11.5, 8, 11.75, 8.25], "texture": "#0"},
				"up": {"uv": [8.5, 11.75, 8.25, 11.5], "texture": "#0"},
				"down": {"uv": [11.75, 8.25, 11.5, 8.5], "texture": "#0"}
			}
		},
		{
			"from": [5.35524, 12.15218, 7.7],
			"to": [6.05524, 12.55218, 8.1],
			"rotation": {"angle": 22.5, "axis": "z", "origin": [-0.64476, 12.15218, 7.4]},
			"faces": {
				"north": {"uv": [8.5, 11.5, 8.75, 11.75], "texture": "#0"},
				"east": {"uv": [11.5, 8.5, 11.75, 8.75], "texture": "#0"},
				"south": {"uv": [8.75, 11.5, 9, 11.75], "texture": "#0"},
				"west": {"uv": [11.5, 8.75, 11.75, 9], "texture": "#0"},
				"up": {"uv": [9.25, 11.75, 9, 11.5], "texture": "#0"},
				"down": {"uv": [11.75, 9, 11.5, 9.25], "texture": "#0"}
			}
		},
		{
			"from": [6.3325, 15.43787, 7.725],
			"to": [6.7325, 16.53787, 8.085],
			"rotation": {"angle": -20, "axis": "z", "origin": [6.3325, 22.53787, 7.4]},
			"faces": {
				"north": {"uv": [9.25, 11.5, 9.5, 11.75], "texture": "#0"},
				"east": {"uv": [11.5, 9.25, 11.75, 9.5], "texture": "#0"},
				"south": {"uv": [9.5, 11.5, 9.75, 11.75], "texture": "#0"},
				"west": {"uv": [11.5, 9.5, 11.75, 9.75], "texture": "#0"},
				"up": {"uv": [10, 11.75, 9.75, 11.5], "texture": "#0"},
				"down": {"uv": [11.75, 9.75, 11.5, 10], "texture": "#0"}
			}
		},
		{
			"from": [3.16846, 20.31454, 7.7],
			"to": [4.26846, 20.71454, 8.1],
			"rotation": {"angle": 32.5, "axis": "z", "origin": [10.26846, 20.71454, 7.4]},
			"faces": {
				"north": {"uv": [10, 11.5, 10.25, 11.75], "texture": "#0"},
				"east": {"uv": [11.5, 10, 11.75, 10.25], "texture": "#0"},
				"south": {"uv": [10.25, 11.5, 10.5, 11.75], "texture": "#0"},
				"west": {"uv": [11.5, 10.25, 11.75, 10.5], "texture": "#0"},
				"up": {"uv": [10.75, 11.75, 10.5, 11.5], "texture": "#0"},
				"down": {"uv": [11.75, 10.5, 11.5, 10.75], "texture": "#0"}
			}
		},
		{
			"from": [5.20164, 16.79413, 7.725],
			"to": [6.00164, 17.19413, 8.075],
			"rotation": {"angle": -2.5, "axis": "z", "origin": [12.00164, 17.19413, 7.4]},
			"faces": {
				"north": {"uv": [10.75, 11.5, 11, 11.75], "texture": "#0"},
				"east": {"uv": [11.5, 10.75, 11.75, 11], "texture": "#0"},
				"south": {"uv": [11, 11.5, 11.25, 11.75], "texture": "#0"},
				"west": {"uv": [11.5, 11, 11.75, 11.25], "texture": "#0"},
				"up": {"uv": [11.5, 11.75, 11.25, 11.5], "texture": "#0"},
				"down": {"uv": [11.75, 11.25, 11.5, 11.5], "texture": "#0"}
			}
		},
		{
			"from": [4.34627, 12.49205, 7.7],
			"to": [5.44627, 12.89205, 8.1],
			"rotation": {"angle": -40, "axis": "z", "origin": [11.44627, 12.89205, 7.4]},
			"faces": {
				"north": {"uv": [11.5, 11.5, 11.75, 11.75], "texture": "#0"},
				"east": {"uv": [0, 11.75, 0.25, 12], "texture": "#0"},
				"south": {"uv": [11.75, 0, 12, 0.25], "texture": "#0"},
				"west": {"uv": [0.25, 11.75, 0.5, 12], "texture": "#0"},
				"up": {"uv": [12, 0.5, 11.75, 0.25], "texture": "#0"},
				"down": {"uv": [0.75, 11.75, 0.5, 12], "texture": "#0"}
			}
		},
		{
			"from": [9.556, 16.77662, 7.7],
			"to": [9.956, 18.77662, 8.1],
			"rotation": {"angle": 25, "axis": "z", "origin": [9.956, 10.17662, 7.4]},
			"faces": {
				"north": {"uv": [0.25, 10.75, 0.5, 11.5], "texture": "#0"},
				"east": {"uv": [10.75, 0.25, 11, 1], "texture": "#0"},
				"south": {"uv": [0.5, 10.75, 0.75, 11.5], "texture": "#0"},
				"west": {"uv": [0.75, 10.75, 1, 11.5], "texture": "#0"},
				"up": {"uv": [12, 0.75, 11.75, 0.5], "texture": "#0"},
				"down": {"uv": [1, 11.75, 0.75, 12], "texture": "#0"}
			}
		}
	],
	"display": {
		"ground": {
			"translation": [0, 20.5, 0]
		},
		"gui": {
			"scale": [0.31, 0.31, 0.31]
		},
		"fixed": {
			"rotation": [-90, 0, 0],
			"translation": [0, 0, -66],
			"scale": [2.84, 2.84, 2.84]
		},
		"on_shelf": {
			"scale": [0.61, 0.61, 0.61]
		}
	}
}
