{
	"format_version": "1.21.6",
	"credit": "Made with Blockbench",
	"textures": {
		"0": "garysinspace:item/mic",
		"particle": "garysinspace:item/mic"
	},
	"elements": [
		{
			"from": [7, 0, 7.1],
			"to": [9, 6.9, 8.9],
			"rotation": {"angle": 0, "axis": "y", "origin": [7, 0, 7]},
			"faces": {
				"north": {"uv": [0, 0, 2, 7], "texture": "#0"},
				"east": {"uv": [2, 0, 4, 7], "texture": "#0"},
				"south": {"uv": [4, 0, 6, 7], "texture": "#0"},
				"west": {"uv": [6, 0, 8, 7], "texture": "#0"},
				"up": {"uv": [13, 4, 11, 2], "texture": "#0"},
				"down": {"uv": [13, 4, 11, 6], "texture": "#0"}
			}
		},
		{
			"from": [6.3, 6.9, 6.5],
			"to": [9.7, 7.9, 9.5],
			"rotation": {"angle": 0, "axis": "y", "origin": [7, 0, 7]},
			"faces": {
				"north": {"uv": [11, 6, 14, 7], "texture": "#0"},
				"east": {"uv": [9, 11, 12, 12], "texture": "#0"},
				"south": {"uv": [0, 12, 3, 13], "texture": "#0"},
				"west": {"uv": [3, 12, 6, 13], "texture": "#0"},
				"up": {"uv": [3, 10, 0, 7], "texture": "#0"},
				"down": {"uv": [6, 7, 3, 10], "texture": "#0"}
			}
		},
		{
			"from": [6.4, 7.9, 6.6],
			"to": [9.6, 9.6, 9.4],
			"rotation": {"angle": 0, "axis": "y", "origin": [7, 0, 7]},
			"faces": {
				"north": {"uv": [0, 10, 3, 12], "texture": "#0"},
				"east": {"uv": [3, 10, 6, 12], "texture": "#0"},
				"south": {"uv": [6, 10, 9, 12], "texture": "#0"},
				"west": {"uv": [11, 0, 14, 2], "texture": "#0"},
				"up": {"uv": [9, 10, 6, 7], "texture": "#0"},
				"down": {"uv": [11, 0, 8, 3], "texture": "#0"}
			}
		},
		{
			"from": [6.7, 9.5, 6.8],
			"to": [9.3, 10, 9.2],
			"rotation": {"angle": 0, "axis": "y", "origin": [7, 1, 7]},
			"faces": {
				"north": {"uv": [0, 10, 3, 12], "texture": "#0"},
				"east": {"uv": [3, 10, 6, 12], "texture": "#0"},
				"south": {"uv": [6, 10, 9, 12], "texture": "#0"},
				"west": {"uv": [11, 0, 14, 2], "texture": "#0"},
				"up": {"uv": [9, 10, 6, 7], "texture": "#0"},
				"down": {"uv": [11, 0, 8, 3], "texture": "#0"}
			}
		},
		{
			"from": [6.7, 6.1, 6.9],
			"to": [9.3, 6.9, 9.1],
			"rotation": {"angle": 0, "axis": "y", "origin": [7, -2, 7]},
			"faces": {
				"north": {"uv": [6, 12, 9, 13], "texture": "#0"},
				"east": {"uv": [12, 9, 14, 10], "texture": "#0"},
				"south": {"uv": [12, 7, 15, 8], "texture": "#0"},
				"west": {"uv": [12, 10, 14, 11], "texture": "#0"},
				"up": {"uv": [11, 5, 8, 3], "texture": "#0"},
				"down": {"uv": [11, 5, 8, 7], "texture": "#0"}
			}
		},
		{
			"from": [6.8, 5.1, 6.9],
			"to": [9.2, 5.4, 9.1],
			"rotation": {"angle": 0, "axis": "y", "origin": [7, -3, 7]},
			"faces": {
				"north": {"uv": [12, 8, 15, 9], "texture": "#0"},
				"east": {"uv": [12, 11, 14, 12], "texture": "#0"},
				"south": {"uv": [9, 12, 12, 13], "texture": "#0"},
				"west": {"uv": [12, 12, 14, 13], "texture": "#0"},
				"up": {"uv": [12, 9, 9, 7], "texture": "#0"},
				"down": {"uv": [12, 9, 9, 11], "texture": "#0"}
			}
		}
	],
	"display": {
		"thirdperson_righthand": {
			"translation": [-0.5, 4.25, 0],
			"scale": [1.16, 1.16, 1.16]
		},
		"thirdperson_lefthand": {
			"translation": [-0.25, 4.25, 0],
			"scale": [1.16, 1.16, 1.16]
		},
		"gui": {
			"translation": [0, 3.75, 0],
			"scale": [1.34, 1.34, 1.34]
		},
		"head": {
			"translation": [0, 1.25, -0.5]
		},
		"fixed": {
			"scale": [1.72, 1.72, 1.72]
		},
		"on_shelf": {
			"scale": [1.65, 1.65, 1.65]
		}
	}
}
