{
	"format_version": "1.21.11",
	"credit": "Made with Blockbench",
	"texture_size": [64, 64],
	"textures": {
		"0": "garysinspace:item/minerhat",
		"particle": "garysinspace:item/minerhat"
	},
	"elements": [
		{
			"from": [5, 6, 13],
			"to": [11, 7, 13.7],
			"rotation": {"angle": 0, "axis": "y", "origin": [7, 5, 7]},
			"faces": {
				"north": {"uv": [6.75, 4, 8.25, 4.25], "texture": "#0"},
				"east": {"uv": [8, 8.25, 8.25, 8.5], "texture": "#0"},
				"south": {"uv": [6.75, 4.25, 8.25, 4.5], "texture": "#0"},
				"west": {"uv": [8.25, 8, 8.5, 8.25], "texture": "#0"},
				"up": {"uv": [7, 7, 5.5, 6.75], "texture": "#0"},
				"down": {"uv": [2, 7, 0.5, 7.25], "texture": "#0"}
			}
		},
		{
			"from": [11, 6, 1.2],
			"to": [11.7, 6.8, 3.2],
			"rotation": {"angle": 0, "axis": "y", "origin": [13, 5, 7]},
			"faces": {
				"north": {"uv": [7.25, 8.25, 7.5, 8.5], "texture": "#0"},
				"east": {"uv": [8, 3.25, 8.5, 3.5], "texture": "#0"},
				"south": {"uv": [7.5, 8.25, 7.75, 8.5], "texture": "#0"},
				"west": {"uv": [3.75, 8, 4.25, 8.25], "texture": "#0"},
				"up": {"uv": [4.5, 8.5, 4.25, 8], "texture": "#0"},
				"down": {"uv": [4.75, 8, 4.5, 8.5], "texture": "#0"}
			}
		},
		{
			"from": [4.3, 6, 1.2],
			"to": [5, 6.8, 3.2],
			"rotation": {"angle": 0, "axis": "y", "origin": [3, 5, 7]},
			"faces": {
				"north": {"uv": [7.75, 8.25, 8, 8.5], "texture": "#0"},
				"east": {"uv": [8, 5, 8.5, 5.25], "texture": "#0"},
				"south": {"uv": [8.25, 7.75, 8.5, 8], "texture": "#0"},
				"west": {"uv": [8, 5.25, 8.5, 5.5], "texture": "#0"},
				"up": {"uv": [5.75, 8.5, 5.5, 8], "texture": "#0"},
				"down": {"uv": [6, 8, 5.75, 8.5], "texture": "#0"}
			}
		},
		{
			"from": [6, 6.8, 3],
			"to": [10, 9, 13],
			"rotation": {"angle": 0, "axis": "y", "origin": [7, 6, 7]},
			"faces": {
				"north": {"uv": [6.25, 1, 7.25, 1.5], "texture": "#0"},
				"east": {"uv": [4, 0, 6.5, 0.5], "texture": "#0"},
				"south": {"uv": [6.25, 1.5, 7.25, 2], "texture": "#0"},
				"west": {"uv": [4, 0.5, 6.5, 1], "texture": "#0"},
				"up": {"uv": [1, 5, 0, 2.5], "texture": "#0"},
				"down": {"uv": [2, 2.5, 1, 5], "texture": "#0"}
			}
		},
		{
			"from": [6.6, 7, 3.5],
			"to": [9.4, 10.2, 12.5],
			"rotation": {"angle": 0, "axis": "y", "origin": [7, 6, 7]},
			"faces": {
				"north": {"uv": [5.5, 5.5, 6.25, 6.25], "texture": "#0"},
				"east": {"uv": [3, 2, 5.25, 2.75], "texture": "#0"},
				"south": {"uv": [3, 5.75, 3.75, 6.5], "texture": "#0"},
				"west": {"uv": [3, 2.75, 5.25, 3.5], "texture": "#0"},
				"up": {"uv": [3.75, 5.75, 3, 3.5], "texture": "#0"},
				"down": {"uv": [4.5, 3.5, 3.75, 5.75], "texture": "#0"}
			}
		},
		{
			"from": [7, 7, 2],
			"to": [9, 9, 3],
			"light_emission": 7,
			"rotation": {"angle": 0, "axis": "y", "origin": [7, 6, -3]},
			"faces": {
				"north": {"uv": [1.5, 7.25, 2, 7.75], "texture": "#0"},
				"east": {"uv": [5.5, 7.5, 5.75, 8], "texture": "#0"},
				"south": {"uv": [7.25, 1.5, 7.75, 2], "texture": "#0"},
				"west": {"uv": [5.75, 7.5, 6, 8], "texture": "#0"},
				"up": {"uv": [7.25, 7.75, 6.75, 7.5], "texture": "#0"},
				"down": {"uv": [8, 7, 7.5, 7.25], "texture": "#0"}
			}
		},
		{
			"name": "glass",
			"from": [7, 7, 1.6],
			"to": [9, 9, 1.7],
			"rotation": {"angle": 0, "axis": "y", "origin": [7, 6, -3]},
			"faces": {
				"north": {"uv": [7.25, 3, 7.75, 3.5], "texture": "#0"},
				"east": {"uv": [8, 1.25, 8.25, 1.75], "texture": "#0"},
				"south": {"uv": [5, 7.25, 5.5, 7.75], "texture": "#0"},
				"west": {"uv": [1.5, 8, 1.75, 8.5], "texture": "#0"},
				"up": {"uv": [2.25, 8.25, 1.75, 8], "texture": "#0"},
				"down": {"uv": [8.5, 3, 8, 3.25], "texture": "#0"}
			}
		},
		{
			"from": [9, 7.3, 1.4],
			"to": [9.3, 8.7, 3],
			"rotation": {"angle": 0, "axis": "y", "origin": [9, 6, -3]},
			"faces": {
				"north": {"uv": [8.25, 4.25, 8.5, 4.5], "texture": "#0"},
				"east": {"uv": [0.75, 7.75, 1.25, 8], "texture": "#0"},
				"south": {"uv": [4.75, 8.25, 5, 8.5], "texture": "#0"},
				"west": {"uv": [7.75, 1, 8.25, 1.25], "texture": "#0"},
				"up": {"uv": [1.5, 8.25, 1.25, 7.75], "texture": "#0"},
				"down": {"uv": [8, 1.25, 7.75, 1.75], "texture": "#0"}
			}
		},
		{
			"from": [6.7, 7.3, 1.4],
			"to": [7, 8.7, 3],
			"rotation": {"angle": 0, "axis": "y", "origin": [7, 6, -3]},
			"faces": {
				"north": {"uv": [5, 8.25, 5.25, 8.5], "texture": "#0"},
				"east": {"uv": [1.5, 7.75, 2, 8], "texture": "#0"},
				"south": {"uv": [5.25, 8.25, 5.5, 8.5], "texture": "#0"},
				"west": {"uv": [7.75, 1.75, 8.25, 2], "texture": "#0"},
				"up": {"uv": [3, 8.25, 2.75, 7.75], "texture": "#0"},
				"down": {"uv": [8, 3, 7.75, 3.5], "texture": "#0"}
			}
		},
		{
			"from": [7.3, 9, 1.4],
			"to": [8.7, 9.3, 4],
			"rotation": {"angle": 0, "axis": "y", "origin": [7, 8, -3]},
			"faces": {
				"north": {"uv": [3.5, 8.25, 3.75, 8.5], "texture": "#0"},
				"east": {"uv": [7, 6.75, 7.75, 7], "texture": "#0"},
				"south": {"uv": [3.75, 8.25, 4, 8.5], "texture": "#0"},
				"west": {"uv": [5.5, 7.25, 6.25, 7.5], "texture": "#0"},
				"up": {"uv": [6.5, 8, 6.25, 7.25], "texture": "#0"},
				"down": {"uv": [6.75, 7.25, 6.5, 8], "texture": "#0"}
			}
		},
		{
			"from": [8.7, 8.7, 1.4],
			"to": [9.025, 9.025, 3],
			"rotation": {"angle": 0, "axis": "y", "origin": [7.3, 7.725, -3]},
			"faces": {
				"north": {"uv": [8.25, 5.5, 8.5, 5.75], "texture": "#0"},
				"east": {"uv": [3.75, 7.75, 4.25, 8], "texture": "#0"},
				"south": {"uv": [8.25, 5.75, 8.5, 6], "texture": "#0"},
				"west": {"uv": [4.25, 7.75, 4.75, 8], "texture": "#0"},
				"up": {"uv": [5, 8.25, 4.75, 7.75], "texture": "#0"},
				"down": {"uv": [5.25, 7.75, 5, 8.25], "texture": "#0"}
			}
		},
		{
			"from": [6.975, 8.7, 1.4],
			"to": [7.3, 9.025, 3],
			"rotation": {"angle": 0, "axis": "y", "origin": [8.7, 7.7, -3]},
			"faces": {
				"north": {"uv": [6, 8.25, 6.25, 8.5], "texture": "#0"},
				"east": {"uv": [7.75, 5.5, 8.25, 5.75], "texture": "#0"},
				"south": {"uv": [8.25, 6, 8.5, 6.25], "texture": "#0"},
				"west": {"uv": [7.75, 5.75, 8.25, 6], "texture": "#0"},
				"up": {"uv": [5.5, 8.25, 5.25, 7.75], "texture": "#0"},
				"down": {"uv": [7, 7.75, 6.75, 8.25], "texture": "#0"}
			}
		},
		{
			"from": [6.975, 6.975, 1.4],
			"to": [7.3, 7.3, 3],
			"rotation": {"angle": 0, "axis": "y", "origin": [8.7, 8.3, -3]},
			"faces": {
				"north": {"uv": [6.25, 8.25, 6.5, 8.5], "texture": "#0"},
				"east": {"uv": [7.75, 6.75, 8.25, 7], "texture": "#0"},
				"south": {"uv": [6.5, 8.25, 6.75, 8.5], "texture": "#0"},
				"west": {"uv": [7, 7.75, 7.5, 8], "texture": "#0"},
				"up": {"uv": [8, 7.75, 7.75, 7.25], "texture": "#0"},
				"down": {"uv": [7.75, 7.75, 7.5, 8.25], "texture": "#0"}
			}
		},
		{
			"from": [8.7, 6.975, 1.4],
			"to": [9.025, 7.3, 3],
			"rotation": {"angle": 0, "axis": "y", "origin": [7.3, 8.3, -3]},
			"faces": {
				"north": {"uv": [8.25, 6.5, 8.5, 6.75], "texture": "#0"},
				"east": {"uv": [7.75, 7.75, 8.25, 8], "texture": "#0"},
				"south": {"uv": [6.75, 8.25, 7, 8.5], "texture": "#0"},
				"west": {"uv": [0, 8, 0.5, 8.25], "texture": "#0"},
				"up": {"uv": [1, 8.5, 0.75, 8], "texture": "#0"},
				"down": {"uv": [1.25, 8, 1, 8.5], "texture": "#0"}
			}
		},
		{
			"from": [7.3, 6.7, 1.4],
			"to": [8.7, 7, 3],
			"rotation": {"angle": 0, "axis": "y", "origin": [7, 5.7, -3]},
			"faces": {
				"north": {"uv": [4, 8.25, 4.25, 8.5], "texture": "#0"},
				"east": {"uv": [7.25, 7.5, 7.75, 7.75], "texture": "#0"},
				"south": {"uv": [8.25, 4, 8.5, 4.25], "texture": "#0"},
				"west": {"uv": [0, 7.75, 0.5, 8], "texture": "#0"},
				"up": {"uv": [6.25, 8, 6, 7.5], "texture": "#0"},
				"down": {"uv": [0.75, 7.75, 0.5, 8.25], "texture": "#0"}
			}
		},
		{
			"from": [6, 9, 4],
			"to": [10, 10.5, 12],
			"rotation": {"angle": 0, "axis": "y", "origin": [7, 8, 7]},
			"faces": {
				"north": {"uv": [5.5, 6.25, 6.5, 6.75], "texture": "#0"},
				"east": {"uv": [5, 4.5, 7, 5], "texture": "#0"},
				"south": {"uv": [6.25, 5.5, 7.25, 6], "texture": "#0"},
				"west": {"uv": [5, 5, 7, 5.5], "texture": "#0"},
				"up": {"uv": [3, 4.5, 2, 2.5], "texture": "#0"},
				"down": {"uv": [4, 0, 3, 2], "texture": "#0"}
			}
		},
		{
			"from": [10, 6.75, 3.4],
			"to": [12, 8.8, 12.6],
			"rotation": {"angle": 0, "axis": "y", "origin": [8, 6, 7]},
			"faces": {
				"north": {"uv": [0, 7.25, 0.5, 7.75], "texture": "#0"},
				"east": {"uv": [4, 1, 6.25, 1.5], "texture": "#0"},
				"south": {"uv": [0.5, 7.25, 1, 7.75], "texture": "#0"},
				"west": {"uv": [4, 1.5, 6.25, 2], "texture": "#0"},
				"up": {"uv": [2.5, 6.75, 2, 4.5], "texture": "#0"},
				"down": {"uv": [3, 4.5, 2.5, 6.75], "texture": "#0"}
			}
		},
		{
			"from": [4, 6.725, 3.4],
			"to": [6, 8.8, 12.6],
			"rotation": {"angle": 0, "axis": "y", "origin": [8, 6, 7]},
			"faces": {
				"north": {"uv": [1, 7.25, 1.5, 7.75], "texture": "#0"},
				"east": {"uv": [4.5, 3.5, 6.75, 4], "texture": "#0"},
				"south": {"uv": [7.25, 1, 7.75, 1.5], "texture": "#0"},
				"west": {"uv": [4.5, 4, 6.75, 4.5], "texture": "#0"},
				"up": {"uv": [5, 6.75, 4.5, 4.5], "texture": "#0"},
				"down": {"uv": [0.5, 5, 0, 7.25], "texture": "#0"}
			}
		},
		{
			"from": [10, 8.8, 4.4],
			"to": [11.6, 9.9, 11.6],
			"rotation": {"angle": 0, "axis": "y", "origin": [8, 7, 7]},
			"faces": {
				"north": {"uv": [7.25, 5.5, 7.75, 5.75], "texture": "#0"},
				"east": {"uv": [6.5, 6.5, 8.25, 6.75], "texture": "#0"},
				"south": {"uv": [7.25, 5.75, 7.75, 6], "texture": "#0"},
				"west": {"uv": [0.5, 6.75, 2.25, 7], "texture": "#0"},
				"up": {"uv": [1, 6.75, 0.5, 5], "texture": "#0"},
				"down": {"uv": [1.5, 5, 1, 6.75], "texture": "#0"}
			}
		},
		{
			"from": [4.4, 8.8, 4.4],
			"to": [6, 9.9, 11.6],
			"rotation": {"angle": 0, "axis": "y", "origin": [8, 7, 7]},
			"faces": {
				"north": {"uv": [6.75, 7.25, 7.25, 7.5], "texture": "#0"},
				"east": {"uv": [6.75, 2, 8.5, 2.25], "texture": "#0"},
				"south": {"uv": [7.25, 7.25, 7.75, 7.5], "texture": "#0"},
				"west": {"uv": [6.75, 2.25, 8.5, 2.5], "texture": "#0"},
				"up": {"uv": [2, 6.75, 1.5, 5], "texture": "#0"},
				"down": {"uv": [5.5, 5.5, 5, 7.25], "texture": "#0"}
			}
		},
		{
			"from": [12, 6, 4],
			"to": [13, 7, 12],
			"rotation": {"angle": 0, "axis": "y", "origin": [11, 5, 7]},
			"faces": {
				"north": {"uv": [6.5, 8, 6.75, 8.25], "texture": "#0"},
				"east": {"uv": [5.25, 3, 7.25, 3.25], "texture": "#0"},
				"south": {"uv": [0.5, 8.25, 0.75, 8.5], "texture": "#0"},
				"west": {"uv": [5.25, 3.25, 7.25, 3.5], "texture": "#0"},
				"up": {"uv": [4, 7.75, 3.75, 5.75], "texture": "#0"},
				"down": {"uv": [4.25, 5.75, 4, 7.75], "texture": "#0"}
			}
		},
		{
			"from": [12, 7, 4.5],
			"to": [12.6, 8.4, 11.5],
			"rotation": {"angle": 0, "axis": "y", "origin": [11, 6, 7]},
			"faces": {
				"north": {"uv": [2.75, 8.25, 3, 8.5], "texture": "#0"},
				"east": {"uv": [6.75, 2.5, 8.5, 2.75], "texture": "#0"},
				"south": {"uv": [3.25, 8.25, 3.5, 8.5], "texture": "#0"},
				"west": {"uv": [6.75, 2.75, 8.5, 3], "texture": "#0"},
				"up": {"uv": [3.5, 8.25, 3.25, 6.5], "texture": "#0"},
				"down": {"uv": [3.75, 6.5, 3.5, 8.25], "texture": "#0"}
			}
		},
		{
			"from": [13, 6, 6],
			"to": [13.7, 6.8, 10],
			"rotation": {"angle": 0, "axis": "y", "origin": [12, 5, 7]},
			"faces": {
				"north": {"uv": [1.25, 8.25, 1.5, 8.5], "texture": "#0"},
				"east": {"uv": [7, 5, 8, 5.25], "texture": "#0"},
				"south": {"uv": [1.75, 8.25, 2, 8.5], "texture": "#0"},
				"west": {"uv": [7, 5.25, 8, 5.5], "texture": "#0"},
				"up": {"uv": [3, 7.75, 2.75, 6.75], "texture": "#0"},
				"down": {"uv": [4.75, 6.75, 4.5, 7.75], "texture": "#0"}
			}
		},
		{
			"from": [3, 6, 4],
			"to": [4, 7, 12],
			"rotation": {"angle": 0, "axis": "y", "origin": [5, 5, 7]},
			"faces": {
				"north": {"uv": [1.25, 8.5, 1.5, 8.75], "texture": "#0"},
				"east": {"uv": [6.5, 0.75, 8.5, 1], "texture": "#0"},
				"south": {"uv": [1.5, 8.5, 1.75, 8.75], "texture": "#0"},
				"west": {"uv": [6.5, 6.25, 8.5, 6.5], "texture": "#0"},
				"up": {"uv": [4.5, 7.75, 4.25, 5.75], "texture": "#0"},
				"down": {"uv": [3.25, 6.5, 3, 8.5], "texture": "#0"}
			}
		},
		{
			"from": [2.3, 6, 6],
			"to": [3, 6.8, 10],
			"rotation": {"angle": 0, "axis": "y", "origin": [4, 5, 7]},
			"faces": {
				"north": {"uv": [8.25, 1.75, 8.5, 2], "texture": "#0"},
				"east": {"uv": [5.5, 7, 6.5, 7.25], "texture": "#0"},
				"south": {"uv": [2, 8.25, 2.25, 8.5], "texture": "#0"},
				"west": {"uv": [6.5, 7, 7.5, 7.25], "texture": "#0"},
				"up": {"uv": [5, 7.75, 4.75, 6.75], "texture": "#0"},
				"down": {"uv": [2.25, 7, 2, 8], "texture": "#0"}
			}
		},
		{
			"from": [4, 6, 4],
			"to": [4, 7, 12],
			"rotation": {"angle": 0, "axis": "y", "origin": [5, 5, 7]},
			"faces": {
				"north": {"uv": [0, 0, 0, 0.25], "texture": "#0"},
				"east": {"uv": [6.25, 6, 8.25, 6.25], "texture": "#0"},
				"south": {"uv": [0, 0, 0, 0.25], "texture": "#0"},
				"west": {"uv": [6.5, 0, 8.5, 0.25], "texture": "#0"},
				"up": {"uv": [0, 2, 0, 0], "texture": "#0"},
				"down": {"uv": [0, 0, 0, 2], "texture": "#0"}
			}
		},
		{
			"from": [3.7, 6, 12],
			"to": [6, 7, 13],
			"rotation": {"angle": 0, "axis": "y", "origin": [8, 5, 7]},
			"faces": {
				"north": {"uv": [6, 8, 6.5, 8.25], "texture": "#0"},
				"east": {"uv": [8.25, 8.25, 8.5, 8.5], "texture": "#0"},
				"south": {"uv": [7, 8, 7.5, 8.25], "texture": "#0"},
				"west": {"uv": [0, 8.5, 0.25, 8.75], "texture": "#0"},
				"up": {"uv": [8.5, 7.25, 8, 7], "texture": "#0"},
				"down": {"uv": [8.5, 7.25, 8, 7.5], "texture": "#0"}
			}
		},
		{
			"from": [5, 6, 0.6],
			"to": [11, 6.8, 2.6],
			"rotation": {"angle": 0, "axis": "y", "origin": [7, 5, 7]},
			"faces": {
				"north": {"uv": [7, 4.5, 8.5, 4.75], "texture": "#0"},
				"east": {"uv": [8.25, 1.25, 8.75, 1.5], "texture": "#0"},
				"south": {"uv": [7, 4.75, 8.5, 5], "texture": "#0"},
				"west": {"uv": [8.25, 1.5, 8.75, 1.75], "texture": "#0"},
				"up": {"uv": [6.75, 2.5, 5.25, 2], "texture": "#0"},
				"down": {"uv": [6.75, 2.5, 5.25, 3], "texture": "#0"}
			}
		},
		{
			"from": [5, 6.7, 2.6],
			"to": [11, 6.8, 12.6],
			"rotation": {"angle": 0, "axis": "y", "origin": [7, 5, 7]},
			"faces": {
				"north": {"uv": [0, 0, 1.5, 0], "texture": "#0"},
				"east": {"uv": [0, 0, 2.5, 0], "texture": "#0"},
				"south": {"uv": [0, 0, 1.5, 0], "texture": "#0"},
				"west": {"uv": [0, 0, 2.5, 0], "texture": "#0"},
				"up": {"uv": [1.5, 2.5, 0, 0], "texture": "#0"},
				"down": {"uv": [3, 0, 1.5, 2.5], "texture": "#0"}
			}
		},
		{
			"from": [3.7, 6, 3],
			"to": [5, 7, 4],
			"rotation": {"angle": 0, "axis": "y", "origin": [8, 5, 7]},
			"faces": {
				"north": {"uv": [1.75, 8.5, 2, 8.75], "texture": "#0"},
				"east": {"uv": [8.5, 1.75, 8.75, 2], "texture": "#0"},
				"south": {"uv": [2, 8.5, 2.25, 8.75], "texture": "#0"},
				"west": {"uv": [8.5, 2, 8.75, 2.25], "texture": "#0"},
				"up": {"uv": [2.5, 8.75, 2.25, 8.5], "texture": "#0"},
				"down": {"uv": [8.75, 2.25, 8.5, 2.5], "texture": "#0"}
			}
		},
		{
			"from": [4.7, 6.8, 3],
			"to": [6, 7, 4],
			"rotation": {"angle": 0, "axis": "y", "origin": [8, 5, 7]},
			"faces": {
				"north": {"uv": [3.25, 8.5, 3.5, 8.75], "texture": "#0"},
				"east": {"uv": [8.5, 3.25, 8.75, 3.5], "texture": "#0"},
				"south": {"uv": [3.5, 8.5, 3.75, 8.75], "texture": "#0"},
				"west": {"uv": [8.5, 3.5, 8.75, 3.75], "texture": "#0"},
				"up": {"uv": [4, 8.75, 3.75, 8.5], "texture": "#0"},
				"down": {"uv": [8.75, 3.75, 8.5, 4], "texture": "#0"}
			}
		},
		{
			"from": [3.4, 7, 4.5],
			"to": [4, 8.4, 11.5],
			"rotation": {"angle": 0, "axis": "y", "origin": [5, 6, 7]},
			"faces": {
				"north": {"uv": [8.25, 6.75, 8.5, 7], "texture": "#0"},
				"east": {"uv": [6.75, 3.5, 8.5, 3.75], "texture": "#0"},
				"south": {"uv": [7, 8.25, 7.25, 8.5], "texture": "#0"},
				"west": {"uv": [6.75, 3.75, 8.5, 4], "texture": "#0"},
				"up": {"uv": [2.5, 8.5, 2.25, 6.75], "texture": "#0"},
				"down": {"uv": [2.75, 6.75, 2.5, 8.5], "texture": "#0"}
			}
		},
		{
			"from": [10, 6, 12],
			"to": [12.3, 7, 13],
			"rotation": {"angle": 0, "axis": "y", "origin": [8, 5, 7]},
			"faces": {
				"north": {"uv": [8, 7.5, 8.5, 7.75], "texture": "#0"},
				"east": {"uv": [8.5, 0, 8.75, 0.25], "texture": "#0"},
				"south": {"uv": [7.75, 8, 8.25, 8.25], "texture": "#0"},
				"west": {"uv": [0.25, 8.5, 0.5, 8.75], "texture": "#0"},
				"up": {"uv": [0.5, 8.5, 0, 8.25], "texture": "#0"},
				"down": {"uv": [8.75, 1, 8.25, 1.25], "texture": "#0"}
			}
		},
		{
			"from": [12, 6, 4],
			"to": [12, 7, 12],
			"rotation": {"angle": 0, "axis": "y", "origin": [11, 5, 7]},
			"faces": {
				"north": {"uv": [0, 0, 0, 0.25], "texture": "#0"},
				"east": {"uv": [6.5, 0.25, 8.5, 0.5], "texture": "#0"},
				"south": {"uv": [0, 0, 0, 0.25], "texture": "#0"},
				"west": {"uv": [6.5, 0.5, 8.5, 0.75], "texture": "#0"},
				"up": {"uv": [0, 2, 0, 0], "texture": "#0"},
				"down": {"uv": [0, 0, 0, 2], "texture": "#0"}
			}
		},
		{
			"from": [10, 6.8, 3],
			"to": [11, 7, 4],
			"rotation": {"angle": 0, "axis": "y", "origin": [8, 5, 7]},
			"faces": {
				"north": {"uv": [2.5, 8.5, 2.75, 8.75], "texture": "#0"},
				"east": {"uv": [8.5, 2.5, 8.75, 2.75], "texture": "#0"},
				"south": {"uv": [2.75, 8.5, 3, 8.75], "texture": "#0"},
				"west": {"uv": [8.5, 2.75, 8.75, 3], "texture": "#0"},
				"up": {"uv": [3.25, 8.75, 3, 8.5], "texture": "#0"},
				"down": {"uv": [8.75, 3, 8.5, 3.25], "texture": "#0"}
			}
		},
		{
			"from": [11, 6, 3],
			"to": [12.3, 7, 4],
			"rotation": {"angle": 0, "axis": "y", "origin": [8, 5, 7]},
			"faces": {
				"north": {"uv": [8.5, 0.25, 8.75, 0.5], "texture": "#0"},
				"east": {"uv": [0.5, 8.5, 0.75, 8.75], "texture": "#0"},
				"south": {"uv": [8.5, 0.5, 8.75, 0.75], "texture": "#0"},
				"west": {"uv": [0.75, 8.5, 1, 8.75], "texture": "#0"},
				"up": {"uv": [8.75, 1, 8.5, 0.75], "texture": "#0"},
				"down": {"uv": [1.25, 8.5, 1, 8.75], "texture": "#0"}
			}
		}
	],
	"display": {
		"thirdperson_righthand": {
			"rotation": [67.25, 0, 0],
			"translation": [0, -2.25, -1.75]
		},
		"thirdperson_lefthand": {
			"rotation": [67.25, 0, 0],
			"translation": [0, -2.25, -1.75]
		},
		"head": {
			"translation": [0, 6.25, 0],
			"scale": [1.9, 1.9, 1.9]
		}
	}
}
