{
	"format_version": "1.21.6",
	"credit": "Made with Blockbench",
	"texture_size": [32, 32],
	"textures": {
		"0": "garysinspace:item/pan",
		"particle": "garysinspace:item/pan"
	},
	"elements": [
		{
			"from": [4, -0.2, 4],
			"to": [12, 0.7, 12],
			"rotation": {"angle": 0, "axis": "y", "origin": [7, 0, 7]},
			"faces": {
				"north": {"uv": [0, 8, 4, 8.5], "texture": "#0"},
				"east": {"uv": [0, 8.5, 4, 9], "texture": "#0"},
				"south": {"uv": [0, 9, 4, 9.5], "texture": "#0"},
				"west": {"uv": [9, 2, 13, 2.5], "texture": "#0"},
				"up": {"uv": [4, 4, 0, 0], "texture": "#0"},
				"down": {"uv": [4, 4, 0, 8], "texture": "#0"}
			}
		},
		{
			"from": [5, 0, 3],
			"to": [11, 0.675, 13],
			"rotation": {"angle": 0, "axis": "y", "origin": [7, 0, 7]},
			"faces": {
				"north": {"uv": [9, 3.5, 12, 4], "texture": "#0"},
				"east": {"uv": [9, 1, 14, 1.5], "texture": "#0"},
				"south": {"uv": [9, 4, 12, 4.5], "texture": "#0"},
				"west": {"uv": [9, 1.5, 14, 2], "texture": "#0"},
				"up": {"uv": [7, 11, 4, 6], "texture": "#0"},
				"down": {"uv": [10, 6, 7, 11], "texture": "#0"}
			}
		},
		{
			"from": [3, 0, 5],
			"to": [13, 0.675, 11],
			"rotation": {"angle": 0, "axis": "y", "origin": [7, 0, 7]},
			"faces": {
				"north": {"uv": [9, 0, 14, 0.5], "texture": "#0"},
				"east": {"uv": [9, 2.5, 12, 3], "texture": "#0"},
				"south": {"uv": [9, 0.5, 14, 1], "texture": "#0"},
				"west": {"uv": [9, 3, 12, 3.5], "texture": "#0"},
				"up": {"uv": [9, 3, 4, 0], "texture": "#0"},
				"down": {"uv": [9, 3, 4, 6], "texture": "#0"}
			}
		},
		{
			"from": [3, 0.675, 5],
			"to": [4, 1.375, 11],
			"rotation": {"angle": 0, "axis": "y", "origin": [7, 0, 7]},
			"faces": {
				"north": {"uv": [4, 11.5, 4.5, 12], "texture": "#0"},
				"east": {"uv": [9, 4.5, 12, 5], "texture": "#0"},
				"south": {"uv": [4.5, 11.5, 5, 12], "texture": "#0"},
				"west": {"uv": [9, 5, 12, 5.5], "texture": "#0"},
				"up": {"uv": [0.5, 12.5, 0, 9.5], "texture": "#0"},
				"down": {"uv": [1, 9.5, 0.5, 12.5], "texture": "#0"}
			}
		},
		{
			"from": [5, 0.675, 3],
			"to": [11, 1.375, 4],
			"rotation": {"angle": 0, "axis": "y", "origin": [7, 0, 0]},
			"faces": {
				"north": {"uv": [10, 6, 13, 6.5], "texture": "#0"},
				"east": {"uv": [12, 5.5, 12.5, 6], "texture": "#0"},
				"south": {"uv": [10, 6.5, 13, 7], "texture": "#0"},
				"west": {"uv": [6, 12, 6.5, 12.5], "texture": "#0"},
				"up": {"uv": [13, 7.5, 10, 7], "texture": "#0"},
				"down": {"uv": [13, 7.5, 10, 8], "texture": "#0"}
			}
		},
		{
			"from": [5, 0.675, 12],
			"to": [11, 1.375, 13],
			"rotation": {"angle": 0, "axis": "y", "origin": [7, 0, 9]},
			"faces": {
				"north": {"uv": [10, 8, 13, 8.5], "texture": "#0"},
				"east": {"uv": [6.5, 12, 7, 12.5], "texture": "#0"},
				"south": {"uv": [10, 8.5, 13, 9], "texture": "#0"},
				"west": {"uv": [7, 12, 7.5, 12.5], "texture": "#0"},
				"up": {"uv": [13, 9.5, 10, 9], "texture": "#0"},
				"down": {"uv": [13, 9.5, 10, 10], "texture": "#0"}
			}
		},
		{
			"from": [7.1, 0.275, 13],
			"to": [8.9, 0.975, 14],
			"rotation": {"angle": 0, "axis": "y", "origin": [7, -0.4, 10]},
			"faces": {
				"north": {"uv": [3, 10, 4, 10.5], "texture": "#0"},
				"east": {"uv": [7.5, 12, 8, 12.5], "texture": "#0"},
				"south": {"uv": [3, 10.5, 4, 11], "texture": "#0"},
				"west": {"uv": [8, 12, 8.5, 12.5], "texture": "#0"},
				"up": {"uv": [4, 11.5, 3, 11], "texture": "#0"},
				"down": {"uv": [5, 11, 4, 11.5], "texture": "#0"}
			}
		},
		{
			"from": [7.5, 0.375, 13],
			"to": [8.5, 0.875, 17.6],
			"rotation": {"angle": 0, "axis": "y", "origin": [7, -0.4, 10]},
			"faces": {
				"north": {"uv": [8.5, 12, 9, 12.5], "texture": "#0"},
				"east": {"uv": [10, 10, 12.5, 10.5], "texture": "#0"},
				"south": {"uv": [9, 12, 9.5, 12.5], "texture": "#0"},
				"west": {"uv": [10, 10.5, 12.5, 11], "texture": "#0"},
				"up": {"uv": [2.5, 12.5, 2, 10], "texture": "#0"},
				"down": {"uv": [3, 10, 2.5, 12.5], "texture": "#0"}
			}
		},
		{
			"from": [7.2, 0.175, 17.6],
			"to": [8.8, 1.075, 18.6],
			"rotation": {"angle": 0, "axis": "y", "origin": [7, -0.4, 11]},
			"faces": {
				"north": {"uv": [5, 11, 6, 11.5], "texture": "#0"},
				"east": {"uv": [9.5, 12, 10, 12.5], "texture": "#0"},
				"south": {"uv": [6, 11, 7, 11.5], "texture": "#0"},
				"west": {"uv": [10, 12, 10.5, 12.5], "texture": "#0"},
				"up": {"uv": [8, 11.5, 7, 11], "texture": "#0"},
				"down": {"uv": [9, 11, 8, 11.5], "texture": "#0"}
			}
		},
		{
			"from": [8.4, 0.175, 18.6],
			"to": [8.8, 1.075, 19.2],
			"rotation": {"angle": 0, "axis": "y", "origin": [7, -0.4, 11]},
			"faces": {
				"north": {"uv": [12, 11, 12.5, 11.5], "texture": "#0"},
				"east": {"uv": [11.5, 12, 12, 12.5], "texture": "#0"},
				"south": {"uv": [12, 11.5, 12.5, 12], "texture": "#0"},
				"west": {"uv": [12, 12, 12.5, 12.5], "texture": "#0"},
				"up": {"uv": [0.5, 13, 0, 12.5], "texture": "#0"},
				"down": {"uv": [1, 12.5, 0.5, 13], "texture": "#0"}
			}
		},
		{
			"from": [7.2, 0.175, 18.6],
			"to": [7.6, 1.075, 19.2],
			"rotation": {"angle": 0, "axis": "y", "origin": [5.8, -0.4, 11]},
			"faces": {
				"north": {"uv": [2, 12.5, 2.5, 13], "texture": "#0"},
				"east": {"uv": [2.5, 12.5, 3, 13], "texture": "#0"},
				"south": {"uv": [12.5, 2.5, 13, 3], "texture": "#0"},
				"west": {"uv": [3, 12.5, 3.5, 13], "texture": "#0"},
				"up": {"uv": [13, 3.5, 12.5, 3], "texture": "#0"},
				"down": {"uv": [4, 12.5, 3.5, 13], "texture": "#0"}
			}
		},
		{
			"from": [7.2, 0.175, 19.2],
			"to": [8.8, 1.075, 20],
			"rotation": {"angle": 0, "axis": "y", "origin": [7, -0.4, 11]},
			"faces": {
				"north": {"uv": [9, 11, 10, 11.5], "texture": "#0"},
				"east": {"uv": [10.5, 12, 11, 12.5], "texture": "#0"},
				"south": {"uv": [10, 11, 11, 11.5], "texture": "#0"},
				"west": {"uv": [11, 12, 11.5, 12.5], "texture": "#0"},
				"up": {"uv": [12, 11.5, 11, 11], "texture": "#0"},
				"down": {"uv": [4, 11.5, 3, 12], "texture": "#0"}
			}
		},
		{
			"from": [4, 0.7, 11],
			"to": [5, 1.375, 12],
			"rotation": {"angle": 0, "axis": "y", "origin": [8, 0, 8]},
			"faces": {
				"north": {"uv": [8, 11.5, 8.5, 12], "texture": "#0"},
				"east": {"uv": [8.5, 11.5, 9, 12], "texture": "#0"},
				"south": {"uv": [9, 11.5, 9.5, 12], "texture": "#0"},
				"west": {"uv": [9.5, 11.5, 10, 12], "texture": "#0"},
				"up": {"uv": [10.5, 12, 10, 11.5], "texture": "#0"},
				"down": {"uv": [11, 11.5, 10.5, 12], "texture": "#0"}
			}
		},
		{
			"from": [4, 0.7, 4],
			"to": [5, 1.375, 5],
			"rotation": {"angle": 0, "axis": "y", "origin": [8, 0, 1]},
			"faces": {
				"north": {"uv": [12, 2.5, 12.5, 3], "texture": "#0"},
				"east": {"uv": [3, 12, 3.5, 12.5], "texture": "#0"},
				"south": {"uv": [12, 3, 12.5, 3.5], "texture": "#0"},
				"west": {"uv": [3.5, 12, 4, 12.5], "texture": "#0"},
				"up": {"uv": [12.5, 4, 12, 3.5], "texture": "#0"},
				"down": {"uv": [4.5, 12, 4, 12.5], "texture": "#0"}
			}
		},
		{
			"from": [11, 0.7, 4],
			"to": [12, 1.375, 5],
			"rotation": {"angle": 0, "axis": "y", "origin": [8, 0, 1]},
			"faces": {
				"north": {"uv": [5, 11.5, 5.5, 12], "texture": "#0"},
				"east": {"uv": [5.5, 11.5, 6, 12], "texture": "#0"},
				"south": {"uv": [6, 11.5, 6.5, 12], "texture": "#0"},
				"west": {"uv": [6.5, 11.5, 7, 12], "texture": "#0"},
				"up": {"uv": [7.5, 12, 7, 11.5], "texture": "#0"},
				"down": {"uv": [8, 11.5, 7.5, 12], "texture": "#0"}
			}
		},
		{
			"from": [12, 0.675, 5],
			"to": [13, 1.375, 11],
			"rotation": {"angle": 0, "axis": "y", "origin": [9, 0, 7]},
			"faces": {
				"north": {"uv": [11, 11.5, 11.5, 12], "texture": "#0"},
				"east": {"uv": [9, 5.5, 12, 6], "texture": "#0"},
				"south": {"uv": [11.5, 11.5, 12, 12], "texture": "#0"},
				"west": {"uv": [1, 9.5, 4, 10], "texture": "#0"},
				"up": {"uv": [1.5, 13, 1, 10], "texture": "#0"},
				"down": {"uv": [2, 10, 1.5, 13], "texture": "#0"}
			}
		},
		{
			"from": [11, 0.7, 11],
			"to": [12, 1.375, 12],
			"rotation": {"angle": 0, "axis": "y", "origin": [8, 0, 8]},
			"faces": {
				"north": {"uv": [12, 4, 12.5, 4.5], "texture": "#0"},
				"east": {"uv": [4.5, 12, 5, 12.5], "texture": "#0"},
				"south": {"uv": [12, 4.5, 12.5, 5], "texture": "#0"},
				"west": {"uv": [5, 12, 5.5, 12.5], "texture": "#0"},
				"up": {"uv": [12.5, 5.5, 12, 5], "texture": "#0"},
				"down": {"uv": [6, 12, 5.5, 12.5], "texture": "#0"}
			}
		}
	],
	"display": {
		"thirdperson_righthand": {
			"rotation": [70.5, 0, 0],
			"translation": [0, 10, 4.25]
		},
		"thirdperson_lefthand": {
			"rotation": [70.5, 0, 0],
			"translation": [0, 10, 4.25]
		},
		"firstperson_righthand": {
			"translation": [0, 8, -5]
		},
		"firstperson_lefthand": {
			"translation": [0, 8, -5]
		},
		"ground": {
			"translation": [0, 4.75, 0]
		},
		"gui": {
			"rotation": [90.5, 0, 0],
			"translation": [0, 3, 0],
			"scale": [0.83, 0.83, 0.83]
		},
		"head": {
			"rotation": [-171.81, 49.95, -6.3],
			"translation": [0.25, -4.5, -0.5],
			"scale": [1.58, 1.58, 1.58]
		},
		"fixed": {
			"rotation": [-90, 0, 0],
			"translation": [0, 0, -16.25],
			"scale": [2.16, 2.16, 2.16]
		},
		"on_shelf": {
			"rotation": [91, 0, 0],
			"translation": [0, 0.75, 4.25]
		}
	}
}
