{
	"format_version": "1.21.11",
	"credit": "Made with Blockbench",
	"texture_size": [32, 32],
	"textures": {
		"0": "garysinspace:item/pinnsvinn",
		"particle": "garysinspace:item/pinnsvinn"
	},
	"elements": [
		{
			"from": [5, 0, 5],
			"to": [11, 3, 12],
			"rotation": {"angle": 0, "axis": "y", "origin": [7, 0, 7]},
			"faces": {
				"north": {"uv": [6, 0, 9, 1.5], "texture": "#0"},
				"east": {"uv": [4, 3.5, 7.5, 5], "texture": "#0"},
				"south": {"uv": [6, 1.5, 9, 3], "texture": "#0"},
				"west": {"uv": [4, 5, 7.5, 6.5], "texture": "#0"},
				"up": {"uv": [3, 3.5, 0, 0], "texture": "#0"},
				"down": {"uv": [6, 0, 3, 3.5], "texture": "#0"}
			}
		},
		{
			"from": [6, 0, 12],
			"to": [10, 2, 14],
			"rotation": {"angle": 0, "axis": "y", "origin": [7, 0, 15]},
			"faces": {
				"north": {"uv": [4, 6.5, 6, 7.5], "texture": "#0"},
				"east": {"uv": [0, 8, 1, 9], "texture": "#0"},
				"south": {"uv": [6, 6.5, 8, 7.5], "texture": "#0"},
				"west": {"uv": [1, 8, 2, 9], "texture": "#0"},
				"up": {"uv": [9.5, 4, 7.5, 3], "texture": "#0"},
				"down": {"uv": [6, 7.5, 4, 8.5], "texture": "#0"}
			}
		},
		{
			"from": [6.8, 0, 14],
			"to": [9.2, 1, 14.8],
			"rotation": {"angle": 0, "axis": "y", "origin": [7, 0, 17]},
			"faces": {
				"north": {"uv": [6, 3, 7, 3.5], "texture": "#0"},
				"east": {"uv": [4.5, 14.5, 5, 15], "texture": "#0"},
				"south": {"uv": [13, 8, 14, 8.5], "texture": "#0"},
				"west": {"uv": [14.5, 4.5, 15, 5], "texture": "#0"},
				"up": {"uv": [14, 9, 13, 8.5], "texture": "#0"},
				"down": {"uv": [14, 9, 13, 9.5], "texture": "#0"}
			}
		},
		{
			"from": [7.7, 0.6, 14.8],
			"to": [8.3, 1, 15.3],
			"rotation": {"angle": 0, "axis": "x", "origin": [7, 0, 17.8]},
			"faces": {
				"north": {"uv": [5, 14.5, 5.5, 15], "texture": "#0"},
				"east": {"uv": [14.5, 5, 15, 5.5], "texture": "#0"},
				"south": {"uv": [5.5, 14.5, 6, 15], "texture": "#0"},
				"west": {"uv": [14.5, 5.5, 15, 6], "texture": "#0"},
				"up": {"uv": [15, 6.5, 14.5, 6], "texture": "#0"},
				"down": {"uv": [15, 6.5, 14.5, 7], "texture": "#0"}
			}
		},
		{
			"from": [6.7, 4.2, 10.4],
			"to": [7.7, 6.6, 10.5],
			"rotation": {"x": -17.5, "y": 0, "z": 20, "origin": [7.7, 2.2, 11.5]},
			"faces": {
				"north": {"uv": [9.5, 3, 10, 4], "texture": "#0"},
				"east": {"uv": [10, 3, 10.5, 4], "texture": "#0"},
				"south": {"uv": [13, 6, 13.5, 7], "texture": "#0"},
				"west": {"uv": [13, 7, 13.5, 8], "texture": "#0"},
				"up": {"uv": [7.5, 3.5, 7, 3], "texture": "#0"},
				"down": {"uv": [2, 14.5, 1.5, 15], "texture": "#0"}
			}
		},
		{
			"from": [6.9, 4.2, 10.4],
			"to": [7.9, 6.6, 10.5],
			"rotation": {"x": -16.73634, "y": -5.188, "z": 3.26366, "origin": [7.9, 2.2, 11.5]},
			"faces": {
				"north": {"uv": [14, 5, 14.5, 6], "texture": "#0"},
				"east": {"uv": [6, 14, 6.5, 15], "texture": "#0"},
				"south": {"uv": [14, 6, 14.5, 7], "texture": "#0"},
				"west": {"uv": [6.5, 14, 7, 15], "texture": "#0"},
				"up": {"uv": [12, 15.5, 11.5, 15], "texture": "#0"},
				"down": {"uv": [15.5, 11.5, 15, 12], "texture": "#0"}
			}
		},
		{
			"from": [6.7, 4.2, 9.4],
			"to": [7.7, 7.3, 9.5],
			"rotation": {"x": -27.5, "y": 0, "z": 20, "origin": [7.7, 2.2, 10.5]},
			"faces": {
				"north": {"uv": [2, 9.5, 2.5, 11], "texture": "#0"},
				"east": {"uv": [2.5, 9.5, 3, 11], "texture": "#0"},
				"south": {"uv": [3, 9.5, 3.5, 11], "texture": "#0"},
				"west": {"uv": [3.5, 9.5, 4, 11], "texture": "#0"},
				"up": {"uv": [15, 15, 14.5, 14.5], "texture": "#0"},
				"down": {"uv": [15.5, 0, 15, 0.5], "texture": "#0"}
			}
		},
		{
			"from": [7, 4.2, 9.4],
			"to": [8, 7.3, 9.5],
			"rotation": {"x": -26.94093, "y": -5.73576, "z": 8.87499, "origin": [8, 2.2, 10.5]},
			"faces": {
				"north": {"uv": [11.5, 3, 12, 4.5], "texture": "#0"},
				"east": {"uv": [4, 11.5, 4.5, 13], "texture": "#0"},
				"south": {"uv": [4.5, 11.5, 5, 13], "texture": "#0"},
				"west": {"uv": [11.5, 4.5, 12, 6], "texture": "#0"},
				"up": {"uv": [13, 15.5, 12.5, 15], "texture": "#0"},
				"down": {"uv": [15.5, 12.5, 15, 13], "texture": "#0"}
			}
		},
		{
			"from": [6, 3, 5],
			"to": [10, 4, 11],
			"rotation": {"angle": 0, "axis": "y", "origin": [7, 1, 7]},
			"faces": {
				"north": {"uv": [7.5, 5, 9.5, 5.5], "texture": "#0"},
				"east": {"uv": [7.5, 4, 10.5, 4.5], "texture": "#0"},
				"south": {"uv": [7.5, 5.5, 9.5, 6], "texture": "#0"},
				"west": {"uv": [7.5, 4.5, 10.5, 5], "texture": "#0"},
				"up": {"uv": [2, 6.5, 0, 3.5], "texture": "#0"},
				"down": {"uv": [4, 3.5, 2, 6.5], "texture": "#0"}
			}
		},
		{
			"from": [6, 0, 4],
			"to": [10, 3, 5],
			"rotation": {"angle": 0, "axis": "y", "origin": [7, 1, 1]},
			"faces": {
				"north": {"uv": [0, 6.5, 2, 8], "texture": "#0"},
				"east": {"uv": [2, 8, 2.5, 9.5], "texture": "#0"},
				"south": {"uv": [2, 6.5, 4, 8], "texture": "#0"},
				"west": {"uv": [2.5, 8, 3, 9.5], "texture": "#0"},
				"up": {"uv": [8, 8, 6, 7.5], "texture": "#0"},
				"down": {"uv": [9.5, 6, 7.5, 6.5], "texture": "#0"}
			}
		},
		{
			"from": [8.4, 2, 12.8],
			"to": [9.4, 3, 13.4],
			"rotation": {"angle": -20, "axis": "z", "origin": [8.4, 0, 14.4]},
			"faces": {
				"north": {"uv": [14.5, 2, 15, 2.5], "texture": "#0"},
				"east": {"uv": [14.5, 2.5, 15, 3], "texture": "#0"},
				"south": {"uv": [14.5, 3, 15, 3.5], "texture": "#0"},
				"west": {"uv": [14.5, 3.5, 15, 4], "texture": "#0"},
				"up": {"uv": [4.5, 15, 4, 14.5], "texture": "#0"},
				"down": {"uv": [15, 4, 14.5, 4.5], "texture": "#0"}
			}
		},
		{
			"from": [9.5, 3.2, 11.2],
			"to": [10.5, 5.2, 11.3],
			"rotation": {"x": -26.38927, "y": 4.59902, "z": -45.35767, "origin": [9.5, 1.2, 12.3]},
			"faces": {
				"north": {"uv": [13, 9.5, 13.5, 10.5], "texture": "#0"},
				"east": {"uv": [13, 10.5, 13.5, 11.5], "texture": "#0"},
				"south": {"uv": [13, 11.5, 13.5, 12.5], "texture": "#0"},
				"west": {"uv": [13, 12.5, 13.5, 13.5], "texture": "#0"},
				"up": {"uv": [15, 7.5, 14.5, 7], "texture": "#0"},
				"down": {"uv": [15, 7.5, 14.5, 8], "texture": "#0"}
			}
		},
		{
			"from": [9.5, 3.9, 9],
			"to": [10.3, 7.2, 9.1],
			"rotation": {"x": -60.16224, "y": -4.31394, "z": -45.3796, "origin": [9.5, 1.9, 10.1]},
			"faces": {
				"north": {"uv": [8.5, 6.5, 9, 8], "texture": "#0"},
				"east": {"uv": [8.5, 8, 9, 9.5], "texture": "#0"},
				"south": {"uv": [0, 9, 0.5, 10.5], "texture": "#0"},
				"west": {"uv": [9, 0, 9.5, 1.5], "texture": "#0"},
				"up": {"uv": [15, 12.5, 14.5, 12], "texture": "#0"},
				"down": {"uv": [13, 14.5, 12.5, 15], "texture": "#0"}
			}
		},
		{
			"from": [8, 4.2, 9.4],
			"to": [9, 7.3, 9.5],
			"rotation": {"x": -26.94093, "y": 5.73576, "z": -8.87499, "origin": [8, 2.2, 10.5]},
			"faces": {
				"north": {"uv": [3, 8, 3.5, 9.5], "texture": "#0"},
				"east": {"uv": [3.5, 8, 4, 9.5], "texture": "#0"},
				"south": {"uv": [6, 8, 6.5, 9.5], "texture": "#0"},
				"west": {"uv": [6.5, 8, 7, 9.5], "texture": "#0"},
				"up": {"uv": [15, 11, 14.5, 10.5], "texture": "#0"},
				"down": {"uv": [11.5, 14.5, 11, 15], "texture": "#0"}
			}
		},
		{
			"from": [6.6, 2, 12.8],
			"to": [7.6, 3, 13.4],
			"rotation": {"angle": 20, "axis": "z", "origin": [7.6, 0, 14.4]},
			"faces": {
				"north": {"uv": [14.5, 8, 15, 8.5], "texture": "#0"},
				"east": {"uv": [14.5, 8.5, 15, 9], "texture": "#0"},
				"south": {"uv": [14.5, 9, 15, 9.5], "texture": "#0"},
				"west": {"uv": [14.5, 9.5, 15, 10], "texture": "#0"},
				"up": {"uv": [15, 10.5, 14.5, 10], "texture": "#0"},
				"down": {"uv": [11, 14.5, 10.5, 15], "texture": "#0"}
			}
		},
		{
			"from": [7.4, 2, 13],
			"to": [8.4, 4.9, 13.1],
			"rotation": {"x": -17.5, "y": 0, "z": 20, "origin": [8.4, 1.6, 14.1]},
			"faces": {
				"north": {"uv": [8, 6.5, 8.5, 8], "texture": "#0"},
				"east": {"uv": [7, 8, 7.5, 9.5], "texture": "#0"},
				"south": {"uv": [7.5, 8, 8, 9.5], "texture": "#0"},
				"west": {"uv": [8, 8, 8.5, 9.5], "texture": "#0"},
				"up": {"uv": [15, 11.5, 14.5, 11], "texture": "#0"},
				"down": {"uv": [12, 14.5, 11.5, 15], "texture": "#0"}
			}
		},
		{
			"from": [5.8, 3.4, 9.7],
			"to": [6.8, 6.1, 9.8],
			"rotation": {"x": -17.5, "y": 0, "z": 20, "origin": [6.8, 1.4, 10.8]},
			"faces": {
				"north": {"uv": [4, 8.5, 4.5, 10], "texture": "#0"},
				"east": {"uv": [4.5, 8.5, 5, 10], "texture": "#0"},
				"south": {"uv": [5, 8.5, 5.5, 10], "texture": "#0"},
				"west": {"uv": [5.5, 8.5, 6, 10], "texture": "#0"},
				"up": {"uv": [15, 12, 14.5, 11.5], "texture": "#0"},
				"down": {"uv": [12.5, 14.5, 12, 15], "texture": "#0"}
			}
		},
		{
			"from": [5.8, 3.4, 9.6],
			"to": [6.8, 6.7, 9.7],
			"rotation": {"x": -32.5, "y": 0, "z": 20, "origin": [6.8, 1.4, 10.7]},
			"faces": {
				"north": {"uv": [0.5, 9, 1, 10.5], "texture": "#0"},
				"east": {"uv": [1, 9, 1.5, 10.5], "texture": "#0"},
				"south": {"uv": [1.5, 9, 2, 10.5], "texture": "#0"},
				"west": {"uv": [9, 1.5, 9.5, 3], "texture": "#0"},
				"up": {"uv": [15, 13.5, 14.5, 13], "texture": "#0"},
				"down": {"uv": [14, 14.5, 13.5, 15], "texture": "#0"}
			}
		},
		{
			"from": [5.8, 3.4, 9.3],
			"to": [6.8, 6.7, 9.4],
			"rotation": {"x": -42.5, "y": 0, "z": 20, "origin": [6.8, 1.4, 10.4]},
			"faces": {
				"north": {"uv": [9.5, 5, 10, 6.5], "texture": "#0"},
				"east": {"uv": [6, 9.5, 6.5, 11], "texture": "#0"},
				"south": {"uv": [6.5, 9.5, 7, 11], "texture": "#0"},
				"west": {"uv": [9.5, 6.5, 10, 8], "texture": "#0"},
				"up": {"uv": [2, 15.5, 1.5, 15], "texture": "#0"},
				"down": {"uv": [15.5, 1.5, 15, 2], "texture": "#0"}
			}
		},
		{
			"from": [6.8, 3.9, 9.3],
			"to": [7.8, 7.2, 9.4],
			"rotation": {"x": -42.25489, "y": -5.05904, "z": 14.45599, "origin": [7.8, 1.9, 10.4]},
			"faces": {
				"north": {"uv": [11.5, 9, 12, 10.5], "texture": "#0"},
				"east": {"uv": [11.5, 10.5, 12, 12], "texture": "#0"},
				"south": {"uv": [0, 12, 0.5, 13.5], "texture": "#0"},
				"west": {"uv": [12, 0, 12.5, 1.5], "texture": "#0"},
				"up": {"uv": [14, 15.5, 13.5, 15], "texture": "#0"},
				"down": {"uv": [15.5, 13.5, 15, 14], "texture": "#0"}
			}
		},
		{
			"from": [5.8, 3.4, 10.7],
			"to": [6.8, 5.4, 10.8],
			"rotation": {"x": -17.5, "y": 0, "z": 20, "origin": [6.8, 1.4, 11.8]},
			"faces": {
				"north": {"uv": [0, 13.5, 0.5, 14.5], "texture": "#0"},
				"east": {"uv": [13.5, 0, 14, 1], "texture": "#0"},
				"south": {"uv": [0.5, 13.5, 1, 14.5], "texture": "#0"},
				"west": {"uv": [1, 13.5, 1.5, 14.5], "texture": "#0"},
				"up": {"uv": [15, 13, 14.5, 12.5], "texture": "#0"},
				"down": {"uv": [13.5, 14.5, 13, 15], "texture": "#0"}
			}
		},
		{
			"from": [6.1, 1.4, 13.2],
			"to": [6.8, 3.4, 13.3],
			"rotation": {"x": -26.38927, "y": -4.59902, "z": 62.85767, "origin": [6.8, 0.4, 14.3]},
			"faces": {
				"north": {"uv": [13.5, 9.5, 14, 10.5], "texture": "#0"},
				"east": {"uv": [10.5, 13.5, 11, 14.5], "texture": "#0"},
				"south": {"uv": [13.5, 10.5, 14, 11.5], "texture": "#0"},
				"west": {"uv": [11, 13.5, 11.5, 14.5], "texture": "#0"},
				"up": {"uv": [5, 15.5, 4.5, 15], "texture": "#0"},
				"down": {"uv": [15.5, 4.5, 15, 5], "texture": "#0"}
			}
		},
		{
			"from": [5.8, 2.4, 11.2],
			"to": [6.8, 4.4, 11.3],
			"rotation": {"x": -26.38927, "y": -4.59902, "z": 62.85767, "origin": [6.8, 0.4, 12.3]},
			"faces": {
				"north": {"uv": [13.5, 4, 14, 5], "texture": "#0"},
				"east": {"uv": [13.5, 5, 14, 6], "texture": "#0"},
				"south": {"uv": [13.5, 6, 14, 7], "texture": "#0"},
				"west": {"uv": [13.5, 7, 14, 8], "texture": "#0"},
				"up": {"uv": [4.5, 15.5, 4, 15], "texture": "#0"},
				"down": {"uv": [15.5, 4, 15, 4.5], "texture": "#0"}
			}
		},
		{
			"from": [5.8, 2.4, 10.2],
			"to": [6.8, 5.1, 10.3],
			"rotation": {"x": -26.38927, "y": -4.59902, "z": 62.85767, "origin": [6.8, 0.4, 11.3]},
			"faces": {
				"north": {"uv": [10, 5, 10.5, 6.5], "texture": "#0"},
				"east": {"uv": [5.5, 10, 6, 11.5], "texture": "#0"},
				"south": {"uv": [10, 6.5, 10.5, 8], "texture": "#0"},
				"west": {"uv": [10, 8, 10.5, 9.5], "texture": "#0"},
				"up": {"uv": [4, 15.5, 3.5, 15], "texture": "#0"},
				"down": {"uv": [15.5, 3.5, 15, 4], "texture": "#0"}
			}
		},
		{
			"from": [5.8, 2.4, 10.1],
			"to": [6.8, 5.7, 10.2],
			"rotation": {"x": -41.38927, "y": -4.59902, "z": 62.85767, "origin": [6.8, 0.4, 11.2]},
			"faces": {
				"north": {"uv": [10, 1.5, 10.5, 3], "texture": "#0"},
				"east": {"uv": [4, 10, 4.5, 11.5], "texture": "#0"},
				"south": {"uv": [4.5, 10, 5, 11.5], "texture": "#0"},
				"west": {"uv": [5, 10, 5.5, 11.5], "texture": "#0"},
				"up": {"uv": [3.5, 15.5, 3, 15], "texture": "#0"},
				"down": {"uv": [15.5, 3, 15, 3.5], "texture": "#0"}
			}
		},
		{
			"from": [5.8, 2.4, 9.8],
			"to": [6.8, 5.7, 9.9],
			"rotation": {"x": -51.38927, "y": -4.59902, "z": 62.85767, "origin": [6.8, 0.4, 10.9]},
			"faces": {
				"north": {"uv": [8.5, 9.5, 9, 11], "texture": "#0"},
				"east": {"uv": [9, 9.5, 9.5, 11], "texture": "#0"},
				"south": {"uv": [9.5, 9.5, 10, 11], "texture": "#0"},
				"west": {"uv": [10, 0, 10.5, 1.5], "texture": "#0"},
				"up": {"uv": [3, 15.5, 2.5, 15], "texture": "#0"},
				"down": {"uv": [15.5, 2.5, 15, 3], "texture": "#0"}
			}
		},
		{
			"from": [5.8, 1.7, 13.2],
			"to": [6.5, 4, 13.3],
			"rotation": {"x": -26.38927, "y": -4.59902, "z": 45.35767, "origin": [6.5, 1.2, 14.3]},
			"faces": {
				"north": {"uv": [14, 1, 14.5, 2], "texture": "#0"},
				"east": {"uv": [2, 14, 2.5, 15], "texture": "#0"},
				"south": {"uv": [14, 2, 14.5, 3], "texture": "#0"},
				"west": {"uv": [2.5, 14, 3, 15], "texture": "#0"},
				"up": {"uv": [9.5, 15.5, 9, 15], "texture": "#0"},
				"down": {"uv": [15.5, 9, 15, 9.5], "texture": "#0"}
			}
		},
		{
			"from": [5.5, 3.2, 11.2],
			"to": [6.5, 5.2, 11.3],
			"rotation": {"x": -26.38927, "y": -4.59902, "z": 45.35767, "origin": [6.5, 1.2, 12.3]},
			"faces": {
				"north": {"uv": [13.5, 12.5, 14, 13.5], "texture": "#0"},
				"east": {"uv": [13, 13.5, 13.5, 14.5], "texture": "#0"},
				"south": {"uv": [13.5, 13.5, 14, 14.5], "texture": "#0"},
				"west": {"uv": [14, 0, 14.5, 1], "texture": "#0"},
				"up": {"uv": [9, 15.5, 8.5, 15], "texture": "#0"},
				"down": {"uv": [15.5, 8.5, 15, 9], "texture": "#0"}
			}
		},
		{
			"from": [5.5, 3.2, 10.2],
			"to": [6.5, 5.9, 10.3],
			"rotation": {"x": -26.38927, "y": -4.59902, "z": 45.35767, "origin": [6.5, 1.2, 11.3]},
			"faces": {
				"north": {"uv": [11, 4.5, 11.5, 6], "texture": "#0"},
				"east": {"uv": [6, 11, 6.5, 12.5], "texture": "#0"},
				"south": {"uv": [11, 6, 11.5, 7.5], "texture": "#0"},
				"west": {"uv": [6.5, 11, 7, 12.5], "texture": "#0"},
				"up": {"uv": [8.5, 15.5, 8, 15], "texture": "#0"},
				"down": {"uv": [15.5, 8, 15, 8.5], "texture": "#0"}
			}
		},
		{
			"from": [5.5, 3.2, 10.1],
			"to": [6.5, 6.5, 10.2],
			"rotation": {"x": -41.38927, "y": -4.59902, "z": 45.35767, "origin": [6.5, 1.2, 11.2]},
			"faces": {
				"north": {"uv": [2.5, 11, 3, 12.5], "texture": "#0"},
				"east": {"uv": [3, 11, 3.5, 12.5], "texture": "#0"},
				"south": {"uv": [11, 3, 11.5, 4.5], "texture": "#0"},
				"west": {"uv": [3.5, 11, 4, 12.5], "texture": "#0"},
				"up": {"uv": [8, 15.5, 7.5, 15], "texture": "#0"},
				"down": {"uv": [15.5, 7.5, 15, 8], "texture": "#0"}
			}
		},
		{
			"from": [5.5, 3.2, 9.8],
			"to": [6.5, 6.5, 9.9],
			"rotation": {"x": -51.38927, "y": -4.59902, "z": 45.35767, "origin": [6.5, 1.2, 10.9]},
			"faces": {
				"north": {"uv": [10.5, 10.5, 11, 12], "texture": "#0"},
				"east": {"uv": [11, 0, 11.5, 1.5], "texture": "#0"},
				"south": {"uv": [11, 1.5, 11.5, 3], "texture": "#0"},
				"west": {"uv": [2, 11, 2.5, 12.5], "texture": "#0"},
				"up": {"uv": [7.5, 15.5, 7, 15], "texture": "#0"},
				"down": {"uv": [15.5, 7, 15, 7.5], "texture": "#0"}
			}
		},
		{
			"from": [5.8, 3.1, 9],
			"to": [6.8, 6.4, 9.1],
			"rotation": {"x": -57.09302, "y": 6.52883, "z": 62.76108, "origin": [6.8, 1.1, 10.1]},
			"faces": {
				"north": {"uv": [6.5, 12.5, 7, 14], "texture": "#0"},
				"east": {"uv": [7, 12.5, 7.5, 14], "texture": "#0"},
				"south": {"uv": [7.5, 12.5, 8, 14], "texture": "#0"},
				"west": {"uv": [12.5, 7.5, 13, 9], "texture": "#0"},
				"up": {"uv": [16, 10, 15.5, 9.5], "texture": "#0"},
				"down": {"uv": [10.5, 15.5, 10, 16], "texture": "#0"}
			}
		},
		{
			"from": [5.7, 3.9, 9],
			"to": [6.5, 7.2, 9.1],
			"rotation": {"x": -60.16224, "y": 4.31394, "z": 45.3796, "origin": [6.5, 1.9, 10.1]},
			"faces": {
				"north": {"uv": [3.5, 12.5, 4, 14], "texture": "#0"},
				"east": {"uv": [12.5, 4.5, 13, 6], "texture": "#0"},
				"south": {"uv": [6, 12.5, 6.5, 14], "texture": "#0"},
				"west": {"uv": [12.5, 6, 13, 7.5], "texture": "#0"},
				"up": {"uv": [16, 9.5, 15.5, 9], "texture": "#0"},
				"down": {"uv": [10, 15.5, 9.5, 16], "texture": "#0"}
			}
		},
		{
			"from": [5.8, 4.1, 8.5],
			"to": [6.8, 7.4, 8.6],
			"rotation": {"x": -54.26782, "y": 4.2453, "z": 19.5623, "origin": [6.8, 2.1, 9.6]},
			"faces": {
				"north": {"uv": [2, 12.5, 2.5, 14], "texture": "#0"},
				"east": {"uv": [2.5, 12.5, 3, 14], "texture": "#0"},
				"south": {"uv": [3, 12.5, 3.5, 14], "texture": "#0"},
				"west": {"uv": [12.5, 3, 13, 4.5], "texture": "#0"},
				"up": {"uv": [16, 9, 15.5, 8.5], "texture": "#0"},
				"down": {"uv": [9.5, 15.5, 9, 16], "texture": "#0"}
			}
		},
		{
			"from": [6.8, 4.6, 8.5],
			"to": [7.8, 7.9, 8.6],
			"rotation": {"x": -54.35944, "y": -1.84933, "z": 15.18829, "origin": [7.8, 2.6, 9.6]},
			"faces": {
				"north": {"uv": [11.5, 12, 12, 13.5], "texture": "#0"},
				"east": {"uv": [12, 12, 12.5, 13.5], "texture": "#0"},
				"south": {"uv": [12.5, 0, 13, 1.5], "texture": "#0"},
				"west": {"uv": [12.5, 1.5, 13, 3], "texture": "#0"},
				"up": {"uv": [16, 8.5, 15.5, 8], "texture": "#0"},
				"down": {"uv": [9, 15.5, 8.5, 16], "texture": "#0"}
			}
		},
		{
			"from": [9.5, 3.2, 10.2],
			"to": [10.5, 5.9, 10.3],
			"rotation": {"x": -26.38927, "y": 4.59902, "z": -45.35767, "origin": [9.5, 1.2, 11.3]},
			"faces": {
				"north": {"uv": [9, 6.5, 9.5, 8], "texture": "#0"},
				"east": {"uv": [9, 8, 9.5, 9.5], "texture": "#0"},
				"south": {"uv": [9.5, 0, 10, 1.5], "texture": "#0"},
				"west": {"uv": [9.5, 1.5, 10, 3], "texture": "#0"},
				"up": {"uv": [15, 14, 14.5, 13.5], "texture": "#0"},
				"down": {"uv": [15, 14, 14.5, 14.5], "texture": "#0"}
			}
		},
		{
			"from": [8.1, 4.2, 10.4],
			"to": [9.1, 6.6, 10.5],
			"rotation": {"x": -16.73634, "y": 5.188, "z": -3.26366, "origin": [8.1, 2.2, 11.5]},
			"faces": {
				"north": {"uv": [13.5, 1, 14, 2], "texture": "#0"},
				"east": {"uv": [1.5, 13.5, 2, 14.5], "texture": "#0"},
				"south": {"uv": [13.5, 2, 14, 3], "texture": "#0"},
				"west": {"uv": [13.5, 3, 14, 4], "texture": "#0"},
				"up": {"uv": [15.5, 1, 15, 0.5], "texture": "#0"},
				"down": {"uv": [15.5, 1, 15, 1.5], "texture": "#0"}
			}
		},
		{
			"from": [9.5, 3.2, 10.1],
			"to": [10.5, 6.5, 10.2],
			"rotation": {"x": -41.38927, "y": 4.59902, "z": -45.35767, "origin": [9.5, 1.2, 11.2]},
			"faces": {
				"north": {"uv": [7, 9.5, 7.5, 11], "texture": "#0"},
				"east": {"uv": [7.5, 9.5, 8, 11], "texture": "#0"},
				"south": {"uv": [8, 9.5, 8.5, 11], "texture": "#0"},
				"west": {"uv": [9.5, 8, 10, 9.5], "texture": "#0"},
				"up": {"uv": [2.5, 15.5, 2, 15], "texture": "#0"},
				"down": {"uv": [15.5, 2, 15, 2.5], "texture": "#0"}
			}
		},
		{
			"from": [8.2, 4.6, 8.5],
			"to": [9.2, 7.9, 8.6],
			"rotation": {"x": -54.35944, "y": 1.84933, "z": -15.18829, "origin": [8.2, 2.6, 9.6]},
			"faces": {
				"north": {"uv": [10, 9.5, 10.5, 11], "texture": "#0"},
				"east": {"uv": [0, 10.5, 0.5, 12], "texture": "#0"},
				"south": {"uv": [10.5, 0, 11, 1.5], "texture": "#0"},
				"west": {"uv": [0.5, 10.5, 1, 12], "texture": "#0"},
				"up": {"uv": [5.5, 15.5, 5, 15], "texture": "#0"},
				"down": {"uv": [15.5, 5, 15, 5.5], "texture": "#0"}
			}
		},
		{
			"from": [9.2, 3.4, 9.6],
			"to": [10.2, 6.7, 9.7],
			"rotation": {"x": -32.5, "y": 0, "z": -20, "origin": [9.2, 1.4, 10.7]},
			"faces": {
				"north": {"uv": [1, 10.5, 1.5, 12], "texture": "#0"},
				"east": {"uv": [1.5, 10.5, 2, 12], "texture": "#0"},
				"south": {"uv": [10.5, 1.5, 11, 3], "texture": "#0"},
				"west": {"uv": [10.5, 3, 11, 4.5], "texture": "#0"},
				"up": {"uv": [6, 15.5, 5.5, 15], "texture": "#0"},
				"down": {"uv": [15.5, 5.5, 15, 6], "texture": "#0"}
			}
		},
		{
			"from": [9.2, 3.4, 9.7],
			"to": [10.2, 6.1, 9.8],
			"rotation": {"x": -17.5, "y": 0, "z": -20, "origin": [9.2, 1.4, 10.8]},
			"faces": {
				"north": {"uv": [10.5, 4.5, 11, 6], "texture": "#0"},
				"east": {"uv": [10.5, 6, 11, 7.5], "texture": "#0"},
				"south": {"uv": [10.5, 7.5, 11, 9], "texture": "#0"},
				"west": {"uv": [10.5, 9, 11, 10.5], "texture": "#0"},
				"up": {"uv": [6.5, 15.5, 6, 15], "texture": "#0"},
				"down": {"uv": [15.5, 6, 15, 6.5], "texture": "#0"}
			}
		},
		{
			"from": [9.2, 3.4, 10.7],
			"to": [10.2, 5.4, 10.8],
			"rotation": {"x": -17.5, "y": 0, "z": -20, "origin": [9.2, 1.4, 11.8]},
			"faces": {
				"north": {"uv": [11.5, 13.5, 12, 14.5], "texture": "#0"},
				"east": {"uv": [13.5, 11.5, 14, 12.5], "texture": "#0"},
				"south": {"uv": [12, 13.5, 12.5, 14.5], "texture": "#0"},
				"west": {"uv": [12.5, 13.5, 13, 14.5], "texture": "#0"},
				"up": {"uv": [7, 15.5, 6.5, 15], "texture": "#0"},
				"down": {"uv": [15.5, 6.5, 15, 7], "texture": "#0"}
			}
		},
		{
			"from": [9.2, 3.1, 9],
			"to": [10.2, 6.4, 9.1],
			"rotation": {"x": -57.09302, "y": -6.52883, "z": -62.76108, "origin": [9.2, 1.1, 10.1]},
			"faces": {
				"north": {"uv": [7, 11, 7.5, 12.5], "texture": "#0"},
				"east": {"uv": [7.5, 11, 8, 12.5], "texture": "#0"},
				"south": {"uv": [11, 7.5, 11.5, 9], "texture": "#0"},
				"west": {"uv": [8, 11, 8.5, 12.5], "texture": "#0"},
				"up": {"uv": [10, 15.5, 9.5, 15], "texture": "#0"},
				"down": {"uv": [15.5, 9.5, 15, 10], "texture": "#0"}
			}
		},
		{
			"from": [9.2, 2.4, 10.1],
			"to": [10.2, 5.7, 10.2],
			"rotation": {"x": -41.38927, "y": 4.59902, "z": -62.85767, "origin": [9.2, 0.4, 11.2]},
			"faces": {
				"north": {"uv": [8.5, 11, 9, 12.5], "texture": "#0"},
				"east": {"uv": [9, 11, 9.5, 12.5], "texture": "#0"},
				"south": {"uv": [11, 9, 11.5, 10.5], "texture": "#0"},
				"west": {"uv": [9.5, 11, 10, 12.5], "texture": "#0"},
				"up": {"uv": [10.5, 15.5, 10, 15], "texture": "#0"},
				"down": {"uv": [15.5, 10, 15, 10.5], "texture": "#0"}
			}
		},
		{
			"from": [9.2, 2.4, 10.2],
			"to": [10.2, 5.1, 10.3],
			"rotation": {"x": -26.38927, "y": 4.59902, "z": -62.85767, "origin": [9.2, 0.4, 11.3]},
			"faces": {
				"north": {"uv": [10, 11, 10.5, 12.5], "texture": "#0"},
				"east": {"uv": [11, 10.5, 11.5, 12], "texture": "#0"},
				"south": {"uv": [11.5, 0, 12, 1.5], "texture": "#0"},
				"west": {"uv": [11.5, 1.5, 12, 3], "texture": "#0"},
				"up": {"uv": [11, 15.5, 10.5, 15], "texture": "#0"},
				"down": {"uv": [15.5, 10.5, 15, 11], "texture": "#0"}
			}
		},
		{
			"from": [9.2, 2.4, 11.2],
			"to": [10.2, 4.4, 11.3],
			"rotation": {"x": -26.38927, "y": 4.59902, "z": -62.85767, "origin": [9.2, 0.4, 12.3]},
			"faces": {
				"north": {"uv": [3, 14, 3.5, 15], "texture": "#0"},
				"east": {"uv": [14, 3, 14.5, 4], "texture": "#0"},
				"south": {"uv": [3.5, 14, 4, 15], "texture": "#0"},
				"west": {"uv": [14, 4, 14.5, 5], "texture": "#0"},
				"up": {"uv": [11.5, 15.5, 11, 15], "texture": "#0"},
				"down": {"uv": [15.5, 11, 15, 11.5], "texture": "#0"}
			}
		},
		{
			"from": [8.3, 4.2, 10.4],
			"to": [9.3, 6.6, 10.5],
			"rotation": {"x": -17.5, "y": 0, "z": -20, "origin": [8.3, 2.2, 11.5]},
			"faces": {
				"north": {"uv": [7, 14, 7.5, 15], "texture": "#0"},
				"east": {"uv": [14, 7, 14.5, 8], "texture": "#0"},
				"south": {"uv": [7.5, 14, 8, 15], "texture": "#0"},
				"west": {"uv": [8, 14, 8.5, 15], "texture": "#0"},
				"up": {"uv": [12.5, 15.5, 12, 15], "texture": "#0"},
				"down": {"uv": [15.5, 12, 15, 12.5], "texture": "#0"}
			}
		},
		{
			"from": [8.3, 4.2, 9.4],
			"to": [9.3, 7.3, 9.5],
			"rotation": {"x": -27.5, "y": 0, "z": -20, "origin": [8.3, 2.2, 10.5]},
			"faces": {
				"north": {"uv": [5, 11.5, 5.5, 13], "texture": "#0"},
				"east": {"uv": [5.5, 11.5, 6, 13], "texture": "#0"},
				"south": {"uv": [11.5, 6, 12, 7.5], "texture": "#0"},
				"west": {"uv": [11.5, 7.5, 12, 9], "texture": "#0"},
				"up": {"uv": [13.5, 15.5, 13, 15], "texture": "#0"},
				"down": {"uv": [15.5, 13, 15, 13.5], "texture": "#0"}
			}
		},
		{
			"from": [9.2, 4.1, 8.5],
			"to": [10.2, 7.4, 8.6],
			"rotation": {"x": -54.26782, "y": -4.2453, "z": -19.5623, "origin": [9.2, 2.1, 9.6]},
			"faces": {
				"north": {"uv": [0.5, 12, 1, 13.5], "texture": "#0"},
				"east": {"uv": [1, 12, 1.5, 13.5], "texture": "#0"},
				"south": {"uv": [1.5, 12, 2, 13.5], "texture": "#0"},
				"west": {"uv": [12, 1.5, 12.5, 3], "texture": "#0"},
				"up": {"uv": [14.5, 15.5, 14, 15], "texture": "#0"},
				"down": {"uv": [15.5, 14, 15, 14.5], "texture": "#0"}
			}
		},
		{
			"from": [5.8, 2.4, 12.2],
			"to": [6.8, 3.9, 12.3],
			"rotation": {"x": -26.38927, "y": -4.59902, "z": 62.85767, "origin": [6.8, 0.4, 13.3]},
			"faces": {
				"north": {"uv": [14.5, 15, 15, 15.5], "texture": "#0"},
				"east": {"uv": [15, 14.5, 15.5, 15], "texture": "#0"},
				"south": {"uv": [15, 15, 15.5, 15.5], "texture": "#0"},
				"west": {"uv": [0, 15.5, 0.5, 16], "texture": "#0"},
				"up": {"uv": [16, 0.5, 15.5, 0], "texture": "#0"},
				"down": {"uv": [1, 15.5, 0.5, 16], "texture": "#0"}
			}
		},
		{
			"from": [5.5, 3.2, 12.2],
			"to": [6.5, 4.7, 12.3],
			"rotation": {"x": -26.38927, "y": -4.59902, "z": 45.35767, "origin": [6.5, 1.2, 13.3]},
			"faces": {
				"north": {"uv": [14, 8, 14.5, 9], "texture": "#0"},
				"east": {"uv": [8.5, 14, 9, 15], "texture": "#0"},
				"south": {"uv": [9, 14, 9.5, 15], "texture": "#0"},
				"west": {"uv": [14, 9, 14.5, 10], "texture": "#0"},
				"up": {"uv": [16, 1, 15.5, 0.5], "texture": "#0"},
				"down": {"uv": [1.5, 15.5, 1, 16], "texture": "#0"}
			}
		},
		{
			"from": [5.8, 3.4, 11.7],
			"to": [6.8, 4.9, 11.8],
			"rotation": {"x": -17.5, "y": 0, "z": 20, "origin": [6.8, 1.4, 12.8]},
			"faces": {
				"north": {"uv": [15.5, 1, 16, 1.5], "texture": "#0"},
				"east": {"uv": [1.5, 15.5, 2, 16], "texture": "#0"},
				"south": {"uv": [15.5, 1.5, 16, 2], "texture": "#0"},
				"west": {"uv": [2, 15.5, 2.5, 16], "texture": "#0"},
				"up": {"uv": [16, 2.5, 15.5, 2], "texture": "#0"},
				"down": {"uv": [3, 15.5, 2.5, 16], "texture": "#0"}
			}
		},
		{
			"from": [7.6, 2.6, 12],
			"to": [8.6, 6, 12.1],
			"rotation": {"x": -17.5, "y": 0, "z": -20, "origin": [7.6, 1.6, 13.1]},
			"faces": {
				"north": {"uv": [12, 3, 12.5, 4.5], "texture": "#0"},
				"east": {"uv": [12, 4.5, 12.5, 6], "texture": "#0"},
				"south": {"uv": [12, 6, 12.5, 7.5], "texture": "#0"},
				"west": {"uv": [12, 7.5, 12.5, 9], "texture": "#0"},
				"up": {"uv": [16, 3, 15.5, 2.5], "texture": "#0"},
				"down": {"uv": [3.5, 15.5, 3, 16], "texture": "#0"}
			}
		},
		{
			"from": [9.2, 3.4, 11.7],
			"to": [10.2, 4.9, 11.8],
			"rotation": {"x": -17.5, "y": 0, "z": -20, "origin": [9.2, 1.4, 12.8]},
			"faces": {
				"north": {"uv": [15.5, 3, 16, 3.5], "texture": "#0"},
				"east": {"uv": [3.5, 15.5, 4, 16], "texture": "#0"},
				"south": {"uv": [15.5, 3.5, 16, 4], "texture": "#0"},
				"west": {"uv": [4, 15.5, 4.5, 16], "texture": "#0"},
				"up": {"uv": [16, 4.5, 15.5, 4], "texture": "#0"},
				"down": {"uv": [5, 15.5, 4.5, 16], "texture": "#0"}
			}
		},
		{
			"from": [9.5, 3.2, 12.2],
			"to": [10.5, 4.7, 12.3],
			"rotation": {"x": -26.38927, "y": 4.59902, "z": -45.35767, "origin": [9.5, 1.2, 13.3]},
			"faces": {
				"north": {"uv": [9.5, 14, 10, 15], "texture": "#0"},
				"east": {"uv": [10, 14, 10.5, 15], "texture": "#0"},
				"south": {"uv": [14, 10, 14.5, 11], "texture": "#0"},
				"west": {"uv": [14, 11, 14.5, 12], "texture": "#0"},
				"up": {"uv": [16, 5, 15.5, 4.5], "texture": "#0"},
				"down": {"uv": [5.5, 15.5, 5, 16], "texture": "#0"}
			}
		},
		{
			"from": [9.2, 2.4, 12.2],
			"to": [10.2, 3.9, 12.3],
			"rotation": {"x": -26.38927, "y": 4.59902, "z": -62.85767, "origin": [9.2, 0.4, 13.3]},
			"faces": {
				"north": {"uv": [15.5, 5, 16, 5.5], "texture": "#0"},
				"east": {"uv": [5.5, 15.5, 6, 16], "texture": "#0"},
				"south": {"uv": [15.5, 5.5, 16, 6], "texture": "#0"},
				"west": {"uv": [6, 15.5, 6.5, 16], "texture": "#0"},
				"up": {"uv": [16, 6.5, 15.5, 6], "texture": "#0"},
				"down": {"uv": [7, 15.5, 6.5, 16], "texture": "#0"}
			}
		},
		{
			"from": [7.6, 2, 13],
			"to": [8.6, 4.9, 13.1],
			"rotation": {"x": -17.5, "y": 0, "z": -20, "origin": [7.6, 1.6, 14.1]},
			"faces": {
				"north": {"uv": [12, 9, 12.5, 10.5], "texture": "#0"},
				"east": {"uv": [10.5, 12, 11, 13.5], "texture": "#0"},
				"south": {"uv": [12, 10.5, 12.5, 12], "texture": "#0"},
				"west": {"uv": [11, 12, 11.5, 13.5], "texture": "#0"},
				"up": {"uv": [16, 7, 15.5, 6.5], "texture": "#0"},
				"down": {"uv": [7.5, 15.5, 7, 16], "texture": "#0"}
			}
		},
		{
			"from": [9.5, 1.7, 13.2],
			"to": [10.2, 4, 13.3],
			"rotation": {"x": -26.38927, "y": 4.59902, "z": -45.35767, "origin": [9.5, 1.2, 14.3]},
			"faces": {
				"north": {"uv": [14, 12, 14.5, 13], "texture": "#0"},
				"east": {"uv": [14, 13, 14.5, 14], "texture": "#0"},
				"south": {"uv": [14, 14, 14.5, 15], "texture": "#0"},
				"west": {"uv": [0, 14.5, 0.5, 15.5], "texture": "#0"},
				"up": {"uv": [16, 7.5, 15.5, 7], "texture": "#0"},
				"down": {"uv": [8, 15.5, 7.5, 16], "texture": "#0"}
			}
		},
		{
			"from": [9.2, 1.4, 13.2],
			"to": [9.9, 3.4, 13.3],
			"rotation": {"x": -26.38927, "y": 4.59902, "z": -62.85767, "origin": [9.2, 0.4, 14.3]},
			"faces": {
				"north": {"uv": [14.5, 0, 15, 1], "texture": "#0"},
				"east": {"uv": [0.5, 14.5, 1, 15.5], "texture": "#0"},
				"south": {"uv": [1, 14.5, 1.5, 15.5], "texture": "#0"},
				"west": {"uv": [14.5, 1, 15, 2], "texture": "#0"},
				"up": {"uv": [16, 8, 15.5, 7.5], "texture": "#0"},
				"down": {"uv": [8.5, 15.5, 8, 16], "texture": "#0"}
			}
		},
		{
			"from": [8.2, 3.9, 9.3],
			"to": [9.2, 7.2, 9.4],
			"rotation": {"x": -42.25489, "y": 5.05904, "z": -14.45599, "origin": [8.2, 1.9, 10.4]},
			"faces": {
				"north": {"uv": [8, 12.5, 8.5, 14], "texture": "#0"},
				"east": {"uv": [8.5, 12.5, 9, 14], "texture": "#0"},
				"south": {"uv": [9, 12.5, 9.5, 14], "texture": "#0"},
				"west": {"uv": [12.5, 9, 13, 10.5], "texture": "#0"},
				"up": {"uv": [16, 10.5, 15.5, 10], "texture": "#0"},
				"down": {"uv": [11, 15.5, 10.5, 16], "texture": "#0"}
			}
		},
		{
			"from": [9.2, 3.4, 9.3],
			"to": [10.2, 6.7, 9.4],
			"rotation": {"x": -42.5, "y": 0, "z": -20, "origin": [9.2, 1.4, 10.4]},
			"faces": {
				"north": {"uv": [9.5, 12.5, 10, 14], "texture": "#0"},
				"east": {"uv": [10, 12.5, 10.5, 14], "texture": "#0"},
				"south": {"uv": [12.5, 10.5, 13, 12], "texture": "#0"},
				"west": {"uv": [12.5, 12, 13, 13.5], "texture": "#0"},
				"up": {"uv": [16, 11, 15.5, 10.5], "texture": "#0"},
				"down": {"uv": [11.5, 15.5, 11, 16], "texture": "#0"}
			}
		},
		{
			"from": [9.5, 3.2, 9.8],
			"to": [10.5, 6.5, 9.9],
			"rotation": {"x": -51.38927, "y": 4.59902, "z": -45.35767, "origin": [9.5, 1.2, 10.9]},
			"faces": {
				"north": {"uv": [13, 0, 13.5, 1.5], "texture": "#0"},
				"east": {"uv": [13, 1.5, 13.5, 3], "texture": "#0"},
				"south": {"uv": [13, 3, 13.5, 4.5], "texture": "#0"},
				"west": {"uv": [4, 13, 4.5, 14.5], "texture": "#0"},
				"up": {"uv": [16, 11.5, 15.5, 11], "texture": "#0"},
				"down": {"uv": [12, 15.5, 11.5, 16], "texture": "#0"}
			}
		},
		{
			"from": [9.2, 2.4, 9.8],
			"to": [10.2, 5.7, 9.9],
			"rotation": {"x": -51.38927, "y": 4.59902, "z": -62.85767, "origin": [9.2, 0.4, 10.9]},
			"faces": {
				"north": {"uv": [4.5, 13, 5, 14.5], "texture": "#0"},
				"east": {"uv": [13, 4.5, 13.5, 6], "texture": "#0"},
				"south": {"uv": [5, 13, 5.5, 14.5], "texture": "#0"},
				"west": {"uv": [5.5, 13, 6, 14.5], "texture": "#0"},
				"up": {"uv": [16, 12, 15.5, 11.5], "texture": "#0"},
				"down": {"uv": [12.5, 15.5, 12, 16], "texture": "#0"}
			}
		},
		{
			"from": [7.4, 2.6, 12],
			"to": [8.4, 6, 12.1],
			"rotation": {"x": -17.5, "y": 0, "z": 20, "origin": [8.4, 1.6, 13.1]},
			"faces": {
				"north": {"uv": [12.5, 3, 12, 4.5], "texture": "#0"},
				"east": {"uv": [12.5, 7.5, 12, 9], "texture": "#0"},
				"south": {"uv": [12.5, 6, 12, 7.5], "texture": "#0"},
				"west": {"uv": [12.5, 4.5, 12, 6], "texture": "#0"},
				"up": {"uv": [15.5, 3, 16, 2.5], "texture": "#0"},
				"down": {"uv": [3, 15.5, 3.5, 16], "texture": "#0"}
			}
		}
	],
	"display": {
		"thirdperson_righthand": {
			"rotation": [-116.26, -6.11, -165.18],
			"translation": [0, 0.5, 4]
		},
		"thirdperson_lefthand": {
			"rotation": [-116.26, -6.11, -165.18],
			"translation": [0, 0.5, 4]
		},
		"firstperson_righthand": {
			"rotation": [-42.82, -43.13, -24.05],
			"translation": [1.25, 8.75, 0.75]
		},
		"firstperson_lefthand": {
			"rotation": [-42.82, -43.13, -24.05],
			"translation": [1.25, 8.75, 0.75]
		},
		"ground": {
			"translation": [0, 5.5, 0]
		},
		"gui": {
			"rotation": [0, 32, 0],
			"translation": [0, 3.5, 0],
			"scale": [1.22, 1.22, 1.22]
		},
		"head": {
			"rotation": [0, 180, 0],
			"translation": [0, 18, 0],
			"scale": [1.47, 1.47, 1.47]
		},
		"fixed": {
			"rotation": [-90, 180, 0],
			"translation": [0, 0, -18.25],
			"scale": [2.3, 2.3, 2.3]
		}
	}
}
