{
	"format_version": "1.21.11",
	"credit": "Made with Blockbench",
	"texture_size": [64, 64],
	"textures": {
		"0": "garysinspace:item/piratehat",
		"particle": "garysinspace:item/piratehat"
	},
	"elements": [
		{
			"from": [13, 2, 11],
			"to": [16, 3.2, 13],
			"faces": {
				"north": {"uv": [5.5, 2, 6.25, 2.5], "texture": "#0"},
				"east": {"uv": [4.75, 6.5, 5.25, 7], "texture": "#0"},
				"south": {"uv": [5.5, 2.5, 6.25, 3], "texture": "#0"},
				"west": {"uv": [5.25, 6.5, 5.75, 7], "texture": "#0"},
				"up": {"uv": [1.25, 6.5, 0.5, 6], "texture": "#0"},
				"down": {"uv": [2, 6, 1.25, 6.5], "texture": "#0"}
			}
		},
		{
			"from": [3, 2, 3],
			"to": [5, 7, 5],
			"faces": {
				"north": {"uv": [3.5, 4.5, 4, 5.75], "texture": "#0"},
				"east": {"uv": [4.5, 3.5, 5, 4.75], "texture": "#0"},
				"south": {"uv": [4, 4.5, 4.5, 5.75], "texture": "#0"},
				"west": {"uv": [4.5, 4.75, 5, 6], "texture": "#0"},
				"up": {"uv": [6.25, 7, 5.75, 6.5], "texture": "#0"},
				"down": {"uv": [6.75, 6.5, 6.25, 7], "texture": "#0"}
			}
		},
		{
			"from": [5, 2, 3],
			"to": [11, 8, 5],
			"faces": {
				"north": {"uv": [0, 3, 1.5, 4.5], "texture": "#0"},
				"east": {"uv": [0, 4.5, 0.5, 6], "texture": "#0"},
				"south": {"uv": [1.5, 3, 3, 4.5], "texture": "#0"},
				"west": {"uv": [0.5, 4.5, 1, 6], "texture": "#0"},
				"up": {"uv": [5.5, 2.5, 4, 2], "texture": "#0"},
				"down": {"uv": [5.5, 2.5, 4, 3], "texture": "#0"}
			}
		},
		{
			"from": [11, 2, 3],
			"to": [13, 7, 5],
			"faces": {
				"north": {"uv": [2, 5, 2.5, 6.25], "texture": "#0"},
				"east": {"uv": [2.5, 5, 3, 6.25], "texture": "#0"},
				"south": {"uv": [3, 5, 3.5, 6.25], "texture": "#0"},
				"west": {"uv": [5, 3.5, 5.5, 4.75], "texture": "#0"},
				"up": {"uv": [1, 7.25, 0.5, 6.75], "texture": "#0"},
				"down": {"uv": [1.5, 6.75, 1, 7.25], "texture": "#0"}
			}
		},
		{
			"from": [5, 2, 11],
			"to": [11, 8, 13],
			"faces": {
				"north": {"uv": [3, 3, 4.5, 4.5], "texture": "#0"},
				"east": {"uv": [1, 4.5, 1.5, 6], "texture": "#0"},
				"south": {"uv": [4, 0, 5.5, 1.5], "texture": "#0"},
				"west": {"uv": [1.5, 4.5, 2, 6], "texture": "#0"},
				"up": {"uv": [3.5, 5, 2, 4.5], "texture": "#0"},
				"down": {"uv": [6, 3, 4.5, 3.5], "texture": "#0"}
			}
		},
		{
			"from": [3, 2, 11],
			"to": [5, 7, 13],
			"faces": {
				"north": {"uv": [5, 4.75, 5.5, 6], "texture": "#0"},
				"east": {"uv": [5.5, 0, 6, 1.25], "texture": "#0"},
				"south": {"uv": [5.5, 3.5, 6, 4.75], "texture": "#0"},
				"west": {"uv": [5.5, 4.75, 6, 6], "texture": "#0"},
				"up": {"uv": [7.25, 4.5, 6.75, 4], "texture": "#0"},
				"down": {"uv": [7.25, 4.5, 6.75, 5], "texture": "#0"}
			}
		},
		{
			"from": [11, 2, 11],
			"to": [13, 7, 13],
			"faces": {
				"north": {"uv": [3.5, 5.75, 4, 7], "texture": "#0"},
				"east": {"uv": [4, 5.75, 4.5, 7], "texture": "#0"},
				"south": {"uv": [0, 6, 0.5, 7.25], "texture": "#0"},
				"west": {"uv": [6, 0, 6.5, 1.25], "texture": "#0"},
				"up": {"uv": [7.25, 6.5, 6.75, 6], "texture": "#0"},
				"down": {"uv": [7.25, 6.5, 6.75, 7], "texture": "#0"}
			}
		},
		{
			"from": [9, 3, 5],
			"to": [12.8, 5.2, 11],
			"faces": {
				"north": {"uv": [4, 1.5, 8, 1.75], "texture": "#0"},
				"east": {"uv": [5.5, 1.25, 7, 1.5], "texture": "#0"},
				"south": {"uv": [4, 1.75, 8, 2], "texture": "#0"},
				"west": {"uv": [6.5, 0, 8, 0.25], "texture": "#0"},
				"up": {"uv": [4, 1.5, 0, 0], "texture": "#0"},
				"down": {"uv": [4, 1.5, 0, 3], "texture": "#0"}
			}
		},
		{
			"from": [3.9, 3, 5],
			"to": [12.1, 6, 11],
			"faces": {
				"north": {"uv": [4, 1.5, 8, 1.75], "texture": "#0"},
				"east": {"uv": [5.5, 1.25, 7, 1.5], "texture": "#0"},
				"south": {"uv": [4, 1.75, 8, 2], "texture": "#0"},
				"west": {"uv": [6.5, 0, 8, 0.25], "texture": "#0"},
				"up": {"uv": [4, 1.5, 0, 0], "texture": "#0"},
				"down": {"uv": [4, 1.5, 0, 3], "texture": "#0"}
			}
		},
		{
			"from": [12.6397, 8.55336, 3.1],
			"to": [13.6397, 11.35336, 12.9],
			"rotation": {"angle": -25, "axis": "z", "origin": [0.0397, -0.04664, -0.5]},
			"faces": {
				"north": {"uv": [6.5, 1, 6.75, 1.25], "texture": "#0"},
				"east": {"uv": [6.5, 0.25, 8, 0.5], "texture": "#0"},
				"south": {"uv": [6.75, 1, 7, 1.25], "texture": "#0"},
				"west": {"uv": [0.5, 6.5, 2, 6.75], "texture": "#0"},
				"up": {"uv": [3, 7.75, 2.75, 6.25], "texture": "#0"},
				"down": {"uv": [3.25, 6.25, 3, 7.75], "texture": "#0"}
			}
		},
		{
			"from": [13, 2, 3],
			"to": [16, 3.2, 5],
			"faces": {
				"north": {"uv": [5.5, 2, 6.25, 2.5], "texture": "#0"},
				"east": {"uv": [4.75, 6.5, 5.25, 7], "texture": "#0"},
				"south": {"uv": [5.5, 2.5, 6.25, 3], "texture": "#0"},
				"west": {"uv": [5.25, 6.5, 5.75, 7], "texture": "#0"},
				"up": {"uv": [1.25, 6.5, 0.5, 6], "texture": "#0"},
				"down": {"uv": [2, 6, 1.25, 6.5], "texture": "#0"}
			}
		},
		{
			"from": [-2.9, 2, 3.3],
			"to": [-1, 3, 12.7],
			"rotation": {"angle": -45, "axis": "z", "origin": [0, 0, 0]},
			"faces": {
				"north": {"uv": [4, 1.5, 8, 1.75], "texture": "#0"},
				"east": {"uv": [5.5, 1.25, 7, 1.5], "texture": "#0"},
				"south": {"uv": [4, 1.75, 8, 2], "texture": "#0"},
				"west": {"uv": [6.5, 0, 8, 0.25], "texture": "#0"},
				"up": {"uv": [13.5, 1.75, 9.5, 0.25], "texture": "#0"},
				"down": {"uv": [4, 1.5, 0, 3], "texture": "#0"}
			}
		},
		{
			"from": [2.3603, 8.55336, 3.1],
			"to": [3.3603, 11.35336, 12.9],
			"rotation": {"angle": 25, "axis": "z", "origin": [15.9603, -0.04664, -0.5]},
			"faces": {
				"north": {"uv": [6.75, 1, 6.5, 1.25], "texture": "#0"},
				"east": {"uv": [2, 6.5, 0.5, 6.75], "texture": "#0"},
				"south": {"uv": [7, 1, 6.75, 1.25], "texture": "#0"},
				"west": {"uv": [8, 0.25, 6.5, 0.5], "texture": "#0"},
				"up": {"uv": [2.75, 7.75, 3, 6.25], "texture": "#0"},
				"down": {"uv": [3, 6.25, 3.25, 7.75], "texture": "#0"}
			}
		},
		{
			"from": [0, 2, 11],
			"to": [3, 3.2, 13],
			"rotation": {"angle": 0, "axis": "y", "origin": [16, 0, 0]},
			"faces": {
				"north": {"uv": [6.25, 2, 5.5, 2.5], "texture": "#0"},
				"east": {"uv": [5.75, 6.5, 5.25, 7], "texture": "#0"},
				"south": {"uv": [6.25, 2.5, 5.5, 3], "texture": "#0"},
				"west": {"uv": [5.25, 6.5, 4.75, 7], "texture": "#0"},
				"up": {"uv": [0.5, 6.5, 1.25, 6], "texture": "#0"},
				"down": {"uv": [1.25, 6, 2, 6.5], "texture": "#0"}
			}
		},
		{
			"from": [0, 2, 3],
			"to": [3, 3.2, 5],
			"rotation": {"angle": 0, "axis": "y", "origin": [16, 0, 0]},
			"faces": {
				"north": {"uv": [6.25, 2, 5.5, 2.5], "texture": "#0"},
				"east": {"uv": [5.75, 6.5, 5.25, 7], "texture": "#0"},
				"south": {"uv": [6.25, 2.5, 5.5, 3], "texture": "#0"},
				"west": {"uv": [5.25, 6.5, 4.75, 7], "texture": "#0"},
				"up": {"uv": [0.5, 6.5, 1.25, 6], "texture": "#0"},
				"down": {"uv": [1.25, 6, 2, 6.5], "texture": "#0"}
			}
		},
		{
			"from": [0, 2, 5],
			"to": [16, 3, 11],
			"rotation": {"angle": 0, "axis": "y", "origin": [16, 0, 0]},
			"faces": {
				"north": {"uv": [8, 1.5, 4, 1.75], "texture": "#0"},
				"east": {"uv": [8, 0, 6.5, 0.25], "texture": "#0"},
				"south": {"uv": [8, 1.75, 4, 2], "texture": "#0"},
				"west": {"uv": [7, 1.25, 5.5, 1.5], "texture": "#0"},
				"up": {"uv": [0, 1.5, 4, 0], "texture": "#0"},
				"down": {"uv": [0, 1.5, 4, 3], "texture": "#0"}
			}
		},
		{
			"from": [17, 2, 3.3],
			"to": [18.9, 3, 12.7],
			"rotation": {"angle": 45, "axis": "z", "origin": [16, 0, 0]},
			"faces": {
				"north": {"uv": [8, 1.5, 4, 1.75], "texture": "#0"},
				"east": {"uv": [8, 0, 6.5, 0.25], "texture": "#0"},
				"south": {"uv": [8, 1.75, 4, 2], "texture": "#0"},
				"west": {"uv": [7, 1.25, 5.5, 1.5], "texture": "#0"},
				"up": {"uv": [9.5, 1.75, 13.5, 0.25], "texture": "#0"},
				"down": {"uv": [0, 1.5, 4, 3], "texture": "#0"}
			}
		},
		{
			"from": [3.2, 3, 5],
			"to": [7, 5.2, 11],
			"rotation": {"angle": 0, "axis": "y", "origin": [16, 0, 0]},
			"faces": {
				"north": {"uv": [8, 1.5, 4, 1.75], "texture": "#0"},
				"east": {"uv": [8, 0, 6.5, 0.25], "texture": "#0"},
				"south": {"uv": [8, 1.75, 4, 2], "texture": "#0"},
				"west": {"uv": [7, 1.25, 5.5, 1.5], "texture": "#0"},
				"up": {"uv": [0, 1.5, 4, 0], "texture": "#0"},
				"down": {"uv": [0, 1.5, 4, 3], "texture": "#0"}
			}
		},
		{
			"from": [2.95, 0, 3.875],
			"to": [3.2, 2, 12.025],
			"faces": {
				"north": {"uv": [2.5, 9.25, 2.5, 9.75], "texture": "#0"},
				"east": {"uv": [2.5, 9.25, 4.525, 9.75], "texture": "#0"},
				"south": {"uv": [3, 9.25, 3, 9.75], "texture": "#0"},
				"west": {"uv": [3.475, 9.25, 5.5, 9.75], "texture": "#0"},
				"up": {"uv": [3, 10.225, 3, 12.25], "texture": "#0"},
				"down": {"uv": [0, 9.75, 0.25, 11.775], "texture": "#0"}
			}
		},
		{
			"from": [12.6, 0, 3.9],
			"to": [12.85, 2, 12],
			"faces": {
				"north": {"uv": [2.5, 9.25, 2.5, 9.75], "texture": "#0"},
				"east": {"uv": [2.5, 9.25, 4.525, 9.75], "texture": "#0"},
				"south": {"uv": [3, 9.25, 3, 9.75], "texture": "#0"},
				"west": {"uv": [3.475, 9.25, 5.5, 9.75], "texture": "#0"},
				"up": {"uv": [3, 10.225, 3, 12.25], "texture": "#0"},
				"down": {"uv": [0, 9.75, 0.25, 12.025], "texture": "#0"}
			}
		},
		{
			"from": [2.95, 0, 3.65],
			"to": [12.85, 2, 3.9],
			"rotation": {"angle": 0, "axis": "y", "origin": [16, 0, 0]},
			"faces": {
				"north": {"uv": [2.5, 9.25, 0.15, 9.75], "texture": "#0"},
				"east": {"uv": [3, 9.25, 3, 9.75], "texture": "#0"},
				"south": {"uv": [5.7, 9.25, 3.35, 9.75], "texture": "#0"},
				"west": {"uv": [2.5, 9.25, 2.5, 9.75], "texture": "#0"},
				"up": {"uv": [5.7, 9.75, 3.35, 9.75], "texture": "#0"},
				"down": {"uv": [5.7, 9.25, 3.35, 9.5], "texture": "#0"}
			}
		},
		{
			"from": [2.95, 0, 12],
			"to": [12.85, 2, 12.25],
			"rotation": {"angle": 0, "axis": "y", "origin": [16, 0, 0]},
			"faces": {
				"north": {"uv": [2.5, 9.25, 0.15, 9.75], "texture": "#0"},
				"east": {"uv": [3, 9.25, 3, 9.75], "texture": "#0"},
				"south": {"uv": [5.7, 9.25, 3.35, 9.75], "texture": "#0"},
				"west": {"uv": [2.5, 9.25, 2.5, 9.75], "texture": "#0"},
				"up": {"uv": [5.7, 9.75, 3.35, 9.75], "texture": "#0"},
				"down": {"uv": [5.7, 9.25, 3.35, 9.5], "texture": "#0"}
			}
		},
		{
			"from": [8.2, 0, 12.25],
			"to": [10.6, 2, 12.65],
			"rotation": {"angle": 0, "axis": "y", "origin": [16, 0, 0]},
			"faces": {
				"north": {"uv": [2.5, 9.25, 1.9, 9.75], "texture": "#0"},
				"east": {"uv": [3, 9.25, 3.1, 9.75], "texture": "#0"},
				"south": {"uv": [4.45, 9.25, 3.85, 9.75], "texture": "#0"},
				"west": {"uv": [2.5, 9.25, 2.6, 9.75], "texture": "#0"},
				"up": {"uv": [4.45, 9.65, 3.85, 9.75], "texture": "#0"},
				"down": {"uv": [4.45, 9.25, 3.85, 9.35], "texture": "#0"}
			}
		},
		{
			"from": [8.7, -3.5, 12.55],
			"to": [9.6, 2, 12.55],
			"rotation": {"angle": 0, "axis": "y", "origin": [16, 0, 0]},
			"faces": {
				"north": {"uv": [2.5, 9.25, 2.275, 10.625], "texture": "#0"},
				"east": {"uv": [3.1, 9.25, 3.1, 10.625], "texture": "#0"},
				"south": {"uv": [4.325, 9.25, 4.1, 10.625], "texture": "#0"},
				"west": {"uv": [2.5, 9.25, 2.5, 10.625], "texture": "#0"},
				"up": {"uv": [4.325, 9.65, 4.1, 9.65], "texture": "#0"},
				"down": {"uv": [4.325, 9.35, 4.1, 9.35], "texture": "#0"}
			}
		},
		{
			"from": [9.6, -2, 12.55],
			"to": [10.4, 2, 12.55],
			"rotation": {"angle": 0, "axis": "y", "origin": [16, 0, 0]},
			"faces": {
				"north": {"uv": [2.5, 9.25, 2.3, 10.25], "texture": "#0"},
				"east": {"uv": [3.1, 9.25, 3.1, 10.25], "texture": "#0"},
				"south": {"uv": [4.35, 9.25, 4.15, 10.25], "texture": "#0"},
				"west": {"uv": [2.5, 9.25, 2.5, 10.25], "texture": "#0"},
				"up": {"uv": [4.35, 9.65, 4.15, 9.65], "texture": "#0"},
				"down": {"uv": [4.35, 9.35, 4.15, 9.35], "texture": "#0"}
			}
		}
	],
	"display": {
		"thirdperson_righthand": {
			"translation": [0, 2.75, 1.25],
			"scale": [0.5, 0.5, 0.5]
		},
		"thirdperson_lefthand": {
			"translation": [0, 2.75, 1.25],
			"scale": [0.5, 0.5, 0.5]
		},
		"firstperson_righthand": {
			"translation": [0, 3.25, 0]
		},
		"firstperson_lefthand": {
			"translation": [0, 3.25, 0]
		},
		"ground": {
			"translation": [0, 4.75, 0]
		},
		"gui": {
			"rotation": [10, 163, 0],
			"translation": [0, 3, 0],
			"scale": [0.8, 0.8, 0.8]
		},
		"head": {
			"translation": [0, 14.25, -0.25],
			"scale": [1.78, 1.78, 1.78]
		},
		"fixed": {
			"translation": [0, 4, 3.25]
		}
	},
	"groups": [
		{
			"name": "group",
			"origin": [0, 0, 0],
			"color": 7,
			"children": [0, 1, 2, 3, 4, 5, 6, 7, 8, 9, 10, 11]
		},
		{
			"name": "povaska",
			"origin": [8, 8, 8],
			"color": 0,
			"children": []
		},
		{
			"name": "group",
			"origin": [16, 0, 0],
			"color": 7,
			"children": [12, 13, 14, 15, 16, 17]
		},
		18,
		19,
		20,
		21,
		22,
		23,
		24
	]
}
