{
	"format_version": "1.21.6",
	"credit": "Made with Blockbench",
	"texture_size": [64, 64],
	"textures": {
		"0": "garysinspace:item/santa_hat",
		"particle": "garysinspace/santa_hat"
	},
	"elements": [
		{
			"from": [2.7, 2, 2.4],
			"to": [13.3, 4, 13.4],
			"rotation": {"angle": 7.5, "axis": "x", "origin": [3, 2, 3]},
			"faces": {
				"north": {"uv": [6.25, 1.5, 9, 2], "texture": "#0"},
				"east": {"uv": [6.25, 2, 9, 2.5], "texture": "#0"},
				"south": {"uv": [6.25, 2.5, 9, 3], "texture": "#0"},
				"west": {"uv": [6.25, 3, 9, 3.5], "texture": "#0"},
				"up": {"uv": [2.75, 2.75, 0, 0], "texture": "#0"},
				"down": {"uv": [2.75, 2.75, 0, 5.5], "texture": "#0"}
			}
		},
		{
			"from": [3.6, 1.7, 2.4],
			"to": [4.6, 2.7, 2.4],
			"rotation": {"angle": 0, "axis": "y", "origin": [4.6, 1.7, 0.4]},
			"faces": {
				"north": {"uv": [7.5, 8, 7.75, 8.25], "texture": "#0"},
				"east": {"uv": [0, 0, 0, 0.25], "texture": "#0"},
				"south": {"uv": [8, 7.5, 8.25, 7.75], "texture": "#0"},
				"west": {"uv": [0, 0, 0, 0.25], "texture": "#0"},
				"up": {"uv": [0.25, 0, 0, 0], "texture": "#0"},
				"down": {"uv": [0.25, 0, 0, 0], "texture": "#0"}
			}
		},
		{
			"from": [2.6, 2.7, 2.4],
			"to": [3.6, 3.7, 2.4],
			"rotation": {"angle": 0, "axis": "y", "origin": [3.6, 2.7, 0.4]},
			"faces": {
				"north": {"uv": [7.25, 8, 7.5, 8.25], "texture": "#0"},
				"east": {"uv": [0, 0, 0, 0.25], "texture": "#0"},
				"south": {"uv": [8, 7.25, 8.25, 7.5], "texture": "#0"},
				"west": {"uv": [0, 0, 0, 0.25], "texture": "#0"},
				"up": {"uv": [0.25, 0, 0, 0], "texture": "#0"},
				"down": {"uv": [0.25, 0, 0, 0], "texture": "#0"}
			}
		},
		{
			"from": [5.6, 1.7, 2.4],
			"to": [6.6, 2.7, 2.4],
			"rotation": {"angle": 0, "axis": "y", "origin": [6.6, 1.7, 0.4]},
			"faces": {
				"north": {"uv": [7, 8, 7.25, 8.25], "texture": "#0"},
				"east": {"uv": [0, 0, 0, 0.25], "texture": "#0"},
				"south": {"uv": [8, 7, 8.25, 7.25], "texture": "#0"},
				"west": {"uv": [0, 0, 0, 0.25], "texture": "#0"},
				"up": {"uv": [0.25, 0, 0, 0], "texture": "#0"},
				"down": {"uv": [0.25, 0, 0, 0], "texture": "#0"}
			}
		},
		{
			"from": [4.6, 2.7, 2.4],
			"to": [5.6, 3.7, 2.4],
			"rotation": {"angle": 0, "axis": "y", "origin": [5.6, 2.7, 0.4]},
			"faces": {
				"north": {"uv": [6.75, 8, 7, 8.25], "texture": "#0"},
				"east": {"uv": [0, 0, 0, 0.25], "texture": "#0"},
				"south": {"uv": [8, 6.75, 8.25, 7], "texture": "#0"},
				"west": {"uv": [0, 0, 0, 0.25], "texture": "#0"},
				"up": {"uv": [0.25, 0, 0, 0], "texture": "#0"},
				"down": {"uv": [0.25, 0, 0, 0], "texture": "#0"}
			}
		},
		{
			"from": [12.4, 1.7, 13.8],
			"to": [13.4, 2.7, 13.8],
			"rotation": {"angle": 0, "axis": "y", "origin": [13.4, 1.7, 15.8]},
			"faces": {
				"north": {"uv": [6.5, 8, 6.75, 8.25], "texture": "#0"},
				"east": {"uv": [0, 0, 0, 0.25], "texture": "#0"},
				"south": {"uv": [8, 6.5, 8.25, 6.75], "texture": "#0"},
				"west": {"uv": [0, 0, 0, 0.25], "texture": "#0"},
				"up": {"uv": [0.25, 0, 0, 0], "texture": "#0"},
				"down": {"uv": [0.25, 0, 0, 0], "texture": "#0"}
			}
		},
		{
			"from": [11.4, 1.3, 13.8],
			"to": [12.4, 2.3, 13.8],
			"rotation": {"angle": 0, "axis": "y", "origin": [12.4, 1.3, 15.8]},
			"faces": {
				"north": {"uv": [6.25, 8, 6.5, 8.25], "texture": "#0"},
				"east": {"uv": [0, 0, 0, 0.25], "texture": "#0"},
				"south": {"uv": [8, 6.25, 8.25, 6.5], "texture": "#0"},
				"west": {"uv": [0, 0, 0, 0.25], "texture": "#0"},
				"up": {"uv": [0.25, 0, 0, 0], "texture": "#0"},
				"down": {"uv": [0.25, 0, 0, 0], "texture": "#0"}
			}
		},
		{
			"from": [13.4, 1.7, 12.8],
			"to": [13.4, 2.7, 13.8],
			"rotation": {"angle": 0, "axis": "y", "origin": [15.4, 1.7, 12.8]},
			"faces": {
				"north": {"uv": [0, 0, 0, 0.25], "texture": "#0"},
				"east": {"uv": [6, 8, 6.25, 8.25], "texture": "#0"},
				"south": {"uv": [0, 0, 0, 0.25], "texture": "#0"},
				"west": {"uv": [8, 6, 8.25, 6.25], "texture": "#0"},
				"up": {"uv": [0, 0.25, 0, 0], "texture": "#0"},
				"down": {"uv": [0, 0, 0, 0.25], "texture": "#0"}
			}
		},
		{
			"from": [10.4, 2.7, 2.4],
			"to": [11.4, 3.7, 2.4],
			"rotation": {"angle": 0, "axis": "y", "origin": [10.4, 2.7, 0.4]},
			"faces": {
				"north": {"uv": [5.75, 8, 6, 8.25], "texture": "#0"},
				"east": {"uv": [0, 0, 0, 0.25], "texture": "#0"},
				"south": {"uv": [8, 5.75, 8.25, 6], "texture": "#0"},
				"west": {"uv": [0, 0, 0, 0.25], "texture": "#0"},
				"up": {"uv": [0.25, 0, 0, 0], "texture": "#0"},
				"down": {"uv": [0.25, 0, 0, 0], "texture": "#0"}
			}
		},
		{
			"from": [11.4, 1.7, 2.4],
			"to": [12.4, 2.7, 2.4],
			"rotation": {"angle": 0, "axis": "y", "origin": [11.4, 1.7, 0.4]},
			"faces": {
				"north": {"uv": [5.25, 8, 5.5, 8.25], "texture": "#0"},
				"east": {"uv": [0, 0, 0, 0.25], "texture": "#0"},
				"south": {"uv": [8, 5.5, 8.25, 5.75], "texture": "#0"},
				"west": {"uv": [0, 0, 0, 0.25], "texture": "#0"},
				"up": {"uv": [0.25, 0, 0, 0], "texture": "#0"},
				"down": {"uv": [0.25, 0, 0, 0], "texture": "#0"}
			}
		},
		{
			"from": [12.4, 2.7, 2.4],
			"to": [13.4, 3.7, 2.4],
			"rotation": {"angle": 0, "axis": "y", "origin": [12.4, 2.7, 0.4]},
			"faces": {
				"north": {"uv": [8, 4.75, 8.25, 5], "texture": "#0"},
				"east": {"uv": [0, 0, 0, 0.25], "texture": "#0"},
				"south": {"uv": [5, 8, 5.25, 8.25], "texture": "#0"},
				"west": {"uv": [0, 0, 0, 0.25], "texture": "#0"},
				"up": {"uv": [0.25, 0, 0, 0], "texture": "#0"},
				"down": {"uv": [0.25, 0, 0, 0], "texture": "#0"}
			}
		},
		{
			"from": [13.4, 2.7, 5],
			"to": [13.4, 3.7, 6],
			"rotation": {"angle": 0, "axis": "y", "origin": [15.4, 2.7, 5]},
			"faces": {
				"north": {"uv": [0, 0, 0, 0.25], "texture": "#0"},
				"east": {"uv": [8, 4.5, 8.25, 4.75], "texture": "#0"},
				"south": {"uv": [0, 0, 0, 0.25], "texture": "#0"},
				"west": {"uv": [4.75, 8, 5, 8.25], "texture": "#0"},
				"up": {"uv": [0, 0.25, 0, 0], "texture": "#0"},
				"down": {"uv": [0, 0, 0, 0.25], "texture": "#0"}
			}
		},
		{
			"from": [9.4, 1.7, 2.4],
			"to": [10.4, 2.7, 2.4],
			"rotation": {"angle": 0, "axis": "y", "origin": [9.4, 1.7, 0.4]},
			"faces": {
				"north": {"uv": [8, 4.25, 8.25, 4.5], "texture": "#0"},
				"east": {"uv": [0, 0, 0, 0.25], "texture": "#0"},
				"south": {"uv": [4.5, 8, 4.75, 8.25], "texture": "#0"},
				"west": {"uv": [0, 0, 0, 0.25], "texture": "#0"},
				"up": {"uv": [0.25, 0, 0, 0], "texture": "#0"},
				"down": {"uv": [0.25, 0, 0, 0], "texture": "#0"}
			}
		},
		{
			"from": [13.4, 1.7, 7],
			"to": [13.4, 2.7, 8],
			"rotation": {"angle": 0, "axis": "y", "origin": [15.4, 1.7, 7]},
			"faces": {
				"north": {"uv": [0, 0, 0, 0.25], "texture": "#0"},
				"east": {"uv": [8, 4, 8.25, 4.25], "texture": "#0"},
				"south": {"uv": [0, 0, 0, 0.25], "texture": "#0"},
				"west": {"uv": [4.25, 8, 4.5, 8.25], "texture": "#0"},
				"up": {"uv": [0, 0.25, 0, 0], "texture": "#0"},
				"down": {"uv": [0, 0, 0, 0.25], "texture": "#0"}
			}
		},
		{
			"from": [10.4, 0.3, 13.7],
			"to": [11.4, 1.3, 13.7],
			"rotation": {"angle": 0, "axis": "y", "origin": [11.4, 0.3, 15.7]},
			"faces": {
				"north": {"uv": [8, 3.75, 8.25, 4], "texture": "#0"},
				"east": {"uv": [0, 0, 0, 0.25], "texture": "#0"},
				"south": {"uv": [4, 8, 4.25, 8.25], "texture": "#0"},
				"west": {"uv": [0, 0, 0, 0.25], "texture": "#0"},
				"up": {"uv": [0.25, 0, 0, 0], "texture": "#0"},
				"down": {"uv": [0.25, 0, 0, 0], "texture": "#0"}
			}
		},
		{
			"from": [13.4, 0.7, 12],
			"to": [13.4, 1.7, 13],
			"rotation": {"angle": 0, "axis": "y", "origin": [15.4, 0.7, 12]},
			"faces": {
				"north": {"uv": [0, 0, 0, 0.25], "texture": "#0"},
				"east": {"uv": [8, 3.5, 8.25, 3.75], "texture": "#0"},
				"south": {"uv": [0, 0, 0, 0.25], "texture": "#0"},
				"west": {"uv": [3.75, 8, 4, 8.25], "texture": "#0"},
				"up": {"uv": [0, 0.25, 0, 0], "texture": "#0"},
				"down": {"uv": [0, 0, 0, 0.25], "texture": "#0"}
			}
		},
		{
			"from": [13.4, 1.7, 3],
			"to": [13.4, 2.7, 4],
			"rotation": {"angle": 0, "axis": "y", "origin": [15.4, 1.7, 3]},
			"faces": {
				"north": {"uv": [0, 0, 0, 0.25], "texture": "#0"},
				"east": {"uv": [3.25, 8, 3.5, 8.25], "texture": "#0"},
				"south": {"uv": [0, 0, 0, 0.25], "texture": "#0"},
				"west": {"uv": [3.5, 8, 3.75, 8.25], "texture": "#0"},
				"up": {"uv": [0, 0.25, 0, 0], "texture": "#0"},
				"down": {"uv": [0, 0, 0, 0.25], "texture": "#0"}
			}
		},
		{
			"from": [13.4, 1.7, 10],
			"to": [13.4, 2.7, 11],
			"rotation": {"angle": 0, "axis": "y", "origin": [15.4, 1.7, 10]},
			"faces": {
				"north": {"uv": [0, 0, 0, 0.25], "texture": "#0"},
				"east": {"uv": [2.75, 8, 3, 8.25], "texture": "#0"},
				"south": {"uv": [0, 0, 0, 0.25], "texture": "#0"},
				"west": {"uv": [3, 8, 3.25, 8.25], "texture": "#0"},
				"up": {"uv": [0, 0.25, 0, 0], "texture": "#0"},
				"down": {"uv": [0, 0, 0, 0.25], "texture": "#0"}
			}
		},
		{
			"from": [13.4, 0.7, 9],
			"to": [13.4, 1.7, 10],
			"rotation": {"angle": 0, "axis": "y", "origin": [15.4, 0.7, 9]},
			"faces": {
				"north": {"uv": [0, 0, 0, 0.25], "texture": "#0"},
				"east": {"uv": [2.25, 8, 2.5, 8.25], "texture": "#0"},
				"south": {"uv": [0, 0, 0, 0.25], "texture": "#0"},
				"west": {"uv": [2.5, 8, 2.75, 8.25], "texture": "#0"},
				"up": {"uv": [0, 0.25, 0, 0], "texture": "#0"},
				"down": {"uv": [0, 0, 0, 0.25], "texture": "#0"}
			}
		},
		{
			"from": [13.4, 1.7, 6],
			"to": [13.4, 2.7, 7],
			"rotation": {"angle": 0, "axis": "y", "origin": [15.4, 1.7, 6]},
			"faces": {
				"north": {"uv": [0, 0, 0, 0.25], "texture": "#0"},
				"east": {"uv": [1.75, 8, 2, 8.25], "texture": "#0"},
				"south": {"uv": [0, 0, 0, 0.25], "texture": "#0"},
				"west": {"uv": [2, 8, 2.25, 8.25], "texture": "#0"},
				"up": {"uv": [0, 0.25, 0, 0], "texture": "#0"},
				"down": {"uv": [0, 0, 0, 0.25], "texture": "#0"}
			}
		},
		{
			"from": [2.6, 1.7, 7],
			"to": [2.6, 2.7, 8],
			"rotation": {"angle": 0, "axis": "y", "origin": [0.6, 1.7, 7]},
			"faces": {
				"north": {"uv": [0, 0, 0, 0.25], "texture": "#0"},
				"east": {"uv": [7.75, 7.75, 8, 8], "texture": "#0"},
				"south": {"uv": [0, 0, 0, 0.25], "texture": "#0"},
				"west": {"uv": [1.5, 8, 1.75, 8.25], "texture": "#0"},
				"up": {"uv": [0, 0.25, 0, 0], "texture": "#0"},
				"down": {"uv": [0, 0, 0, 0.25], "texture": "#0"}
			}
		},
		{
			"from": [3.6, 1.3, 13.8],
			"to": [4.6, 2.3, 13.8],
			"rotation": {"angle": 0, "axis": "y", "origin": [3.6, 1.3, 15.8]},
			"faces": {
				"north": {"uv": [7.5, 7.75, 7.75, 8], "texture": "#0"},
				"east": {"uv": [0, 0, 0, 0.25], "texture": "#0"},
				"south": {"uv": [7.75, 7.5, 8, 7.75], "texture": "#0"},
				"west": {"uv": [0, 0, 0, 0.25], "texture": "#0"},
				"up": {"uv": [0.25, 0, 0, 0], "texture": "#0"},
				"down": {"uv": [0.25, 0, 0, 0], "texture": "#0"}
			}
		},
		{
			"from": [4.6, 0.3, 13.7],
			"to": [5.6, 1.3, 13.7],
			"rotation": {"angle": 0, "axis": "y", "origin": [4.6, 0.3, 15.7]},
			"faces": {
				"north": {"uv": [7.75, 7, 8, 7.25], "texture": "#0"},
				"east": {"uv": [0, 0, 0, 0.25], "texture": "#0"},
				"south": {"uv": [7.75, 7.25, 8, 7.5], "texture": "#0"},
				"west": {"uv": [0, 0, 0, 0.25], "texture": "#0"},
				"up": {"uv": [0.25, 0, 0, 0], "texture": "#0"},
				"down": {"uv": [0.25, 0, 0, 0], "texture": "#0"}
			}
		},
		{
			"from": [2.6, 1.7, 13.8],
			"to": [3.6, 2.7, 13.8],
			"rotation": {"angle": 0, "axis": "y", "origin": [2.6, 1.7, 15.8]},
			"faces": {
				"north": {"uv": [6.75, 7.75, 7, 8], "texture": "#0"},
				"east": {"uv": [0, 0, 0, 0.25], "texture": "#0"},
				"south": {"uv": [7.75, 6.75, 8, 7], "texture": "#0"},
				"west": {"uv": [0, 0, 0, 0.25], "texture": "#0"},
				"up": {"uv": [0.25, 0, 0, 0], "texture": "#0"},
				"down": {"uv": [0.25, 0, 0, 0], "texture": "#0"}
			}
		},
		{
			"from": [2.6, 1.7, 12.8],
			"to": [2.6, 2.7, 13.8],
			"rotation": {"angle": 0, "axis": "y", "origin": [0.6, 1.7, 12.8]},
			"faces": {
				"north": {"uv": [0, 0, 0, 0.25], "texture": "#0"},
				"east": {"uv": [6.25, 7.75, 6.5, 8], "texture": "#0"},
				"south": {"uv": [0, 0, 0, 0.25], "texture": "#0"},
				"west": {"uv": [6.5, 7.75, 6.75, 8], "texture": "#0"},
				"up": {"uv": [0, 0.25, 0, 0], "texture": "#0"},
				"down": {"uv": [0, 0, 0, 0.25], "texture": "#0"}
			}
		},
		{
			"from": [2.6, 0.7, 12],
			"to": [2.6, 1.7, 13],
			"rotation": {"angle": 0, "axis": "y", "origin": [0.6, 0.7, 12]},
			"faces": {
				"north": {"uv": [0, 0, 0, 0.25], "texture": "#0"},
				"east": {"uv": [6, 7.75, 6.25, 8], "texture": "#0"},
				"south": {"uv": [0, 0, 0, 0.25], "texture": "#0"},
				"west": {"uv": [7.75, 6, 8, 6.25], "texture": "#0"},
				"up": {"uv": [0, 0.25, 0, 0], "texture": "#0"},
				"down": {"uv": [0, 0, 0, 0.25], "texture": "#0"}
			}
		},
		{
			"from": [2.6, 1.7, 3],
			"to": [2.6, 2.7, 4],
			"rotation": {"angle": 0, "axis": "y", "origin": [0.6, 1.7, 3]},
			"faces": {
				"north": {"uv": [0, 0, 0, 0.25], "texture": "#0"},
				"east": {"uv": [5.75, 7.75, 6, 8], "texture": "#0"},
				"south": {"uv": [0, 0, 0, 0.25], "texture": "#0"},
				"west": {"uv": [7.75, 5.75, 8, 6], "texture": "#0"},
				"up": {"uv": [0, 0.25, 0, 0], "texture": "#0"},
				"down": {"uv": [0, 0, 0, 0.25], "texture": "#0"}
			}
		},
		{
			"from": [2.6, 1.7, 10],
			"to": [2.6, 2.7, 11],
			"rotation": {"angle": 0, "axis": "y", "origin": [0.6, 1.7, 10]},
			"faces": {
				"north": {"uv": [0, 0, 0, 0.25], "texture": "#0"},
				"east": {"uv": [2.75, 7.75, 3, 8], "texture": "#0"},
				"south": {"uv": [0, 0, 0, 0.25], "texture": "#0"},
				"west": {"uv": [7.75, 5.5, 8, 5.75], "texture": "#0"},
				"up": {"uv": [0, 0.25, 0, 0], "texture": "#0"},
				"down": {"uv": [0, 0, 0, 0.25], "texture": "#0"}
			}
		},
		{
			"from": [2.6, 0.7, 9],
			"to": [2.6, 1.7, 10],
			"rotation": {"angle": 0, "axis": "y", "origin": [0.6, 0.7, 9]},
			"faces": {
				"north": {"uv": [0, 0, 0, 0.25], "texture": "#0"},
				"east": {"uv": [2.25, 7.75, 2.5, 8], "texture": "#0"},
				"south": {"uv": [0, 0, 0, 0.25], "texture": "#0"},
				"west": {"uv": [2.5, 7.75, 2.75, 8], "texture": "#0"},
				"up": {"uv": [0, 0.25, 0, 0], "texture": "#0"},
				"down": {"uv": [0, 0, 0, 0.25], "texture": "#0"}
			}
		},
		{
			"from": [2.6, 1.7, 6],
			"to": [2.6, 2.7, 7],
			"rotation": {"angle": 0, "axis": "y", "origin": [0.6, 1.7, 6]},
			"faces": {
				"north": {"uv": [0, 0, 0, 0.25], "texture": "#0"},
				"east": {"uv": [1.75, 7.75, 2, 8], "texture": "#0"},
				"south": {"uv": [0, 0, 0, 0.25], "texture": "#0"},
				"west": {"uv": [2, 7.75, 2.25, 8], "texture": "#0"},
				"up": {"uv": [0, 0.25, 0, 0], "texture": "#0"},
				"down": {"uv": [0, 0, 0, 0.25], "texture": "#0"}
			}
		},
		{
			"from": [2.6, 2.7, 5],
			"to": [2.6, 3.7, 6],
			"rotation": {"angle": 0, "axis": "y", "origin": [0.6, 2.7, 5]},
			"faces": {
				"north": {"uv": [0, 0, 0, 0.25], "texture": "#0"},
				"east": {"uv": [7.5, 7.5, 7.75, 7.75], "texture": "#0"},
				"south": {"uv": [0, 0, 0, 0.25], "texture": "#0"},
				"west": {"uv": [1.5, 7.75, 1.75, 8], "texture": "#0"},
				"up": {"uv": [0, 0.25, 0, 0], "texture": "#0"},
				"down": {"uv": [0, 0, 0, 0.25], "texture": "#0"}
			}
		},
		{
			"from": [3.7, 3.3, 3.7],
			"to": [12.2, 7, 13.2],
			"rotation": {"angle": 10, "axis": "x", "origin": [7, 5, 7]},
			"faces": {
				"north": {"uv": [5.25, 5, 7.25, 6], "texture": "#0"},
				"east": {"uv": [4.75, 4, 7.25, 5], "texture": "#0"},
				"south": {"uv": [0, 5.5, 2, 6.5], "texture": "#0"},
				"west": {"uv": [2.75, 5, 5.25, 6], "texture": "#0"},
				"up": {"uv": [4.75, 2.5, 2.75, 0], "texture": "#0"},
				"down": {"uv": [4.75, 2.5, 2.75, 5], "texture": "#0"}
			}
		},
		{
			"from": [6.1, 4.4, 10.7],
			"to": [9.9, 8.2, 16.6],
			"rotation": {"angle": 42.5, "axis": "x", "origin": [7, 6.7, 12]},
			"faces": {
				"north": {"uv": [3, 7, 4, 8], "texture": "#0"},
				"east": {"uv": [2, 6, 3.5, 7], "texture": "#0"},
				"south": {"uv": [4, 7, 5, 8], "texture": "#0"},
				"west": {"uv": [3.5, 6, 5, 7], "texture": "#0"},
				"up": {"uv": [6, 7.5, 5, 6], "texture": "#0"},
				"down": {"uv": [7, 6, 6, 7.5], "texture": "#0"}
			}
		},
		{
			"from": [6.8, 0.925, 13.175],
			"to": [9.2, 5.225, 15.175],
			"rotation": {"angle": -27.5, "axis": "x", "origin": [7, 4.925, 14.375]},
			"faces": {
				"north": {"uv": [7, 6, 7.5, 7], "texture": "#0"},
				"east": {"uv": [7, 7, 7.5, 8], "texture": "#0"},
				"south": {"uv": [0, 7.25, 0.5, 8.25], "texture": "#0"},
				"west": {"uv": [0.5, 7.25, 1, 8.25], "texture": "#0"},
				"up": {"uv": [2.5, 6, 2, 5.5], "texture": "#0"},
				"down": {"uv": [6.75, 3.5, 6.25, 4], "texture": "#0"}
			}
		},
		{
			"from": [7.4, 0.125, 13.575],
			"to": [8.6, 5.225, 14.675],
			"rotation": {"angle": -27.5, "axis": "x", "origin": [7, 4.925, 14.375]},
			"faces": {
				"north": {"uv": [1, 7.25, 1.25, 8.5], "texture": "#0"},
				"east": {"uv": [1.25, 7.25, 1.5, 8.5], "texture": "#0"},
				"south": {"uv": [7.25, 3.5, 7.5, 4.75], "texture": "#0"},
				"west": {"uv": [7.25, 4.75, 7.5, 6], "texture": "#0"},
				"up": {"uv": [2.75, 5.75, 2.5, 5.5], "texture": "#0"},
				"down": {"uv": [2.75, 5.75, 2.5, 6], "texture": "#0"}
			}
		},
		{
			"from": [7.1, -1.275, 14.375],
			"to": [8.9, 0.425, 16.375],
			"rotation": {"angle": -27.5, "axis": "x", "origin": [7, 2.425, 15.575]},
			"faces": {
				"north": {"uv": [1.5, 6.5, 2, 7], "texture": "#0"},
				"east": {"uv": [6.75, 3.5, 7.25, 4], "texture": "#0"},
				"south": {"uv": [7.5, 3.5, 8, 4], "texture": "#0"},
				"west": {"uv": [7.5, 4, 8, 4.5], "texture": "#0"},
				"up": {"uv": [8, 5, 7.5, 4.5], "texture": "#0"},
				"down": {"uv": [5.5, 7.5, 5, 8], "texture": "#0"}
			}
		},
		{
			"from": [7.4, -0.975, 14.075],
			"to": [8.6, 0.125, 16.675],
			"rotation": {"angle": -27.5, "axis": "x", "origin": [7, 2.425, 15.575]},
			"faces": {
				"north": {"uv": [6.75, 7.5, 7, 7.75], "texture": "#0"},
				"east": {"uv": [7.5, 5, 8.25, 5.25], "texture": "#0"},
				"south": {"uv": [7.5, 6.75, 7.75, 7], "texture": "#0"},
				"west": {"uv": [7.5, 5.25, 8.25, 5.5], "texture": "#0"},
				"up": {"uv": [5.75, 8.25, 5.5, 7.5], "texture": "#0"},
				"down": {"uv": [7.75, 5.5, 7.5, 6.25], "texture": "#0"}
			}
		},
		{
			"from": [6.8, -0.975, 14.775],
			"to": [9.2, 0.125, 15.975],
			"rotation": {"angle": -27.5, "axis": "x", "origin": [7, 2.425, 15.575]},
			"faces": {
				"north": {"uv": [5.75, 7.5, 6.25, 7.75], "texture": "#0"},
				"east": {"uv": [7.5, 7, 7.75, 7.25], "texture": "#0"},
				"south": {"uv": [6.25, 7.5, 6.75, 7.75], "texture": "#0"},
				"west": {"uv": [7.5, 7.25, 7.75, 7.5], "texture": "#0"},
				"up": {"uv": [8, 6.5, 7.5, 6.25], "texture": "#0"},
				"down": {"uv": [8, 6.5, 7.5, 6.75], "texture": "#0"}
			}
		},
		{
			"from": [5.2, 4.7, 5.2],
			"to": [10.8, 7.7, 12.8],
			"rotation": {"angle": -17.5, "axis": "x", "origin": [7, 5.7, 8]},
			"faces": {
				"north": {"uv": [0, 6.5, 1.5, 7.25], "texture": "#0"},
				"east": {"uv": [6.25, 0, 8.25, 0.75], "texture": "#0"},
				"south": {"uv": [1.5, 7, 3, 7.75], "texture": "#0"},
				"west": {"uv": [6.25, 0.75, 8.25, 1.5], "texture": "#0"},
				"up": {"uv": [6.25, 2, 4.75, 0], "texture": "#0"},
				"down": {"uv": [6.25, 2, 4.75, 4], "texture": "#0"}
			}
		}
	],
	"display": {
		"thirdperson_righthand": {
			"rotation": [0, 0, -36.5],
			"translation": [5.5, 3.5, 0]
		},
		"thirdperson_lefthand": {
			"rotation": [-24.43, 18.92, -51.22],
			"translation": [4.5, 3, -2.25]
		},
		"ground": {
			"translation": [0, 6, 0]
		},
		"head": {
			"translation": [0, 11.5, -0.25],
			"scale": [1.76, 1.76, 1.76]
		}
	}
}
