{
	"format_version": "1.21.11",
	"credit": "Made with Blockbench",
	"textures": {
		"0": "garysinspace:item/shelfshroom",
		"particle": "garysinspace:item/shelfshroom"
	},
	"elements": [
		{
			"from": [7, 6, 7],
			"to": [13, 7, 9],
			"rotation": {"angle": 0, "axis": "y", "origin": [7, 6, 7]},
			"faces": {
				"north": {"uv": [0, 6, 6, 7], "texture": "#0"},
				"east": {"uv": [9, 10, 11, 11], "texture": "#0"},
				"south": {"uv": [6, 0, 12, 1], "texture": "#0"},
				"west": {"uv": [0, 11, 2, 12], "texture": "#0"},
				"up": {"uv": [6, 2, 0, 0], "texture": "#0"},
				"down": {"uv": [6, 2, 0, 4], "texture": "#0"}
			}
		},
		{
			"from": [3, 7, 8],
			"to": [6, 8, 9],
			"rotation": {"angle": 0, "axis": "y", "origin": [3, 7, 7]},
			"faces": {
				"north": {"uv": [10, 4, 13, 5], "texture": "#0"},
				"east": {"uv": [12, 11, 13, 12], "texture": "#0"},
				"south": {"uv": [10, 5, 13, 6], "texture": "#0"},
				"west": {"uv": [12, 12, 13, 13], "texture": "#0"},
				"up": {"uv": [9, 11, 6, 10], "texture": "#0"},
				"down": {"uv": [13, 6, 10, 7], "texture": "#0"}
			}
		},
		{
			"from": [3.5, 7, 7.6],
			"to": [5.5, 8, 8],
			"rotation": {"angle": 0, "axis": "y", "origin": [3, 7, 6]},
			"faces": {
				"north": {"uv": [11, 2, 13, 3], "texture": "#0"},
				"east": {"uv": [0, 13, 1, 14], "texture": "#0"},
				"south": {"uv": [4, 11, 6, 12], "texture": "#0"},
				"west": {"uv": [1, 13, 2, 14], "texture": "#0"},
				"up": {"uv": [8, 12, 6, 11], "texture": "#0"},
				"down": {"uv": [13, 7, 11, 8], "texture": "#0"}
			}
		},
		{
			"from": [4, 3, 7],
			"to": [9, 4, 9],
			"rotation": {"angle": 0, "axis": "y", "origin": [3, 3, 7]},
			"faces": {
				"north": {"uv": [6, 1, 11, 2], "texture": "#0"},
				"east": {"uv": [11, 1, 13, 2], "texture": "#0"},
				"south": {"uv": [6, 2, 11, 3], "texture": "#0"},
				"west": {"uv": [2, 11, 4, 12], "texture": "#0"},
				"up": {"uv": [5, 6, 0, 4], "texture": "#0"},
				"down": {"uv": [10, 4, 5, 6], "texture": "#0"}
			}
		},
		{
			"from": [5, 3, 6.5],
			"to": [8, 4, 7],
			"rotation": {"angle": 0, "axis": "y", "origin": [3, 3, 5]},
			"faces": {
				"north": {"uv": [0, 9, 3, 10], "texture": "#0"},
				"east": {"uv": [9, 12, 10, 13], "texture": "#0"},
				"south": {"uv": [3, 9, 6, 10], "texture": "#0"},
				"west": {"uv": [12, 9, 13, 10], "texture": "#0"},
				"up": {"uv": [9, 10, 6, 9], "texture": "#0"},
				"down": {"uv": [12, 8, 9, 9], "texture": "#0"}
			}
		},
		{
			"from": [5.6, 3, 6],
			"to": [7.4, 4, 6.5],
			"rotation": {"angle": 0, "axis": "y", "origin": [3, 3, 4.5]},
			"faces": {
				"north": {"uv": [8, 11, 10, 12], "texture": "#0"},
				"east": {"uv": [13, 2, 14, 3], "texture": "#0"},
				"south": {"uv": [10, 11, 12, 12], "texture": "#0"},
				"west": {"uv": [3, 13, 4, 14], "texture": "#0"},
				"up": {"uv": [13, 11, 11, 10], "texture": "#0"},
				"down": {"uv": [2, 12, 0, 13], "texture": "#0"}
			}
		},
		{
			"from": [10, 2, 8],
			"to": [13, 3, 9],
			"rotation": {"angle": 0, "axis": "y", "origin": [8, 2, 7]},
			"faces": {
				"north": {"uv": [9, 9, 12, 10], "texture": "#0"},
				"east": {"uv": [10, 12, 11, 13], "texture": "#0"},
				"south": {"uv": [0, 10, 3, 11], "texture": "#0"},
				"west": {"uv": [11, 12, 12, 13], "texture": "#0"},
				"up": {"uv": [6, 11, 3, 10], "texture": "#0"},
				"down": {"uv": [13, 3, 10, 4], "texture": "#0"}
			}
		},
		{
			"from": [10.5, 2, 7.5],
			"to": [12.5, 3, 8],
			"rotation": {"angle": 0, "axis": "y", "origin": [8, 2, 6]},
			"faces": {
				"north": {"uv": [12, 0, 14, 1], "texture": "#0"},
				"east": {"uv": [13, 3, 14, 4], "texture": "#0"},
				"south": {"uv": [2, 12, 4, 13], "texture": "#0"},
				"west": {"uv": [4, 13, 5, 14], "texture": "#0"},
				"up": {"uv": [6, 13, 4, 12], "texture": "#0"},
				"down": {"uv": [8, 12, 6, 13], "texture": "#0"}
			}
		},
		{
			"from": [8.5, 6, 6],
			"to": [11.5, 7, 6.4],
			"rotation": {"angle": 0, "axis": "y", "origin": [7, 6, 4.4]},
			"faces": {
				"north": {"uv": [0, 8, 3, 9], "texture": "#0"},
				"east": {"uv": [8, 12, 9, 13], "texture": "#0"},
				"south": {"uv": [3, 8, 6, 9], "texture": "#0"},
				"west": {"uv": [12, 8, 13, 9], "texture": "#0"},
				"up": {"uv": [9, 9, 6, 8], "texture": "#0"},
				"down": {"uv": [11, 7, 8, 8], "texture": "#0"}
			}
		},
		{
			"from": [8, 6, 6.4],
			"to": [12, 7, 7],
			"rotation": {"angle": 0, "axis": "y", "origin": [7, 6, 5]},
			"faces": {
				"north": {"uv": [6, 3, 10, 4], "texture": "#0"},
				"east": {"uv": [13, 1, 14, 2], "texture": "#0"},
				"south": {"uv": [6, 6, 10, 7], "texture": "#0"},
				"west": {"uv": [2, 13, 3, 14], "texture": "#0"},
				"up": {"uv": [4, 8, 0, 7], "texture": "#0"},
				"down": {"uv": [8, 7, 4, 8], "texture": "#0"}
			}
		}
	],
	"display": {
		"firstperson_righthand": {
			"translation": [0, 1, 0]
		},
		"firstperson_lefthand": {
			"translation": [0, 1, 0]
		},
		"ground": {
			"translation": [0, 2.75, 0]
		},
		"gui": {
			"rotation": [-152.75, 3, -180]
		},
		"head": {
			"rotation": [180, -88.75, 180],
			"translation": [8, 0, 0]
		},
		"fixed": {
			"translation": [0, 7.75, -2.5],
			"scale": [2.61, 2.61, 2.61]
		},
		"on_shelf": {
			"rotation": [180, 2.75, 180],
			"translation": [0, 0, -3.5]
		}
	}
}
