{
	"format_version": "1.21.11",
	"credit": "Made with Blockbench",
	"textures": {
		"0": "garysinspace:item/sunglasses",
		"particle": "garysinspace:item/sunglasses"
	},
	"elements": [
		{
			"from": [3.7, 4.5, 3.7],
			"to": [4, 5, 10.3],
			"faces": {
				"north": {"uv": [9, 10, 10, 11], "texture": "#0"},
				"east": {"uv": [0, 0, 7, 1], "texture": "#0"},
				"south": {"uv": [10, 9, 11, 10], "texture": "#0"},
				"west": {"uv": [0, 1, 7, 2], "texture": "#0"},
				"up": {"uv": [1, 9, 0, 2], "texture": "#0"},
				"down": {"uv": [2, 2, 1, 9], "texture": "#0"}
			}
		},
		{
			"from": [4, 4.5, 3.7],
			"to": [4.5, 5, 3.9],
			"faces": {
				"north": {"uv": [10, 10, 11, 11], "texture": "#0"},
				"east": {"uv": [0, 11, 1, 12], "texture": "#0"},
				"south": {"uv": [1, 11, 2, 12], "texture": "#0"},
				"west": {"uv": [2, 11, 3, 12], "texture": "#0"},
				"up": {"uv": [12, 3, 11, 2], "texture": "#0"},
				"down": {"uv": [4, 11, 3, 12], "texture": "#0"}
			}
		},
		{
			"from": [7.2, 4.5, 3.7],
			"to": [8.8, 5, 3.9],
			"faces": {
				"north": {"uv": [10, 6, 12, 7], "texture": "#0"},
				"east": {"uv": [0, 12, 1, 13], "texture": "#0"},
				"south": {"uv": [7, 10, 9, 11], "texture": "#0"},
				"west": {"uv": [12, 0, 13, 1], "texture": "#0"},
				"up": {"uv": [12, 8, 10, 7], "texture": "#0"},
				"down": {"uv": [12, 8, 10, 9], "texture": "#0"}
			}
		},
		{
			"from": [4.5, 3.6, 3.3],
			"to": [7.2, 5.5, 3.9],
			"faces": {
				"north": {"uv": [4, 4, 7, 6], "texture": "#0"},
				"east": {"uv": [0, 9, 1, 11], "texture": "#0"},
				"south": {"uv": [4, 6, 7, 8], "texture": "#0"},
				"west": {"uv": [1, 9, 2, 11], "texture": "#0"},
				"up": {"uv": [10, 7, 7, 6], "texture": "#0"},
				"down": {"uv": [10, 7, 7, 8], "texture": "#0"}
			}
		},
		{
			"from": [4.8, 3.2, 3.3],
			"to": [6.9, 3.6, 3.9],
			"faces": {
				"north": {"uv": [8, 9, 10, 10], "texture": "#0"},
				"east": {"uv": [11, 10, 12, 11], "texture": "#0"},
				"south": {"uv": [10, 0, 12, 1], "texture": "#0"},
				"west": {"uv": [11, 11, 12, 12], "texture": "#0"},
				"up": {"uv": [12, 2, 10, 1], "texture": "#0"},
				"down": {"uv": [6, 10, 4, 11], "texture": "#0"}
			}
		},
		{
			"from": [12, 4.5, 3.7],
			"to": [12.3, 5, 10.3],
			"rotation": {"angle": 0, "axis": "y", "origin": [16, 0, 0]},
			"faces": {
				"north": {"uv": [11, 3, 12, 4], "texture": "#0"},
				"east": {"uv": [2, 2, 9, 3], "texture": "#0"},
				"south": {"uv": [4, 11, 5, 12], "texture": "#0"},
				"west": {"uv": [2, 3, 9, 4], "texture": "#0"},
				"up": {"uv": [3, 11, 2, 4], "texture": "#0"},
				"down": {"uv": [4, 4, 3, 11], "texture": "#0"}
			}
		},
		{
			"from": [11.5, 4.5, 3.7],
			"to": [12, 5, 3.9],
			"rotation": {"angle": 0, "axis": "y", "origin": [16, 0, 0]},
			"faces": {
				"north": {"uv": [11, 4, 12, 5], "texture": "#0"},
				"east": {"uv": [5, 11, 6, 12], "texture": "#0"},
				"south": {"uv": [11, 5, 12, 6], "texture": "#0"},
				"west": {"uv": [7, 11, 8, 12], "texture": "#0"},
				"up": {"uv": [9, 12, 8, 11], "texture": "#0"},
				"down": {"uv": [10, 11, 9, 12], "texture": "#0"}
			}
		},
		{
			"from": [9.1, 3.2, 3.3],
			"to": [11.2, 3.6, 3.9],
			"rotation": {"angle": 0, "axis": "y", "origin": [16, 0, 0]},
			"faces": {
				"north": {"uv": [9, 2, 11, 3], "texture": "#0"},
				"east": {"uv": [11, 9, 12, 10], "texture": "#0"},
				"south": {"uv": [9, 3, 11, 4], "texture": "#0"},
				"west": {"uv": [10, 11, 11, 12], "texture": "#0"},
				"up": {"uv": [6, 10, 4, 9], "texture": "#0"},
				"down": {"uv": [8, 9, 6, 10], "texture": "#0"}
			}
		},
		{
			"from": [8.8, 3.6, 3.3],
			"to": [11.5, 5.5, 3.9],
			"rotation": {"angle": 0, "axis": "y", "origin": [16, 0, 0]},
			"faces": {
				"north": {"uv": [7, 0, 10, 2], "texture": "#0"},
				"east": {"uv": [10, 4, 11, 6], "texture": "#0"},
				"south": {"uv": [7, 4, 10, 6], "texture": "#0"},
				"west": {"uv": [6, 10, 7, 12], "texture": "#0"},
				"up": {"uv": [7, 9, 4, 8], "texture": "#0"},
				"down": {"uv": [10, 8, 7, 9], "texture": "#0"}
			}
		}
	],
	"display": {
		"thirdperson_righthand": {
			"translation": [-2.25, 0, 2],
			"scale": [0.7, 0.7, 0.7]
		},
		"thirdperson_lefthand": {
			"translation": [-2.25, 0, 2],
			"scale": [0.7, 0.7, 0.7]
		},
		"firstperson_righthand": {
			"translation": [0, 2.75, 2]
		},
		"firstperson_lefthand": {
			"translation": [0, 2.75, 2]
		},
		"ground": {
			"translation": [0, 2.5, 0],
			"scale": [0.7, 0.7, 0.7]
		},
		"gui": {
			"rotation": [27, 16, 0],
			"translation": [1, 4.5, 0],
			"scale": [1.1, 1.1, 1.1]
		},
		"head": {
			"translation": [0, 5.5, 1.25],
			"scale": [1.83, 1.83, 1.83]
		},
		"fixed": {
			"translation": [1.25, 9, 7.5],
			"scale": [1.53, 1.53, 1.53]
		}
	},
	"groups": [
		{
			"name": "group",
			"origin": [0, 0, 0],
			"color": 0,
			"children": []
		},
		0,
		1,
		2,
		3,
		4,
		5,
		6,
		7,
		8
	]
}
