{
	"credit": "Made with Blockbench",
	"texture_size": [32, 32],
	"textures": {
		"0": "blobstern:item/m4",
		"particle": "blobstern:item/m4"
	},
	"elements": [
		{
			"from": [-3, 7, 7],
			"to": [2, 8, 8],
			"rotation": {"angle": -45, "axis": "x", "origin": [-4.25, 9, 7]},
			"faces": {
				"north": {"uv": [3, 6, 5.5, 6.5], "texture": "#0"},
				"east": {"uv": [7.5, 6, 8, 6.5], "texture": "#0"},
				"south": {"uv": [6, 4, 8.5, 4.5], "texture": "#0"},
				"west": {"uv": [0, 10, 0.5, 10.5], "texture": "#0"},
				"up": {"uv": [8.5, 5, 6, 4.5], "texture": "#0"},
				"down": {"uv": [8.5, 5, 6, 5.5], "texture": "#0"}
			}
		},
		{
			"from": [2.25, 7.5, 7.65],
			"to": [7.75, 9, 9.15],
			"rotation": {"angle": 0, "axis": "y", "origin": [1.5, 7.75, 6.9]},
			"faces": {
				"north": {"uv": [0, 0, 3, 1], "texture": "#0"},
				"east": {"uv": [0, 7, 1, 8], "texture": "#0"},
				"south": {"uv": [0, 1, 3, 2], "texture": "#0"},
				"west": {"uv": [1, 7, 2, 8], "texture": "#0"},
				"up": {"uv": [3, 3, 0, 2], "texture": "#0"},
				"down": {"uv": [3, 3, 0, 4], "texture": "#0"}
			}
		},
		{
			"from": [8.25, 6.75, 7.65],
			"to": [13.5, 9, 9.15],
			"rotation": {"angle": 0, "axis": "y", "origin": [8.25, 7.75, 6.9]},
			"faces": {
				"north": {"uv": [3, 0, 5.5, 1], "texture": "#0"},
				"east": {"uv": [2, 7, 3, 8], "texture": "#0"},
				"south": {"uv": [3, 1, 5.5, 2], "texture": "#0"},
				"west": {"uv": [3, 7, 4, 8], "texture": "#0"},
				"up": {"uv": [5.5, 3, 3, 2], "texture": "#0"},
				"down": {"uv": [5.5, 3, 3, 4], "texture": "#0"}
			}
		},
		{
			"from": [8.25, 6, 7.65],
			"to": [10.25, 6.75, 9.15],
			"rotation": {"angle": 0, "axis": "y", "origin": [8.25, 5.5, 6.9]},
			"faces": {
				"north": {"uv": [0.5, 9, 1.5, 9.5], "texture": "#0"},
				"east": {"uv": [9, 1, 10, 1.5], "texture": "#0"},
				"south": {"uv": [1.5, 9, 2.5, 9.5], "texture": "#0"},
				"west": {"uv": [9, 1.5, 10, 2], "texture": "#0"},
				"up": {"uv": [7, 8, 6, 7], "texture": "#0"},
				"down": {"uv": [8, 6.5, 7, 7.5], "texture": "#0"}
			}
		},
		{
			"from": [8.35, 4.25, 7.9],
			"to": [10.15, 6, 8.9],
			"rotation": {"angle": 0, "axis": "y", "origin": [8.25, 4.75, 6.9]},
			"faces": {
				"north": {"uv": [6, 8, 7, 9], "texture": "#0"},
				"east": {"uv": [0.5, 9.5, 1, 10.5], "texture": "#0"},
				"south": {"uv": [8, 6.5, 9, 7.5], "texture": "#0"},
				"west": {"uv": [1, 9.5, 1.5, 10.5], "texture": "#0"},
				"up": {"uv": [10.5, 1, 9.5, 0.5], "texture": "#0"},
				"down": {"uv": [2.5, 9.5, 1.5, 10], "texture": "#0"}
			}
		},
		{
			"from": [8.3, 3.75, 7.9],
			"to": [10.1, 4.25, 8.9],
			"rotation": {"angle": 0, "axis": "y", "origin": [8.2, 3, 6.9]},
			"faces": {
				"north": {"uv": [2.5, 9.5, 3.5, 10], "texture": "#0"},
				"east": {"uv": [10, 11, 10.5, 11.5], "texture": "#0"},
				"south": {"uv": [3.5, 9.5, 4.5, 10], "texture": "#0"},
				"west": {"uv": [11, 10, 11.5, 10.5], "texture": "#0"},
				"up": {"uv": [5.5, 10, 4.5, 9.5], "texture": "#0"},
				"down": {"uv": [10.5, 4.5, 9.5, 5], "texture": "#0"}
			}
		},
		{
			"from": [8.2, 3.55, 7.9],
			"to": [10, 3.75, 8.9],
			"rotation": {"angle": 0, "axis": "y", "origin": [8.1, 2.5, 6.9]},
			"faces": {
				"north": {"uv": [9.5, 5, 10.5, 5.5], "texture": "#0"},
				"east": {"uv": [10.5, 11, 11, 11.5], "texture": "#0"},
				"south": {"uv": [5.5, 9.5, 6.5, 10], "texture": "#0"},
				"west": {"uv": [11, 10.5, 11.5, 11], "texture": "#0"},
				"up": {"uv": [10.5, 6.5, 9.5, 6], "texture": "#0"},
				"down": {"uv": [10.5, 6.5, 9.5, 7], "texture": "#0"}
			}
		},
		{
			"from": [11.4, 6, 7.65],
			"to": [12.9, 6.75, 9.15],
			"rotation": {"angle": 0, "axis": "y", "origin": [11.25, 5.5, 6.9]},
			"faces": {
				"north": {"uv": [9, 7, 10, 7.5], "texture": "#0"},
				"east": {"uv": [7.5, 9, 8.5, 9.5], "texture": "#0"},
				"south": {"uv": [8.5, 9, 9.5, 9.5], "texture": "#0"},
				"west": {"uv": [9.5, 0, 10.5, 0.5], "texture": "#0"},
				"up": {"uv": [8, 8.5, 7, 7.5], "texture": "#0"},
				"down": {"uv": [1, 8, 0, 9], "texture": "#0"}
			}
		},
		{
			"from": [10.9, 6.25, 7.85],
			"to": [11.4, 6.75, 8.95],
			"rotation": {"angle": 0, "axis": "y", "origin": [10, 5.5, 6.9]},
			"faces": {
				"north": {"uv": [8.5, 11, 9, 11.5], "texture": "#0"},
				"east": {"uv": [11, 8.5, 11.5, 9], "texture": "#0"},
				"south": {"uv": [9, 11, 9.5, 11.5], "texture": "#0"},
				"west": {"uv": [11, 9, 11.5, 9.5], "texture": "#0"},
				"up": {"uv": [10, 11.5, 9.5, 11], "texture": "#0"},
				"down": {"uv": [11.5, 9.5, 11, 10], "texture": "#0"}
			}
		},
		{
			"from": [10.25, 6, 7.75],
			"to": [11.4, 6.05, 9.05],
			"rotation": {"angle": 0, "axis": "y", "origin": [10, 5.5, 6.9]},
			"faces": {
				"north": {"uv": [7, 11, 7.5, 11.5], "texture": "#0"},
				"east": {"uv": [11, 7, 11.5, 7.5], "texture": "#0"},
				"south": {"uv": [7.5, 11, 8, 11.5], "texture": "#0"},
				"west": {"uv": [11, 7.5, 11.5, 8], "texture": "#0"},
				"up": {"uv": [8.5, 11.5, 8, 11], "texture": "#0"},
				"down": {"uv": [11.5, 8, 11, 8.5], "texture": "#0"}
			}
		},
		{
			"from": [11.9, 4.1, 7.65],
			"to": [13.4, 6.05, 9.15],
			"rotation": {"angle": 22.5, "axis": "z", "origin": [11.75, 4.8, 6.9]},
			"faces": {
				"north": {"uv": [1, 8, 2, 9], "texture": "#0"},
				"east": {"uv": [2, 8, 3, 9], "texture": "#0"},
				"south": {"uv": [3, 8, 4, 9], "texture": "#0"},
				"west": {"uv": [4, 8, 5, 9], "texture": "#0"},
				"up": {"uv": [6, 9, 5, 8], "texture": "#0"},
				"down": {"uv": [9, 5.5, 8, 6.5], "texture": "#0"}
			}
		},
		{
			"from": [8.15, 6, 7.65],
			"to": [8.25, 6.15, 9.15],
			"rotation": {"angle": 0, "axis": "y", "origin": [8.15, 5.5, 6.9]},
			"faces": {
				"north": {"uv": [3.5, 11, 4, 11.5], "texture": "#0"},
				"east": {"uv": [5.5, 9, 6.5, 9.5], "texture": "#0"},
				"south": {"uv": [11, 3.5, 11.5, 4], "texture": "#0"},
				"west": {"uv": [9, 5.5, 10, 6], "texture": "#0"},
				"up": {"uv": [9.5, 7, 9, 6], "texture": "#0"},
				"down": {"uv": [7, 9, 6.5, 10], "texture": "#0"}
			}
		},
		{
			"from": [8.2, 6, 9.15],
			"to": [8.25, 6.15, 9.2],
			"rotation": {"angle": 0, "axis": "y", "origin": [8.15, 5.5, 8.4]},
			"faces": {
				"north": {"uv": [4, 11, 4.5, 11.5], "texture": "#0"},
				"east": {"uv": [11, 4, 11.5, 4.5], "texture": "#0"},
				"south": {"uv": [4.5, 11, 5, 11.5], "texture": "#0"},
				"west": {"uv": [11, 4.5, 11.5, 5], "texture": "#0"},
				"up": {"uv": [5.5, 11.5, 5, 11], "texture": "#0"},
				"down": {"uv": [11.5, 5, 11, 5.5], "texture": "#0"}
			}
		},
		{
			"from": [8.2, 6, 7.6],
			"to": [8.25, 6.15, 7.65],
			"rotation": {"angle": 0, "axis": "y", "origin": [8.15, 5.5, 6.85]},
			"faces": {
				"north": {"uv": [5.5, 11, 6, 11.5], "texture": "#0"},
				"east": {"uv": [11, 5.5, 11.5, 6], "texture": "#0"},
				"south": {"uv": [6, 11, 6.5, 11.5], "texture": "#0"},
				"west": {"uv": [11, 6, 11.5, 6.5], "texture": "#0"},
				"up": {"uv": [7, 11.5, 6.5, 11], "texture": "#0"},
				"down": {"uv": [11.5, 6.5, 11, 7], "texture": "#0"}
			}
		},
		{
			"from": [8.25, 6, 7.55],
			"to": [10.25, 6.15, 7.65],
			"rotation": {"angle": 0, "axis": "y", "origin": [8.25, 5.5, 5.4]},
			"faces": {
				"north": {"uv": [9, 2, 10, 2.5], "texture": "#0"},
				"east": {"uv": [2.5, 11, 3, 11.5], "texture": "#0"},
				"south": {"uv": [2.5, 9, 3.5, 9.5], "texture": "#0"},
				"west": {"uv": [11, 2.5, 11.5, 3], "texture": "#0"},
				"up": {"uv": [10, 3, 9, 2.5], "texture": "#0"},
				"down": {"uv": [10, 3, 9, 3.5], "texture": "#0"}
			}
		},
		{
			"from": [8.25, 6, 9.15],
			"to": [10.25, 6.15, 9.25],
			"rotation": {"angle": 0, "axis": "y", "origin": [8.25, 5.5, 7]},
			"faces": {
				"north": {"uv": [3.5, 9, 4.5, 9.5], "texture": "#0"},
				"east": {"uv": [3, 11, 3.5, 11.5], "texture": "#0"},
				"south": {"uv": [9, 3.5, 10, 4], "texture": "#0"},
				"west": {"uv": [11, 3, 11.5, 3.5], "texture": "#0"},
				"up": {"uv": [10, 4.5, 9, 4], "texture": "#0"},
				"down": {"uv": [5.5, 9, 4.5, 9.5], "texture": "#0"}
			}
		},
		{
			"from": [13.5, 7.6, 7.85],
			"to": [14.5, 8.75, 8.95],
			"rotation": {"angle": 0, "axis": "y", "origin": [13.5, 7.5, 6.95]},
			"faces": {
				"north": {"uv": [10.5, 8, 11, 8.5], "texture": "#0"},
				"east": {"uv": [8.5, 10.5, 9, 11], "texture": "#0"},
				"south": {"uv": [10.5, 8.5, 11, 9], "texture": "#0"},
				"west": {"uv": [9, 10.5, 9.5, 11], "texture": "#0"},
				"up": {"uv": [11, 9.5, 10.5, 9], "texture": "#0"},
				"down": {"uv": [10, 10.5, 9.5, 11], "texture": "#0"}
			}
		},
		{
			"from": [15.75, 6.85, 7.85],
			"to": [18.5, 8.75, 8.95],
			"rotation": {"angle": 0, "axis": "y", "origin": [15.75, 7.5, 6.95]},
			"faces": {
				"north": {"uv": [0, 6, 1.5, 7], "texture": "#0"},
				"east": {"uv": [0, 9, 0.5, 10], "texture": "#0"},
				"south": {"uv": [1.5, 6, 3, 7], "texture": "#0"},
				"west": {"uv": [9, 0, 9.5, 1], "texture": "#0"},
				"up": {"uv": [9.5, 8, 8, 7.5], "texture": "#0"},
				"down": {"uv": [9.5, 8, 8, 8.5], "texture": "#0"}
			}
		},
		{
			"from": [17.05, 6.05, 7.85],
			"to": [18.5, 6.85, 8.95],
			"rotation": {"angle": 0, "axis": "y", "origin": [15.75, 5.6, 6.95]},
			"faces": {
				"north": {"uv": [0.5, 11, 1, 11.5], "texture": "#0"},
				"east": {"uv": [11, 0.5, 11.5, 1], "texture": "#0"},
				"south": {"uv": [1, 11, 1.5, 11.5], "texture": "#0"},
				"west": {"uv": [11, 1, 11.5, 1.5], "texture": "#0"},
				"up": {"uv": [2, 11.5, 1.5, 11], "texture": "#0"},
				"down": {"uv": [11.5, 1.5, 11, 2], "texture": "#0"}
			}
		},
		{
			"from": [18.5, 5.95, 7.75],
			"to": [19.5, 8.85, 9.05],
			"rotation": {"angle": 0, "axis": "y", "origin": [16.75, 7.5, 6.95]},
			"faces": {
				"north": {"uv": [8.5, 0, 9, 1.5], "texture": "#0"},
				"east": {"uv": [8.5, 1.5, 9, 3], "texture": "#0"},
				"south": {"uv": [8.5, 3, 9, 4.5], "texture": "#0"},
				"west": {"uv": [7, 8.5, 7.5, 10], "texture": "#0"},
				"up": {"uv": [2.5, 11.5, 2, 11], "texture": "#0"},
				"down": {"uv": [11.5, 2, 11, 2.5], "texture": "#0"}
			}
		},
		{
			"from": [14.5, 7.7, 7.95],
			"to": [15.75, 8.65, 8.85],
			"rotation": {"angle": 0, "axis": "y", "origin": [14.5, 7.5, 6.95]},
			"faces": {
				"north": {"uv": [10.5, 9.5, 11, 10], "texture": "#0"},
				"east": {"uv": [10, 10.5, 10.5, 11], "texture": "#0"},
				"south": {"uv": [10.5, 10, 11, 10.5], "texture": "#0"},
				"west": {"uv": [10.5, 10.5, 11, 11], "texture": "#0"},
				"up": {"uv": [0.5, 11.5, 0, 11], "texture": "#0"},
				"down": {"uv": [11.5, 0, 11, 0.5], "texture": "#0"}
			}
		},
		{
			"from": [8.5, 9, 7.9],
			"to": [9.25, 9.45, 8.9],
			"rotation": {"angle": 0, "axis": "y", "origin": [8.25, 10.25, 6.9]},
			"faces": {
				"north": {"uv": [0.5, 10.5, 1, 11], "texture": "#0"},
				"east": {"uv": [10.5, 0.5, 11, 1], "texture": "#0"},
				"south": {"uv": [1, 10.5, 1.5, 11], "texture": "#0"},
				"west": {"uv": [1.5, 10.5, 2, 11], "texture": "#0"},
				"up": {"uv": [11, 2, 10.5, 1.5], "texture": "#0"},
				"down": {"uv": [2.5, 10.5, 2, 11], "texture": "#0"}
			}
		},
		{
			"from": [12, 9, 7.9],
			"to": [13.35, 9.45, 8.9],
			"rotation": {"angle": 0, "axis": "y", "origin": [11.25, 10.25, 6.9]},
			"faces": {
				"north": {"uv": [10.5, 2, 11, 2.5], "texture": "#0"},
				"east": {"uv": [2.5, 10.5, 3, 11], "texture": "#0"},
				"south": {"uv": [10.5, 2.5, 11, 3], "texture": "#0"},
				"west": {"uv": [3, 10.5, 3.5, 11], "texture": "#0"},
				"up": {"uv": [11, 3.5, 10.5, 3], "texture": "#0"},
				"down": {"uv": [4, 10.5, 3.5, 11], "texture": "#0"}
			}
		},
		{
			"from": [13.35, 9, 7.7],
			"to": [13.85, 9.45, 9.1],
			"rotation": {"angle": 0, "axis": "y", "origin": [11.25, 10.25, 6.9]},
			"faces": {
				"north": {"uv": [10.5, 5, 11, 5.5], "texture": "#0"},
				"east": {"uv": [5.5, 10.5, 6, 11], "texture": "#0"},
				"south": {"uv": [10.5, 5.5, 11, 6], "texture": "#0"},
				"west": {"uv": [6, 10.5, 6.5, 11], "texture": "#0"},
				"up": {"uv": [11, 6.5, 10.5, 6], "texture": "#0"},
				"down": {"uv": [7, 10.5, 6.5, 11], "texture": "#0"}
			}
		},
		{
			"from": [11.5, 9, 7.95],
			"to": [12, 9.4, 8.85],
			"rotation": {"angle": 0, "axis": "y", "origin": [10.75, 10.25, 6.9]},
			"faces": {
				"north": {"uv": [10.5, 3.5, 11, 4], "texture": "#0"},
				"east": {"uv": [4, 10.5, 4.5, 11], "texture": "#0"},
				"south": {"uv": [10.5, 4, 11, 4.5], "texture": "#0"},
				"west": {"uv": [4.5, 10.5, 5, 11], "texture": "#0"},
				"up": {"uv": [11, 5, 10.5, 4.5], "texture": "#0"},
				"down": {"uv": [5.5, 10.5, 5, 11], "texture": "#0"}
			}
		},
		{
			"from": [9.25, 9, 7.65],
			"to": [11.5, 9.7, 9.15],
			"rotation": {"angle": 0, "axis": "y", "origin": [9, 10.25, 6.9]},
			"faces": {
				"north": {"uv": [8.5, 4.5, 9.5, 5], "texture": "#0"},
				"east": {"uv": [8.5, 5, 9.5, 5.5], "texture": "#0"},
				"south": {"uv": [7.5, 8.5, 8.5, 9], "texture": "#0"},
				"west": {"uv": [8.5, 8.5, 9.5, 9], "texture": "#0"},
				"up": {"uv": [5, 8, 4, 7], "texture": "#0"},
				"down": {"uv": [6, 7, 5, 8], "texture": "#0"}
			}
		},
		{
			"from": [9.25, 9.7, 8.85],
			"to": [10.1, 10.4, 8.95],
			"rotation": {"angle": 0, "axis": "y", "origin": [9, 10.95, 8.1]},
			"faces": {
				"north": {"uv": [11.5, 2, 12, 2.5], "texture": "#0"},
				"east": {"uv": [2.5, 11.5, 3, 12], "texture": "#0"},
				"south": {"uv": [11.5, 2.5, 12, 3], "texture": "#0"},
				"west": {"uv": [3, 11.5, 3.5, 12], "texture": "#0"},
				"up": {"uv": [12, 3.5, 11.5, 3], "texture": "#0"},
				"down": {"uv": [4, 11.5, 3.5, 12], "texture": "#0"}
			}
		},
		{
			"from": [9.65, 10, 8.35],
			"to": [9.75, 10.1, 8.45],
			"rotation": {"angle": 0, "axis": "y", "origin": [9.1, 10.95, 7.9]},
			"faces": {
				"north": {"uv": [11.5, 8, 12, 8.5], "texture": "#0"},
				"east": {"uv": [8.5, 11.5, 9, 12], "texture": "#0"},
				"south": {"uv": [11.5, 8.5, 12, 9], "texture": "#0"},
				"west": {"uv": [9, 11.5, 9.5, 12], "texture": "#0"},
				"up": {"uv": [12, 9.5, 11.5, 9], "texture": "#0"},
				"down": {"uv": [10, 11.5, 9.5, 12], "texture": "#0"}
			}
		},
		{
			"from": [9.25, 9.7, 7.85],
			"to": [10.1, 10.4, 7.95],
			"rotation": {"angle": 0, "axis": "y", "origin": [9, 10.95, 7.1]},
			"faces": {
				"north": {"uv": [11.5, 3.5, 12, 4], "texture": "#0"},
				"east": {"uv": [4, 11.5, 4.5, 12], "texture": "#0"},
				"south": {"uv": [11.5, 4, 12, 4.5], "texture": "#0"},
				"west": {"uv": [4.5, 11.5, 5, 12], "texture": "#0"},
				"up": {"uv": [12, 5, 11.5, 4.5], "texture": "#0"},
				"down": {"uv": [5.5, 11.5, 5, 12], "texture": "#0"}
			}
		},
		{
			"from": [9.25, 10.4, 7.85],
			"to": [10.1, 10.5, 8.95],
			"rotation": {"angle": 0, "axis": "y", "origin": [9, 11.65, 7.1]},
			"faces": {
				"north": {"uv": [11.5, 5, 12, 5.5], "texture": "#0"},
				"east": {"uv": [5.5, 11.5, 6, 12], "texture": "#0"},
				"south": {"uv": [11.5, 5.5, 12, 6], "texture": "#0"},
				"west": {"uv": [6, 11.5, 6.5, 12], "texture": "#0"},
				"up": {"uv": [12, 6.5, 11.5, 6], "texture": "#0"},
				"down": {"uv": [7, 11.5, 6.5, 12], "texture": "#0"}
			}
		},
		{
			"from": [7.75, 7.55, 7.7],
			"to": [8, 8.95, 9.1],
			"rotation": {"angle": 0, "axis": "y", "origin": [7.75, 7.75, 6.9]},
			"faces": {
				"north": {"uv": [6, 10, 6.5, 10.5], "texture": "#0"},
				"east": {"uv": [6.5, 10, 7, 10.5], "texture": "#0"},
				"south": {"uv": [7, 10, 7.5, 10.5], "texture": "#0"},
				"west": {"uv": [10, 7, 10.5, 7.5], "texture": "#0"},
				"up": {"uv": [8, 10.5, 7.5, 10], "texture": "#0"},
				"down": {"uv": [8.5, 10, 8, 10.5], "texture": "#0"}
			}
		},
		{
			"from": [8, 7.6, 7.85],
			"to": [8.25, 8.8, 8.95],
			"rotation": {"angle": 0, "axis": "y", "origin": [8, 7.75, 6.9]},
			"faces": {
				"north": {"uv": [10.5, 6.5, 11, 7], "texture": "#0"},
				"east": {"uv": [7, 10.5, 7.5, 11], "texture": "#0"},
				"south": {"uv": [10.5, 7, 11, 7.5], "texture": "#0"},
				"west": {"uv": [7.5, 10.5, 8, 11], "texture": "#0"},
				"up": {"uv": [11, 8, 10.5, 7.5], "texture": "#0"},
				"down": {"uv": [8.5, 10.5, 8, 11], "texture": "#0"}
			}
		},
		{
			"from": [2, 7.55, 7.7],
			"to": [2.25, 8.95, 9.1],
			"rotation": {"angle": 0, "axis": "y", "origin": [2, 7.75, 6.9]},
			"faces": {
				"north": {"uv": [8.5, 10, 9, 10.5], "texture": "#0"},
				"east": {"uv": [9, 10, 9.5, 10.5], "texture": "#0"},
				"south": {"uv": [9.5, 10, 10, 10.5], "texture": "#0"},
				"west": {"uv": [10, 10, 10.5, 10.5], "texture": "#0"},
				"up": {"uv": [0.5, 11, 0, 10.5], "texture": "#0"},
				"down": {"uv": [11, 0, 10.5, 0.5], "texture": "#0"}
			}
		},
		{
			"from": [2.25, 7.75, 7.2],
			"to": [7.75, 8.75, 7.65],
			"rotation": {"angle": 0, "axis": "y", "origin": [1.5, 7.75, 5.4]},
			"faces": {
				"north": {"uv": [5.5, 0.5, 8.5, 1], "texture": "#0"},
				"east": {"uv": [4.5, 10, 5, 10.5], "texture": "#0"},
				"south": {"uv": [5.5, 1, 8.5, 1.5], "texture": "#0"},
				"west": {"uv": [5, 10, 5.5, 10.5], "texture": "#0"},
				"up": {"uv": [8.5, 2, 5.5, 1.5], "texture": "#0"},
				"down": {"uv": [8.5, 2, 5.5, 2.5], "texture": "#0"}
			}
		},
		{
			"from": [2.25, 7.75, 9.15],
			"to": [7.75, 8.75, 9.6],
			"rotation": {"angle": 0, "axis": "y", "origin": [1.5, 7.75, 7.4]},
			"faces": {
				"north": {"uv": [5.5, 2.5, 8.5, 3], "texture": "#0"},
				"east": {"uv": [5.5, 10, 6, 10.5], "texture": "#0"},
				"south": {"uv": [3, 5.5, 6, 6], "texture": "#0"},
				"west": {"uv": [10, 5.5, 10.5, 6], "texture": "#0"},
				"up": {"uv": [8.5, 3.5, 5.5, 3], "texture": "#0"},
				"down": {"uv": [8.5, 3.5, 5.5, 4], "texture": "#0"}
			}
		},
		{
			"from": [2.25, 9, 7.9],
			"to": [7.75, 9.45, 8.9],
			"rotation": {"angle": 0, "axis": "y", "origin": [1.5, 9.25, 6.9]},
			"faces": {
				"north": {"uv": [0, 4, 3, 4.5], "texture": "#0"},
				"east": {"uv": [3.5, 10, 4, 10.5], "texture": "#0"},
				"south": {"uv": [3, 4, 6, 4.5], "texture": "#0"},
				"west": {"uv": [10, 3.5, 10.5, 4], "texture": "#0"},
				"up": {"uv": [3, 5, 0, 4.5], "texture": "#0"},
				"down": {"uv": [6, 4.5, 3, 5], "texture": "#0"}
			}
		},
		{
			"from": [2.25, 7.05, 7.9],
			"to": [7.75, 7.5, 8.9],
			"rotation": {"angle": 0, "axis": "y", "origin": [1.5, 7.25, 6.9]},
			"faces": {
				"north": {"uv": [0, 5, 3, 5.5], "texture": "#0"},
				"east": {"uv": [4, 10, 4.5, 10.5], "texture": "#0"},
				"south": {"uv": [3, 5, 6, 5.5], "texture": "#0"},
				"west": {"uv": [10, 4, 10.5, 4.5], "texture": "#0"},
				"up": {"uv": [3, 6, 0, 5.5], "texture": "#0"},
				"down": {"uv": [8.5, 0, 5.5, 0.5], "texture": "#0"}
			}
		},
		{
			"from": [-7, 6.85, 6.85],
			"to": [-3, 8.15, 8.15],
			"rotation": {"angle": -45, "axis": "x", "origin": [-7, 9, 7]},
			"faces": {
				"north": {"uv": [5.5, 6, 7.5, 6.5], "texture": "#0"},
				"east": {"uv": [1.5, 10, 2, 10.5], "texture": "#0"},
				"south": {"uv": [6, 5.5, 8, 6], "texture": "#0"},
				"west": {"uv": [10, 1.5, 10.5, 2], "texture": "#0"},
				"up": {"uv": [5, 7, 3, 6.5], "texture": "#0"},
				"down": {"uv": [7, 6.5, 5, 7], "texture": "#0"}
			}
		},
		{
			"from": [0.5, 6.85, 6.85],
			"to": [1.5, 8.15, 8.15],
			"rotation": {"angle": -45, "axis": "x", "origin": [0.75, 9, 7]},
			"faces": {
				"north": {"uv": [2, 10, 2.5, 10.5], "texture": "#0"},
				"east": {"uv": [10, 2, 10.5, 2.5], "texture": "#0"},
				"south": {"uv": [2.5, 10, 3, 10.5], "texture": "#0"},
				"west": {"uv": [10, 2.5, 10.5, 3], "texture": "#0"},
				"up": {"uv": [3.5, 10.5, 3, 10], "texture": "#0"},
				"down": {"uv": [10.5, 3, 10, 3.5], "texture": "#0"}
			}
		},
		{
			"from": [10.35, 7.85, 7.7],
			"to": [12.35, 8.6, 8.45],
			"rotation": {"angle": 22.5, "axis": "y", "origin": [10.6, 7.6, 6.45]},
			"faces": {
				"north": {"uv": [7.5, 9.5, 8.5, 10], "texture": "#0"},
				"east": {"uv": [11, 11, 11.5, 11.5], "texture": "#0"},
				"south": {"uv": [9.5, 7.5, 10.5, 8], "texture": "#0"},
				"west": {"uv": [0, 11.5, 0.5, 12], "texture": "#0"},
				"up": {"uv": [10.5, 8.5, 9.5, 8], "texture": "#0"},
				"down": {"uv": [9.5, 9.5, 8.5, 10], "texture": "#0"}
			}
		},
		{
			"from": [8.6, 7.85, 7.45],
			"to": [10.6, 8.6, 7.7],
			"rotation": {"angle": 0, "axis": "y", "origin": [8.85, 7.6, 5.7]},
			"faces": {
				"north": {"uv": [9.5, 8.5, 10.5, 9], "texture": "#0"},
				"east": {"uv": [11.5, 1.5, 12, 2], "texture": "#0"},
				"south": {"uv": [9.5, 9, 10.5, 9.5], "texture": "#0"},
				"west": {"uv": [2, 11.5, 2.5, 12], "texture": "#0"},
				"up": {"uv": [10.5, 10, 9.5, 9.5], "texture": "#0"},
				"down": {"uv": [11, 1, 10, 1.5], "texture": "#0"}
			}
		},
		{
			"from": [12.35, 8, 7.85],
			"to": [12.6, 8.45, 8.3],
			"rotation": {"angle": 22.5, "axis": "y", "origin": [10.6, 7.6, 6.45]},
			"faces": {
				"north": {"uv": [11.5, 0, 12, 0.5], "texture": "#0"},
				"east": {"uv": [0.5, 11.5, 1, 12], "texture": "#0"},
				"south": {"uv": [11.5, 0.5, 12, 1], "texture": "#0"},
				"west": {"uv": [1, 11.5, 1.5, 12], "texture": "#0"},
				"up": {"uv": [12, 1.5, 11.5, 1], "texture": "#0"},
				"down": {"uv": [2, 11.5, 1.5, 12], "texture": "#0"}
			}
		}
	],
	"display": {
		"thirdperson_righthand": {
			"rotation": [92.85, -90, 96.64],
			"translation": [0, 1.25, 0],
			"scale": [0.71648, 0.95883, 0.79328]
		},
		"thirdperson_lefthand": {
			"rotation": [0, 90, 0],
			"translation": [-0.5, 1.5, 0],
			"scale": [0.72266, 0.72266, 0.73828]
		},
		"firstperson_righthand": {
			"rotation": [0, -81.75, 0],
			"translation": [-8.88, 6.26, 1]
		},
		"firstperson_lefthand": {
			"rotation": [180, 79, -180],
			"translation": [-9.77, 6.25, 1]
		},
		"ground": {
			"scale": [0.66211, 0.8457, 0.80273]
		},
		"gui": {
			"rotation": [174.4, -6.65, 138.75],
			"translation": [-0.75, -0.25, 0],
			"scale": [0.74609, 0.80859, 0.66]
		},
		"fixed": {
			"translation": [1.25, 0, -1.75],
			"scale": [1.10156, 1.08789, 1.22852]
		}
	}
}