{
	"format_version": "1.21.6",
	"credit": "Made with Blockbench",
	"texture_size": [64, 64],
	"textures": {
		"0": "blobstern:item/mousedroid",
		"particle": "blobstern:item/mousedroid"
	},
	"elements": [
		{
			"from": [4.5, 2.5, 2.5],
			"to": [10.5, 3, 13.5],
			"rotation": {"angle": 0, "axis": "y", "origin": [9, 2.5, 6]},
			"faces": {
				"north": {"uv": [8, 4.5, 9.5, 4.75], "texture": "#0"},
				"east": {"uv": [2, 8, 4.75, 8.25], "texture": "#0"},
				"south": {"uv": [8, 4.75, 9.5, 5], "texture": "#0"},
				"west": {"uv": [8, 2, 10.75, 2.25], "texture": "#0"},
				"up": {"uv": [5, 2.75, 3.5, 0], "texture": "#0"},
				"down": {"uv": [5, 2.75, 3.5, 5.5], "texture": "#0"}
			}
		},
		{
			"from": [4, 2, 2],
			"to": [11, 2.5, 14],
			"rotation": {"angle": 0, "axis": "y", "origin": [9, 2, 6]},
			"faces": {
				"north": {"uv": [8, 3.5, 9.75, 3.75], "texture": "#0"},
				"east": {"uv": [2, 7.25, 5, 7.5], "texture": "#0"},
				"south": {"uv": [8, 3.75, 9.75, 4], "texture": "#0"},
				"west": {"uv": [2, 7.5, 5, 7.75], "texture": "#0"},
				"up": {"uv": [1.75, 3, 0, 0], "texture": "#0"},
				"down": {"uv": [3.5, 0, 1.75, 3], "texture": "#0"}
			}
		},
		{
			"from": [4.5, 0.5, 3.6],
			"to": [10.5, 2, 12.4],
			"rotation": {"angle": 0, "axis": "y", "origin": [9, 0.5, 5.6]},
			"faces": {
				"north": {"uv": [8, 1, 9.5, 1.5], "texture": "#0"},
				"east": {"uv": [6.5, 5, 8.75, 5.5], "texture": "#0"},
				"south": {"uv": [8, 1.5, 9.5, 2], "texture": "#0"},
				"west": {"uv": [6.5, 5.5, 8.75, 6], "texture": "#0"},
				"up": {"uv": [6.5, 2.25, 5, 0], "texture": "#0"},
				"down": {"uv": [6.5, 2.25, 5, 4.5], "texture": "#0"}
			}
		},
		{
			"from": [4, 3, 2],
			"to": [11, 3.5, 14],
			"rotation": {"angle": 0, "axis": "y", "origin": [9, 3, 6]},
			"faces": {
				"north": {"uv": [8, 4, 9.75, 4.25], "texture": "#0"},
				"east": {"uv": [2, 7.75, 5, 8], "texture": "#0"},
				"south": {"uv": [8, 4.25, 9.75, 4.5], "texture": "#0"},
				"west": {"uv": [7.75, 6, 10.75, 6.25], "texture": "#0"},
				"up": {"uv": [1.75, 6, 0, 3], "texture": "#0"},
				"down": {"uv": [3.5, 3, 1.75, 6], "texture": "#0"}
			}
		},
		{
			"from": [4.5, 3.5, 5],
			"to": [10.5, 7, 12],
			"rotation": {"angle": 0, "axis": "y", "origin": [9, 3.5, 6]},
			"faces": {
				"north": {"uv": [6.5, 1, 8, 2], "texture": "#0"},
				"east": {"uv": [5, 6.25, 6.75, 7.25], "texture": "#0"},
				"south": {"uv": [6.5, 2, 8, 3], "texture": "#0"},
				"west": {"uv": [6.5, 0, 8.25, 1], "texture": "#0"},
				"up": {"uv": [6.5, 6.25, 5, 4.5], "texture": "#0"},
				"down": {"uv": [5, 5.5, 3.5, 7.25], "texture": "#0"}
			}
		},
		{
			"from": [4.3, 3.5, 6.5],
			"to": [4.5, 7, 10.5],
			"rotation": {"angle": 0, "axis": "y", "origin": [3, 3.5, 6]},
			"faces": {
				"north": {"uv": [4, 8.25, 4.25, 9.25], "texture": "#0"},
				"east": {"uv": [6.75, 6, 7.75, 7], "texture": "#0"},
				"south": {"uv": [4.25, 8.25, 4.5, 9.25], "texture": "#0"},
				"west": {"uv": [6.75, 7, 7.75, 8], "texture": "#0"},
				"up": {"uv": [4.75, 9.25, 4.5, 8.25], "texture": "#0"},
				"down": {"uv": [6.25, 8.5, 6, 9.5], "texture": "#0"}
			}
		},
		{
			"from": [10.5, 3.5, 6.5],
			"to": [10.7, 7, 10.5],
			"rotation": {"angle": 0, "axis": "y", "origin": [9.2, 3.5, 6]},
			"faces": {
				"north": {"uv": [6.25, 8.5, 6.5, 9.5], "texture": "#0"},
				"east": {"uv": [0, 7.25, 1, 8.25], "texture": "#0"},
				"south": {"uv": [6.5, 8.5, 6.75, 9.5], "texture": "#0"},
				"west": {"uv": [1, 7.25, 2, 8.25], "texture": "#0"},
				"up": {"uv": [7, 9.5, 6.75, 8.5], "texture": "#0"},
				"down": {"uv": [7.25, 8.5, 7, 9.5], "texture": "#0"}
			}
		},
		{
			"from": [5.5, 7, 5.75],
			"to": [9.5, 7.25, 6.25],
			"rotation": {"angle": 0, "axis": "y", "origin": [9, 7, 6.75]},
			"faces": {
				"north": {"uv": [6.75, 8, 7.75, 8.25], "texture": "#0"},
				"east": {"uv": [8.75, 5.5, 9, 5.75], "texture": "#0"},
				"south": {"uv": [3, 8.25, 4, 8.5], "texture": "#0"},
				"west": {"uv": [5.75, 8.75, 6, 9], "texture": "#0"},
				"up": {"uv": [6, 8.5, 5, 8.25], "texture": "#0"},
				"down": {"uv": [7, 8.25, 6, 8.5], "texture": "#0"}
			}
		},
		{
			"from": [5.5, 7.5, 10.75],
			"to": [9.5, 7.75, 11.25],
			"rotation": {"angle": 0, "axis": "y", "origin": [9, 7.5, 11.75]},
			"faces": {
				"north": {"uv": [2, 8.5, 3, 8.75], "texture": "#0"},
				"east": {"uv": [8.5, 8.75, 8.75, 9], "texture": "#0"},
				"south": {"uv": [8.5, 2.25, 9.5, 2.5], "texture": "#0"},
				"west": {"uv": [8.75, 8.5, 9, 8.75], "texture": "#0"},
				"up": {"uv": [9.5, 2.75, 8.5, 2.5], "texture": "#0"},
				"down": {"uv": [9.5, 2.75, 8.5, 3], "texture": "#0"}
			}
		},
		{
			"from": [6, 7.25, 10.75],
			"to": [6.5, 7.5, 11.25],
			"rotation": {"angle": 0, "axis": "y", "origin": [9.5, 7.25, 11.75]},
			"faces": {
				"north": {"uv": [8.75, 8.75, 9, 9], "texture": "#0"},
				"east": {"uv": [0, 9, 0.25, 9.25], "texture": "#0"},
				"south": {"uv": [0.25, 9, 0.5, 9.25], "texture": "#0"},
				"west": {"uv": [0.5, 9, 0.75, 9.25], "texture": "#0"},
				"up": {"uv": [1, 9.25, 0.75, 9], "texture": "#0"},
				"down": {"uv": [1.25, 9, 1, 9.25], "texture": "#0"}
			}
		},
		{
			"from": [8.5, 7.25, 10.75],
			"to": [9, 7.5, 11.25],
			"rotation": {"angle": 0, "axis": "y", "origin": [12, 7.25, 11.75]},
			"faces": {
				"north": {"uv": [1.25, 9, 1.5, 9.25], "texture": "#0"},
				"east": {"uv": [1.5, 9, 1.75, 9.25], "texture": "#0"},
				"south": {"uv": [1.75, 9, 2, 9.25], "texture": "#0"},
				"west": {"uv": [2, 9, 2.25, 9.25], "texture": "#0"},
				"up": {"uv": [2.5, 9.25, 2.25, 9], "texture": "#0"},
				"down": {"uv": [2.75, 9, 2.5, 9.25], "texture": "#0"}
			}
		},
		{
			"from": [8.5, 7.25, 5.75],
			"to": [9, 7.5, 6.25],
			"rotation": {"angle": 0, "axis": "y", "origin": [12, 7.25, 6.75]},
			"faces": {
				"north": {"uv": [5.25, 9, 5.5, 9.25], "texture": "#0"},
				"east": {"uv": [9, 5.25, 9.25, 5.5], "texture": "#0"},
				"south": {"uv": [5.5, 9, 5.75, 9.25], "texture": "#0"},
				"west": {"uv": [9, 5.5, 9.25, 5.75], "texture": "#0"},
				"up": {"uv": [6, 9.25, 5.75, 9], "texture": "#0"},
				"down": {"uv": [9.25, 5.75, 9, 6], "texture": "#0"}
			}
		},
		{
			"from": [5.5, 7.5, 5.75],
			"to": [9.5, 7.75, 6.25],
			"rotation": {"angle": 0, "axis": "y", "origin": [9, 7.5, 6.75]},
			"faces": {
				"north": {"uv": [3, 8.5, 4, 8.75], "texture": "#0"},
				"east": {"uv": [5, 9, 5.25, 9.25], "texture": "#0"},
				"south": {"uv": [8.5, 3, 9.5, 3.25], "texture": "#0"},
				"west": {"uv": [9, 5, 9.25, 5.25], "texture": "#0"},
				"up": {"uv": [9.5, 3.5, 8.5, 3.25], "texture": "#0"},
				"down": {"uv": [6, 8.5, 5, 8.75], "texture": "#0"}
			}
		},
		{
			"from": [6, 7.25, 5.75],
			"to": [6.5, 7.5, 6.25],
			"rotation": {"angle": 0, "axis": "y", "origin": [9.5, 7.25, 6.75]},
			"faces": {
				"north": {"uv": [2.75, 9, 3, 9.25], "texture": "#0"},
				"east": {"uv": [3, 9, 3.25, 9.25], "texture": "#0"},
				"south": {"uv": [3.25, 9, 3.5, 9.25], "texture": "#0"},
				"west": {"uv": [3.5, 9, 3.75, 9.25], "texture": "#0"},
				"up": {"uv": [4, 9.25, 3.75, 9], "texture": "#0"},
				"down": {"uv": [5, 9, 4.75, 9.25], "texture": "#0"}
			}
		},
		{
			"from": [5.5, 7, 10.75],
			"to": [9.5, 7.25, 11.25],
			"rotation": {"angle": 0, "axis": "y", "origin": [9, 7, 11.75]},
			"faces": {
				"north": {"uv": [7, 8.25, 8, 8.5], "texture": "#0"},
				"east": {"uv": [8.75, 5.75, 9, 6], "texture": "#0"},
				"south": {"uv": [8, 8.25, 9, 8.5], "texture": "#0"},
				"west": {"uv": [8.25, 8.75, 8.5, 9], "texture": "#0"},
				"up": {"uv": [1, 8.75, 0, 8.5], "texture": "#0"},
				"down": {"uv": [2, 8.5, 1, 8.75], "texture": "#0"}
			}
		},
		{
			"from": [4.5, 3.5, 11.9],
			"to": [10.5, 7.1, 12.9],
			"rotation": {"angle": -14, "axis": "x", "origin": [9, 3.5, 12.9]},
			"faces": {
				"north": {"uv": [6.5, 3, 8, 4], "texture": "#0"},
				"east": {"uv": [6.5, 7.25, 6.75, 8.25], "texture": "#0"},
				"south": {"uv": [6.5, 4, 8, 5], "texture": "#0"},
				"west": {"uv": [4.75, 8, 5, 9], "texture": "#0"},
				"up": {"uv": [1.5, 8.5, 0, 8.25], "texture": "#0"},
				"down": {"uv": [9.75, 0, 8.25, 0.25], "texture": "#0"}
			}
		},
		{
			"from": [4.5, 0.8, 10.4],
			"to": [10.5, 2.7, 11.4],
			"rotation": {"angle": 36, "axis": "x", "origin": [9, -0.9, 11.4]},
			"faces": {
				"north": {"uv": [7.75, 6.25, 9.25, 6.75], "texture": "#0"},
				"east": {"uv": [7.25, 8.5, 7.5, 9], "texture": "#0"},
				"south": {"uv": [7.75, 6.75, 9.25, 7.25], "texture": "#0"},
				"west": {"uv": [7.5, 8.5, 7.75, 9], "texture": "#0"},
				"up": {"uv": [9.75, 0.5, 8.25, 0.25], "texture": "#0"},
				"down": {"uv": [9.75, 0.5, 8.25, 0.75], "texture": "#0"}
			}
		},
		{
			"from": [4.5, 0.8, 4.6],
			"to": [10.5, 2.7, 5.6],
			"rotation": {"angle": -36, "axis": "x", "origin": [9, -0.9, 4.6]},
			"faces": {
				"north": {"uv": [7.75, 7.25, 9.25, 7.75], "texture": "#0"},
				"east": {"uv": [7.75, 8.5, 8, 9], "texture": "#0"},
				"south": {"uv": [7.75, 7.75, 9.25, 8.25], "texture": "#0"},
				"west": {"uv": [8, 8.5, 8.25, 9], "texture": "#0"},
				"up": {"uv": [9.75, 1, 8.25, 0.75], "texture": "#0"},
				"down": {"uv": [3, 8.25, 1.5, 8.5], "texture": "#0"}
			}
		},
		{
			"from": [4.5, 2.5, 2.9],
			"to": [10.5, 7, 5],
			"rotation": {"angle": 33.5, "axis": "x", "origin": [9, 3.5, 3.9]},
			"faces": {
				"north": {"uv": [0, 6, 1.5, 7.25], "texture": "#0"},
				"east": {"uv": [3, 6, 3.5, 7.25], "texture": "#0"},
				"south": {"uv": [1.5, 6, 3, 7.25], "texture": "#0"},
				"west": {"uv": [8, 2.25, 8.5, 3.5], "texture": "#0"},
				"up": {"uv": [6.5, 7.75, 5, 7.25], "texture": "#0"},
				"down": {"uv": [6.5, 7.75, 5, 8.25], "texture": "#0"}
			}
		},
		{
			"from": [4, 0, 4.5],
			"to": [5, 1.25, 5.75],
			"rotation": {"angle": 0, "axis": "y", "origin": [3, 0, 4.5]},
			"faces": {
				"north": {"uv": [6.5, 6, 6.75, 6.25], "texture": "#0"},
				"east": {"uv": [8.25, 8.5, 8.5, 8.75], "texture": "#0"},
				"south": {"uv": [8.5, 8.5, 8.75, 8.75], "texture": "#0"},
				"west": {"uv": [0, 8.75, 0.25, 9], "texture": "#0"},
				"up": {"uv": [0.5, 9, 0.25, 8.75], "texture": "#0"},
				"down": {"uv": [0.75, 8.75, 0.5, 9], "texture": "#0"}
			}
		},
		{
			"from": [10, 0, 4.5],
			"to": [11, 1.25, 5.75],
			"rotation": {"angle": 0, "axis": "y", "origin": [3, 0, 4.5]},
			"faces": {
				"north": {"uv": [3.75, 8.75, 4, 9], "texture": "#0"},
				"east": {"uv": [5, 8.75, 5.25, 9], "texture": "#0"},
				"south": {"uv": [8.75, 5, 9, 5.25], "texture": "#0"},
				"west": {"uv": [5.25, 8.75, 5.5, 9], "texture": "#0"},
				"up": {"uv": [9, 5.5, 8.75, 5.25], "texture": "#0"},
				"down": {"uv": [5.75, 8.75, 5.5, 9], "texture": "#0"}
			}
		},
		{
			"from": [4, 0, 10.25],
			"to": [5, 1.25, 11.5],
			"rotation": {"angle": 0, "axis": "y", "origin": [3, 0, 10.25]},
			"faces": {
				"north": {"uv": [0.75, 8.75, 1, 9], "texture": "#0"},
				"east": {"uv": [1, 8.75, 1.25, 9], "texture": "#0"},
				"south": {"uv": [1.25, 8.75, 1.5, 9], "texture": "#0"},
				"west": {"uv": [1.5, 8.75, 1.75, 9], "texture": "#0"},
				"up": {"uv": [2, 9, 1.75, 8.75], "texture": "#0"},
				"down": {"uv": [2.25, 8.75, 2, 9], "texture": "#0"}
			}
		},
		{
			"from": [10, 0, 10.25],
			"to": [11, 1.25, 11.5],
			"rotation": {"angle": 0, "axis": "y", "origin": [3, 0, 10.25]},
			"faces": {
				"north": {"uv": [2.25, 8.75, 2.5, 9], "texture": "#0"},
				"east": {"uv": [2.5, 8.75, 2.75, 9], "texture": "#0"},
				"south": {"uv": [2.75, 8.75, 3, 9], "texture": "#0"},
				"west": {"uv": [3, 8.75, 3.25, 9], "texture": "#0"},
				"up": {"uv": [3.5, 9, 3.25, 8.75], "texture": "#0"},
				"down": {"uv": [3.75, 8.75, 3.5, 9], "texture": "#0"}
			}
		}
	]
}
