{
	"credit": "Made with Blockbench",
	"texture_size": [64, 64],
	"textures": {
		"0": "blobstern:item/pistol",
		"particle": "blobstern:item/pistol"
	},
	"elements": [
		{
			"from": [7.25, 8.25, 14.7],
			"to": [8.8, 10.9, 19.6],
			"rotation": {"angle": 0, "axis": "y", "origin": [7, 9, 17.6]},
			"faces": {
				"north": {"uv": [6, 0.75, 6.5, 1.5], "texture": "#0"},
				"east": {"uv": [3.75, 4, 5, 4.75], "texture": "#0"},
				"south": {"uv": [6.5, 0.75, 7, 1.5], "texture": "#0"},
				"west": {"uv": [4.25, 2, 5.5, 2.75], "texture": "#0"},
				"up": {"uv": [6, 1.5, 5.5, 0.25], "texture": "#0"},
				"down": {"uv": [2, 5.5, 1.5, 6.75], "texture": "#0"}
			}
		},
		{
			"from": [7.25, 8.25, 19.6],
			"to": [8.8, 9.6, 19.7],
			"rotation": {"angle": 0, "axis": "y", "origin": [7, 9, 17.7]},
			"faces": {
				"north": {"uv": [9, 8.5, 9.5, 8.75], "texture": "#0"},
				"east": {"uv": [6.25, 11, 6.5, 11.25], "texture": "#0"},
				"south": {"uv": [9, 9, 9.5, 9.25], "texture": "#0"},
				"west": {"uv": [11, 6.25, 11.25, 6.5], "texture": "#0"},
				"up": {"uv": [0.5, 9.5, 0, 9.25], "texture": "#0"},
				"down": {"uv": [1.25, 9.25, 0.75, 9.5], "texture": "#0"}
			}
		},
		{
			"from": [7.25, 10.4, 19.6],
			"to": [8.8, 10.9, 19.7],
			"rotation": {"angle": 0, "axis": "y", "origin": [7, 10.35, 17.7]},
			"faces": {
				"north": {"uv": [1.25, 9.25, 1.75, 9.5], "texture": "#0"},
				"east": {"uv": [6.5, 11, 6.75, 11.25], "texture": "#0"},
				"south": {"uv": [9.25, 1.5, 9.75, 1.75], "texture": "#0"},
				"west": {"uv": [11, 6.5, 11.25, 6.75], "texture": "#0"},
				"up": {"uv": [2.25, 9.5, 1.75, 9.25], "texture": "#0"},
				"down": {"uv": [9.75, 1.75, 9.25, 2], "texture": "#0"}
			}
		},
		{
			"from": [7.25, 9.5, 19.6],
			"to": [7.6, 10.4, 19.7],
			"rotation": {"angle": 0, "axis": "y", "origin": [7, 9.8, 17.7]},
			"faces": {
				"north": {"uv": [8.25, 11, 8.5, 11.25], "texture": "#0"},
				"east": {"uv": [11, 8.25, 11.25, 8.5], "texture": "#0"},
				"south": {"uv": [8.5, 11, 8.75, 11.25], "texture": "#0"},
				"west": {"uv": [11, 8.5, 11.25, 8.75], "texture": "#0"},
				"up": {"uv": [9, 11.25, 8.75, 11], "texture": "#0"},
				"down": {"uv": [11.25, 8.75, 11, 9], "texture": "#0"}
			}
		},
		{
			"from": [8.45, 9.6, 19.6],
			"to": [8.8, 10.4, 19.7],
			"rotation": {"angle": 0, "axis": "y", "origin": [8.2, 9.8, 17.7]},
			"faces": {
				"north": {"uv": [7.5, 11, 7.75, 11.25], "texture": "#0"},
				"east": {"uv": [11, 7.5, 11.25, 7.75], "texture": "#0"},
				"south": {"uv": [7.75, 11, 8, 11.25], "texture": "#0"},
				"west": {"uv": [11, 7.75, 11.25, 8], "texture": "#0"},
				"up": {"uv": [8.25, 11.25, 8, 11], "texture": "#0"},
				"down": {"uv": [11.25, 8, 11, 8.25], "texture": "#0"}
			}
		},
		{
			"from": [8.5, 8, 14.7],
			"to": [8.65, 8.25, 19.3],
			"rotation": {"angle": 0, "axis": "y", "origin": [7.95, 6.35, 17.4]},
			"faces": {
				"north": {"uv": [9.25, 2.25, 9.5, 2.5], "texture": "#0"},
				"east": {"uv": [5.5, 2.5, 6.75, 2.75], "texture": "#0"},
				"south": {"uv": [2.5, 9.25, 2.75, 9.5], "texture": "#0"},
				"west": {"uv": [7, 0.75, 8.25, 1], "texture": "#0"},
				"up": {"uv": [2.75, 8.25, 2.5, 7], "texture": "#0"},
				"down": {"uv": [3, 7, 2.75, 8.25], "texture": "#0"}
			}
		},
		{
			"from": [8.8, 8.75, 16.4],
			"to": [8.95, 9, 19.3],
			"rotation": {"angle": 0, "axis": "y", "origin": [8.25, 7.1, 17.4]},
			"faces": {
				"north": {"uv": [9.25, 2.5, 9.5, 2.75], "texture": "#0"},
				"east": {"uv": [7.75, 3, 8.5, 3.25], "texture": "#0"},
				"south": {"uv": [2.75, 9.25, 3, 9.5], "texture": "#0"},
				"west": {"uv": [4, 7.75, 4.75, 8], "texture": "#0"},
				"up": {"uv": [8, 4.75, 7.75, 4], "texture": "#0"},
				"down": {"uv": [5, 7.75, 4.75, 8.5], "texture": "#0"}
			}
		},
		{
			"from": [7.1, 8.75, 16.4],
			"to": [7.25, 9, 19.3],
			"rotation": {"angle": 0, "axis": "y", "origin": [6.55, 7.1, 17.4]},
			"faces": {
				"north": {"uv": [9.25, 3, 9.5, 3.25], "texture": "#0"},
				"east": {"uv": [7.75, 6, 8.5, 6.25], "texture": "#0"},
				"south": {"uv": [9.25, 3.25, 9.5, 3.5], "texture": "#0"},
				"west": {"uv": [7.75, 6.25, 8.5, 6.5], "texture": "#0"},
				"up": {"uv": [5.25, 8.5, 5, 7.75], "texture": "#0"},
				"down": {"uv": [8, 6.5, 7.75, 7.25], "texture": "#0"}
			}
		},
		{
			"from": [7.15, 8.75, 14.7],
			"to": [7.25, 9, 16.4],
			"rotation": {"angle": 0, "axis": "y", "origin": [6.6, 7.1, 14]},
			"faces": {
				"north": {"uv": [3.5, 9.25, 3.75, 9.5], "texture": "#0"},
				"east": {"uv": [8.25, 5.75, 8.75, 6], "texture": "#0"},
				"south": {"uv": [3.75, 9.25, 4, 9.5], "texture": "#0"},
				"west": {"uv": [8.25, 8.25, 8.75, 8.5], "texture": "#0"},
				"up": {"uv": [8.75, 0.75, 8.5, 0.25], "texture": "#0"},
				"down": {"uv": [0.75, 8.5, 0.5, 9], "texture": "#0"}
			}
		},
		{
			"from": [8.8, 8.75, 14.7],
			"to": [8.9, 9, 16.4],
			"rotation": {"angle": 0, "axis": "y", "origin": [8.25, 7.1, 14]},
			"faces": {
				"north": {"uv": [4, 9.25, 4.25, 9.5], "texture": "#0"},
				"east": {"uv": [0.75, 8.5, 1.25, 8.75], "texture": "#0"},
				"south": {"uv": [9.25, 4, 9.5, 4.25], "texture": "#0"},
				"west": {"uv": [8.5, 1.25, 9, 1.5], "texture": "#0"},
				"up": {"uv": [8.75, 2, 8.5, 1.5], "texture": "#0"},
				"down": {"uv": [2.25, 8.5, 2, 9], "texture": "#0"}
			}
		},
		{
			"from": [8.8, 8.5, 14.7],
			"to": [8.9, 8.75, 15.8],
			"rotation": {"angle": 0, "axis": "y", "origin": [8.25, 6.85, 14]},
			"faces": {
				"north": {"uv": [4.25, 9.25, 4.5, 9.5], "texture": "#0"},
				"east": {"uv": [9.25, 4.25, 9.5, 4.5], "texture": "#0"},
				"south": {"uv": [4.5, 9.25, 4.75, 9.5], "texture": "#0"},
				"west": {"uv": [9.25, 4.5, 9.5, 4.75], "texture": "#0"},
				"up": {"uv": [5, 9.5, 4.75, 9.25], "texture": "#0"},
				"down": {"uv": [9.5, 4.75, 9.25, 5], "texture": "#0"}
			}
		},
		{
			"from": [7.15, 8.5, 14.7],
			"to": [7.25, 8.75, 15.8],
			"rotation": {"angle": 0, "axis": "y", "origin": [6.6, 6.85, 14]},
			"faces": {
				"north": {"uv": [5, 9.25, 5.25, 9.5], "texture": "#0"},
				"east": {"uv": [5.25, 9.25, 5.5, 9.5], "texture": "#0"},
				"south": {"uv": [9.25, 5.25, 9.5, 5.5], "texture": "#0"},
				"west": {"uv": [5.5, 9.25, 5.75, 9.5], "texture": "#0"},
				"up": {"uv": [9.5, 6, 9.25, 5.75], "texture": "#0"},
				"down": {"uv": [9.5, 6, 9.25, 6.25], "texture": "#0"}
			}
		},
		{
			"from": [8.9, 8.9, 14.7],
			"to": [9, 9, 16.4],
			"rotation": {"angle": 0, "axis": "y", "origin": [8.35, 7.1, 14]},
			"faces": {
				"north": {"uv": [6.25, 9.25, 6.5, 9.5], "texture": "#0"},
				"east": {"uv": [8.5, 3, 9, 3.25], "texture": "#0"},
				"south": {"uv": [9.25, 6.25, 9.5, 6.5], "texture": "#0"},
				"west": {"uv": [8.5, 3.25, 9, 3.5], "texture": "#0"},
				"up": {"uv": [2.5, 9, 2.25, 8.5], "texture": "#0"},
				"down": {"uv": [8.75, 3.5, 8.5, 4], "texture": "#0"}
			}
		},
		{
			"from": [7.05, 8.9, 14.7],
			"to": [7.15, 9, 16.4],
			"rotation": {"angle": 0, "axis": "y", "origin": [6.5, 7.1, 14]},
			"faces": {
				"north": {"uv": [6.5, 9.25, 6.75, 9.5], "texture": "#0"},
				"east": {"uv": [4.75, 8.5, 5.25, 8.75], "texture": "#0"},
				"south": {"uv": [6.75, 9.25, 7, 9.5], "texture": "#0"},
				"west": {"uv": [8.5, 6, 9, 6.25], "texture": "#0"},
				"up": {"uv": [8.75, 6.75, 8.5, 6.25], "texture": "#0"},
				"down": {"uv": [8.75, 6.75, 8.5, 7.25], "texture": "#0"}
			}
		},
		{
			"from": [7.4, 8, 14.7],
			"to": [7.55, 8.25, 19.3],
			"rotation": {"angle": 0, "axis": "y", "origin": [6.85, 6.35, 17.4]},
			"faces": {
				"north": {"uv": [9.25, 6.75, 9.5, 7], "texture": "#0"},
				"east": {"uv": [7, 1, 8.25, 1.25], "texture": "#0"},
				"south": {"uv": [7, 9.25, 7.25, 9.5], "texture": "#0"},
				"west": {"uv": [7, 1.25, 8.25, 1.5], "texture": "#0"},
				"up": {"uv": [7.25, 4, 7, 2.75], "texture": "#0"},
				"down": {"uv": [6, 7, 5.75, 8.25], "texture": "#0"}
			}
		},
		{
			"from": [7.55, 7.7, 14.7],
			"to": [8.5, 8.25, 19.3],
			"rotation": {"angle": 0, "axis": "y", "origin": [7, 6.35, 17.4]},
			"faces": {
				"north": {"uv": [9.25, 7, 9.5, 7.25], "texture": "#0"},
				"east": {"uv": [7, 1.5, 8.25, 1.75], "texture": "#0"},
				"south": {"uv": [9.25, 7.25, 9.5, 7.5], "texture": "#0"},
				"west": {"uv": [7, 1.75, 8.25, 2], "texture": "#0"},
				"up": {"uv": [6.25, 8.25, 6, 7], "texture": "#0"},
				"down": {"uv": [6.5, 7, 6.25, 8.25], "texture": "#0"}
			}
		},
		{
			"from": [7.65, 7.9, 19.3],
			"to": [8.4, 8.25, 19.5],
			"rotation": {"angle": 0, "axis": "y", "origin": [7, 6.35, 25.3]},
			"faces": {
				"north": {"uv": [7.5, 9.25, 7.75, 9.5], "texture": "#0"},
				"east": {"uv": [9.25, 7.5, 9.5, 7.75], "texture": "#0"},
				"south": {"uv": [9.25, 7.75, 9.5, 8], "texture": "#0"},
				"west": {"uv": [8, 9.25, 8.25, 9.5], "texture": "#0"},
				"up": {"uv": [8.5, 9.5, 8.25, 9.25], "texture": "#0"},
				"down": {"uv": [8.75, 9.25, 8.5, 9.5], "texture": "#0"}
			}
		},
		{
			"from": [7.25, 10.9, 14.7],
			"to": [8.8, 11.2, 19.5],
			"rotation": {"angle": 0, "axis": "y", "origin": [7, 11.1, 17.5]},
			"faces": {
				"north": {"uv": [8.5, 7.5, 9, 7.75], "texture": "#0"},
				"east": {"uv": [7, 5.5, 8.25, 5.75], "texture": "#0"},
				"south": {"uv": [8.5, 7.75, 9, 8], "texture": "#0"},
				"west": {"uv": [7, 5.75, 8.25, 6], "texture": "#0"},
				"up": {"uv": [5.25, 6.75, 4.75, 5.5], "texture": "#0"},
				"down": {"uv": [5.75, 5.5, 5.25, 6.75], "texture": "#0"}
			}
		},
		{
			"from": [7.85, 11.2, 18.6],
			"to": [8.2, 11.6, 19.2],
			"rotation": {"angle": 0, "axis": "y", "origin": [7, 11.4, 17.2]},
			"faces": {
				"north": {"uv": [8.75, 9.25, 9, 9.5], "texture": "#0"},
				"east": {"uv": [9.25, 8.75, 9.5, 9], "texture": "#0"},
				"south": {"uv": [9, 9.25, 9.25, 9.5], "texture": "#0"},
				"west": {"uv": [9.25, 9.25, 9.5, 9.5], "texture": "#0"},
				"up": {"uv": [0.25, 9.75, 0, 9.5], "texture": "#0"},
				"down": {"uv": [9.75, 0, 9.5, 0.25], "texture": "#0"}
			}
		},
		{
			"from": [8.2, 11.2, 4.3],
			"to": [8.55, 11.5, 4.9],
			"rotation": {"angle": 0, "axis": "y", "origin": [7.35, 11.4, 2.9]},
			"faces": {
				"north": {"uv": [0.25, 9.5, 0.5, 9.75], "texture": "#0"},
				"east": {"uv": [9.5, 0.25, 9.75, 0.5], "texture": "#0"},
				"south": {"uv": [0.5, 9.5, 0.75, 9.75], "texture": "#0"},
				"west": {"uv": [9.5, 0.5, 9.75, 0.75], "texture": "#0"},
				"up": {"uv": [1, 9.75, 0.75, 9.5], "texture": "#0"},
				"down": {"uv": [9.75, 0.75, 9.5, 1], "texture": "#0"}
			}
		},
		{
			"from": [7.85, 11.2, 4.3],
			"to": [8.2, 11.3, 4.9],
			"rotation": {"angle": 0, "axis": "y", "origin": [7, 11.4, 2.9]},
			"faces": {
				"north": {"uv": [1, 9.5, 1.25, 9.75], "texture": "#0"},
				"east": {"uv": [9.5, 1, 9.75, 1.25], "texture": "#0"},
				"south": {"uv": [1.25, 9.5, 1.5, 9.75], "texture": "#0"},
				"west": {"uv": [9.5, 1.25, 9.75, 1.5], "texture": "#0"},
				"up": {"uv": [1.75, 9.75, 1.5, 9.5], "texture": "#0"},
				"down": {"uv": [2, 9.5, 1.75, 9.75], "texture": "#0"}
			}
		},
		{
			"from": [7.5, 11.2, 4.3],
			"to": [7.85, 11.5, 4.9],
			"rotation": {"angle": 0, "axis": "y", "origin": [6.65, 11.4, 2.9]},
			"faces": {
				"north": {"uv": [2, 9.5, 2.25, 9.75], "texture": "#0"},
				"east": {"uv": [9.5, 2, 9.75, 2.25], "texture": "#0"},
				"south": {"uv": [2.25, 9.5, 2.5, 9.75], "texture": "#0"},
				"west": {"uv": [9.5, 2.25, 9.75, 2.5], "texture": "#0"},
				"up": {"uv": [2.75, 9.75, 2.5, 9.5], "texture": "#0"},
				"down": {"uv": [9.75, 2.5, 9.5, 2.75], "texture": "#0"}
			}
		},
		{
			"from": [8.8, 9, 14.7],
			"to": [9.25, 10.9, 19.5],
			"rotation": {"angle": 0, "axis": "y", "origin": [8.55, 9, 17.5]},
			"faces": {
				"north": {"uv": [7.25, 8.5, 7.5, 9], "texture": "#0"},
				"east": {"uv": [5.5, 2, 6.75, 2.5], "texture": "#0"},
				"south": {"uv": [8.25, 8.5, 8.5, 9], "texture": "#0"},
				"west": {"uv": [5.75, 1.5, 7, 2], "texture": "#0"},
				"up": {"uv": [6.75, 8.25, 6.5, 7], "texture": "#0"},
				"down": {"uv": [7.5, 2, 7.25, 3.25], "texture": "#0"}
			}
		},
		{
			"from": [8.8, 10.9, 14.7],
			"to": [9, 11.05, 19.5],
			"rotation": {"angle": 0, "axis": "y", "origin": [8.55, 11.1, 17.5]},
			"faces": {
				"north": {"uv": [2.75, 9.5, 3, 9.75], "texture": "#0"},
				"east": {"uv": [7.25, 0.25, 8.5, 0.5], "texture": "#0"},
				"south": {"uv": [9.5, 2.75, 9.75, 3], "texture": "#0"},
				"west": {"uv": [7.25, 0.5, 8.5, 0.75], "texture": "#0"},
				"up": {"uv": [7.5, 7.25, 7.25, 6], "texture": "#0"},
				"down": {"uv": [7.5, 7.25, 7.25, 8.5], "texture": "#0"}
			}
		},
		{
			"from": [7.05, 10.9, 14.7],
			"to": [7.25, 11.05, 19.5],
			"rotation": {"angle": 0, "axis": "y", "origin": [6.8, 11.1, 17.5]},
			"faces": {
				"north": {"uv": [3, 9.5, 3.25, 9.75], "texture": "#0"},
				"east": {"uv": [7.25, 3.25, 8.5, 3.5], "texture": "#0"},
				"south": {"uv": [9.5, 3, 9.75, 3.25], "texture": "#0"},
				"west": {"uv": [7.25, 3.5, 8.5, 3.75], "texture": "#0"},
				"up": {"uv": [1.75, 8.75, 1.5, 7.5], "texture": "#0"},
				"down": {"uv": [2, 7.5, 1.75, 8.75], "texture": "#0"}
			}
		},
		{
			"from": [6.8, 9, 14.7],
			"to": [7.25, 10.9, 19.5],
			"rotation": {"angle": 0, "axis": "y", "origin": [5.45, 9, 17.5]},
			"faces": {
				"north": {"uv": [8.5, 8.5, 8.75, 9], "texture": "#0"},
				"east": {"uv": [5.75, 5.5, 7, 6], "texture": "#0"},
				"south": {"uv": [8.75, 0.25, 9, 0.75], "texture": "#0"},
				"west": {"uv": [6, 0.25, 7.25, 0.75], "texture": "#0"},
				"up": {"uv": [7.75, 3.25, 7.5, 2], "texture": "#0"},
				"down": {"uv": [4, 7.5, 3.75, 8.75], "texture": "#0"}
			}
		},
		{
			"from": [7.15, 7.95, 3.9],
			"to": [8.9, 10.8, 14.7],
			"rotation": {"angle": 0, "axis": "y", "origin": [7, 9, 12.8]},
			"faces": {
				"north": {"uv": [1.5, 6.75, 2, 7.5], "texture": "#0"},
				"east": {"uv": [0, 0, 2.75, 0.75], "texture": "#0"},
				"south": {"uv": [6.75, 2, 7.25, 2.75], "texture": "#0"},
				"west": {"uv": [0, 0.75, 2.75, 1.5], "texture": "#0"},
				"up": {"uv": [2.5, 4.25, 2, 1.5], "texture": "#0"},
				"down": {"uv": [3, 1.5, 2.5, 4.25], "texture": "#0"}
			}
		},
		{
			"from": [7.25, 8.05, 3.1],
			"to": [8.8, 9.7, 3.3],
			"rotation": {"angle": 0, "axis": "y", "origin": [7, 9, 2]},
			"faces": {
				"north": {"uv": [0, 7.75, 0.5, 8.25], "texture": "#0"},
				"east": {"uv": [0.75, 8.75, 1, 9.25], "texture": "#0"},
				"south": {"uv": [0.5, 7.75, 1, 8.25], "texture": "#0"},
				"west": {"uv": [1, 8.75, 1.25, 9.25], "texture": "#0"},
				"up": {"uv": [9, 8.25, 8.5, 8], "texture": "#0"},
				"down": {"uv": [2, 8.75, 1.5, 9], "texture": "#0"}
			}
		},
		{
			"from": [7.55, 8.15, 2.8],
			"to": [8.6, 8.8, 3.1],
			"rotation": {"angle": 0, "axis": "y", "origin": [7, 9, 1.2]},
			"faces": {
				"north": {"uv": [3.25, 9.5, 3.5, 9.75], "texture": "#0"},
				"east": {"uv": [9.5, 3.25, 9.75, 3.5], "texture": "#0"},
				"south": {"uv": [3.5, 9.5, 3.75, 9.75], "texture": "#0"},
				"west": {"uv": [9.5, 3.5, 9.75, 3.75], "texture": "#0"},
				"up": {"uv": [4, 9.75, 3.75, 9.5], "texture": "#0"},
				"down": {"uv": [9.75, 3.75, 9.5, 4], "texture": "#0"}
			}
		},
		{
			"from": [7.55, 8.8, 3],
			"to": [8.6, 9.35, 3.1],
			"rotation": {"angle": 0, "axis": "y", "origin": [7, 9.65, 1.2]},
			"faces": {
				"north": {"uv": [4, 9.5, 4.25, 9.75], "texture": "#0"},
				"east": {"uv": [9.5, 4, 9.75, 4.25], "texture": "#0"},
				"south": {"uv": [4.25, 9.5, 4.5, 9.75], "texture": "#0"},
				"west": {"uv": [9.5, 4.25, 9.75, 4.5], "texture": "#0"},
				"up": {"uv": [4.75, 9.75, 4.5, 9.5], "texture": "#0"},
				"down": {"uv": [9.75, 4.5, 9.5, 4.75], "texture": "#0"}
			}
		},
		{
			"from": [7.3, 9.7, 3.2],
			"to": [7.8, 10.05, 3.3],
			"rotation": {"angle": 0, "axis": "y", "origin": [6.25, 10.55, 1.4]},
			"faces": {
				"north": {"uv": [4.75, 9.5, 5, 9.75], "texture": "#0"},
				"east": {"uv": [9.5, 4.75, 9.75, 5], "texture": "#0"},
				"south": {"uv": [5, 9.5, 5.25, 9.75], "texture": "#0"},
				"west": {"uv": [9.5, 5, 9.75, 5.25], "texture": "#0"},
				"up": {"uv": [5.5, 9.75, 5.25, 9.5], "texture": "#0"},
				"down": {"uv": [9.75, 5.25, 9.5, 5.5], "texture": "#0"}
			}
		},
		{
			"from": [8.25, 9.7, 3.2],
			"to": [8.75, 10.05, 3.3],
			"rotation": {"angle": 0, "axis": "y", "origin": [7.2, 10.55, 1.4]},
			"faces": {
				"north": {"uv": [5.5, 9.5, 5.75, 9.75], "texture": "#0"},
				"east": {"uv": [9.5, 5.5, 9.75, 5.75], "texture": "#0"},
				"south": {"uv": [5.75, 9.5, 6, 9.75], "texture": "#0"},
				"west": {"uv": [9.5, 5.75, 9.75, 6], "texture": "#0"},
				"up": {"uv": [6.25, 9.75, 6, 9.5], "texture": "#0"},
				"down": {"uv": [9.75, 6, 9.5, 6.25], "texture": "#0"}
			}
		},
		{
			"from": [7.3, 10.35, 3.5],
			"to": [7.8, 10.6, 3.6],
			"rotation": {"angle": 0, "axis": "y", "origin": [6.25, 11.2, 1.7]},
			"faces": {
				"north": {"uv": [6.25, 9.5, 6.5, 9.75], "texture": "#0"},
				"east": {"uv": [9.5, 6.25, 9.75, 6.5], "texture": "#0"},
				"south": {"uv": [6.5, 9.5, 6.75, 9.75], "texture": "#0"},
				"west": {"uv": [9.5, 6.5, 9.75, 6.75], "texture": "#0"},
				"up": {"uv": [7, 9.75, 6.75, 9.5], "texture": "#0"},
				"down": {"uv": [9.75, 6.75, 9.5, 7], "texture": "#0"}
			}
		},
		{
			"from": [8.25, 10.35, 3.5],
			"to": [8.75, 10.6, 3.6],
			"rotation": {"angle": 0, "axis": "y", "origin": [7.2, 11.2, 1.7]},
			"faces": {
				"north": {"uv": [7, 9.5, 7.25, 9.75], "texture": "#0"},
				"east": {"uv": [9.5, 7, 9.75, 7.25], "texture": "#0"},
				"south": {"uv": [7.25, 9.5, 7.5, 9.75], "texture": "#0"},
				"west": {"uv": [9.5, 7.25, 9.75, 7.5], "texture": "#0"},
				"up": {"uv": [7.75, 9.75, 7.5, 9.5], "texture": "#0"},
				"down": {"uv": [9.75, 7.5, 9.5, 7.75], "texture": "#0"}
			}
		},
		{
			"from": [7.3, 10.85, 3.8],
			"to": [7.8, 11, 3.9],
			"rotation": {"angle": 0, "axis": "y", "origin": [6.25, 11.7, 2]},
			"faces": {
				"north": {"uv": [7.75, 9.5, 8, 9.75], "texture": "#0"},
				"east": {"uv": [9.5, 7.75, 9.75, 8], "texture": "#0"},
				"south": {"uv": [8, 9.5, 8.25, 9.75], "texture": "#0"},
				"west": {"uv": [9.5, 8, 9.75, 8.25], "texture": "#0"},
				"up": {"uv": [8.5, 9.75, 8.25, 9.5], "texture": "#0"},
				"down": {"uv": [9.75, 8.25, 9.5, 8.5], "texture": "#0"}
			}
		},
		{
			"from": [8.25, 10.85, 3.8],
			"to": [8.75, 11, 3.9],
			"rotation": {"angle": 0, "axis": "y", "origin": [7.2, 11.7, 2]},
			"faces": {
				"north": {"uv": [8.5, 9.5, 8.75, 9.75], "texture": "#0"},
				"east": {"uv": [9.5, 8.5, 9.75, 8.75], "texture": "#0"},
				"south": {"uv": [8.75, 9.5, 9, 9.75], "texture": "#0"},
				"west": {"uv": [9.5, 8.75, 9.75, 9], "texture": "#0"},
				"up": {"uv": [9.25, 9.75, 9, 9.5], "texture": "#0"},
				"down": {"uv": [9.75, 9, 9.5, 9.25], "texture": "#0"}
			}
		},
		{
			"from": [7.85, 8.15, 2.5],
			"to": [8.3, 8.4, 2.8],
			"rotation": {"angle": 0, "axis": "y", "origin": [7, 9, 0.9]},
			"faces": {
				"north": {"uv": [9.25, 9.5, 9.5, 9.75], "texture": "#0"},
				"east": {"uv": [9.5, 9.25, 9.75, 9.5], "texture": "#0"},
				"south": {"uv": [9.5, 9.5, 9.75, 9.75], "texture": "#0"},
				"west": {"uv": [0, 9.75, 0.25, 10], "texture": "#0"},
				"up": {"uv": [10, 0.25, 9.75, 0], "texture": "#0"},
				"down": {"uv": [0.5, 9.75, 0.25, 10], "texture": "#0"}
			}
		},
		{
			"from": [7.85, 8.4, 2.7],
			"to": [8.3, 8.55, 2.8],
			"rotation": {"angle": 0, "axis": "y", "origin": [7, 9.25, 0.9]},
			"faces": {
				"north": {"uv": [9.75, 0.25, 10, 0.5], "texture": "#0"},
				"east": {"uv": [0.5, 9.75, 0.75, 10], "texture": "#0"},
				"south": {"uv": [9.75, 0.5, 10, 0.75], "texture": "#0"},
				"west": {"uv": [0.75, 9.75, 1, 10], "texture": "#0"},
				"up": {"uv": [10, 1, 9.75, 0.75], "texture": "#0"},
				"down": {"uv": [1.25, 9.75, 1, 10], "texture": "#0"}
			}
		},
		{
			"from": [7.85, 9.6, 3.1],
			"to": [8.2, 10.25, 3.3],
			"rotation": {"angle": 0, "axis": "y", "origin": [7, 10.65, 2]},
			"faces": {
				"north": {"uv": [9.75, 1, 10, 1.25], "texture": "#0"},
				"east": {"uv": [1.25, 9.75, 1.5, 10], "texture": "#0"},
				"south": {"uv": [9.75, 1.25, 10, 1.5], "texture": "#0"},
				"west": {"uv": [1.5, 9.75, 1.75, 10], "texture": "#0"},
				"up": {"uv": [10, 1.75, 9.75, 1.5], "texture": "#0"},
				"down": {"uv": [2, 9.75, 1.75, 10], "texture": "#0"}
			}
		},
		{
			"from": [7.85, 10.1, 3],
			"to": [8.2, 10.75, 3.6],
			"rotation": {"angle": 0, "axis": "y", "origin": [7, 11.15, 1.9]},
			"faces": {
				"north": {"uv": [9.75, 1.75, 10, 2], "texture": "#0"},
				"east": {"uv": [2, 9.75, 2.25, 10], "texture": "#0"},
				"south": {"uv": [9.75, 2, 10, 2.25], "texture": "#0"},
				"west": {"uv": [2.25, 9.75, 2.5, 10], "texture": "#0"},
				"up": {"uv": [10, 2.5, 9.75, 2.25], "texture": "#0"},
				"down": {"uv": [2.75, 9.75, 2.5, 10], "texture": "#0"}
			}
		},
		{
			"from": [7.85, 10.65, 2.9],
			"to": [8.2, 10.95, 3.4],
			"rotation": {"angle": 0, "axis": "y", "origin": [7, 11.8, 1.8]},
			"faces": {
				"north": {"uv": [9.75, 2.5, 10, 2.75], "texture": "#0"},
				"east": {"uv": [2.75, 9.75, 3, 10], "texture": "#0"},
				"south": {"uv": [9.75, 2.75, 10, 3], "texture": "#0"},
				"west": {"uv": [3, 9.75, 3.25, 10], "texture": "#0"},
				"up": {"uv": [10, 3.25, 9.75, 3], "texture": "#0"},
				"down": {"uv": [3.5, 9.75, 3.25, 10], "texture": "#0"}
			}
		},
		{
			"from": [7.85, 10.75, 3.3],
			"to": [8.2, 11.05, 3.9],
			"rotation": {"angle": 0, "axis": "y", "origin": [7, 11.9, 2.2]},
			"faces": {
				"north": {"uv": [9.75, 3.25, 10, 3.5], "texture": "#0"},
				"east": {"uv": [3.5, 9.75, 3.75, 10], "texture": "#0"},
				"south": {"uv": [9.75, 3.5, 10, 3.75], "texture": "#0"},
				"west": {"uv": [3.75, 9.75, 4, 10], "texture": "#0"},
				"up": {"uv": [10, 4, 9.75, 3.75], "texture": "#0"},
				"down": {"uv": [4.25, 9.75, 4, 10], "texture": "#0"}
			}
		},
		{
			"from": [7.1, 7.95, 3.7],
			"to": [7.25, 10.65, 3.9],
			"rotation": {"angle": 0, "axis": "y", "origin": [5.45, 9, 2]},
			"faces": {
				"north": {"uv": [7.75, 7.5, 8, 8.25], "texture": "#0"},
				"east": {"uv": [3.5, 8, 3.75, 8.75], "texture": "#0"},
				"south": {"uv": [4, 8, 4.25, 8.75], "texture": "#0"},
				"west": {"uv": [8, 4, 8.25, 4.75], "texture": "#0"},
				"up": {"uv": [10, 4.25, 9.75, 4], "texture": "#0"},
				"down": {"uv": [4.5, 9.75, 4.25, 10], "texture": "#0"}
			}
		},
		{
			"from": [6.95, 7.95, 3.7],
			"to": [7.1, 9.85, 3.9],
			"rotation": {"angle": 0, "axis": "y", "origin": [5.3, 9, 2]},
			"faces": {
				"north": {"uv": [8.75, 1.5, 9, 2], "texture": "#0"},
				"east": {"uv": [3.5, 8.75, 3.75, 9.25], "texture": "#0"},
				"south": {"uv": [8.75, 3.5, 9, 4], "texture": "#0"},
				"west": {"uv": [3.75, 8.75, 4, 9.25], "texture": "#0"},
				"up": {"uv": [10, 4.5, 9.75, 4.25], "texture": "#0"},
				"down": {"uv": [4.75, 9.75, 4.5, 10], "texture": "#0"}
			}
		},
		{
			"from": [6.95, 7.95, 3.5],
			"to": [7.1, 9.15, 3.7],
			"rotation": {"angle": 0, "axis": "y", "origin": [5.3, 9, 1.8]},
			"faces": {
				"north": {"uv": [9.75, 4.5, 10, 4.75], "texture": "#0"},
				"east": {"uv": [4.75, 9.75, 5, 10], "texture": "#0"},
				"south": {"uv": [9.75, 4.75, 10, 5], "texture": "#0"},
				"west": {"uv": [5, 9.75, 5.25, 10], "texture": "#0"},
				"up": {"uv": [10, 5.25, 9.75, 5], "texture": "#0"},
				"down": {"uv": [5.5, 9.75, 5.25, 10], "texture": "#0"}
			}
		},
		{
			"from": [8.95, 7.95, 3.5],
			"to": [9.1, 9.15, 3.7],
			"rotation": {"angle": 0, "axis": "y", "origin": [7.3, 9, 1.8]},
			"faces": {
				"north": {"uv": [9.75, 5.25, 10, 5.5], "texture": "#0"},
				"east": {"uv": [5.5, 9.75, 5.75, 10], "texture": "#0"},
				"south": {"uv": [9.75, 5.5, 10, 5.75], "texture": "#0"},
				"west": {"uv": [5.75, 9.75, 6, 10], "texture": "#0"},
				"up": {"uv": [10, 6, 9.75, 5.75], "texture": "#0"},
				"down": {"uv": [6.25, 9.75, 6, 10], "texture": "#0"}
			}
		},
		{
			"from": [8.9, 8.05, 3.9],
			"to": [9.05, 8.9, 4.1],
			"rotation": {"angle": 0, "axis": "y", "origin": [7.25, 9, 2.2]},
			"faces": {
				"north": {"uv": [9.75, 6, 10, 6.25], "texture": "#0"},
				"east": {"uv": [6.25, 9.75, 6.5, 10], "texture": "#0"},
				"south": {"uv": [9.75, 6.25, 10, 6.5], "texture": "#0"},
				"west": {"uv": [6.5, 9.75, 6.75, 10], "texture": "#0"},
				"up": {"uv": [10, 6.75, 9.75, 6.5], "texture": "#0"},
				"down": {"uv": [7, 9.75, 6.75, 10], "texture": "#0"}
			}
		},
		{
			"from": [8.9, 8.25, 4.1],
			"to": [9.05, 8.9, 4.3],
			"rotation": {"angle": 0, "axis": "y", "origin": [7.25, 9, 2.4]},
			"faces": {
				"north": {"uv": [9.75, 6.75, 10, 7], "texture": "#0"},
				"east": {"uv": [7, 9.75, 7.25, 10], "texture": "#0"},
				"south": {"uv": [9.75, 7, 10, 7.25], "texture": "#0"},
				"west": {"uv": [7.25, 9.75, 7.5, 10], "texture": "#0"},
				"up": {"uv": [10, 7.5, 9.75, 7.25], "texture": "#0"},
				"down": {"uv": [7.75, 9.75, 7.5, 10], "texture": "#0"}
			}
		},
		{
			"from": [8.9, 8.55, 4.3],
			"to": [9.05, 8.9, 4.5],
			"rotation": {"angle": 0, "axis": "y", "origin": [7.25, 9, 2.6]},
			"faces": {
				"north": {"uv": [9.75, 7.5, 10, 7.75], "texture": "#0"},
				"east": {"uv": [7.75, 9.75, 8, 10], "texture": "#0"},
				"south": {"uv": [9.75, 7.75, 10, 8], "texture": "#0"},
				"west": {"uv": [8, 9.75, 8.25, 10], "texture": "#0"},
				"up": {"uv": [10, 8.25, 9.75, 8], "texture": "#0"},
				"down": {"uv": [8.5, 9.75, 8.25, 10], "texture": "#0"}
			}
		},
		{
			"from": [8.9, 8.7, 4.5],
			"to": [9.05, 8.9, 4.8],
			"rotation": {"angle": 0, "axis": "y", "origin": [7.25, 9, 2.8]},
			"faces": {
				"north": {"uv": [9.75, 8.25, 10, 8.5], "texture": "#0"},
				"east": {"uv": [8.5, 9.75, 8.75, 10], "texture": "#0"},
				"south": {"uv": [9.75, 8.5, 10, 8.75], "texture": "#0"},
				"west": {"uv": [8.75, 9.75, 9, 10], "texture": "#0"},
				"up": {"uv": [10, 9, 9.75, 8.75], "texture": "#0"},
				"down": {"uv": [9.25, 9.75, 9, 10], "texture": "#0"}
			}
		},
		{
			"from": [7, 8.05, 3.9],
			"to": [7.15, 8.9, 4.1],
			"rotation": {"angle": 0, "axis": "y", "origin": [5.35, 9, 2.2]},
			"faces": {
				"north": {"uv": [9.75, 9, 10, 9.25], "texture": "#0"},
				"east": {"uv": [9.25, 9.75, 9.5, 10], "texture": "#0"},
				"south": {"uv": [9.75, 9.25, 10, 9.5], "texture": "#0"},
				"west": {"uv": [9.5, 9.75, 9.75, 10], "texture": "#0"},
				"up": {"uv": [10, 9.75, 9.75, 9.5], "texture": "#0"},
				"down": {"uv": [10, 9.75, 9.75, 10], "texture": "#0"}
			}
		},
		{
			"from": [6.95, 8.55, 3.9],
			"to": [7, 8.9, 4.2],
			"rotation": {"angle": 0, "axis": "y", "origin": [5.2, 9, 2.2]},
			"faces": {
				"north": {"uv": [0, 10, 0.25, 10.25], "texture": "#0"},
				"east": {"uv": [10, 0, 10.25, 0.25], "texture": "#0"},
				"south": {"uv": [0.25, 10, 0.5, 10.25], "texture": "#0"},
				"west": {"uv": [10, 0.25, 10.25, 0.5], "texture": "#0"},
				"up": {"uv": [0.75, 10.25, 0.5, 10], "texture": "#0"},
				"down": {"uv": [10.25, 0.5, 10, 0.75], "texture": "#0"}
			}
		},
		{
			"from": [6.95, 8.7, 4.2],
			"to": [7, 8.9, 4.4],
			"rotation": {"angle": 0, "axis": "y", "origin": [5.2, 9, 2.5]},
			"faces": {
				"north": {"uv": [0.75, 10, 1, 10.25], "texture": "#0"},
				"east": {"uv": [10, 0.75, 10.25, 1], "texture": "#0"},
				"south": {"uv": [1, 10, 1.25, 10.25], "texture": "#0"},
				"west": {"uv": [10, 1, 10.25, 1.25], "texture": "#0"},
				"up": {"uv": [1.5, 10.25, 1.25, 10], "texture": "#0"},
				"down": {"uv": [10.25, 1.25, 10, 1.5], "texture": "#0"}
			}
		},
		{
			"from": [6.95, 8.35, 3.9],
			"to": [7, 8.55, 4.1],
			"rotation": {"angle": 0, "axis": "y", "origin": [5.2, 8.65, 2.2]},
			"faces": {
				"north": {"uv": [1.5, 10, 1.75, 10.25], "texture": "#0"},
				"east": {"uv": [10, 1.5, 10.25, 1.75], "texture": "#0"},
				"south": {"uv": [1.75, 10, 2, 10.25], "texture": "#0"},
				"west": {"uv": [10, 1.75, 10.25, 2], "texture": "#0"},
				"up": {"uv": [2.25, 10.25, 2, 10], "texture": "#0"},
				"down": {"uv": [10.25, 2, 10, 2.25], "texture": "#0"}
			}
		},
		{
			"from": [9.05, 8.7, 4.2],
			"to": [9.1, 8.9, 4.4],
			"rotation": {"angle": 0, "axis": "y", "origin": [7.3, 9, 2.5]},
			"faces": {
				"north": {"uv": [2.25, 10, 2.5, 10.25], "texture": "#0"},
				"east": {"uv": [10, 2.25, 10.25, 2.5], "texture": "#0"},
				"south": {"uv": [2.5, 10, 2.75, 10.25], "texture": "#0"},
				"west": {"uv": [10, 2.5, 10.25, 2.75], "texture": "#0"},
				"up": {"uv": [3, 10.25, 2.75, 10], "texture": "#0"},
				"down": {"uv": [10.25, 2.75, 10, 3], "texture": "#0"}
			}
		},
		{
			"from": [9.05, 8.55, 3.9],
			"to": [9.1, 8.9, 4.2],
			"rotation": {"angle": 0, "axis": "y", "origin": [7.3, 9, 2.2]},
			"faces": {
				"north": {"uv": [3, 10, 3.25, 10.25], "texture": "#0"},
				"east": {"uv": [10, 3, 10.25, 3.25], "texture": "#0"},
				"south": {"uv": [3.25, 10, 3.5, 10.25], "texture": "#0"},
				"west": {"uv": [10, 3.25, 10.25, 3.5], "texture": "#0"},
				"up": {"uv": [3.75, 10.25, 3.5, 10], "texture": "#0"},
				"down": {"uv": [10.25, 3.5, 10, 3.75], "texture": "#0"}
			}
		},
		{
			"from": [9.05, 8.35, 3.9],
			"to": [9.1, 8.55, 4.1],
			"rotation": {"angle": 0, "axis": "y", "origin": [7.3, 8.65, 2.2]},
			"faces": {
				"north": {"uv": [3.75, 10, 4, 10.25], "texture": "#0"},
				"east": {"uv": [10, 3.75, 10.25, 4], "texture": "#0"},
				"south": {"uv": [4, 10, 4.25, 10.25], "texture": "#0"},
				"west": {"uv": [10, 4, 10.25, 4.25], "texture": "#0"},
				"up": {"uv": [4.5, 10.25, 4.25, 10], "texture": "#0"},
				"down": {"uv": [10.25, 4.25, 10, 4.5], "texture": "#0"}
			}
		},
		{
			"from": [8.9, 8.35, 4.3],
			"to": [8.95, 8.55, 4.4],
			"rotation": {"angle": 0, "axis": "y", "origin": [7.15, 8.65, 2.6]},
			"faces": {
				"north": {"uv": [4.5, 10, 4.75, 10.25], "texture": "#0"},
				"east": {"uv": [10, 4.5, 10.25, 4.75], "texture": "#0"},
				"south": {"uv": [4.75, 10, 5, 10.25], "texture": "#0"},
				"west": {"uv": [10, 4.75, 10.25, 5], "texture": "#0"},
				"up": {"uv": [5.25, 10.25, 5, 10], "texture": "#0"},
				"down": {"uv": [10.25, 5, 10, 5.25], "texture": "#0"}
			}
		},
		{
			"from": [8.9, 8.6, 4.5],
			"to": [8.95, 8.7, 4.7],
			"rotation": {"angle": 0, "axis": "y", "origin": [7.15, 8.8, 2.8]},
			"faces": {
				"north": {"uv": [5.25, 10, 5.5, 10.25], "texture": "#0"},
				"east": {"uv": [10, 5.25, 10.25, 5.5], "texture": "#0"},
				"south": {"uv": [5.5, 10, 5.75, 10.25], "texture": "#0"},
				"west": {"uv": [10, 5.5, 10.25, 5.75], "texture": "#0"},
				"up": {"uv": [6, 10.25, 5.75, 10], "texture": "#0"},
				"down": {"uv": [10.25, 5.75, 10, 6], "texture": "#0"}
			}
		},
		{
			"from": [8.9, 8.8, 4.8],
			"to": [8.95, 8.9, 5],
			"rotation": {"angle": 0, "axis": "y", "origin": [7.15, 9, 3.1]},
			"faces": {
				"north": {"uv": [6, 10, 6.25, 10.25], "texture": "#0"},
				"east": {"uv": [10, 6, 10.25, 6.25], "texture": "#0"},
				"south": {"uv": [6.25, 10, 6.5, 10.25], "texture": "#0"},
				"west": {"uv": [10, 6.25, 10.25, 6.5], "texture": "#0"},
				"up": {"uv": [6.75, 10.25, 6.5, 10], "texture": "#0"},
				"down": {"uv": [10.25, 6.5, 10, 6.75], "texture": "#0"}
			}
		},
		{
			"from": [8.9, 8.15, 4.1],
			"to": [8.95, 8.25, 4.2],
			"rotation": {"angle": 0, "axis": "y", "origin": [7.15, 8.35, 2.4]},
			"faces": {
				"north": {"uv": [6.75, 10, 7, 10.25], "texture": "#0"},
				"east": {"uv": [10, 6.75, 10.25, 7], "texture": "#0"},
				"south": {"uv": [7, 10, 7.25, 10.25], "texture": "#0"},
				"west": {"uv": [10, 7, 10.25, 7.25], "texture": "#0"},
				"up": {"uv": [7.5, 10.25, 7.25, 10], "texture": "#0"},
				"down": {"uv": [10.25, 7.25, 10, 7.5], "texture": "#0"}
			}
		},
		{
			"from": [7.1, 8.15, 4.1],
			"to": [7.15, 8.25, 4.2],
			"rotation": {"angle": 0, "axis": "y", "origin": [5.35, 8.35, 2.4]},
			"faces": {
				"north": {"uv": [7.5, 10, 7.75, 10.25], "texture": "#0"},
				"east": {"uv": [10, 7.5, 10.25, 7.75], "texture": "#0"},
				"south": {"uv": [7.75, 10, 8, 10.25], "texture": "#0"},
				"west": {"uv": [10, 7.75, 10.25, 8], "texture": "#0"},
				"up": {"uv": [8.25, 10.25, 8, 10], "texture": "#0"},
				"down": {"uv": [10.25, 8, 10, 8.25], "texture": "#0"}
			}
		},
		{
			"from": [7.1, 8.35, 4.3],
			"to": [7.15, 8.55, 4.4],
			"rotation": {"angle": 0, "axis": "y", "origin": [5.35, 8.65, 2.6]},
			"faces": {
				"north": {"uv": [8.25, 10, 8.5, 10.25], "texture": "#0"},
				"east": {"uv": [10, 8.25, 10.25, 8.5], "texture": "#0"},
				"south": {"uv": [8.5, 10, 8.75, 10.25], "texture": "#0"},
				"west": {"uv": [10, 8.5, 10.25, 8.75], "texture": "#0"},
				"up": {"uv": [9, 10.25, 8.75, 10], "texture": "#0"},
				"down": {"uv": [10.25, 8.75, 10, 9], "texture": "#0"}
			}
		},
		{
			"from": [7.1, 8.6, 4.5],
			"to": [7.15, 8.7, 4.7],
			"rotation": {"angle": 0, "axis": "y", "origin": [5.35, 8.8, 2.8]},
			"faces": {
				"north": {"uv": [9, 10, 9.25, 10.25], "texture": "#0"},
				"east": {"uv": [10, 9, 10.25, 9.25], "texture": "#0"},
				"south": {"uv": [9.25, 10, 9.5, 10.25], "texture": "#0"},
				"west": {"uv": [10, 9.25, 10.25, 9.5], "texture": "#0"},
				"up": {"uv": [9.75, 10.25, 9.5, 10], "texture": "#0"},
				"down": {"uv": [10.25, 9.5, 10, 9.75], "texture": "#0"}
			}
		},
		{
			"from": [7.1, 8.8, 4.8],
			"to": [7.15, 8.9, 5],
			"rotation": {"angle": 0, "axis": "y", "origin": [5.35, 9, 3.1]},
			"faces": {
				"north": {"uv": [9.75, 10, 10, 10.25], "texture": "#0"},
				"east": {"uv": [10, 9.75, 10.25, 10], "texture": "#0"},
				"south": {"uv": [10, 10, 10.25, 10.25], "texture": "#0"},
				"west": {"uv": [0, 10.25, 0.25, 10.5], "texture": "#0"},
				"up": {"uv": [10.5, 0.25, 10.25, 0], "texture": "#0"},
				"down": {"uv": [0.5, 10.25, 0.25, 10.5], "texture": "#0"}
			}
		},
		{
			"from": [7, 8.25, 4.1],
			"to": [7.15, 8.9, 4.3],
			"rotation": {"angle": 0, "axis": "y", "origin": [5.35, 9, 2.4]},
			"faces": {
				"north": {"uv": [10.25, 0.25, 10.5, 0.5], "texture": "#0"},
				"east": {"uv": [0.5, 10.25, 0.75, 10.5], "texture": "#0"},
				"south": {"uv": [10.25, 0.5, 10.5, 0.75], "texture": "#0"},
				"west": {"uv": [0.75, 10.25, 1, 10.5], "texture": "#0"},
				"up": {"uv": [10.5, 1, 10.25, 0.75], "texture": "#0"},
				"down": {"uv": [1.25, 10.25, 1, 10.5], "texture": "#0"}
			}
		},
		{
			"from": [7, 8.55, 4.3],
			"to": [7.15, 8.9, 4.5],
			"rotation": {"angle": 0, "axis": "y", "origin": [5.35, 9, 2.6]},
			"faces": {
				"north": {"uv": [10.25, 1, 10.5, 1.25], "texture": "#0"},
				"east": {"uv": [1.25, 10.25, 1.5, 10.5], "texture": "#0"},
				"south": {"uv": [10.25, 1.25, 10.5, 1.5], "texture": "#0"},
				"west": {"uv": [1.5, 10.25, 1.75, 10.5], "texture": "#0"},
				"up": {"uv": [10.5, 1.75, 10.25, 1.5], "texture": "#0"},
				"down": {"uv": [2, 10.25, 1.75, 10.5], "texture": "#0"}
			}
		},
		{
			"from": [7, 8.7, 4.5],
			"to": [7.15, 8.9, 4.8],
			"rotation": {"angle": 0, "axis": "y", "origin": [5.35, 9, 2.8]},
			"faces": {
				"north": {"uv": [10.25, 1.75, 10.5, 2], "texture": "#0"},
				"east": {"uv": [2, 10.25, 2.25, 10.5], "texture": "#0"},
				"south": {"uv": [10.25, 2, 10.5, 2.25], "texture": "#0"},
				"west": {"uv": [2.25, 10.25, 2.5, 10.5], "texture": "#0"},
				"up": {"uv": [10.5, 2.5, 10.25, 2.25], "texture": "#0"},
				"down": {"uv": [2.75, 10.25, 2.5, 10.5], "texture": "#0"}
			}
		},
		{
			"from": [8.95, 7.95, 3.7],
			"to": [9.1, 9.85, 3.9],
			"rotation": {"angle": 0, "axis": "y", "origin": [7.3, 9, 2]},
			"faces": {
				"north": {"uv": [4, 8.75, 4.25, 9.25], "texture": "#0"},
				"east": {"uv": [4.25, 8.75, 4.5, 9.25], "texture": "#0"},
				"south": {"uv": [4.5, 8.75, 4.75, 9.25], "texture": "#0"},
				"west": {"uv": [4.75, 8.75, 5, 9.25], "texture": "#0"},
				"up": {"uv": [10.5, 2.75, 10.25, 2.5], "texture": "#0"},
				"down": {"uv": [3, 10.25, 2.75, 10.5], "texture": "#0"}
			}
		},
		{
			"from": [7.1, 7.95, 3.5],
			"to": [7.25, 10.15, 3.7],
			"rotation": {"angle": 0, "axis": "y", "origin": [5.45, 9, 1.8]},
			"faces": {
				"north": {"uv": [8.75, 4.75, 9, 5.25], "texture": "#0"},
				"east": {"uv": [5, 8.75, 5.25, 9.25], "texture": "#0"},
				"south": {"uv": [5.25, 8.75, 5.5, 9.25], "texture": "#0"},
				"west": {"uv": [5.5, 8.75, 5.75, 9.25], "texture": "#0"},
				"up": {"uv": [10.5, 3, 10.25, 2.75], "texture": "#0"},
				"down": {"uv": [3.25, 10.25, 3, 10.5], "texture": "#0"}
			}
		},
		{
			"from": [7.1, 7.95, 3.3],
			"to": [7.25, 9.45, 3.5],
			"rotation": {"angle": 0, "axis": "y", "origin": [5.45, 9, 1.6]},
			"faces": {
				"north": {"uv": [10.25, 3, 10.5, 3.25], "texture": "#0"},
				"east": {"uv": [3.25, 10.25, 3.5, 10.5], "texture": "#0"},
				"south": {"uv": [10.25, 3.25, 10.5, 3.5], "texture": "#0"},
				"west": {"uv": [3.5, 10.25, 3.75, 10.5], "texture": "#0"},
				"up": {"uv": [10.5, 3.75, 10.25, 3.5], "texture": "#0"},
				"down": {"uv": [4, 10.25, 3.75, 10.5], "texture": "#0"}
			}
		},
		{
			"from": [8.8, 7.95, 3.7],
			"to": [8.95, 10.65, 3.9],
			"rotation": {"angle": 0, "axis": "y", "origin": [7.15, 9, 2]},
			"faces": {
				"north": {"uv": [4.25, 8, 4.5, 8.75], "texture": "#0"},
				"east": {"uv": [4.5, 8, 4.75, 8.75], "texture": "#0"},
				"south": {"uv": [8, 6.5, 8.25, 7.25], "texture": "#0"},
				"west": {"uv": [8, 7.5, 8.25, 8.25], "texture": "#0"},
				"up": {"uv": [10.5, 4, 10.25, 3.75], "texture": "#0"},
				"down": {"uv": [4.25, 10.25, 4, 10.5], "texture": "#0"}
			}
		},
		{
			"from": [8.8, 7.95, 3.3],
			"to": [8.95, 9.45, 3.5],
			"rotation": {"angle": 0, "axis": "y", "origin": [7.15, 9, 1.6]},
			"faces": {
				"north": {"uv": [10.25, 4, 10.5, 4.25], "texture": "#0"},
				"east": {"uv": [4.25, 10.25, 4.5, 10.5], "texture": "#0"},
				"south": {"uv": [10.25, 4.25, 10.5, 4.5], "texture": "#0"},
				"west": {"uv": [4.5, 10.25, 4.75, 10.5], "texture": "#0"},
				"up": {"uv": [10.5, 4.75, 10.25, 4.5], "texture": "#0"},
				"down": {"uv": [5, 10.25, 4.75, 10.5], "texture": "#0"}
			}
		},
		{
			"from": [8.8, 7.95, 3.5],
			"to": [8.95, 10.15, 3.7],
			"rotation": {"angle": 0, "axis": "y", "origin": [7.15, 9, 1.8]},
			"faces": {
				"north": {"uv": [8.75, 6.25, 9, 6.75], "texture": "#0"},
				"east": {"uv": [6.75, 8.75, 7, 9.25], "texture": "#0"},
				"south": {"uv": [8.75, 6.75, 9, 7.25], "texture": "#0"},
				"west": {"uv": [7, 8.75, 7.25, 9.25], "texture": "#0"},
				"up": {"uv": [10.5, 5, 10.25, 4.75], "texture": "#0"},
				"down": {"uv": [5.25, 10.25, 5, 10.5], "texture": "#0"}
			}
		},
		{
			"from": [7.25, 7.95, 3.6],
			"to": [8.8, 10.85, 3.9],
			"rotation": {"angle": 0, "axis": "y", "origin": [7, 10.75, 2]},
			"faces": {
				"north": {"uv": [4.75, 6.75, 5.25, 7.5], "texture": "#0"},
				"east": {"uv": [0, 8.25, 0.25, 9], "texture": "#0"},
				"south": {"uv": [5.25, 6.75, 5.75, 7.5], "texture": "#0"},
				"west": {"uv": [0.25, 8.25, 0.5, 9], "texture": "#0"},
				"up": {"uv": [9.25, 5.5, 8.75, 5.25], "texture": "#0"},
				"down": {"uv": [9.25, 5.75, 8.75, 6], "texture": "#0"}
			}
		},
		{
			"from": [7.25, 7.95, 3.3],
			"to": [8.8, 10.35, 3.6],
			"rotation": {"angle": 0, "axis": "y", "origin": [7, 10.75, 1.7]},
			"faces": {
				"north": {"uv": [1, 7.75, 1.5, 8.25], "texture": "#0"},
				"east": {"uv": [7.5, 8.75, 7.75, 9.25], "texture": "#0"},
				"south": {"uv": [7.75, 2, 8.25, 2.5], "texture": "#0"},
				"west": {"uv": [8.75, 8.25, 9, 8.75], "texture": "#0"},
				"up": {"uv": [9.25, 7.5, 8.75, 7.25], "texture": "#0"},
				"down": {"uv": [9.25, 8.75, 8.75, 9], "texture": "#0"}
			}
		},
		{
			"from": [7.15, 10.8, 3.9],
			"to": [8.9, 10.95, 7.1],
			"rotation": {"angle": 0, "axis": "y", "origin": [7, 11.85, 12.8]},
			"faces": {
				"north": {"uv": [0, 9, 0.5, 9.25], "texture": "#0"},
				"east": {"uv": [8.25, 0, 9, 0.25], "texture": "#0"},
				"south": {"uv": [9, 0, 9.5, 0.25], "texture": "#0"},
				"west": {"uv": [0.5, 8.25, 1.25, 8.5], "texture": "#0"},
				"up": {"uv": [7.25, 6.75, 6.75, 6], "texture": "#0"},
				"down": {"uv": [7.25, 6.75, 6.75, 7.5], "texture": "#0"}
			}
		},
		{
			"from": [7.15, 10.8, 7.1],
			"to": [8.9, 10.95, 9.5],
			"rotation": {"angle": 0, "axis": "y", "origin": [7, 11.85, 13]},
			"faces": {
				"north": {"uv": [9, 0.25, 9.5, 0.5], "texture": "#0"},
				"east": {"uv": [9, 0.5, 9.5, 0.75], "texture": "#0"},
				"south": {"uv": [9, 0.75, 9.5, 1], "texture": "#0"},
				"west": {"uv": [9, 1, 9.5, 1.25], "texture": "#0"},
				"up": {"uv": [8.25, 3, 7.75, 2.5], "texture": "#0"},
				"down": {"uv": [3.5, 7.75, 3, 8.25], "texture": "#0"}
			}
		},
		{
			"from": [8.05, 10.9, 7.1],
			"to": [8.45, 11, 9.5],
			"rotation": {"angle": 0, "axis": "y", "origin": [7, 11.95, 12.8]},
			"faces": {
				"north": {"uv": [10.25, 5, 10.5, 5.25], "texture": "#0"},
				"east": {"uv": [1.25, 9, 1.75, 9.25], "texture": "#0"},
				"south": {"uv": [5.25, 10.25, 5.5, 10.5], "texture": "#0"},
				"west": {"uv": [9, 1.25, 9.5, 1.5], "texture": "#0"},
				"up": {"uv": [0.75, 9.5, 0.5, 9], "texture": "#0"},
				"down": {"uv": [9.25, 1.5, 9, 2], "texture": "#0"}
			}
		},
		{
			"from": [8.9, 10.8, 9.4],
			"to": [9.1, 10.9, 9.5],
			"rotation": {"angle": 0, "axis": "y", "origin": [7.85, 11.85, 12.8]},
			"faces": {
				"north": {"uv": [10.25, 5.25, 10.5, 5.5], "texture": "#0"},
				"east": {"uv": [5.5, 10.25, 5.75, 10.5], "texture": "#0"},
				"south": {"uv": [10.25, 5.5, 10.5, 5.75], "texture": "#0"},
				"west": {"uv": [5.75, 10.25, 6, 10.5], "texture": "#0"},
				"up": {"uv": [10.5, 6, 10.25, 5.75], "texture": "#0"},
				"down": {"uv": [6.25, 10.25, 6, 10.5], "texture": "#0"}
			}
		},
		{
			"from": [8.4, 10.9, 9.4],
			"to": [8.7, 11, 9.5],
			"rotation": {"angle": 0, "axis": "y", "origin": [7.35, 11.95, 12.8]},
			"faces": {
				"north": {"uv": [10.25, 6, 10.5, 6.25], "texture": "#0"},
				"east": {"uv": [6.25, 10.25, 6.5, 10.5], "texture": "#0"},
				"south": {"uv": [10.25, 6.25, 10.5, 6.5], "texture": "#0"},
				"west": {"uv": [6.5, 10.25, 6.75, 10.5], "texture": "#0"},
				"up": {"uv": [10.5, 6.75, 10.25, 6.5], "texture": "#0"},
				"down": {"uv": [7, 10.25, 6.75, 10.5], "texture": "#0"}
			}
		},
		{
			"from": [8.9, 10.8, 7.1],
			"to": [9.1, 10.9, 7.2],
			"rotation": {"angle": 0, "axis": "y", "origin": [7.85, 11.85, 10.5]},
			"faces": {
				"north": {"uv": [10.25, 6.75, 10.5, 7], "texture": "#0"},
				"east": {"uv": [7, 10.25, 7.25, 10.5], "texture": "#0"},
				"south": {"uv": [10.25, 7, 10.5, 7.25], "texture": "#0"},
				"west": {"uv": [7.25, 10.25, 7.5, 10.5], "texture": "#0"},
				"up": {"uv": [10.5, 7.5, 10.25, 7.25], "texture": "#0"},
				"down": {"uv": [7.75, 10.25, 7.5, 10.5], "texture": "#0"}
			}
		},
		{
			"from": [8.45, 10.9, 7.1],
			"to": [8.75, 11, 7.2],
			"rotation": {"angle": 0, "axis": "y", "origin": [7.4, 11.95, 10.5]},
			"faces": {
				"north": {"uv": [10.25, 7.5, 10.5, 7.75], "texture": "#0"},
				"east": {"uv": [7.75, 10.25, 8, 10.5], "texture": "#0"},
				"south": {"uv": [10.25, 7.75, 10.5, 8], "texture": "#0"},
				"west": {"uv": [8, 10.25, 8.25, 10.5], "texture": "#0"},
				"up": {"uv": [10.5, 8.25, 10.25, 8], "texture": "#0"},
				"down": {"uv": [8.5, 10.25, 8.25, 10.5], "texture": "#0"}
			}
		},
		{
			"from": [8.05, 11, 9.4],
			"to": [8.25, 11.1, 9.5],
			"rotation": {"angle": 0, "axis": "y", "origin": [7, 12.05, 12.8]},
			"faces": {
				"north": {"uv": [10.25, 8.25, 10.5, 8.5], "texture": "#0"},
				"east": {"uv": [8.5, 10.25, 8.75, 10.5], "texture": "#0"},
				"south": {"uv": [10.25, 8.5, 10.5, 8.75], "texture": "#0"},
				"west": {"uv": [8.75, 10.25, 9, 10.5], "texture": "#0"},
				"up": {"uv": [10.5, 9, 10.25, 8.75], "texture": "#0"},
				"down": {"uv": [9.25, 10.25, 9, 10.5], "texture": "#0"}
			}
		},
		{
			"from": [8.05, 11, 7.1],
			"to": [8.25, 11.1, 7.2],
			"rotation": {"angle": 0, "axis": "y", "origin": [7, 12.05, 10.5]},
			"faces": {
				"north": {"uv": [10.25, 9, 10.5, 9.25], "texture": "#0"},
				"east": {"uv": [9.25, 10.25, 9.5, 10.5], "texture": "#0"},
				"south": {"uv": [10.25, 9.25, 10.5, 9.5], "texture": "#0"},
				"west": {"uv": [9.5, 10.25, 9.75, 10.5], "texture": "#0"},
				"up": {"uv": [10.5, 9.75, 10.25, 9.5], "texture": "#0"},
				"down": {"uv": [10, 10.25, 9.75, 10.5], "texture": "#0"}
			}
		},
		{
			"from": [8.05, 11, 7.2],
			"to": [8.15, 11.1, 9.4],
			"rotation": {"angle": 0, "axis": "y", "origin": [7, 12.05, 12.7]},
			"faces": {
				"north": {"uv": [10.25, 9.75, 10.5, 10], "texture": "#0"},
				"east": {"uv": [1.75, 9, 2.25, 9.25], "texture": "#0"},
				"south": {"uv": [10, 10.25, 10.25, 10.5], "texture": "#0"},
				"west": {"uv": [9, 2, 9.5, 2.25], "texture": "#0"},
				"up": {"uv": [2.5, 9.5, 2.25, 9], "texture": "#0"},
				"down": {"uv": [9.25, 2.25, 9, 2.75], "texture": "#0"}
			}
		},
		{
			"from": [8.45, 10.9, 7.2],
			"to": [8.55, 11, 9.4],
			"rotation": {"angle": 0, "axis": "y", "origin": [7.4, 11.95, 12.7]},
			"faces": {
				"north": {"uv": [10.25, 10, 10.5, 10.25], "texture": "#0"},
				"east": {"uv": [2.5, 9, 3, 9.25], "texture": "#0"},
				"south": {"uv": [10.25, 10.25, 10.5, 10.5], "texture": "#0"},
				"west": {"uv": [9, 2.75, 9.5, 3], "texture": "#0"},
				"up": {"uv": [3.25, 9.5, 3, 9], "texture": "#0"},
				"down": {"uv": [9.25, 3, 9, 3.5], "texture": "#0"}
			}
		},
		{
			"from": [8.9, 10.8, 7.2],
			"to": [9, 10.9, 9.4],
			"rotation": {"angle": 0, "axis": "y", "origin": [7.85, 11.85, 12.7]},
			"faces": {
				"north": {"uv": [0, 10.5, 0.25, 10.75], "texture": "#0"},
				"east": {"uv": [9, 3.5, 9.5, 3.75], "texture": "#0"},
				"south": {"uv": [10.5, 0, 10.75, 0.25], "texture": "#0"},
				"west": {"uv": [9, 3.75, 9.5, 4], "texture": "#0"},
				"up": {"uv": [3.5, 9.5, 3.25, 9], "texture": "#0"},
				"down": {"uv": [9.25, 4, 9, 4.5], "texture": "#0"}
			}
		},
		{
			"from": [8.8, 8.9, 3.9],
			"to": [9.35, 10.7, 14.7],
			"rotation": {"angle": 0, "axis": "y", "origin": [8.55, 9, 12.7]},
			"faces": {
				"north": {"uv": [9, 4.5, 9.25, 5], "texture": "#0"},
				"east": {"uv": [2.75, 0, 5.5, 0.5], "texture": "#0"},
				"south": {"uv": [5.75, 9, 6, 9.5], "texture": "#0"},
				"west": {"uv": [2.75, 0.5, 5.5, 1], "texture": "#0"},
				"up": {"uv": [2.25, 7, 2, 4.25], "texture": "#0"},
				"down": {"uv": [2.5, 4.25, 2.25, 7], "texture": "#0"}
			}
		},
		{
			"from": [9, 10.7, 7.1],
			"to": [9.25, 10.8, 9.5],
			"rotation": {"angle": 0, "axis": "y", "origin": [8.55, 10.8, 12.7]},
			"faces": {
				"north": {"uv": [0.25, 10.5, 0.5, 10.75], "texture": "#0"},
				"east": {"uv": [9, 5, 9.5, 5.25], "texture": "#0"},
				"south": {"uv": [10.5, 0.25, 10.75, 0.5], "texture": "#0"},
				"west": {"uv": [9, 5.5, 9.5, 5.75], "texture": "#0"},
				"up": {"uv": [6.25, 9.5, 6, 9], "texture": "#0"},
				"down": {"uv": [9.25, 6, 9, 6.5], "texture": "#0"}
			}
		},
		{
			"from": [8.8, 10.7, 3.9],
			"to": [9.35, 10.8, 7],
			"rotation": {"angle": 0, "axis": "y", "origin": [8.55, 10.8, 12.7]},
			"faces": {
				"north": {"uv": [0.5, 10.5, 0.75, 10.75], "texture": "#0"},
				"east": {"uv": [8.25, 0.75, 9, 1], "texture": "#0"},
				"south": {"uv": [10.5, 0.5, 10.75, 0.75], "texture": "#0"},
				"west": {"uv": [8.25, 1, 9, 1.25], "texture": "#0"},
				"up": {"uv": [1.5, 9, 1.25, 8.25], "texture": "#0"},
				"down": {"uv": [8.5, 1.25, 8.25, 2], "texture": "#0"}
			}
		},
		{
			"from": [9.25, 10.7, 3.9],
			"to": [9.35, 10.8, 14.7],
			"rotation": {"angle": 0, "axis": "y", "origin": [8.55, 10.8, 12.7]},
			"faces": {
				"north": {"uv": [0.75, 10.5, 1, 10.75], "texture": "#0"},
				"east": {"uv": [4.25, 2.75, 7, 3], "texture": "#0"},
				"south": {"uv": [10.5, 0.75, 10.75, 1], "texture": "#0"},
				"west": {"uv": [4.25, 3, 7, 3.25], "texture": "#0"},
				"up": {"uv": [2.75, 7, 2.5, 4.25], "texture": "#0"},
				"down": {"uv": [3, 4.25, 2.75, 7], "texture": "#0"}
			}
		},
		{
			"from": [8.8, 10.8, 3.9],
			"to": [9.35, 10.9, 7.1],
			"rotation": {"angle": 0, "axis": "y", "origin": [8.55, 9, 12.7]},
			"faces": {
				"north": {"uv": [1, 10.5, 1.25, 10.75], "texture": "#0"},
				"east": {"uv": [8.25, 2, 9, 2.25], "texture": "#0"},
				"south": {"uv": [10.5, 1, 10.75, 1.25], "texture": "#0"},
				"west": {"uv": [8.25, 2.25, 9, 2.5], "texture": "#0"},
				"up": {"uv": [2.75, 9, 2.5, 8.25], "texture": "#0"},
				"down": {"uv": [3, 8.25, 2.75, 9], "texture": "#0"}
			}
		},
		{
			"from": [9.25, 10.8, 7.1],
			"to": [9.35, 10.9, 9.5],
			"rotation": {"angle": 0, "axis": "y", "origin": [8.55, 9, 12.7]},
			"faces": {
				"north": {"uv": [1.25, 10.5, 1.5, 10.75], "texture": "#0"},
				"east": {"uv": [6.25, 9, 6.75, 9.25], "texture": "#0"},
				"south": {"uv": [10.5, 1.25, 10.75, 1.5], "texture": "#0"},
				"west": {"uv": [9, 6.5, 9.5, 6.75], "texture": "#0"},
				"up": {"uv": [9.25, 7.25, 9, 6.75], "texture": "#0"},
				"down": {"uv": [7.5, 9, 7.25, 9.5], "texture": "#0"}
			}
		},
		{
			"from": [8.8, 10.8, 9.5],
			"to": [9.35, 10.9, 14.7],
			"rotation": {"angle": 0, "axis": "y", "origin": [8.55, 9, 12.7]},
			"faces": {
				"north": {"uv": [1.5, 10.5, 1.75, 10.75], "texture": "#0"},
				"east": {"uv": [7.25, 3.75, 8.5, 4], "texture": "#0"},
				"south": {"uv": [10.5, 1.5, 10.75, 1.75], "texture": "#0"},
				"west": {"uv": [4, 7.5, 5.25, 7.75], "texture": "#0"},
				"up": {"uv": [5.5, 8.75, 5.25, 7.5], "texture": "#0"},
				"down": {"uv": [5.75, 7.5, 5.5, 8.75], "texture": "#0"}
			}
		},
		{
			"from": [6.7, 8.9, 3.9],
			"to": [7.25, 10.9, 14.7],
			"rotation": {"angle": 0, "axis": "y", "origin": [5.45, 9, 12.7]},
			"faces": {
				"north": {"uv": [9, 7.5, 9.25, 8], "texture": "#0"},
				"east": {"uv": [2.75, 1, 5.5, 1.5], "texture": "#0"},
				"south": {"uv": [7.75, 9, 8, 9.5], "texture": "#0"},
				"west": {"uv": [3, 1.5, 5.75, 2], "texture": "#0"},
				"up": {"uv": [4, 7.5, 3.75, 4.75], "texture": "#0"},
				"down": {"uv": [4.25, 4.75, 4, 7.5], "texture": "#0"}
			}
		},
		{
			"from": [7.25, 10.9, 3.9],
			"to": [8.05, 11.2, 14.7],
			"rotation": {"angle": 0, "axis": "y", "origin": [7, 11.1, 12.7]},
			"faces": {
				"north": {"uv": [1.75, 10.5, 2, 10.75], "texture": "#0"},
				"east": {"uv": [4.25, 3.25, 7, 3.5], "texture": "#0"},
				"south": {"uv": [10.5, 1.75, 10.75, 2], "texture": "#0"},
				"west": {"uv": [4.25, 3.5, 7, 3.75], "texture": "#0"},
				"up": {"uv": [4.5, 7.5, 4.25, 4.75], "texture": "#0"},
				"down": {"uv": [4.75, 4.75, 4.5, 7.5], "texture": "#0"}
			}
		},
		{
			"from": [8.05, 10.9, 3.9],
			"to": [8.8, 11.2, 7.1],
			"rotation": {"angle": 0, "axis": "y", "origin": [7, 11.1, 12.7]},
			"faces": {
				"north": {"uv": [2, 10.5, 2.25, 10.75], "texture": "#0"},
				"east": {"uv": [8.25, 2.5, 9, 2.75], "texture": "#0"},
				"south": {"uv": [10.5, 2, 10.75, 2.25], "texture": "#0"},
				"west": {"uv": [8.25, 2.75, 9, 3], "texture": "#0"},
				"up": {"uv": [3.25, 9, 3, 8.25], "texture": "#0"},
				"down": {"uv": [3.5, 8.25, 3.25, 9], "texture": "#0"}
			}
		},
		{
			"from": [8.05, 10.9, 9.5],
			"to": [8.8, 11.2, 14.7],
			"rotation": {"angle": 0, "axis": "y", "origin": [7, 11.1, 12.7]},
			"faces": {
				"north": {"uv": [2.25, 10.5, 2.5, 10.75], "texture": "#0"},
				"east": {"uv": [7.5, 4.75, 8.75, 5], "texture": "#0"},
				"south": {"uv": [10.5, 2.25, 10.75, 2.5], "texture": "#0"},
				"west": {"uv": [7.5, 5, 8.75, 5.25], "texture": "#0"},
				"up": {"uv": [7.75, 7.25, 7.5, 6], "texture": "#0"},
				"down": {"uv": [7, 7.5, 6.75, 8.75], "texture": "#0"}
			}
		},
		{
			"from": [8.8, 10.9, 3.9],
			"to": [9, 11.05, 7.1],
			"rotation": {"angle": 0, "axis": "y", "origin": [8.55, 11.1, 12.7]},
			"faces": {
				"north": {"uv": [2.5, 10.5, 2.75, 10.75], "texture": "#0"},
				"east": {"uv": [8.25, 4, 9, 4.25], "texture": "#0"},
				"south": {"uv": [10.5, 2.5, 10.75, 2.75], "texture": "#0"},
				"west": {"uv": [8.25, 4.25, 9, 4.5], "texture": "#0"},
				"up": {"uv": [6, 9, 5.75, 8.25], "texture": "#0"},
				"down": {"uv": [6.25, 8.25, 6, 9], "texture": "#0"}
			}
		},
		{
			"from": [8.8, 10.9, 9.5],
			"to": [9, 11.05, 14.7],
			"rotation": {"angle": 0, "axis": "y", "origin": [8.55, 11.1, 12.7]},
			"faces": {
				"north": {"uv": [2.75, 10.5, 3, 10.75], "texture": "#0"},
				"east": {"uv": [7.5, 5.25, 8.75, 5.5], "texture": "#0"},
				"south": {"uv": [10.5, 2.75, 10.75, 3], "texture": "#0"},
				"west": {"uv": [7.5, 7.25, 8.75, 7.5], "texture": "#0"},
				"up": {"uv": [7.25, 8.75, 7, 7.5], "texture": "#0"},
				"down": {"uv": [7.75, 7.5, 7.5, 8.75], "texture": "#0"}
			}
		},
		{
			"from": [7.05, 10.9, 3.9],
			"to": [7.25, 11.05, 14.7],
			"rotation": {"angle": 0, "axis": "y", "origin": [6.8, 11.1, 12.7]},
			"faces": {
				"north": {"uv": [3, 10.5, 3.25, 10.75], "texture": "#0"},
				"east": {"uv": [4.25, 3.75, 7, 4], "texture": "#0"},
				"south": {"uv": [10.5, 3, 10.75, 3.25], "texture": "#0"},
				"west": {"uv": [4.75, 4.75, 7.5, 5], "texture": "#0"},
				"up": {"uv": [0.25, 7.75, 0, 5], "texture": "#0"},
				"down": {"uv": [0.5, 5, 0.25, 7.75], "texture": "#0"}
			}
		},
		{
			"from": [8.5, 7.7, 3.9],
			"to": [8.65, 8.25, 14.7],
			"rotation": {"angle": 0, "axis": "y", "origin": [7.95, 6.35, 12.6]},
			"faces": {
				"north": {"uv": [3.25, 10.5, 3.5, 10.75], "texture": "#0"},
				"east": {"uv": [5, 4, 7.75, 4.25], "texture": "#0"},
				"south": {"uv": [10.5, 3.25, 10.75, 3.5], "texture": "#0"},
				"west": {"uv": [5, 4.25, 7.75, 4.5], "texture": "#0"},
				"up": {"uv": [0.75, 7.75, 0.5, 5], "texture": "#0"},
				"down": {"uv": [1, 5, 0.75, 7.75], "texture": "#0"}
			}
		},
		{
			"from": [7.55, 7.6, 3.9],
			"to": [8.5, 8.25, 14.7],
			"rotation": {"angle": 0, "axis": "y", "origin": [7, 6.35, 12.6]},
			"faces": {
				"north": {"uv": [3.5, 10.5, 3.75, 10.75], "texture": "#0"},
				"east": {"uv": [5, 4.5, 7.75, 4.75], "texture": "#0"},
				"south": {"uv": [10.5, 3.5, 10.75, 3.75], "texture": "#0"},
				"west": {"uv": [4.75, 5, 7.5, 5.25], "texture": "#0"},
				"up": {"uv": [1.25, 7.75, 1, 5], "texture": "#0"},
				"down": {"uv": [1.5, 5, 1.25, 7.75], "texture": "#0"}
			}
		},
		{
			"from": [7.75, 5.8, 7.7],
			"to": [8.3, 6.05, 10.6],
			"rotation": {"angle": 0, "axis": "y", "origin": [7, 4.15, 17.2]},
			"faces": {
				"north": {"uv": [3.75, 10.5, 4, 10.75], "texture": "#0"},
				"east": {"uv": [8.25, 4.5, 9, 4.75], "texture": "#0"},
				"south": {"uv": [10.5, 3.75, 10.75, 4], "texture": "#0"},
				"west": {"uv": [8.25, 5.5, 9, 5.75], "texture": "#0"},
				"up": {"uv": [6.5, 9, 6.25, 8.25], "texture": "#0"},
				"down": {"uv": [6.75, 8.25, 6.5, 9], "texture": "#0"}
			}
		},
		{
			"from": [7.85, 6.05, 7.8],
			"to": [8.2, 6.3, 9.2],
			"rotation": {"angle": 0, "axis": "y", "origin": [7, 4.4, 17.2]},
			"faces": {
				"north": {"uv": [4, 10.5, 4.25, 10.75], "texture": "#0"},
				"east": {"uv": [10.5, 4, 10.75, 4.25], "texture": "#0"},
				"south": {"uv": [4.25, 10.5, 4.5, 10.75], "texture": "#0"},
				"west": {"uv": [10.5, 4.25, 10.75, 4.5], "texture": "#0"},
				"up": {"uv": [4.75, 10.75, 4.5, 10.5], "texture": "#0"},
				"down": {"uv": [10.75, 4.5, 10.5, 4.75], "texture": "#0"}
			}
		},
		{
			"from": [7.85, 6.05, 9.2],
			"to": [8.2, 6.2, 9.45],
			"rotation": {"angle": 0, "axis": "y", "origin": [7, 4.4, 18.6]},
			"faces": {
				"north": {"uv": [4.75, 10.5, 5, 10.75], "texture": "#0"},
				"east": {"uv": [10.5, 4.75, 10.75, 5], "texture": "#0"},
				"south": {"uv": [5, 10.5, 5.25, 10.75], "texture": "#0"},
				"west": {"uv": [10.5, 5, 10.75, 5.25], "texture": "#0"},
				"up": {"uv": [5.5, 10.75, 5.25, 10.5], "texture": "#0"},
				"down": {"uv": [10.75, 5.25, 10.5, 5.5], "texture": "#0"}
			}
		},
		{
			"from": [7.85, 6.05, 9.45],
			"to": [8.2, 6.1, 9.7],
			"rotation": {"angle": 0, "axis": "y", "origin": [7, 4.4, 18.85]},
			"faces": {
				"north": {"uv": [5.5, 10.5, 5.75, 10.75], "texture": "#0"},
				"east": {"uv": [10.5, 5.5, 10.75, 5.75], "texture": "#0"},
				"south": {"uv": [5.75, 10.5, 6, 10.75], "texture": "#0"},
				"west": {"uv": [10.5, 5.75, 10.75, 6], "texture": "#0"},
				"up": {"uv": [6.25, 10.75, 6, 10.5], "texture": "#0"},
				"down": {"uv": [10.75, 6, 10.5, 6.25], "texture": "#0"}
			}
		},
		{
			"from": [7.85, 6.3, 7.9],
			"to": [8.2, 6.55, 9.1],
			"rotation": {"angle": 0, "axis": "y", "origin": [7, 4.65, 16.8]},
			"faces": {
				"north": {"uv": [6.25, 10.5, 6.5, 10.75], "texture": "#0"},
				"east": {"uv": [10.5, 6.25, 10.75, 6.5], "texture": "#0"},
				"south": {"uv": [6.5, 10.5, 6.75, 10.75], "texture": "#0"},
				"west": {"uv": [10.5, 6.5, 10.75, 6.75], "texture": "#0"},
				"up": {"uv": [7, 10.75, 6.75, 10.5], "texture": "#0"},
				"down": {"uv": [10.75, 6.75, 10.5, 7], "texture": "#0"}
			}
		},
		{
			"from": [7.85, 6.55, 8.9],
			"to": [8.2, 6.75, 9],
			"rotation": {"angle": 0, "axis": "y", "origin": [7, 4.9, 16.8]},
			"faces": {
				"north": {"uv": [7, 10.5, 7.25, 10.75], "texture": "#0"},
				"east": {"uv": [10.5, 7, 10.75, 7.25], "texture": "#0"},
				"south": {"uv": [7.25, 10.5, 7.5, 10.75], "texture": "#0"},
				"west": {"uv": [10.5, 7.25, 10.75, 7.5], "texture": "#0"},
				"up": {"uv": [7.75, 10.75, 7.5, 10.5], "texture": "#0"},
				"down": {"uv": [10.75, 7.5, 10.5, 7.75], "texture": "#0"}
			}
		},
		{
			"from": [7.85, 6.95, 8.9],
			"to": [8.2, 7.05, 8.95],
			"rotation": {"angle": 0, "axis": "y", "origin": [7, 5.2, 16.8]},
			"faces": {
				"north": {"uv": [7.75, 10.5, 8, 10.75], "texture": "#0"},
				"east": {"uv": [10.5, 7.75, 10.75, 8], "texture": "#0"},
				"south": {"uv": [8, 10.5, 8.25, 10.75], "texture": "#0"},
				"west": {"uv": [10.5, 8, 10.75, 8.25], "texture": "#0"},
				"up": {"uv": [8.5, 10.75, 8.25, 10.5], "texture": "#0"},
				"down": {"uv": [10.75, 8.25, 10.5, 8.5], "texture": "#0"}
			}
		},
		{
			"from": [7.85, 7.4, 9.1],
			"to": [8.2, 7.6, 9.15],
			"rotation": {"angle": 0, "axis": "y", "origin": [7, 5.75, 17]},
			"faces": {
				"north": {"uv": [8.5, 10.5, 8.75, 10.75], "texture": "#0"},
				"east": {"uv": [10.5, 8.5, 10.75, 8.75], "texture": "#0"},
				"south": {"uv": [8.75, 10.5, 9, 10.75], "texture": "#0"},
				"west": {"uv": [10.5, 8.75, 10.75, 9], "texture": "#0"},
				"up": {"uv": [9.25, 10.75, 9, 10.5], "texture": "#0"},
				"down": {"uv": [10.75, 9, 10.5, 9.25], "texture": "#0"}
			}
		},
		{
			"from": [7.85, 7.55, 9.15],
			"to": [8.2, 7.6, 9.5],
			"rotation": {"angle": 0, "axis": "y", "origin": [7, 5.75, 17.05]},
			"faces": {
				"north": {"uv": [9.25, 10.5, 9.5, 10.75], "texture": "#0"},
				"east": {"uv": [10.5, 9.25, 10.75, 9.5], "texture": "#0"},
				"south": {"uv": [9.5, 10.5, 9.75, 10.75], "texture": "#0"},
				"west": {"uv": [10.5, 9.5, 10.75, 9.75], "texture": "#0"},
				"up": {"uv": [10, 10.75, 9.75, 10.5], "texture": "#0"},
				"down": {"uv": [10.75, 9.75, 10.5, 10], "texture": "#0"}
			}
		},
		{
			"from": [7.85, 7.5, 9.15],
			"to": [8.2, 7.55, 9.3],
			"rotation": {"angle": 0, "axis": "y", "origin": [7, 5.7, 17.05]},
			"faces": {
				"north": {"uv": [10, 10.5, 10.25, 10.75], "texture": "#0"},
				"east": {"uv": [10.5, 10, 10.75, 10.25], "texture": "#0"},
				"south": {"uv": [10.25, 10.5, 10.5, 10.75], "texture": "#0"},
				"west": {"uv": [10.5, 10.25, 10.75, 10.5], "texture": "#0"},
				"up": {"uv": [10.75, 10.75, 10.5, 10.5], "texture": "#0"},
				"down": {"uv": [0.25, 10.75, 0, 11], "texture": "#0"}
			}
		},
		{
			"from": [7.85, 6.55, 9],
			"to": [8.2, 6.6, 9.1],
			"rotation": {"angle": 0, "axis": "y", "origin": [7, 4.9, 16.9]},
			"faces": {
				"north": {"uv": [10.75, 0, 11, 0.25], "texture": "#0"},
				"east": {"uv": [0.25, 10.75, 0.5, 11], "texture": "#0"},
				"south": {"uv": [10.75, 0.25, 11, 0.5], "texture": "#0"},
				"west": {"uv": [0.5, 10.75, 0.75, 11], "texture": "#0"},
				"up": {"uv": [11, 0.75, 10.75, 0.5], "texture": "#0"},
				"down": {"uv": [1, 10.75, 0.75, 11], "texture": "#0"}
			}
		},
		{
			"from": [7.85, 6.55, 8],
			"to": [8.2, 6.8, 8.9],
			"rotation": {"angle": 0, "axis": "y", "origin": [7, 4.9, 16.8]},
			"faces": {
				"north": {"uv": [10.75, 0.75, 11, 1], "texture": "#0"},
				"east": {"uv": [1, 10.75, 1.25, 11], "texture": "#0"},
				"south": {"uv": [10.75, 1, 11, 1.25], "texture": "#0"},
				"west": {"uv": [1.25, 10.75, 1.5, 11], "texture": "#0"},
				"up": {"uv": [11, 1.5, 10.75, 1.25], "texture": "#0"},
				"down": {"uv": [1.75, 10.75, 1.5, 11], "texture": "#0"}
			}
		},
		{
			"from": [7.85, 6.8, 8.1],
			"to": [8.2, 7.05, 8.9],
			"rotation": {"angle": 0, "axis": "y", "origin": [7, 5.15, 16.8]},
			"faces": {
				"north": {"uv": [10.75, 1.5, 11, 1.75], "texture": "#0"},
				"east": {"uv": [1.75, 10.75, 2, 11], "texture": "#0"},
				"south": {"uv": [10.75, 1.75, 11, 2], "texture": "#0"},
				"west": {"uv": [2, 10.75, 2.25, 11], "texture": "#0"},
				"up": {"uv": [11, 2.25, 10.75, 2], "texture": "#0"},
				"down": {"uv": [2.5, 10.75, 2.25, 11], "texture": "#0"}
			}
		},
		{
			"from": [7.85, 7.05, 8.2],
			"to": [8.2, 7.3, 9],
			"rotation": {"angle": 0, "axis": "y", "origin": [7, 5.4, 16.9]},
			"faces": {
				"north": {"uv": [10.75, 2.25, 11, 2.5], "texture": "#0"},
				"east": {"uv": [2.5, 10.75, 2.75, 11], "texture": "#0"},
				"south": {"uv": [10.75, 2.5, 11, 2.75], "texture": "#0"},
				"west": {"uv": [2.75, 10.75, 3, 11], "texture": "#0"},
				"up": {"uv": [11, 3, 10.75, 2.75], "texture": "#0"},
				"down": {"uv": [3.25, 10.75, 3, 11], "texture": "#0"}
			}
		},
		{
			"from": [7.85, 7.3, 8.2],
			"to": [8.2, 7.6, 9.1],
			"rotation": {"angle": 0, "axis": "y", "origin": [7, 5.65, 16.9]},
			"faces": {
				"north": {"uv": [10.75, 3, 11, 3.25], "texture": "#0"},
				"east": {"uv": [3.25, 10.75, 3.5, 11], "texture": "#0"},
				"south": {"uv": [10.75, 3.25, 11, 3.5], "texture": "#0"},
				"west": {"uv": [3.5, 10.75, 3.75, 11], "texture": "#0"},
				"up": {"uv": [11, 3.75, 10.75, 3.5], "texture": "#0"},
				"down": {"uv": [4, 10.75, 3.75, 11], "texture": "#0"}
			}
		},
		{
			"from": [7.75, 5.95, 10.5],
			"to": [8.3, 6.25, 10.8],
			"rotation": {"angle": 0, "axis": "y", "origin": [7, 4.3, 17]},
			"faces": {
				"north": {"uv": [10.75, 3.75, 11, 4], "texture": "#0"},
				"east": {"uv": [4, 10.75, 4.25, 11], "texture": "#0"},
				"south": {"uv": [10.75, 4, 11, 4.25], "texture": "#0"},
				"west": {"uv": [4.25, 10.75, 4.5, 11], "texture": "#0"},
				"up": {"uv": [11, 4.5, 10.75, 4.25], "texture": "#0"},
				"down": {"uv": [4.75, 10.75, 4.5, 11], "texture": "#0"}
			}
		},
		{
			"from": [7.75, 6.15, 10.7],
			"to": [8.3, 6.55, 11],
			"rotation": {"angle": 0, "axis": "y", "origin": [7, 4.5, 17.2]},
			"faces": {
				"north": {"uv": [10.75, 4.5, 11, 4.75], "texture": "#0"},
				"east": {"uv": [4.75, 10.75, 5, 11], "texture": "#0"},
				"south": {"uv": [10.75, 4.75, 11, 5], "texture": "#0"},
				"west": {"uv": [5, 10.75, 5.25, 11], "texture": "#0"},
				"up": {"uv": [11, 5.25, 10.75, 5], "texture": "#0"},
				"down": {"uv": [5.5, 10.75, 5.25, 11], "texture": "#0"}
			}
		},
		{
			"from": [7.75, 6.45, 10.9],
			"to": [8.3, 7.05, 11.2],
			"rotation": {"angle": 0, "axis": "y", "origin": [7, 4.8, 17.4]},
			"faces": {
				"north": {"uv": [10.75, 5.25, 11, 5.5], "texture": "#0"},
				"east": {"uv": [5.5, 10.75, 5.75, 11], "texture": "#0"},
				"south": {"uv": [10.75, 5.5, 11, 5.75], "texture": "#0"},
				"west": {"uv": [5.75, 10.75, 6, 11], "texture": "#0"},
				"up": {"uv": [11, 6, 10.75, 5.75], "texture": "#0"},
				"down": {"uv": [6.25, 10.75, 6, 11], "texture": "#0"}
			}
		},
		{
			"from": [7.75, 6.95, 11.1],
			"to": [8.3, 7.65, 11.4],
			"rotation": {"angle": 0, "axis": "y", "origin": [7, 5.3, 17.6]},
			"faces": {
				"north": {"uv": [10.75, 6, 11, 6.25], "texture": "#0"},
				"east": {"uv": [6.25, 10.75, 6.5, 11], "texture": "#0"},
				"south": {"uv": [10.75, 6.25, 11, 6.5], "texture": "#0"},
				"west": {"uv": [6.5, 10.75, 6.75, 11], "texture": "#0"},
				"up": {"uv": [11, 6.75, 10.75, 6.5], "texture": "#0"},
				"down": {"uv": [7, 10.75, 6.75, 11], "texture": "#0"}
			}
		},
		{
			"from": [7.55, 7.8, 3.6],
			"to": [8.5, 7.95, 3.9],
			"rotation": {"angle": 0, "axis": "y", "origin": [7, 6.35, 1.8]},
			"faces": {
				"north": {"uv": [10.75, 6.75, 11, 7], "texture": "#0"},
				"east": {"uv": [7, 10.75, 7.25, 11], "texture": "#0"},
				"south": {"uv": [10.75, 7, 11, 7.25], "texture": "#0"},
				"west": {"uv": [7.25, 10.75, 7.5, 11], "texture": "#0"},
				"up": {"uv": [11, 7.5, 10.75, 7.25], "texture": "#0"},
				"down": {"uv": [7.75, 10.75, 7.5, 11], "texture": "#0"}
			}
		},
		{
			"from": [7.4, 7.7, 3.9],
			"to": [7.55, 8.25, 14.7],
			"rotation": {"angle": 0, "axis": "y", "origin": [6.85, 6.35, 12.6]},
			"faces": {
				"north": {"uv": [10.75, 7.5, 11, 7.75], "texture": "#0"},
				"east": {"uv": [4.75, 5.25, 7.5, 5.5], "texture": "#0"},
				"south": {"uv": [7.75, 10.75, 8, 11], "texture": "#0"},
				"west": {"uv": [5.5, 0, 8.25, 0.25], "texture": "#0"},
				"up": {"uv": [3.25, 7.75, 3, 5], "texture": "#0"},
				"down": {"uv": [3.5, 5, 3.25, 7.75], "texture": "#0"}
			}
		},
		{
			"from": [7.33431, 9.6, 19.7],
			"to": [7.63431, 10.4, 19.8],
			"rotation": {"angle": 0, "axis": "y", "origin": [5.83431, 9, 17.9]},
			"faces": {
				"north": {"uv": [10.75, 7.75, 11, 8], "texture": "#0"},
				"east": {"uv": [8, 10.75, 8.25, 11], "texture": "#0"},
				"south": {"uv": [10.75, 8, 11, 8.25], "texture": "#0"},
				"west": {"uv": [8.25, 10.75, 8.5, 11], "texture": "#0"},
				"up": {"uv": [11, 8.5, 10.75, 8.25], "texture": "#0"},
				"down": {"uv": [8.75, 10.75, 8.5, 11], "texture": "#0"}
			}
		},
		{
			"from": [8.7636, 8.54939, 19.7],
			"to": [9.0636, 8.94939, 19.8],
			"rotation": {"angle": 45, "axis": "z", "origin": [7.2636, 7.54939, 17.9]},
			"faces": {
				"north": {"uv": [10.75, 8.5, 11, 8.75], "texture": "#0"},
				"east": {"uv": [8.75, 10.75, 9, 11], "texture": "#0"},
				"south": {"uv": [10.75, 8.75, 11, 9], "texture": "#0"},
				"west": {"uv": [9, 10.75, 9.25, 11], "texture": "#0"},
				"up": {"uv": [11, 9.25, 10.75, 9], "texture": "#0"},
				"down": {"uv": [9.5, 10.75, 9.25, 11], "texture": "#0"}
			}
		},
		{
			"from": [7.4201, 11.60711, 19.7],
			"to": [7.7201, 12.00711, 19.8],
			"rotation": {"angle": -45, "axis": "z", "origin": [5.9201, 11.10711, 17.9]},
			"faces": {
				"north": {"uv": [10.75, 9.25, 11, 9.5], "texture": "#0"},
				"east": {"uv": [9.5, 10.75, 9.75, 11], "texture": "#0"},
				"south": {"uv": [10.75, 9.5, 11, 9.75], "texture": "#0"},
				"west": {"uv": [9.75, 10.75, 10, 11], "texture": "#0"},
				"up": {"uv": [11, 10, 10.75, 9.75], "texture": "#0"},
				"down": {"uv": [10.25, 10.75, 10, 11], "texture": "#0"}
			}
		},
		{
			"from": [8.4, 9.6, 19.7],
			"to": [8.7, 10.4, 19.8],
			"rotation": {"angle": 0, "axis": "y", "origin": [6.9, 8.8, 17.9]},
			"faces": {
				"north": {"uv": [10.75, 10, 11, 10.25], "texture": "#0"},
				"east": {"uv": [10.25, 10.75, 10.5, 11], "texture": "#0"},
				"south": {"uv": [10.75, 10.25, 11, 10.5], "texture": "#0"},
				"west": {"uv": [10.5, 10.75, 10.75, 11], "texture": "#0"},
				"up": {"uv": [11, 10.75, 10.75, 10.5], "texture": "#0"},
				"down": {"uv": [11, 10.75, 10.75, 11], "texture": "#0"}
			}
		},
		{
			"from": [7.72513, 10.97071, 19.7],
			"to": [8.02513, 11.37071, 19.8],
			"rotation": {"angle": -45, "axis": "z", "origin": [6.22513, 9.67071, 17.9]},
			"faces": {
				"north": {"uv": [0, 11, 0.25, 11.25], "texture": "#0"},
				"east": {"uv": [11, 0, 11.25, 0.25], "texture": "#0"},
				"south": {"uv": [0.25, 11, 0.5, 11.25], "texture": "#0"},
				"west": {"uv": [11, 0.25, 11.25, 0.5], "texture": "#0"},
				"up": {"uv": [0.75, 11.25, 0.5, 11], "texture": "#0"},
				"down": {"uv": [11.25, 0.5, 11, 0.75], "texture": "#0"}
			}
		},
		{
			"from": [9.49289, 9.36152, 19.7],
			"to": [9.79289, 9.76152, 19.8],
			"rotation": {"angle": 45, "axis": "z", "origin": [7.99289, 8.56152, 17.9]},
			"faces": {
				"north": {"uv": [0.75, 11, 1, 11.25], "texture": "#0"},
				"east": {"uv": [11, 0.75, 11.25, 1], "texture": "#0"},
				"south": {"uv": [1, 11, 1.25, 11.25], "texture": "#0"},
				"west": {"uv": [11, 1, 11.25, 1.25], "texture": "#0"},
				"up": {"uv": [1.5, 11.25, 1.25, 11], "texture": "#0"},
				"down": {"uv": [11.25, 1.25, 11, 1.5], "texture": "#0"}
			}
		},
		{
			"from": [7.61716, 9.31716, 19.7],
			"to": [8.41716, 9.61716, 19.8],
			"rotation": {"angle": 0, "axis": "y", "origin": [6.61716, 8.81716, 17.9]},
			"faces": {
				"north": {"uv": [1.5, 11, 1.75, 11.25], "texture": "#0"},
				"east": {"uv": [11, 1.5, 11.25, 1.75], "texture": "#0"},
				"south": {"uv": [1.75, 11, 2, 11.25], "texture": "#0"},
				"west": {"uv": [11, 1.75, 11.25, 2], "texture": "#0"},
				"up": {"uv": [2.25, 11.25, 2, 11], "texture": "#0"},
				"down": {"uv": [11.25, 2, 11, 2.25], "texture": "#0"}
			}
		},
		{
			"from": [7.61716, 10.38284, 19.7],
			"to": [8.41716, 10.68284, 19.8],
			"rotation": {"angle": 0, "axis": "y", "origin": [6.61716, 9.88284, 17.9]},
			"faces": {
				"north": {"uv": [2.25, 11, 2.5, 11.25], "texture": "#0"},
				"east": {"uv": [11, 2.25, 11.25, 2.5], "texture": "#0"},
				"south": {"uv": [2.5, 11, 2.75, 11.25], "texture": "#0"},
				"west": {"uv": [11, 2.5, 11.25, 2.75], "texture": "#0"},
				"up": {"uv": [3, 11.25, 2.75, 11], "texture": "#0"},
				"down": {"uv": [11.25, 2.75, 11, 3], "texture": "#0"}
			}
		},
		{
			"from": [7, 2.85, 3.35],
			"to": [9, 10.9, 7.05],
			"rotation": {"angle": 22.5, "axis": "x", "origin": [7, 4.8, 3.35]},
			"faces": {
				"north": {"uv": [1.5, 3.5, 2, 5.5], "texture": "#0"},
				"east": {"uv": [0, 1.5, 1, 3.5], "texture": "#0"},
				"south": {"uv": [3.75, 2, 4.25, 4], "texture": "#0"},
				"west": {"uv": [1, 1.5, 2, 3.5], "texture": "#0"},
				"up": {"uv": [6.25, 7, 5.75, 6], "texture": "#0"},
				"down": {"uv": [6.75, 6, 6.25, 7], "texture": "#0"}
			}
		},
		{
			"from": [6.9, 3.15, 3.75],
			"to": [7, 9, 6.75],
			"rotation": {"angle": 22.5, "axis": "x", "origin": [5, 4.8, 3.35]},
			"faces": {
				"north": {"uv": [3.5, 5, 3.75, 6.5], "texture": "#0"},
				"east": {"uv": [3, 2, 3.75, 3.5], "texture": "#0"},
				"south": {"uv": [3.5, 6.5, 3.75, 8], "texture": "#0"},
				"west": {"uv": [0, 3.5, 0.75, 5], "texture": "#0"},
				"up": {"uv": [8.5, 7.25, 8.25, 6.5], "texture": "#0"},
				"down": {"uv": [8.5, 7.5, 8.25, 8.25], "texture": "#0"}
			}
		},
		{
			"from": [9, 3.15, 3.75],
			"to": [9.1, 9, 6.75],
			"rotation": {"angle": 22.5, "axis": "x", "origin": [7.1, 4.8, 3.35]},
			"faces": {
				"north": {"uv": [2, 7, 2.25, 8.5], "texture": "#0"},
				"east": {"uv": [0.75, 3.5, 1.5, 5], "texture": "#0"},
				"south": {"uv": [2.25, 7, 2.5, 8.5], "texture": "#0"},
				"west": {"uv": [3, 3.5, 3.75, 5], "texture": "#0"},
				"up": {"uv": [8, 9, 7.75, 8.25], "texture": "#0"},
				"down": {"uv": [8.25, 8.25, 8, 9], "texture": "#0"}
			}
		},
		{
			"from": [9.1, 3.75, 5.45],
			"to": [9.2, 4.4, 6.15],
			"rotation": {"angle": 22.5, "axis": "x", "origin": [7.2, 4.8, 3.35]},
			"faces": {
				"north": {"uv": [3, 11, 3.25, 11.25], "texture": "#0"},
				"east": {"uv": [11, 3, 11.25, 3.25], "texture": "#0"},
				"south": {"uv": [3.25, 11, 3.5, 11.25], "texture": "#0"},
				"west": {"uv": [11, 3.25, 11.25, 3.5], "texture": "#0"},
				"up": {"uv": [3.75, 11.25, 3.5, 11], "texture": "#0"},
				"down": {"uv": [11.25, 3.5, 11, 3.75], "texture": "#0"}
			}
		},
		{
			"from": [9.1, 7.65, 4.45],
			"to": [9.2, 8.3, 5.15],
			"rotation": {"angle": 22.5, "axis": "x", "origin": [7.2, 4.8, 3.35]},
			"faces": {
				"north": {"uv": [3.75, 11, 4, 11.25], "texture": "#0"},
				"east": {"uv": [11, 3.75, 11.25, 4], "texture": "#0"},
				"south": {"uv": [4, 11, 4.25, 11.25], "texture": "#0"},
				"west": {"uv": [11, 4, 11.25, 4.25], "texture": "#0"},
				"up": {"uv": [4.5, 11.25, 4.25, 11], "texture": "#0"},
				"down": {"uv": [11.25, 4.25, 11, 4.5], "texture": "#0"}
			}
		},
		{
			"from": [6.8, 3.75, 5.45],
			"to": [6.9, 4.4, 6.15],
			"rotation": {"angle": 22.5, "axis": "x", "origin": [4.9, 4.8, 3.35]},
			"faces": {
				"north": {"uv": [4.5, 11, 4.75, 11.25], "texture": "#0"},
				"east": {"uv": [11, 4.5, 11.25, 4.75], "texture": "#0"},
				"south": {"uv": [4.75, 11, 5, 11.25], "texture": "#0"},
				"west": {"uv": [11, 4.75, 11.25, 5], "texture": "#0"},
				"up": {"uv": [5.25, 11.25, 5, 11], "texture": "#0"},
				"down": {"uv": [11.25, 5, 11, 5.25], "texture": "#0"}
			}
		},
		{
			"from": [6.8, 7.65, 4.45],
			"to": [6.9, 8.3, 5.15],
			"rotation": {"angle": 22.5, "axis": "x", "origin": [4.9, 4.8, 3.35]},
			"faces": {
				"north": {"uv": [5.25, 11, 5.5, 11.25], "texture": "#0"},
				"east": {"uv": [11, 5.25, 11.25, 5.5], "texture": "#0"},
				"south": {"uv": [5.5, 11, 5.75, 11.25], "texture": "#0"},
				"west": {"uv": [11, 5.5, 11.25, 5.75], "texture": "#0"},
				"up": {"uv": [6, 11.25, 5.75, 11], "texture": "#0"},
				"down": {"uv": [11.25, 5.75, 11, 6], "texture": "#0"}
			}
		},
		{
			"from": [7, 1.45, 6.75],
			"to": [9, 1.9, 7.05],
			"rotation": {"angle": 22.5, "axis": "x", "origin": [7, 3.4, 6.75]},
			"faces": {
				"north": {"uv": [8, 9, 8.5, 9.25], "texture": "#0"},
				"east": {"uv": [6, 11, 6.25, 11.25], "texture": "#0"},
				"south": {"uv": [9, 8, 9.5, 8.25], "texture": "#0"},
				"west": {"uv": [11, 6, 11.25, 6.25], "texture": "#0"},
				"up": {"uv": [9.5, 8.5, 9, 8.25], "texture": "#0"},
				"down": {"uv": [9, 9, 8.5, 9.25], "texture": "#0"}
			}
		},
		{
			"from": [7.55, 9.5, 19.6],
			"to": [8.5, 10.4, 19.7],
			"rotation": {"angle": 0, "axis": "y", "origin": [7.5, 9.4, 18.6]},
			"faces": {
				"north": {"uv": [9, 11, 9.25, 11.25], "texture": "#0"},
				"east": {"uv": [11, 9, 11.25, 9.25], "texture": "#0"},
				"south": {"uv": [9.25, 11, 9.5, 11.25], "texture": "#0"},
				"west": {"uv": [11, 9.25, 11.25, 9.5], "texture": "#0"},
				"up": {"uv": [9.75, 11.25, 9.5, 11], "texture": "#0"},
				"down": {"uv": [11.25, 9.5, 11, 9.75], "texture": "#0"}
			}
		}
	],
	"display": {
		"thirdperson_righthand": {
			"rotation": [0, 180, 0],
			"translation": [0, 0.2, 0.25],
			"scale": [0.41, 0.43, 0.42]
		},
		"thirdperson_lefthand": {
			"rotation": [0, 180, 0],
			"translation": [0, 0.2, 0.25],
			"scale": [0.41, 0.43, 0.42]
		},
		"firstperson_righthand": {
			"rotation": [0, 180, -4],
			"translation": [0, 1.5, -1],
			"scale": [0.77, 0.79, 0.66]
		},
		"firstperson_lefthand": {
			"rotation": [0, 180, -4],
			"translation": [0, 1.5, -1],
			"scale": [0.77, 0.79, 0.66]
		},
		"ground": {
			"scale": [0.43, 0.48, 0.42]
		},
		"gui": {
			"rotation": [0, -90, 0],
			"translation": [2.5, 0, 0],
			"scale": [4, 0.93, 0.79]
		},
		"fixed": {
			"rotation": [0, 90, 0],
			"translation": [-3, 0, 0]
		}
	}
}