{
	"format_version": "1.21.6",
	"credit": "Made with Blockbench",
	"texture_size": [64, 64],
	"textures": {
		"0": "blobstern:item/present3",
		"particle": "blobstern:item/present3"
	},
	"elements": [
		{
			"from": [2, 0, 7],
			"to": [14, 27, 14],
			"rotation": {"angle": 0, "axis": "y", "origin": [7, 0, 12]},
			"faces": {
				"north": {"uv": [0, 0, 3, 6.75], "texture": "#0"},
				"east": {"uv": [6, 0, 7.75, 6.75], "texture": "#0"},
				"south": {"uv": [3, 0, 6, 6.75], "texture": "#0"},
				"west": {"uv": [0, 6.75, 1.75, 13.5], "texture": "#0"},
				"up": {"uv": [10.75, 1.75, 7.75, 0], "texture": "#0"},
				"down": {"uv": [10.75, 1.75, 7.75, 3.5], "texture": "#0"}
			}
		},
		{
			"from": [7, 0, 14],
			"to": [9, 27, 14.5],
			"rotation": {"angle": 0.5, "axis": "x", "origin": [7, 0, 19]},
			"faces": {
				"north": {"uv": [8.25, 3.5, 8.75, 10.25], "texture": "#0"},
				"east": {"uv": [4.75, 8.75, 5, 15.5], "texture": "#0"},
				"south": {"uv": [1.75, 8.75, 2.25, 15.5], "texture": "#0"},
				"west": {"uv": [5, 8.75, 5.25, 15.5], "texture": "#0"},
				"up": {"uv": [8.25, 6.75, 7.75, 6.5], "texture": "#0"},
				"down": {"uv": [11, 9.75, 10.5, 10], "texture": "#0"}
			}
		},
		{
			"from": [14, 0, 9.5],
			"to": [14.5, 27, 11.5],
			"rotation": {"angle": -0.5, "axis": "z", "origin": [10, 0, 9.5]},
			"faces": {
				"north": {"uv": [5.75, 8.75, 6, 15.5], "texture": "#0"},
				"east": {"uv": [3.25, 8.75, 3.75, 15.5], "texture": "#0"},
				"south": {"uv": [6, 8.75, 6.25, 15.5], "texture": "#0"},
				"west": {"uv": [8.75, 3.5, 9.25, 10.25], "texture": "#0"},
				"up": {"uv": [8.25, 9.25, 8, 8.75], "texture": "#0"},
				"down": {"uv": [8.25, 9.75, 8, 10.25], "texture": "#0"}
			}
		},
		{
			"from": [14.2529, 26.95963, 9.5],
			"to": [14.7529, 28.55963, 11.5],
			"rotation": {"angle": 0, "axis": "z", "origin": [10.2529, -1.04037, 9.5]},
			"faces": {
				"north": {"uv": [10.75, 0, 11, 0.5], "texture": "#0"},
				"east": {"uv": [7.75, 9.25, 8.25, 9.75], "texture": "#0"},
				"south": {"uv": [10.75, 0.5, 11, 1], "texture": "#0"},
				"west": {"uv": [9.25, 10, 9.75, 10.5], "texture": "#0"},
				"up": {"uv": [11, 1.5, 10.75, 1], "texture": "#0"},
				"down": {"uv": [11, 1.5, 10.75, 2], "texture": "#0"}
			}
		},
		{
			"from": [7.0029, 26.95963, 14.25],
			"to": [9.0029, 28.55963, 14.75],
			"rotation": {"angle": 0, "axis": "z", "origin": [9.0029, -1.04037, 10.25]},
			"faces": {
				"north": {"uv": [10.25, 6.5, 10.75, 7], "texture": "#0"},
				"east": {"uv": [10.75, 7, 11, 7.5], "texture": "#0"},
				"south": {"uv": [6.75, 10.25, 7.25, 10.75], "texture": "#0"},
				"west": {"uv": [7.25, 10.75, 7.5, 11.25], "texture": "#0"},
				"up": {"uv": [8, 11, 7.5, 10.75], "texture": "#0"},
				"down": {"uv": [11.25, 7.5, 10.75, 7.75], "texture": "#0"}
			}
		},
		{
			"from": [7.0029, 26.95963, 6.25],
			"to": [9.0029, 28.55963, 6.75],
			"rotation": {"angle": 0, "axis": "z", "origin": [9.0029, -1.04037, 2.25]},
			"faces": {
				"north": {"uv": [10.25, 7, 10.75, 7.5], "texture": "#0"},
				"east": {"uv": [8.5, 10.75, 8.75, 11.25], "texture": "#0"},
				"south": {"uv": [7.25, 10.25, 7.75, 10.75], "texture": "#0"},
				"west": {"uv": [10.75, 8.5, 11, 9], "texture": "#0"},
				"up": {"uv": [9.25, 11, 8.75, 10.75], "texture": "#0"},
				"down": {"uv": [11.25, 9, 10.75, 9.25], "texture": "#0"}
			}
		},
		{
			"from": [1.2529, 27.05963, 9.5],
			"to": [1.7529, 28.55963, 11.5],
			"rotation": {"angle": 0, "axis": "z", "origin": [-2.7471, -1.04037, 9.5]},
			"faces": {
				"north": {"uv": [10.75, 6, 11, 6.5], "texture": "#0"},
				"east": {"uv": [9.75, 10, 10.25, 10.5], "texture": "#0"},
				"south": {"uv": [10.75, 6.5, 11, 7], "texture": "#0"},
				"west": {"uv": [10.25, 6, 10.75, 6.5], "texture": "#0"},
				"up": {"uv": [7, 11.25, 6.75, 10.75], "texture": "#0"},
				"down": {"uv": [7.25, 10.75, 7, 11.25], "texture": "#0"}
			}
		},
		{
			"from": [1.7529, 27.95963, 9.5],
			"to": [7.0058, 28.55963, 11.5],
			"rotation": {"angle": 0, "axis": "z", "origin": [10.2529, -1.04037, 9.5]},
			"faces": {
				"north": {"uv": [9.25, 9.5, 10.5, 9.75], "texture": "#0"},
				"east": {"uv": [10.75, 2, 11.25, 2.25], "texture": "#0"},
				"south": {"uv": [6.75, 9.75, 8, 10], "texture": "#0"},
				"west": {"uv": [10.75, 2.25, 11.25, 2.5], "texture": "#0"},
				"up": {"uv": [8, 9.25, 6.75, 8.75], "texture": "#0"},
				"down": {"uv": [10.5, 4, 9.25, 4.5], "texture": "#0"}
			}
		},
		{
			"from": [7.0058, 27.95963, 9.5],
			"to": [9.00869, 30.05963, 11.5],
			"rotation": {"angle": 0, "axis": "z", "origin": [10.2529, -1.04037, 9.5]},
			"faces": {
				"north": {"uv": [10.25, 7.5, 10.75, 8], "texture": "#0"},
				"east": {"uv": [7.75, 10.25, 8.25, 10.75], "texture": "#0"},
				"south": {"uv": [10.25, 8, 10.75, 8.5], "texture": "#0"},
				"west": {"uv": [8.25, 10.25, 8.75, 10.75], "texture": "#0"},
				"up": {"uv": [10.75, 9, 10.25, 8.5], "texture": "#0"},
				"down": {"uv": [9.25, 10.25, 8.75, 10.75], "texture": "#0"}
			}
		},
		{
			"from": [-6.4942, 29.45963, 9.4],
			"to": [-2.99131, 31.05963, 11.6],
			"rotation": {"angle": -20, "axis": "z", "origin": [-1.7471, 0.45963, 9.5]},
			"faces": {
				"north": {"uv": [9.25, 6, 10.25, 6.5], "texture": "#0"},
				"east": {"uv": [10.25, 9, 10.75, 9.5], "texture": "#0"},
				"south": {"uv": [9.25, 6.5, 10.25, 7], "texture": "#0"},
				"west": {"uv": [10.25, 10, 10.75, 10.5], "texture": "#0"},
				"up": {"uv": [7.75, 9.75, 6.75, 9.25], "texture": "#0"},
				"down": {"uv": [10.25, 7, 9.25, 7.5], "texture": "#0"}
			}
		},
		{
			"from": [18.99131, 29.45963, 9.4],
			"to": [22.4942, 31.05963, 11.6],
			"rotation": {"angle": 20, "axis": "z", "origin": [17.7471, 0.45963, 9.5]},
			"faces": {
				"north": {"uv": [9.25, 7.5, 10.25, 8], "texture": "#0"},
				"east": {"uv": [10.5, 4, 11, 4.5], "texture": "#0"},
				"south": {"uv": [9.25, 8, 10.25, 8.5], "texture": "#0"},
				"west": {"uv": [10.5, 4.5, 11, 5], "texture": "#0"},
				"up": {"uv": [10.25, 9, 9.25, 8.5], "texture": "#0"},
				"down": {"uv": [10.25, 9, 9.25, 9.5], "texture": "#0"}
			}
		},
		{
			"from": [9.00869, 27.95963, 9.5],
			"to": [14.2529, 28.55963, 11.5],
			"rotation": {"angle": 0, "axis": "z", "origin": [10.2529, -1.04037, 9.5]},
			"faces": {
				"north": {"uv": [9.25, 9.75, 10.5, 10], "texture": "#0"},
				"east": {"uv": [9.25, 10.75, 9.75, 11], "texture": "#0"},
				"south": {"uv": [6.75, 10, 8, 10.25], "texture": "#0"},
				"west": {"uv": [10.75, 9.25, 11.25, 9.5], "texture": "#0"},
				"up": {"uv": [10.5, 5, 9.25, 4.5], "texture": "#0"},
				"down": {"uv": [10.5, 5, 9.25, 5.5], "texture": "#0"}
			}
		},
		{
			"from": [7.0029, 27.95963, 11.5],
			"to": [9.0029, 28.55963, 14.25],
			"rotation": {"angle": 0, "axis": "z", "origin": [10.2529, -1.04037, 11.5]},
			"faces": {
				"north": {"uv": [10.75, 7.75, 11.25, 8], "texture": "#0"},
				"east": {"uv": [10.5, 5, 11.25, 5.25], "texture": "#0"},
				"south": {"uv": [8, 10.75, 8.5, 11], "texture": "#0"},
				"west": {"uv": [10.5, 5.25, 11.25, 5.5], "texture": "#0"},
				"up": {"uv": [8.25, 4.25, 7.75, 3.5], "texture": "#0"},
				"down": {"uv": [8.25, 4.25, 7.75, 5], "texture": "#0"}
			}
		},
		{
			"from": [7.0029, 27.95963, 6.75],
			"to": [9.0029, 28.55963, 9.5],
			"rotation": {"angle": 0, "axis": "z", "origin": [10.2529, -1.04037, 6.75]},
			"faces": {
				"north": {"uv": [10.75, 8, 11.25, 8.25], "texture": "#0"},
				"east": {"uv": [9.25, 10.5, 10, 10.75], "texture": "#0"},
				"south": {"uv": [10.75, 8.25, 11.25, 8.5], "texture": "#0"},
				"west": {"uv": [10.5, 9.5, 11.25, 9.75], "texture": "#0"},
				"up": {"uv": [8.25, 5.75, 7.75, 5], "texture": "#0"},
				"down": {"uv": [8.25, 5.75, 7.75, 6.5], "texture": "#0"}
			}
		},
		{
			"from": [1.5, 0, 9.5],
			"to": [2, 27.05, 11.5],
			"rotation": {"angle": 0.5, "axis": "z", "origin": [-3, 0, 9.5]},
			"faces": {
				"north": {"uv": [6.25, 8.75, 6.5, 15.5], "texture": "#0"},
				"east": {"uv": [3.75, 8.75, 4.25, 15.5], "texture": "#0"},
				"south": {"uv": [6.5, 8.75, 6.75, 15.5], "texture": "#0"},
				"west": {"uv": [4.25, 8.75, 4.75, 15.5], "texture": "#0"},
				"up": {"uv": [11, 3, 10.75, 2.5], "texture": "#0"},
				"down": {"uv": [11, 3, 10.75, 3.5], "texture": "#0"}
			}
		},
		{
			"from": [7, 0, 6.5],
			"to": [9, 27, 7],
			"rotation": {"angle": -0.5, "axis": "x", "origin": [7, 0, 11]},
			"faces": {
				"north": {"uv": [2.25, 8.75, 2.75, 15.5], "texture": "#0"},
				"east": {"uv": [5.25, 8.75, 5.5, 15.5], "texture": "#0"},
				"south": {"uv": [2.75, 8.75, 3.25, 15.5], "texture": "#0"},
				"west": {"uv": [5.5, 8.75, 5.75, 15.5], "texture": "#0"},
				"up": {"uv": [10.5, 10.75, 10, 10.5], "texture": "#0"},
				"down": {"uv": [11, 10.5, 10.5, 10.75], "texture": "#0"}
			}
		},
		{
			"from": [1.75, 27, 6.75],
			"to": [14.25, 28, 14.25],
			"rotation": {"angle": 0, "axis": "y", "origin": [7, -1, 12]},
			"faces": {
				"north": {"uv": [9.25, 3.5, 12.5, 3.75], "texture": "#0"},
				"east": {"uv": [9.25, 5.5, 11.25, 5.75], "texture": "#0"},
				"south": {"uv": [9.25, 3.75, 12.5, 4], "texture": "#0"},
				"west": {"uv": [9.25, 5.75, 11.25, 6], "texture": "#0"},
				"up": {"uv": [5, 8.75, 1.75, 6.75], "texture": "#0"},
				"down": {"uv": [8.25, 6.75, 5, 8.75], "texture": "#0"}
			}
		}
	]
}
