{
	"credit": "Made with Blockbench",
	"texture_size": [64, 64],
	"textures": {
		"0": "blobstern:item/sniper",
		"particle": "blobstern:item/sniper"
	},
	"elements": [
		{
			"from": [-6, 8, 7],
			"to": [11.1, 9, 8],
			"rotation": {"angle": -45, "axis": "x", "origin": [-8, 9, 7]},
			"faces": {
				"north": {"uv": [0, 0, 4.25, 0.25], "texture": "#0"},
				"east": {"uv": [1.75, 5.5, 2, 5.75], "texture": "#0"},
				"south": {"uv": [0, 0.25, 4.25, 0.5], "texture": "#0"},
				"west": {"uv": [1, 7.25, 1.25, 7.5], "texture": "#0"},
				"up": {"uv": [4.25, 0.75, 0, 0.5], "texture": "#0"},
				"down": {"uv": [4.25, 0.75, 0, 1], "texture": "#0"}
			}
		},
		{
			"from": [-11.1, 8.7, 7.4],
			"to": [-11, 9.3, 8],
			"rotation": {"angle": 0, "axis": "x", "origin": [-14.6, 9.5, 7.2]},
			"faces": {
				"north": {"uv": [6.75, 7.75, 7, 8], "texture": "#0"},
				"east": {"uv": [9.5, 0, 9.75, 0.25], "texture": "#0"},
				"south": {"uv": [9.5, 0.25, 9.75, 0.5], "texture": "#0"},
				"west": {"uv": [9.5, 0.5, 9.75, 0.75], "texture": "#0"},
				"up": {"uv": [9.75, 1, 9.5, 0.75], "texture": "#0"},
				"down": {"uv": [1.25, 9.5, 1, 9.75], "texture": "#0"}
			}
		},
		{
			"from": [-10.8, 7.8, 7],
			"to": [-6.2, 7.9, 8],
			"rotation": {"angle": -45, "axis": "x", "origin": [-13, 9, 7]},
			"faces": {
				"north": {"uv": [0.5, 6.5, 1.75, 6.75], "texture": "#0"},
				"east": {"uv": [9.5, 1, 9.75, 1.25], "texture": "#0"},
				"south": {"uv": [1.75, 6.5, 3, 6.75], "texture": "#0"},
				"west": {"uv": [1.25, 9.5, 1.5, 9.75], "texture": "#0"},
				"up": {"uv": [4.25, 6.75, 3, 6.5], "texture": "#0"},
				"down": {"uv": [7.75, 3, 6.5, 3.25], "texture": "#0"}
			}
		},
		{
			"from": [-10.8, 8, 6.8],
			"to": [-6.2, 9, 6.9],
			"rotation": {"angle": -45, "axis": "x", "origin": [-13, 9, 7]},
			"faces": {
				"north": {"uv": [6.5, 3.25, 7.75, 3.5], "texture": "#0"},
				"east": {"uv": [9.5, 1.5, 9.75, 1.75], "texture": "#0"},
				"south": {"uv": [4.25, 6.5, 5.5, 6.75], "texture": "#0"},
				"west": {"uv": [1.75, 9.5, 2, 9.75], "texture": "#0"},
				"up": {"uv": [6.75, 6.75, 5.5, 6.5], "texture": "#0"},
				"down": {"uv": [7.75, 5.5, 6.5, 5.75], "texture": "#0"}
			}
		},
		{
			"from": [-11, 7.9, 6.9],
			"to": [-6, 9.1, 8.1],
			"rotation": {"angle": -45, "axis": "x", "origin": [-13, 9, 7]},
			"faces": {
				"north": {"uv": [0, 6.75, 1.25, 7], "texture": "#0"},
				"east": {"uv": [9.5, 1.75, 9.75, 2], "texture": "#0"},
				"south": {"uv": [6.75, 1, 8, 1.25], "texture": "#0"},
				"west": {"uv": [2, 9.5, 2.25, 9.75], "texture": "#0"},
				"up": {"uv": [2.5, 7, 1.25, 6.75], "texture": "#0"},
				"down": {"uv": [8, 1.25, 6.75, 1.5], "texture": "#0"}
			}
		},
		{
			"from": [-10.8, 9.1, 7],
			"to": [-6.2, 9.2, 8],
			"rotation": {"angle": -45, "axis": "x", "origin": [-13, 9, 7]},
			"faces": {
				"north": {"uv": [2.5, 6.75, 3.75, 7], "texture": "#0"},
				"east": {"uv": [9.5, 2.25, 9.75, 2.5], "texture": "#0"},
				"south": {"uv": [3.75, 6.75, 5, 7], "texture": "#0"},
				"west": {"uv": [9.5, 2.5, 9.75, 2.75], "texture": "#0"},
				"up": {"uv": [8, 4.25, 6.75, 4], "texture": "#0"},
				"down": {"uv": [8, 4.25, 6.75, 4.5], "texture": "#0"}
			}
		},
		{
			"from": [-10.8, 8, 8.1],
			"to": [-6.2, 9, 8.2],
			"rotation": {"angle": -45, "axis": "x", "origin": [-13, 9, 7]},
			"faces": {
				"north": {"uv": [6.75, 4.5, 8, 4.75], "texture": "#0"},
				"east": {"uv": [9.5, 2.75, 9.75, 3], "texture": "#0"},
				"south": {"uv": [6.75, 4.75, 8, 5], "texture": "#0"},
				"west": {"uv": [3, 9.5, 3.25, 9.75], "texture": "#0"},
				"up": {"uv": [6.25, 7, 5, 6.75], "texture": "#0"},
				"down": {"uv": [8, 5.25, 6.75, 5.5], "texture": "#0"}
			}
		},
		{
			"from": [3.1, 7.8, 6.9],
			"to": [11.1, 9, 8.5],
			"rotation": {"angle": 0, "axis": "y", "origin": [9.1, 8, 6.7]},
			"faces": {
				"north": {"uv": [3.5, 1.5, 5.5, 1.75], "texture": "#0"},
				"east": {"uv": [0, 8.75, 0.5, 9], "texture": "#0"},
				"south": {"uv": [3.5, 1.75, 5.5, 2], "texture": "#0"},
				"west": {"uv": [0.5, 8.75, 1, 9], "texture": "#0"},
				"up": {"uv": [2, 1.5, 0, 1], "texture": "#0"},
				"down": {"uv": [2, 1.5, 0, 2], "texture": "#0"}
			}
		},
		{
			"from": [3.2, 7.7, 6.9],
			"to": [11.1, 7.8, 8.5],
			"rotation": {"angle": 0, "axis": "y", "origin": [9.1, 6.8, 6.7]},
			"faces": {
				"north": {"uv": [3.5, 2, 5.5, 2.25], "texture": "#0"},
				"east": {"uv": [8.75, 0.75, 9.25, 1], "texture": "#0"},
				"south": {"uv": [3.5, 2.25, 5.5, 2.5], "texture": "#0"},
				"west": {"uv": [1, 8.75, 1.5, 9], "texture": "#0"},
				"up": {"uv": [2, 2.5, 0, 2], "texture": "#0"},
				"down": {"uv": [4, 1, 2, 1.5], "texture": "#0"}
			}
		},
		{
			"from": [3.3, 7.6, 7],
			"to": [11, 7.7, 8.4],
			"rotation": {"angle": 0, "axis": "y", "origin": [9.1, 6.7, 6.7]},
			"faces": {
				"north": {"uv": [2.5, 3.5, 4.5, 3.75], "texture": "#0"},
				"east": {"uv": [9.5, 3, 9.75, 3.25], "texture": "#0"},
				"south": {"uv": [2.5, 3.75, 4.5, 4], "texture": "#0"},
				"west": {"uv": [3.25, 9.5, 3.5, 9.75], "texture": "#0"},
				"up": {"uv": [5.75, 3.25, 3.75, 3], "texture": "#0"},
				"down": {"uv": [5.75, 3.25, 3.75, 3.5], "texture": "#0"}
			}
		},
		{
			"from": [3.2, 7.8, 6.8],
			"to": [11.1, 8.8, 6.9],
			"rotation": {"angle": 0, "axis": "y", "origin": [9.1, 8, 5.1]},
			"faces": {
				"north": {"uv": [0, 4, 2, 4.25], "texture": "#0"},
				"east": {"uv": [9.5, 3.25, 9.75, 3.5], "texture": "#0"},
				"south": {"uv": [4, 1, 6, 1.25], "texture": "#0"},
				"west": {"uv": [3.5, 9.5, 3.75, 9.75], "texture": "#0"},
				"up": {"uv": [6, 1.5, 4, 1.25], "texture": "#0"},
				"down": {"uv": [4, 4, 2, 4.25], "texture": "#0"}
			}
		},
		{
			"from": [3.2, 7.8, 8.5],
			"to": [11.1, 8.8, 8.6],
			"rotation": {"angle": 0, "axis": "y", "origin": [9.1, 8, 8.3]},
			"faces": {
				"north": {"uv": [4, 4, 6, 4.25], "texture": "#0"},
				"east": {"uv": [9.5, 3.5, 9.75, 3.75], "texture": "#0"},
				"south": {"uv": [0, 4.25, 2, 4.5], "texture": "#0"},
				"west": {"uv": [3.75, 9.5, 4, 9.75], "texture": "#0"},
				"up": {"uv": [6.25, 0.25, 4.25, 0], "texture": "#0"},
				"down": {"uv": [6.25, 0.25, 4.25, 0.5], "texture": "#0"}
			}
		},
		{
			"from": [11.1, 7.9, 6.85],
			"to": [17.1, 8.4, 8.6],
			"rotation": {"angle": 0, "axis": "y", "origin": [11.1, 7.9, 6.7]},
			"faces": {
				"north": {"uv": [5, 5.5, 6.5, 5.75], "texture": "#0"},
				"east": {"uv": [8.75, 1, 9.25, 1.25], "texture": "#0"},
				"south": {"uv": [0, 5.75, 1.5, 6], "texture": "#0"},
				"west": {"uv": [8.75, 1.25, 9.25, 1.5], "texture": "#0"},
				"up": {"uv": [3.5, 2, 2, 1.5], "texture": "#0"},
				"down": {"uv": [3.5, 2, 2, 2.5], "texture": "#0"}
			}
		},
		{
			"from": [11.1, 8.9, 6.85],
			"to": [13.3, 9.3, 8.6],
			"rotation": {"angle": 0, "axis": "y", "origin": [11.1, 7.9, 6.7]},
			"faces": {
				"north": {"uv": [1.5, 8.75, 2, 9], "texture": "#0"},
				"east": {"uv": [8.75, 1.5, 9.25, 1.75], "texture": "#0"},
				"south": {"uv": [8.75, 1.75, 9.25, 2], "texture": "#0"},
				"west": {"uv": [2, 8.75, 2.5, 9], "texture": "#0"},
				"up": {"uv": [1.75, 7.5, 1.25, 7], "texture": "#0"},
				"down": {"uv": [2.25, 7, 1.75, 7.5], "texture": "#0"}
			}
		},
		{
			"from": [13.25, 8.9, 6.8],
			"to": [13.3, 9.3, 6.9],
			"rotation": {"angle": 0, "axis": "y", "origin": [11.1, 7.9, 5]},
			"faces": {
				"north": {"uv": [4, 9.5, 4.25, 9.75], "texture": "#0"},
				"east": {"uv": [4.25, 9.5, 4.5, 9.75], "texture": "#0"},
				"south": {"uv": [4.5, 9.5, 4.75, 9.75], "texture": "#0"},
				"west": {"uv": [9.5, 4.75, 9.75, 5], "texture": "#0"},
				"up": {"uv": [9.75, 5.25, 9.5, 5], "texture": "#0"},
				"down": {"uv": [9.75, 5.25, 9.5, 5.5], "texture": "#0"}
			}
		},
		{
			"from": [11.1, 9.3, 6.85],
			"to": [17.1, 9.75, 8.6],
			"rotation": {"angle": 0, "axis": "y", "origin": [11.1, 7.9, 6.7]},
			"faces": {
				"north": {"uv": [1.5, 5.75, 3, 6], "texture": "#0"},
				"east": {"uv": [8.75, 2, 9.25, 2.25], "texture": "#0"},
				"south": {"uv": [3, 5.75, 4.5, 6], "texture": "#0"},
				"west": {"uv": [8.75, 2.25, 9.25, 2.5], "texture": "#0"},
				"up": {"uv": [1.5, 3, 0, 2.5], "texture": "#0"},
				"down": {"uv": [3, 2.5, 1.5, 3], "texture": "#0"}
			}
		},
		{
			"from": [13.25, 9.3, 6.8],
			"to": [15.65, 9.35, 6.85],
			"rotation": {"angle": 0, "axis": "y", "origin": [11.1, 7.9, 4.95]},
			"faces": {
				"north": {"uv": [2.5, 8.75, 3, 9], "texture": "#0"},
				"east": {"uv": [9.5, 5.5, 9.75, 5.75], "texture": "#0"},
				"south": {"uv": [8.75, 2.5, 9.25, 2.75], "texture": "#0"},
				"west": {"uv": [9.5, 5.75, 9.75, 6], "texture": "#0"},
				"up": {"uv": [9.25, 3, 8.75, 2.75], "texture": "#0"},
				"down": {"uv": [3.5, 8.75, 3, 9], "texture": "#0"}
			}
		},
		{
			"from": [13.25, 8.35, 6.8],
			"to": [15.65, 8.4, 6.85],
			"rotation": {"angle": 0, "axis": "y", "origin": [11.1, 6.95, 4.95]},
			"faces": {
				"north": {"uv": [8.75, 3, 9.25, 3.25], "texture": "#0"},
				"east": {"uv": [9.5, 6, 9.75, 6.25], "texture": "#0"},
				"south": {"uv": [8.75, 3.25, 9.25, 3.5], "texture": "#0"},
				"west": {"uv": [9.5, 6.25, 9.75, 6.5], "texture": "#0"},
				"up": {"uv": [4, 9, 3.5, 8.75], "texture": "#0"},
				"down": {"uv": [4.5, 8.75, 4, 9], "texture": "#0"}
			}
		},
		{
			"from": [13.3, 8.9, 6.9],
			"to": [15.6, 9.3, 8.5],
			"rotation": {"angle": 0, "axis": "y", "origin": [11.1, 7.9, 6.7]},
			"faces": {
				"north": {"uv": [8.75, 4, 9.25, 4.25], "texture": "#0"},
				"east": {"uv": [8.75, 4.25, 9.25, 4.5], "texture": "#0"},
				"south": {"uv": [4.5, 8.75, 5, 9], "texture": "#0"},
				"west": {"uv": [8.75, 4.5, 9.25, 4.75], "texture": "#0"},
				"up": {"uv": [2.75, 7.5, 2.25, 7], "texture": "#0"},
				"down": {"uv": [3.25, 7, 2.75, 7.5], "texture": "#0"}
			}
		},
		{
			"from": [15.6, 8.9, 6.85],
			"to": [17.1, 9.3, 8.6],
			"rotation": {"angle": 0, "axis": "y", "origin": [11.1, 7.9, 6.7]},
			"faces": {
				"north": {"uv": [8.75, 4.75, 9.25, 5], "texture": "#0"},
				"east": {"uv": [5, 8.75, 5.5, 9], "texture": "#0"},
				"south": {"uv": [8.75, 5.25, 9.25, 5.5], "texture": "#0"},
				"west": {"uv": [5.5, 8.75, 6, 9], "texture": "#0"},
				"up": {"uv": [3.75, 7.5, 3.25, 7], "texture": "#0"},
				"down": {"uv": [4.25, 7, 3.75, 7.5], "texture": "#0"}
			}
		},
		{
			"from": [11.1, 8.4, 6.85],
			"to": [13.3, 8.9, 8.6],
			"rotation": {"angle": 0, "axis": "y", "origin": [11.1, 7.9, 6.7]},
			"faces": {
				"north": {"uv": [8.75, 5.75, 9.25, 6], "texture": "#0"},
				"east": {"uv": [6, 8.75, 6.5, 9], "texture": "#0"},
				"south": {"uv": [8.75, 6, 9.25, 6.25], "texture": "#0"},
				"west": {"uv": [6.5, 8.75, 7, 9], "texture": "#0"},
				"up": {"uv": [4.75, 7.5, 4.25, 7], "texture": "#0"},
				"down": {"uv": [5.25, 7, 4.75, 7.5], "texture": "#0"}
			}
		},
		{
			"from": [13.25, 8.4, 6.8],
			"to": [13.3, 8.9, 6.9],
			"rotation": {"angle": 0, "axis": "y", "origin": [11.1, 7.9, 5]},
			"faces": {
				"north": {"uv": [9.5, 6.5, 9.75, 6.75], "texture": "#0"},
				"east": {"uv": [6.75, 9.5, 7, 9.75], "texture": "#0"},
				"south": {"uv": [7, 9.5, 7.25, 9.75], "texture": "#0"},
				"west": {"uv": [7.25, 9.5, 7.5, 9.75], "texture": "#0"},
				"up": {"uv": [9.75, 7.5, 9.5, 7.25], "texture": "#0"},
				"down": {"uv": [7.75, 9.5, 7.5, 9.75], "texture": "#0"}
			}
		},
		{
			"from": [15.6, 8.4, 6.8],
			"to": [15.65, 8.9, 6.9],
			"rotation": {"angle": 0, "axis": "y", "origin": [13.45, 7.9, 5]},
			"faces": {
				"north": {"uv": [9.5, 7.5, 9.75, 7.75], "texture": "#0"},
				"east": {"uv": [7.75, 9.5, 8, 9.75], "texture": "#0"},
				"south": {"uv": [9.5, 7.75, 9.75, 8], "texture": "#0"},
				"west": {"uv": [8, 9.5, 8.25, 9.75], "texture": "#0"},
				"up": {"uv": [9.75, 8.25, 9.5, 8], "texture": "#0"},
				"down": {"uv": [8.5, 9.5, 8.25, 9.75], "texture": "#0"}
			}
		},
		{
			"from": [15.6, 8.9, 6.8],
			"to": [15.65, 9.3, 6.9],
			"rotation": {"angle": 0, "axis": "y", "origin": [13.45, 7.9, 5]},
			"faces": {
				"north": {"uv": [8.5, 9.5, 8.75, 9.75], "texture": "#0"},
				"east": {"uv": [8.75, 9.5, 9, 9.75], "texture": "#0"},
				"south": {"uv": [9.5, 8.75, 9.75, 9], "texture": "#0"},
				"west": {"uv": [9, 9.5, 9.25, 9.75], "texture": "#0"},
				"up": {"uv": [9.75, 9.25, 9.5, 9], "texture": "#0"},
				"down": {"uv": [9.75, 9.25, 9.5, 9.5], "texture": "#0"}
			}
		},
		{
			"from": [13.3, 8.4, 6.9],
			"to": [15.6, 8.9, 8.5],
			"rotation": {"angle": 0, "axis": "y", "origin": [11.1, 7.9, 6.7]},
			"faces": {
				"north": {"uv": [8.75, 6.5, 9.25, 6.75], "texture": "#0"},
				"east": {"uv": [7, 8.75, 7.5, 9], "texture": "#0"},
				"south": {"uv": [7.5, 8.75, 8, 9], "texture": "#0"},
				"west": {"uv": [8.75, 7.5, 9.25, 7.75], "texture": "#0"},
				"up": {"uv": [5.75, 7.5, 5.25, 7], "texture": "#0"},
				"down": {"uv": [6.25, 7, 5.75, 7.5], "texture": "#0"}
			}
		},
		{
			"from": [13.3, 8.9, 8.5],
			"to": [15.6, 9.3, 8.6],
			"rotation": {"angle": 0, "axis": "y", "origin": [11.1, 7.9, 8.3]},
			"faces": {
				"north": {"uv": [8.75, 7.75, 9.25, 8], "texture": "#0"},
				"east": {"uv": [9.5, 9.5, 9.75, 9.75], "texture": "#0"},
				"south": {"uv": [8, 8.75, 8.5, 9], "texture": "#0"},
				"west": {"uv": [0, 9.75, 0.25, 10], "texture": "#0"},
				"up": {"uv": [9.25, 8.25, 8.75, 8], "texture": "#0"},
				"down": {"uv": [9.25, 8.25, 8.75, 8.5], "texture": "#0"}
			}
		},
		{
			"from": [13.3, 8.4, 8.5],
			"to": [15.6, 8.9, 8.6],
			"rotation": {"angle": 0, "axis": "y", "origin": [11.1, 7.9, 8.3]},
			"faces": {
				"north": {"uv": [8.5, 8.75, 9, 9], "texture": "#0"},
				"east": {"uv": [9.75, 0, 10, 0.25], "texture": "#0"},
				"south": {"uv": [0, 9, 0.5, 9.25], "texture": "#0"},
				"west": {"uv": [0.25, 9.75, 0.5, 10], "texture": "#0"},
				"up": {"uv": [9.5, 0.25, 9, 0], "texture": "#0"},
				"down": {"uv": [9.5, 0.25, 9, 0.5], "texture": "#0"}
			}
		},
		{
			"from": [15.6, 8.4, 6.85],
			"to": [17.1, 8.9, 8.6],
			"rotation": {"angle": 0, "axis": "y", "origin": [11.1, 7.9, 6.7]},
			"faces": {
				"north": {"uv": [0.5, 9, 1, 9.25], "texture": "#0"},
				"east": {"uv": [9, 0.5, 9.5, 0.75], "texture": "#0"},
				"south": {"uv": [1, 9, 1.5, 9.25], "texture": "#0"},
				"west": {"uv": [1.5, 9, 2, 9.25], "texture": "#0"},
				"up": {"uv": [6.75, 7.5, 6.25, 7], "texture": "#0"},
				"down": {"uv": [7.25, 7, 6.75, 7.5], "texture": "#0"}
			}
		},
		{
			"from": [19, 6.1, 6.85],
			"to": [24, 8.35, 8.6],
			"rotation": {"angle": 0, "axis": "y", "origin": [22.9, 3.5, 6.7]},
			"faces": {
				"north": {"uv": [6.75, 5.75, 8, 6], "texture": "#0"},
				"east": {"uv": [2, 9, 2.5, 9.25], "texture": "#0"},
				"south": {"uv": [6.75, 6, 8, 6.25], "texture": "#0"},
				"west": {"uv": [2.5, 9, 3, 9.25], "texture": "#0"},
				"up": {"uv": [1.25, 3.5, 0, 3], "texture": "#0"},
				"down": {"uv": [2.5, 3, 1.25, 3.5], "texture": "#0"}
			}
		},
		{
			"from": [19.2, 6.05, 6.95],
			"to": [24, 6.1, 8.5],
			"rotation": {"angle": 0, "axis": "y", "origin": [22.9, 1.25, 6.7]},
			"faces": {
				"north": {"uv": [6.75, 5.75, 8, 6], "texture": "#0"},
				"east": {"uv": [2, 9, 2.5, 9.25], "texture": "#0"},
				"south": {"uv": [6.75, 6, 8, 6.25], "texture": "#0"},
				"west": {"uv": [2.5, 9, 3, 9.25], "texture": "#0"},
				"up": {"uv": [1.25, 3.5, 0, 3], "texture": "#0"},
				"down": {"uv": [2.5, 3, 1.25, 3.5], "texture": "#0"}
			}
		},
		{
			"from": [24, 5.6, 6.75],
			"to": [24.6, 8.75, 8.7],
			"rotation": {"angle": 0, "axis": "y", "origin": [27.9, 3.5, 6.7]},
			"faces": {
				"north": {"uv": [7.75, 2, 8, 2.75], "texture": "#0"},
				"east": {"uv": [4.5, 5.75, 5, 6.5], "texture": "#0"},
				"south": {"uv": [7.75, 2.75, 8, 3.5], "texture": "#0"},
				"west": {"uv": [5, 5.75, 5.5, 6.5], "texture": "#0"},
				"up": {"uv": [4.5, 6.5, 4.25, 6], "texture": "#0"},
				"down": {"uv": [3.25, 9, 3, 9.5], "texture": "#0"}
			}
		},
		{
			"from": [24.6, 5.6, 6.75],
			"to": [24.7, 8.75, 8.7],
			"rotation": {"angle": 0, "axis": "y", "origin": [28.5, 3.5, 6.7]},
			"faces": {
				"north": {"uv": [3, 7.75, 3.25, 8.5], "texture": "#0"},
				"east": {"uv": [5.5, 5.75, 6, 6.5], "texture": "#0"},
				"south": {"uv": [3.25, 7.75, 3.5, 8.5], "texture": "#0"},
				"west": {"uv": [0, 6, 0.5, 6.75], "texture": "#0"},
				"up": {"uv": [3.5, 9.5, 3.25, 9], "texture": "#0"},
				"down": {"uv": [3.75, 9, 3.5, 9.5], "texture": "#0"}
			}
		},
		{
			"from": [19.2, 6.2, 8.6],
			"to": [23.8, 8.15, 8.65],
			"rotation": {"angle": 0, "axis": "y", "origin": [22.9, 3.5, 8.45]},
			"faces": {
				"north": {"uv": [2.5, 3, 3.75, 3.5], "texture": "#0"},
				"east": {"uv": [3.75, 9, 4, 9.5], "texture": "#0"},
				"south": {"uv": [3, 2.5, 4.25, 3], "texture": "#0"},
				"west": {"uv": [4, 9, 4.25, 9.5], "texture": "#0"},
				"up": {"uv": [1.25, 7.25, 0, 7], "texture": "#0"},
				"down": {"uv": [8.25, 0, 7, 0.25], "texture": "#0"}
			}
		},
		{
			"from": [19.2, 6.2, 6.8],
			"to": [23.8, 8.15, 6.85],
			"rotation": {"angle": 0, "axis": "y", "origin": [22.9, 3.5, 6.65]},
			"faces": {
				"north": {"uv": [0, 3.5, 1.25, 4], "texture": "#0"},
				"east": {"uv": [4.25, 9, 4.5, 9.5], "texture": "#0"},
				"south": {"uv": [1.25, 3.5, 2.5, 4], "texture": "#0"},
				"west": {"uv": [4.5, 9, 4.75, 9.5], "texture": "#0"},
				"up": {"uv": [8.25, 0.5, 7, 0.25], "texture": "#0"},
				"down": {"uv": [8.25, 0.5, 7, 0.75], "texture": "#0"}
			}
		},
		{
			"from": [16.2, 8.1, 6.85],
			"to": [19.9, 9.85, 8.55],
			"rotation": {"angle": -22.5, "axis": "z", "origin": [16.2, 8, 6.7]},
			"faces": {
				"north": {"uv": [4.25, 0.5, 5.25, 1], "texture": "#0"},
				"east": {"uv": [0, 7.25, 0.5, 7.75], "texture": "#0"},
				"south": {"uv": [2, 4.25, 3, 4.75], "texture": "#0"},
				"west": {"uv": [0.5, 7.25, 1, 7.75], "texture": "#0"},
				"up": {"uv": [5.25, 3, 4.25, 2.5], "texture": "#0"},
				"down": {"uv": [4, 4.25, 3, 4.75], "texture": "#0"}
			}
		},
		{
			"from": [12.1, 10.25, 6.85],
			"to": [16.1, 12, 8.6],
			"rotation": {"angle": 0, "axis": "y", "origin": [11.1, 10.15, 6.7]},
			"faces": {
				"north": {"uv": [4, 4.25, 5, 4.75], "texture": "#0"},
				"east": {"uv": [7.25, 1.5, 7.75, 2], "texture": "#0"},
				"south": {"uv": [0, 4.5, 1, 5], "texture": "#0"},
				"west": {"uv": [7.25, 2, 7.75, 2.5], "texture": "#0"},
				"up": {"uv": [2, 5, 1, 4.5], "texture": "#0"},
				"down": {"uv": [5.5, 3.5, 4.5, 4], "texture": "#0"}
			}
		},
		{
			"from": [13.6, 12.1, 7.3],
			"to": [14.5, 12.75, 8.2],
			"rotation": {"angle": 0, "axis": "y", "origin": [11.1, 12, 6.55]},
			"faces": {
				"north": {"uv": [9.75, 0.25, 10, 0.5], "texture": "#0"},
				"east": {"uv": [0.5, 9.75, 0.75, 10], "texture": "#0"},
				"south": {"uv": [9.75, 0.5, 10, 0.75], "texture": "#0"},
				"west": {"uv": [0.75, 9.75, 1, 10], "texture": "#0"},
				"up": {"uv": [10, 1, 9.75, 0.75], "texture": "#0"},
				"down": {"uv": [1.25, 9.75, 1, 10], "texture": "#0"}
			}
		},
		{
			"from": [13.8, 12.75, 7.5],
			"to": [14.3, 12.8, 8],
			"rotation": {"angle": 0, "axis": "y", "origin": [11.1, 12.65, 6.55]},
			"faces": {
				"north": {"uv": [9.75, 1, 10, 1.25], "texture": "#0"},
				"east": {"uv": [1.25, 9.75, 1.5, 10], "texture": "#0"},
				"south": {"uv": [9.75, 1.25, 10, 1.5], "texture": "#0"},
				"west": {"uv": [1.5, 9.75, 1.75, 10], "texture": "#0"},
				"up": {"uv": [10, 1.75, 9.75, 1.5], "texture": "#0"},
				"down": {"uv": [2, 9.75, 1.75, 10], "texture": "#0"}
			}
		},
		{
			"from": [13.75, 12, 7.45],
			"to": [14.35, 12.15, 8.05],
			"rotation": {"angle": 0, "axis": "y", "origin": [11.1, 11.9, 6.55]},
			"faces": {
				"north": {"uv": [9.75, 1.75, 10, 2], "texture": "#0"},
				"east": {"uv": [2, 9.75, 2.25, 10], "texture": "#0"},
				"south": {"uv": [9.75, 2, 10, 2.25], "texture": "#0"},
				"west": {"uv": [2.25, 9.75, 2.5, 10], "texture": "#0"},
				"up": {"uv": [10, 2.5, 9.75, 2.25], "texture": "#0"},
				"down": {"uv": [2.75, 9.75, 2.5, 10], "texture": "#0"}
			}
		},
		{
			"from": [13.5, 12.1, 7.4],
			"to": [13.6, 12.55, 8.1],
			"rotation": {"angle": 0, "axis": "y", "origin": [10.2, 12, 6.55]},
			"faces": {
				"north": {"uv": [9.75, 2.5, 10, 2.75], "texture": "#0"},
				"east": {"uv": [2.75, 9.75, 3, 10], "texture": "#0"},
				"south": {"uv": [9.75, 2.75, 10, 3], "texture": "#0"},
				"west": {"uv": [3, 9.75, 3.25, 10], "texture": "#0"},
				"up": {"uv": [10, 3.25, 9.75, 3], "texture": "#0"},
				"down": {"uv": [3.5, 9.75, 3.25, 10], "texture": "#0"}
			}
		},
		{
			"from": [14.5, 12.1, 7.4],
			"to": [14.6, 12.55, 8.1],
			"rotation": {"angle": 0, "axis": "y", "origin": [12, 12, 6.55]},
			"faces": {
				"north": {"uv": [9.75, 3.25, 10, 3.5], "texture": "#0"},
				"east": {"uv": [3.5, 9.75, 3.75, 10], "texture": "#0"},
				"south": {"uv": [9.75, 3.5, 10, 3.75], "texture": "#0"},
				"west": {"uv": [3.75, 9.75, 4, 10], "texture": "#0"},
				"up": {"uv": [10, 4, 9.75, 3.75], "texture": "#0"},
				"down": {"uv": [4.25, 9.75, 4, 10], "texture": "#0"}
			}
		},
		{
			"from": [13.7, 12.1, 8.2],
			"to": [14.4, 12.55, 8.3],
			"rotation": {"angle": 0, "axis": "y", "origin": [11.1, 12, 7.45]},
			"faces": {
				"north": {"uv": [9.75, 4, 10, 4.25], "texture": "#0"},
				"east": {"uv": [4.25, 9.75, 4.5, 10], "texture": "#0"},
				"south": {"uv": [9.75, 4.25, 10, 4.5], "texture": "#0"},
				"west": {"uv": [4.5, 9.75, 4.75, 10], "texture": "#0"},
				"up": {"uv": [10, 4.75, 9.75, 4.5], "texture": "#0"},
				"down": {"uv": [5, 9.75, 4.75, 10], "texture": "#0"}
			}
		},
		{
			"from": [13.7, 12.1, 7.2],
			"to": [14.4, 12.55, 7.3],
			"rotation": {"angle": 0, "axis": "y", "origin": [11.1, 12, 5.65]},
			"faces": {
				"north": {"uv": [9.75, 4.75, 10, 5], "texture": "#0"},
				"east": {"uv": [5, 9.75, 5.25, 10], "texture": "#0"},
				"south": {"uv": [9.75, 5, 10, 5.25], "texture": "#0"},
				"west": {"uv": [5.25, 9.75, 5.5, 10], "texture": "#0"},
				"up": {"uv": [10, 5.5, 9.75, 5.25], "texture": "#0"},
				"down": {"uv": [5.75, 9.75, 5.5, 10], "texture": "#0"}
			}
		},
		{
			"from": [16.2, 12.1, 6.85],
			"to": [19.1, 12.15, 8.6],
			"rotation": {"angle": 0, "axis": "y", "origin": [15.1, 12.1, 6.7]},
			"faces": {
				"north": {"uv": [3.5, 7.75, 4.25, 8], "texture": "#0"},
				"east": {"uv": [4.75, 9, 5.25, 9.25], "texture": "#0"},
				"south": {"uv": [7.75, 3.5, 8.5, 3.75], "texture": "#0"},
				"west": {"uv": [5.25, 9, 5.75, 9.25], "texture": "#0"},
				"up": {"uv": [6.5, 3.5, 5.75, 3], "texture": "#0"},
				"down": {"uv": [1.25, 6, 0.5, 6.5], "texture": "#0"}
			}
		},
		{
			"from": [16.2, 10.1, 6.85],
			"to": [19.1, 10.15, 8.6],
			"rotation": {"angle": 0, "axis": "y", "origin": [15.1, 8.2, 6.7]},
			"faces": {
				"north": {"uv": [7.75, 3.75, 8.5, 4], "texture": "#0"},
				"east": {"uv": [5.75, 9, 6.25, 9.25], "texture": "#0"},
				"south": {"uv": [4.25, 7.75, 5, 8], "texture": "#0"},
				"west": {"uv": [6.25, 9, 6.75, 9.25], "texture": "#0"},
				"up": {"uv": [6.75, 1.5, 6, 1], "texture": "#0"},
				"down": {"uv": [2, 6, 1.25, 6.5], "texture": "#0"}
			}
		},
		{
			"from": [16.1, 10.15, 6.75],
			"to": [19.1, 12.1, 8.7],
			"rotation": {"angle": 0, "axis": "y", "origin": [15.1, 10.15, 6.7]},
			"faces": {
				"north": {"uv": [2, 6, 2.75, 6.5], "texture": "#0"},
				"east": {"uv": [7.25, 3.5, 7.75, 4], "texture": "#0"},
				"south": {"uv": [2.75, 6, 3.5, 6.5], "texture": "#0"},
				"west": {"uv": [7.25, 7, 7.75, 7.5], "texture": "#0"},
				"up": {"uv": [4.25, 6.5, 3.5, 6], "texture": "#0"},
				"down": {"uv": [6.75, 4, 6, 4.5], "texture": "#0"}
			}
		},
		{
			"from": [16.2, 10.25, 6.7],
			"to": [19.1, 12, 6.75],
			"rotation": {"angle": 0, "axis": "y", "origin": [15.1, 10.15, 4.75]},
			"faces": {
				"north": {"uv": [6, 4.5, 6.75, 5], "texture": "#0"},
				"east": {"uv": [6.75, 9, 7, 9.5], "texture": "#0"},
				"south": {"uv": [6, 5.75, 6.75, 6.25], "texture": "#0"},
				"west": {"uv": [7, 9, 7.25, 9.5], "texture": "#0"},
				"up": {"uv": [8.5, 5.75, 7.75, 5.5], "texture": "#0"},
				"down": {"uv": [6.75, 7.75, 6, 8], "texture": "#0"}
			}
		},
		{
			"from": [16.2, 10.25, 8.5],
			"to": [19.1, 12, 8.75],
			"rotation": {"angle": 0, "axis": "y", "origin": [15.1, 10.15, 8.45]},
			"faces": {
				"north": {"uv": [6.25, 0, 7, 0.5], "texture": "#0"},
				"east": {"uv": [7.25, 9, 7.5, 9.5], "texture": "#0"},
				"south": {"uv": [6.25, 0.5, 7, 1], "texture": "#0"},
				"west": {"uv": [7.5, 9, 7.75, 9.5], "texture": "#0"},
				"up": {"uv": [8.5, 7.25, 7.75, 7], "texture": "#0"},
				"down": {"uv": [8.5, 7.25, 7.75, 7.5], "texture": "#0"}
			}
		},
		{
			"from": [19.1, 10.2, 6.8],
			"to": [19.2, 12.05, 8.65],
			"rotation": {"angle": 0, "axis": "y", "origin": [18.1, 10.15, 6.7]},
			"faces": {
				"north": {"uv": [7.75, 9, 8, 9.5], "texture": "#0"},
				"east": {"uv": [1, 7.5, 1.5, 8], "texture": "#0"},
				"south": {"uv": [8, 9, 8.25, 9.5], "texture": "#0"},
				"west": {"uv": [1.5, 7.5, 2, 8], "texture": "#0"},
				"up": {"uv": [8.5, 9.5, 8.25, 9], "texture": "#0"},
				"down": {"uv": [8.75, 9, 8.5, 9.5], "texture": "#0"}
			}
		},
		{
			"from": [19.1, 10.15, 6.75],
			"to": [19.25, 12.1, 6.8],
			"rotation": {"angle": 0, "axis": "y", "origin": [18.2, 10.15, 6.7]},
			"faces": {
				"north": {"uv": [9, 8.5, 9.25, 9], "texture": "#0"},
				"east": {"uv": [8.75, 9, 9, 9.5], "texture": "#0"},
				"south": {"uv": [9, 9, 9.25, 9.5], "texture": "#0"},
				"west": {"uv": [0, 9.25, 0.25, 9.75], "texture": "#0"},
				"up": {"uv": [10, 5.75, 9.75, 5.5], "texture": "#0"},
				"down": {"uv": [6, 9.75, 5.75, 10], "texture": "#0"}
			}
		},
		{
			"from": [19.1, 10.15, 8.65],
			"to": [19.25, 12.1, 8.7],
			"rotation": {"angle": 0, "axis": "y", "origin": [18.2, 10.15, 8.6]},
			"faces": {
				"north": {"uv": [0.25, 9.25, 0.5, 9.75], "texture": "#0"},
				"east": {"uv": [0.5, 9.25, 0.75, 9.75], "texture": "#0"},
				"south": {"uv": [0.75, 9.25, 1, 9.75], "texture": "#0"},
				"west": {"uv": [9.25, 0.75, 9.5, 1.25], "texture": "#0"},
				"up": {"uv": [10, 6, 9.75, 5.75], "texture": "#0"},
				"down": {"uv": [6.25, 9.75, 6, 10], "texture": "#0"}
			}
		},
		{
			"from": [19.1, 12.05, 6.8],
			"to": [19.25, 12.1, 8.65],
			"rotation": {"angle": 0, "axis": "y", "origin": [18.2, 10.15, 8.55]},
			"faces": {
				"north": {"uv": [9.75, 6, 10, 6.25], "texture": "#0"},
				"east": {"uv": [1, 9.25, 1.5, 9.5], "texture": "#0"},
				"south": {"uv": [6.25, 9.75, 6.5, 10], "texture": "#0"},
				"west": {"uv": [9.25, 1.25, 9.75, 1.5], "texture": "#0"},
				"up": {"uv": [1.75, 9.75, 1.5, 9.25], "texture": "#0"},
				"down": {"uv": [9.5, 1.5, 9.25, 2], "texture": "#0"}
			}
		},
		{
			"from": [19.1, 10.15, 6.8],
			"to": [19.25, 10.2, 8.65],
			"rotation": {"angle": 0, "axis": "y", "origin": [18.2, 8.25, 8.55]},
			"faces": {
				"north": {"uv": [9.75, 6.25, 10, 6.5], "texture": "#0"},
				"east": {"uv": [1.75, 9.25, 2.25, 9.5], "texture": "#0"},
				"south": {"uv": [6.5, 9.75, 6.75, 10], "texture": "#0"},
				"west": {"uv": [9.25, 2, 9.75, 2.25], "texture": "#0"},
				"up": {"uv": [2.5, 9.75, 2.25, 9.25], "texture": "#0"},
				"down": {"uv": [9.5, 2.25, 9.25, 2.75], "texture": "#0"}
			}
		},
		{
			"from": [8.1, 10.15, 8.8],
			"to": [12, 12.1, 8.85],
			"rotation": {"angle": 0, "axis": "y", "origin": [8.1, 10.15, 8.85]},
			"faces": {
				"north": {"uv": [2, 4.75, 3, 5.25], "texture": "#0"},
				"east": {"uv": [2.5, 9.25, 2.75, 9.75], "texture": "#0"},
				"south": {"uv": [3, 4.75, 4, 5.25], "texture": "#0"},
				"west": {"uv": [2.75, 9.25, 3, 9.75], "texture": "#0"},
				"up": {"uv": [8, 1, 7, 0.75], "texture": "#0"},
				"down": {"uv": [3, 7.5, 2, 7.75], "texture": "#0"}
			}
		},
		{
			"from": [8.1, 10.15, 6.6],
			"to": [12, 12.1, 6.65],
			"rotation": {"angle": 0, "axis": "y", "origin": [8.1, 10.15, 4.55]},
			"faces": {
				"north": {"uv": [4, 4.75, 5, 5.25], "texture": "#0"},
				"east": {"uv": [9.25, 2.75, 9.5, 3.25], "texture": "#0"},
				"south": {"uv": [0, 5, 1, 5.5], "texture": "#0"},
				"west": {"uv": [9.25, 3.25, 9.5, 3.75], "texture": "#0"},
				"up": {"uv": [4, 7.75, 3, 7.5], "texture": "#0"},
				"down": {"uv": [5, 7.5, 4, 7.75], "texture": "#0"}
			}
		},
		{
			"from": [8.1, 10.05, 6.65],
			"to": [12.1, 12.2, 8.8],
			"rotation": {"angle": 0, "axis": "y", "origin": [8.1, 10.15, 6.7]},
			"faces": {
				"north": {"uv": [1, 5, 2, 5.5], "texture": "#0"},
				"east": {"uv": [5, 7.5, 5.5, 8], "texture": "#0"},
				"south": {"uv": [5, 4.25, 6, 4.75], "texture": "#0"},
				"west": {"uv": [5.5, 7.5, 6, 8], "texture": "#0"},
				"up": {"uv": [6, 5.25, 5, 4.75], "texture": "#0"},
				"down": {"uv": [6.25, 0.5, 5.25, 1], "texture": "#0"}
			}
		},
		{
			"from": [8.1, 12.2, 6.75],
			"to": [12, 12.25, 8.7],
			"rotation": {"angle": 0, "axis": "y", "origin": [8.1, 12.3, 6.7]},
			"faces": {
				"north": {"uv": [7.5, 5, 8.5, 5.25], "texture": "#0"},
				"east": {"uv": [9.25, 3.75, 9.75, 4], "texture": "#0"},
				"south": {"uv": [6, 7.5, 7, 7.75], "texture": "#0"},
				"west": {"uv": [9.25, 4, 9.75, 4.25], "texture": "#0"},
				"up": {"uv": [3, 5.75, 2, 5.25], "texture": "#0"},
				"down": {"uv": [6.25, 2.5, 5.25, 3], "texture": "#0"}
			}
		},
		{
			"from": [8.1, 10, 6.75],
			"to": [12, 10.05, 8.7],
			"rotation": {"angle": 0, "axis": "y", "origin": [8.1, 8, 6.7]},
			"faces": {
				"north": {"uv": [7.5, 6.25, 8.5, 6.5], "texture": "#0"},
				"east": {"uv": [9.25, 4.25, 9.75, 4.5], "texture": "#0"},
				"south": {"uv": [7.5, 6.75, 8.5, 7], "texture": "#0"},
				"west": {"uv": [9.25, 4.5, 9.75, 4.75], "texture": "#0"},
				"up": {"uv": [4, 5.75, 3, 5.25], "texture": "#0"},
				"down": {"uv": [5, 5.25, 4, 5.75], "texture": "#0"}
			}
		},
		{
			"from": [8, 10.1, 6.7],
			"to": [8.1, 12.15, 8.75],
			"rotation": {"angle": 0, "axis": "y", "origin": [4.1, 10.15, 6.7]},
			"faces": {
				"north": {"uv": [4.75, 9.25, 5, 9.75], "texture": "#0"},
				"east": {"uv": [7, 7.5, 7.5, 8], "texture": "#0"},
				"south": {"uv": [9.25, 4.75, 9.5, 5.25], "texture": "#0"},
				"west": {"uv": [7.5, 7.5, 8, 8], "texture": "#0"},
				"up": {"uv": [5.25, 9.75, 5, 9.25], "texture": "#0"},
				"down": {"uv": [5.5, 9.25, 5.25, 9.75], "texture": "#0"}
			}
		},
		{
			"from": [7.95, 10.05, 6.65],
			"to": [8.1, 12.2, 6.7],
			"rotation": {"angle": 0, "axis": "y", "origin": [4, 10.15, 6.7]},
			"faces": {
				"north": {"uv": [9.25, 5.25, 9.5, 5.75], "texture": "#0"},
				"east": {"uv": [5.5, 9.25, 5.75, 9.75], "texture": "#0"},
				"south": {"uv": [5.75, 9.25, 6, 9.75], "texture": "#0"},
				"west": {"uv": [9.25, 5.75, 9.5, 6.25], "texture": "#0"},
				"up": {"uv": [10, 6.75, 9.75, 6.5], "texture": "#0"},
				"down": {"uv": [7, 9.75, 6.75, 10], "texture": "#0"}
			}
		},
		{
			"from": [7.95, 10.05, 8.75],
			"to": [8.1, 12.2, 8.8],
			"rotation": {"angle": 0, "axis": "y", "origin": [4, 10.15, 8.8]},
			"faces": {
				"north": {"uv": [6, 9.25, 6.25, 9.75], "texture": "#0"},
				"east": {"uv": [6.25, 9.25, 6.5, 9.75], "texture": "#0"},
				"south": {"uv": [9.25, 6.25, 9.5, 6.75], "texture": "#0"},
				"west": {"uv": [6.5, 9.25, 6.75, 9.75], "texture": "#0"},
				"up": {"uv": [10, 7, 9.75, 6.75], "texture": "#0"},
				"down": {"uv": [7.25, 9.75, 7, 10], "texture": "#0"}
			}
		},
		{
			"from": [7.95, 12.15, 6.7],
			"to": [8.1, 12.2, 8.75],
			"rotation": {"angle": 0, "axis": "y", "origin": [4, 10.15, 8.75]},
			"faces": {
				"north": {"uv": [9.75, 7, 10, 7.25], "texture": "#0"},
				"east": {"uv": [9.25, 6.75, 9.75, 7], "texture": "#0"},
				"south": {"uv": [7.25, 9.75, 7.5, 10], "texture": "#0"},
				"west": {"uv": [9.25, 7, 9.75, 7.25], "texture": "#0"},
				"up": {"uv": [9.5, 7.75, 9.25, 7.25], "texture": "#0"},
				"down": {"uv": [9.5, 7.75, 9.25, 8.25], "texture": "#0"}
			}
		},
		{
			"from": [7.95, 10.05, 6.7],
			"to": [8.1, 10.1, 8.75],
			"rotation": {"angle": 0, "axis": "y", "origin": [4, 8.05, 8.75]},
			"faces": {
				"north": {"uv": [9.75, 7.25, 10, 7.5], "texture": "#0"},
				"east": {"uv": [9.25, 8.25, 9.75, 8.5], "texture": "#0"},
				"south": {"uv": [7.5, 9.75, 7.75, 10], "texture": "#0"},
				"west": {"uv": [9.25, 8.5, 9.75, 8.75], "texture": "#0"},
				"up": {"uv": [9.5, 9.25, 9.25, 8.75], "texture": "#0"},
				"down": {"uv": [9.5, 9.25, 9.25, 9.75], "texture": "#0"}
			}
		},
		{
			"from": [11.3, 9.75, 7.15],
			"to": [16.9, 9.9, 8.3],
			"rotation": {"angle": 0, "axis": "y", "origin": [11.1, 9.65, 6.7]},
			"faces": {
				"north": {"uv": [6, 5, 7.5, 5.25], "texture": "#0"},
				"east": {"uv": [9.75, 7.5, 10, 7.75], "texture": "#0"},
				"south": {"uv": [6.25, 2.5, 7.75, 2.75], "texture": "#0"},
				"west": {"uv": [7.75, 9.75, 8, 10], "texture": "#0"},
				"up": {"uv": [7.75, 3, 6.25, 2.75], "texture": "#0"},
				"down": {"uv": [7.5, 6.25, 6, 6.5], "texture": "#0"}
			}
		},
		{
			"from": [12.2, 9.9, 7.6],
			"to": [16, 10.25, 7.85],
			"rotation": {"angle": 0, "axis": "y", "origin": [11.1, 9.8, 6.7]},
			"faces": {
				"north": {"uv": [0, 7.75, 1, 8], "texture": "#0"},
				"east": {"uv": [9.75, 7.75, 10, 8], "texture": "#0"},
				"south": {"uv": [7.75, 1.5, 8.75, 1.75], "texture": "#0"},
				"west": {"uv": [8, 9.75, 8.25, 10], "texture": "#0"},
				"up": {"uv": [8.75, 2, 7.75, 1.75], "texture": "#0"},
				"down": {"uv": [3, 7.75, 2, 8], "texture": "#0"}
			}
		},
		{
			"from": [14.95, 7.35, 6.35],
			"to": [15.55, 7.95, 6.9],
			"rotation": {"angle": -45, "axis": "x", "origin": [14.5, 7.4, 5.8]},
			"faces": {
				"north": {"uv": [9.75, 8, 10, 8.25], "texture": "#0"},
				"east": {"uv": [8.25, 9.75, 8.5, 10], "texture": "#0"},
				"south": {"uv": [9.75, 8.25, 10, 8.5], "texture": "#0"},
				"west": {"uv": [8.5, 9.75, 8.75, 10], "texture": "#0"},
				"up": {"uv": [10, 8.75, 9.75, 8.5], "texture": "#0"},
				"down": {"uv": [9, 9.75, 8.75, 10], "texture": "#0"}
			}
		},
		{
			"from": [15, 7.4, 6.9],
			"to": [15.5, 7.9, 7.8],
			"rotation": {"angle": -45, "axis": "x", "origin": [14.5, 7.4, 5.8]},
			"faces": {
				"north": {"uv": [9.75, 8.75, 10, 9], "texture": "#0"},
				"east": {"uv": [9, 9.75, 9.25, 10], "texture": "#0"},
				"south": {"uv": [9.75, 9, 10, 9.25], "texture": "#0"},
				"west": {"uv": [9.25, 9.75, 9.5, 10], "texture": "#0"},
				"up": {"uv": [10, 9.5, 9.75, 9.25], "texture": "#0"},
				"down": {"uv": [9.75, 9.75, 9.5, 10], "texture": "#0"}
			}
		},
		{
			"from": [4, 6.9, 7.2],
			"to": [5, 7.6, 8.2],
			"rotation": {"angle": 0, "axis": "y", "origin": [4, 6.6, 7.2]},
			"faces": {
				"north": {"uv": [9.75, 9.5, 10, 9.75], "texture": "#0"},
				"east": {"uv": [9.75, 9.75, 10, 10], "texture": "#0"},
				"south": {"uv": [0, 10, 0.25, 10.25], "texture": "#0"},
				"west": {"uv": [10, 0, 10.25, 0.25], "texture": "#0"},
				"up": {"uv": [0.5, 10.25, 0.25, 10], "texture": "#0"},
				"down": {"uv": [10.25, 0.25, 10, 0.5], "texture": "#0"}
			}
		},
		{
			"from": [4.2, 6.8, 7.4],
			"to": [4.8, 6.9, 8],
			"rotation": {"angle": 0, "axis": "y", "origin": [4, 5.9, 7.2]},
			"faces": {
				"north": {"uv": [0.5, 10, 0.75, 10.25], "texture": "#0"},
				"east": {"uv": [10, 0.5, 10.25, 0.75], "texture": "#0"},
				"south": {"uv": [0.75, 10, 1, 10.25], "texture": "#0"},
				"west": {"uv": [10, 0.75, 10.25, 1], "texture": "#0"},
				"up": {"uv": [1.25, 10.25, 1, 10], "texture": "#0"},
				"down": {"uv": [10.25, 1, 10, 1.25], "texture": "#0"}
			}
		},
		{
			"from": [4, 7.2, 8.2],
			"to": [5, 7.6, 8.3],
			"rotation": {"angle": 0, "axis": "y", "origin": [4, 6.6, 7.3]},
			"faces": {
				"north": {"uv": [1.25, 10, 1.5, 10.25], "texture": "#0"},
				"east": {"uv": [10, 1.25, 10.25, 1.5], "texture": "#0"},
				"south": {"uv": [1.5, 10, 1.75, 10.25], "texture": "#0"},
				"west": {"uv": [10, 1.5, 10.25, 1.75], "texture": "#0"},
				"up": {"uv": [2, 10.25, 1.75, 10], "texture": "#0"},
				"down": {"uv": [10.25, 1.75, 10, 2], "texture": "#0"}
			}
		},
		{
			"from": [4, 7.2, 7.1],
			"to": [5, 7.6, 7.2],
			"rotation": {"angle": 0, "axis": "y", "origin": [4, 6.6, 6.2]},
			"faces": {
				"north": {"uv": [2, 10, 2.25, 10.25], "texture": "#0"},
				"east": {"uv": [10, 2, 10.25, 2.25], "texture": "#0"},
				"south": {"uv": [2.25, 10, 2.5, 10.25], "texture": "#0"},
				"west": {"uv": [10, 2.25, 10.25, 2.5], "texture": "#0"},
				"up": {"uv": [2.75, 10.25, 2.5, 10], "texture": "#0"},
				"down": {"uv": [10.25, 2.5, 10, 2.75], "texture": "#0"}
			}
		},
		{
			"from": [5, 7.2, 7.2],
			"to": [5.1, 7.6, 8.2],
			"rotation": {"angle": 0, "axis": "y", "origin": [5, 6.6, 7.2]},
			"faces": {
				"north": {"uv": [2.75, 10, 3, 10.25], "texture": "#0"},
				"east": {"uv": [10, 2.75, 10.25, 3], "texture": "#0"},
				"south": {"uv": [3, 10, 3.25, 10.25], "texture": "#0"},
				"west": {"uv": [10, 3, 10.25, 3.25], "texture": "#0"},
				"up": {"uv": [3.5, 10.25, 3.25, 10], "texture": "#0"},
				"down": {"uv": [10.25, 3.25, 10, 3.5], "texture": "#0"}
			}
		},
		{
			"from": [3.9, 7.2, 7.2],
			"to": [4, 7.6, 8.2],
			"rotation": {"angle": 0, "axis": "y", "origin": [3.9, 6.6, 7.2]},
			"faces": {
				"north": {"uv": [3.5, 10, 3.75, 10.25], "texture": "#0"},
				"east": {"uv": [10, 3.5, 10.25, 3.75], "texture": "#0"},
				"south": {"uv": [3.75, 10, 4, 10.25], "texture": "#0"},
				"west": {"uv": [10, 3.75, 10.25, 4], "texture": "#0"},
				"up": {"uv": [4.25, 10.25, 4, 10], "texture": "#0"},
				"down": {"uv": [10.25, 4, 10, 4.25], "texture": "#0"}
			}
		},
		{
			"from": [3.6, 6.4, 6.6],
			"to": [4.5, 7.1, 7.4],
			"rotation": {"angle": 0, "axis": "y", "origin": [4, 6.1, 6.6]},
			"faces": {
				"north": {"uv": [4.25, 10, 4.5, 10.25], "texture": "#0"},
				"east": {"uv": [10, 4.25, 10.25, 4.5], "texture": "#0"},
				"south": {"uv": [4.5, 10, 4.75, 10.25], "texture": "#0"},
				"west": {"uv": [10, 4.5, 10.25, 4.75], "texture": "#0"},
				"up": {"uv": [5, 10.25, 4.75, 10], "texture": "#0"},
				"down": {"uv": [10.25, 4.75, 10, 5], "texture": "#0"}
			}
		},
		{
			"from": [3.6, 6.4, 8],
			"to": [4.5, 7.1, 8.8],
			"rotation": {"angle": 0, "axis": "y", "origin": [4, 6.1, 7.8]},
			"faces": {
				"north": {"uv": [5, 10, 5.25, 10.25], "texture": "#0"},
				"east": {"uv": [10, 5, 10.25, 5.25], "texture": "#0"},
				"south": {"uv": [5.25, 10, 5.5, 10.25], "texture": "#0"},
				"west": {"uv": [10, 5.25, 10.25, 5.5], "texture": "#0"},
				"up": {"uv": [5.75, 10.25, 5.5, 10], "texture": "#0"},
				"down": {"uv": [10.25, 5.5, 10, 5.75], "texture": "#0"}
			}
		},
		{
			"from": [-2.6, 6.5, 9],
			"to": [0.5, 7, 9.1],
			"rotation": {"angle": 0, "axis": "y", "origin": [3.6, 6.1, 8.8]},
			"faces": {
				"north": {"uv": [0, 8, 0.75, 8.25], "texture": "#0"},
				"east": {"uv": [5.75, 10, 6, 10.25], "texture": "#0"},
				"south": {"uv": [0.75, 8, 1.5, 8.25], "texture": "#0"},
				"west": {"uv": [10, 5.75, 10.25, 6], "texture": "#0"},
				"up": {"uv": [8.75, 1, 8, 0.75], "texture": "#0"},
				"down": {"uv": [8.75, 1, 8, 1.25], "texture": "#0"}
			}
		},
		{
			"from": [-2.6, 6.3, 6.5],
			"to": [0.5, 6.4, 7.1],
			"rotation": {"angle": 0, "axis": "y", "origin": [3.6, 5.4, 6.2]},
			"faces": {
				"north": {"uv": [8, 1.25, 8.75, 1.5], "texture": "#0"},
				"east": {"uv": [6, 10, 6.25, 10.25], "texture": "#0"},
				"south": {"uv": [1.5, 8, 2.25, 8.25], "texture": "#0"},
				"west": {"uv": [10, 6, 10.25, 6.25], "texture": "#0"},
				"up": {"uv": [8.75, 2.25, 8, 2], "texture": "#0"},
				"down": {"uv": [3, 8, 2.25, 8.25], "texture": "#0"}
			}
		},
		{
			"from": [-2.6, 6.3, 8.3],
			"to": [0.5, 6.4, 8.9],
			"rotation": {"angle": 0, "axis": "y", "origin": [3.6, 5.4, 8]},
			"faces": {
				"north": {"uv": [8, 2.25, 8.75, 2.5], "texture": "#0"},
				"east": {"uv": [6.25, 10, 6.5, 10.25], "texture": "#0"},
				"south": {"uv": [8, 2.5, 8.75, 2.75], "texture": "#0"},
				"west": {"uv": [10, 6.25, 10.25, 6.5], "texture": "#0"},
				"up": {"uv": [8.75, 3, 8, 2.75], "texture": "#0"},
				"down": {"uv": [8.75, 3, 8, 3.25], "texture": "#0"}
			}
		},
		{
			"from": [-2.6, 6.4, 8.2],
			"to": [4.1, 7.1, 9],
			"rotation": {"angle": 0, "axis": "y", "origin": [3.6, 6.1, 8]},
			"faces": {
				"north": {"uv": [5, 5.25, 6.75, 5.5], "texture": "#0"},
				"east": {"uv": [6.5, 10, 6.75, 10.25], "texture": "#0"},
				"south": {"uv": [0, 5.5, 1.75, 5.75], "texture": "#0"},
				"west": {"uv": [10, 6.5, 10.25, 6.75], "texture": "#0"},
				"up": {"uv": [7.25, 1.75, 5.5, 1.5], "texture": "#0"},
				"down": {"uv": [7.25, 1.75, 5.5, 2], "texture": "#0"}
			}
		},
		{
			"from": [-2.6, 6.4, 6.4],
			"to": [4.1, 7.1, 7.2],
			"rotation": {"angle": 0, "axis": "y", "origin": [3.6, 6.1, 6.2]},
			"faces": {
				"north": {"uv": [5.5, 2, 7.25, 2.25], "texture": "#0"},
				"east": {"uv": [6.75, 10, 7, 10.25], "texture": "#0"},
				"south": {"uv": [5.5, 2.25, 7.25, 2.5], "texture": "#0"},
				"west": {"uv": [10, 6.75, 10.25, 7], "texture": "#0"},
				"up": {"uv": [7.25, 3.75, 5.5, 3.5], "texture": "#0"},
				"down": {"uv": [7.25, 3.75, 5.5, 4], "texture": "#0"}
			}
		},
		{
			"from": [-2.6, 6.5, 8.1],
			"to": [0.5, 7, 8.2],
			"rotation": {"angle": 0, "axis": "y", "origin": [3.6, 6.1, 7.2]},
			"faces": {
				"north": {"uv": [8, 3.25, 8.75, 3.5], "texture": "#0"},
				"east": {"uv": [7, 10, 7.25, 10.25], "texture": "#0"},
				"south": {"uv": [3.5, 8, 4.25, 8.25], "texture": "#0"},
				"west": {"uv": [10, 7, 10.25, 7.25], "texture": "#0"},
				"up": {"uv": [8.75, 4.25, 8, 4], "texture": "#0"},
				"down": {"uv": [5, 8, 4.25, 8.25], "texture": "#0"}
			}
		},
		{
			"from": [-2.6, 6.5, 6.3],
			"to": [0.5, 7, 6.4],
			"rotation": {"angle": 0, "axis": "y", "origin": [3.6, 6.1, 5.4]},
			"faces": {
				"north": {"uv": [8, 4.25, 8.75, 4.5], "texture": "#0"},
				"east": {"uv": [7.25, 10, 7.5, 10.25], "texture": "#0"},
				"south": {"uv": [8, 4.5, 8.75, 4.75], "texture": "#0"},
				"west": {"uv": [10, 7.25, 10.25, 7.5], "texture": "#0"},
				"up": {"uv": [8.75, 5, 8, 4.75], "texture": "#0"},
				"down": {"uv": [5.75, 8, 5, 8.25], "texture": "#0"}
			}
		},
		{
			"from": [-2.6, 7.1, 6.5],
			"to": [0.5, 7.2, 7.1],
			"rotation": {"angle": 0, "axis": "y", "origin": [3.6, 6.8, 6.2]},
			"faces": {
				"north": {"uv": [8, 5.25, 8.75, 5.5], "texture": "#0"},
				"east": {"uv": [7.5, 10, 7.75, 10.25], "texture": "#0"},
				"south": {"uv": [5.75, 8, 6.5, 8.25], "texture": "#0"},
				"west": {"uv": [10, 7.5, 10.25, 7.75], "texture": "#0"},
				"up": {"uv": [8.75, 6, 8, 5.75], "texture": "#0"},
				"down": {"uv": [8.75, 6, 8, 6.25], "texture": "#0"}
			}
		},
		{
			"from": [-2.6, 7.1, 8.3],
			"to": [0.5, 7.2, 8.9],
			"rotation": {"angle": 0, "axis": "y", "origin": [3.6, 6.8, 8]},
			"faces": {
				"north": {"uv": [6.5, 8, 7.25, 8.25], "texture": "#0"},
				"east": {"uv": [7.75, 10, 8, 10.25], "texture": "#0"},
				"south": {"uv": [8, 6.5, 8.75, 6.75], "texture": "#0"},
				"west": {"uv": [10, 7.75, 10.25, 8], "texture": "#0"},
				"up": {"uv": [8, 8.25, 7.25, 8], "texture": "#0"},
				"down": {"uv": [8.75, 7.5, 8, 7.75], "texture": "#0"}
			}
		},
		{
			"from": [-2.6, 6.5, 7.2],
			"to": [0.5, 7, 7.3],
			"rotation": {"angle": 0, "axis": "y", "origin": [3.6, 6.1, 7]},
			"faces": {
				"north": {"uv": [8, 7.75, 8.75, 8], "texture": "#0"},
				"east": {"uv": [8, 10, 8.25, 10.25], "texture": "#0"},
				"south": {"uv": [8, 8, 8.75, 8.25], "texture": "#0"},
				"west": {"uv": [10, 8, 10.25, 8.25], "texture": "#0"},
				"up": {"uv": [0.75, 8.5, 0, 8.25], "texture": "#0"},
				"down": {"uv": [9, 0, 8.25, 0.25], "texture": "#0"}
			}
		},
		{
			"from": [0.5, 6.6, 9],
			"to": [3.6, 6.9, 9.1],
			"rotation": {"angle": 0, "axis": "y", "origin": [6.7, 6.1, 8.8]},
			"faces": {
				"north": {"uv": [8.25, 0.25, 9, 0.5], "texture": "#0"},
				"east": {"uv": [8.25, 10, 8.5, 10.25], "texture": "#0"},
				"south": {"uv": [8.25, 0.5, 9, 0.75], "texture": "#0"},
				"west": {"uv": [10, 8.25, 10.25, 8.5], "texture": "#0"},
				"up": {"uv": [1.5, 8.5, 0.75, 8.25], "texture": "#0"},
				"down": {"uv": [2.25, 8.25, 1.5, 8.5], "texture": "#0"}
			}
		},
		{
			"from": [0.5, 6.6, 7.2],
			"to": [3.6, 6.9, 7.3],
			"rotation": {"angle": 0, "axis": "y", "origin": [6.7, 6.1, 7]},
			"faces": {
				"north": {"uv": [2.25, 8.25, 3, 8.5], "texture": "#0"},
				"east": {"uv": [8.5, 10, 8.75, 10.25], "texture": "#0"},
				"south": {"uv": [3.5, 8.25, 4.25, 8.5], "texture": "#0"},
				"west": {"uv": [10, 8.5, 10.25, 8.75], "texture": "#0"},
				"up": {"uv": [5, 8.5, 4.25, 8.25], "texture": "#0"},
				"down": {"uv": [5.75, 8.25, 5, 8.5], "texture": "#0"}
			}
		},
		{
			"from": [0.5, 7.1, 8.4],
			"to": [3.6, 7.2, 8.8],
			"rotation": {"angle": 0, "axis": "y", "origin": [6.7, 6.8, 8]},
			"faces": {
				"north": {"uv": [5.75, 8.25, 6.5, 8.5], "texture": "#0"},
				"east": {"uv": [8.75, 10, 9, 10.25], "texture": "#0"},
				"south": {"uv": [6.5, 8.25, 7.25, 8.5], "texture": "#0"},
				"west": {"uv": [10, 8.75, 10.25, 9], "texture": "#0"},
				"up": {"uv": [8, 8.5, 7.25, 8.25], "texture": "#0"},
				"down": {"uv": [8.75, 8.25, 8, 8.5], "texture": "#0"}
			}
		},
		{
			"from": [0.5, 7.1, 6.6],
			"to": [3.6, 7.2, 7],
			"rotation": {"angle": 0, "axis": "y", "origin": [6.7, 6.8, 6.2]},
			"faces": {
				"north": {"uv": [0, 8.5, 0.75, 8.75], "texture": "#0"},
				"east": {"uv": [9, 10, 9.25, 10.25], "texture": "#0"},
				"south": {"uv": [0.75, 8.5, 1.5, 8.75], "texture": "#0"},
				"west": {"uv": [10, 9, 10.25, 9.25], "texture": "#0"},
				"up": {"uv": [2.25, 8.75, 1.5, 8.5], "texture": "#0"},
				"down": {"uv": [3, 8.5, 2.25, 8.75], "texture": "#0"}
			}
		},
		{
			"from": [0.5, 6.3, 8.4],
			"to": [3.6, 6.4, 8.8],
			"rotation": {"angle": 0, "axis": "y", "origin": [6.7, 5.4, 8]},
			"faces": {
				"north": {"uv": [3, 8.5, 3.75, 8.75], "texture": "#0"},
				"east": {"uv": [9.25, 10, 9.5, 10.25], "texture": "#0"},
				"south": {"uv": [8.5, 3.5, 9.25, 3.75], "texture": "#0"},
				"west": {"uv": [10, 9.25, 10.25, 9.5], "texture": "#0"},
				"up": {"uv": [4.5, 8.75, 3.75, 8.5], "texture": "#0"},
				"down": {"uv": [9.25, 3.75, 8.5, 4], "texture": "#0"}
			}
		},
		{
			"from": [0.5, 6.3, 6.6],
			"to": [3.6, 6.4, 7],
			"rotation": {"angle": 0, "axis": "y", "origin": [6.7, 5.4, 6.2]},
			"faces": {
				"north": {"uv": [4.5, 8.5, 5.25, 8.75], "texture": "#0"},
				"east": {"uv": [9.5, 10, 9.75, 10.25], "texture": "#0"},
				"south": {"uv": [8.5, 5, 9.25, 5.25], "texture": "#0"},
				"west": {"uv": [10, 9.5, 10.25, 9.75], "texture": "#0"},
				"up": {"uv": [6, 8.75, 5.25, 8.5], "texture": "#0"},
				"down": {"uv": [9.25, 5.5, 8.5, 5.75], "texture": "#0"}
			}
		},
		{
			"from": [3.6, 6.3, 6.7],
			"to": [4, 6.4, 7.1],
			"rotation": {"angle": 0, "axis": "y", "origin": [7.1, 5.4, 6.3]},
			"faces": {
				"north": {"uv": [9.75, 10, 10, 10.25], "texture": "#0"},
				"east": {"uv": [10, 9.75, 10.25, 10], "texture": "#0"},
				"south": {"uv": [10, 10, 10.25, 10.25], "texture": "#0"},
				"west": {"uv": [0, 10.25, 0.25, 10.5], "texture": "#0"},
				"up": {"uv": [10.5, 0.25, 10.25, 0], "texture": "#0"},
				"down": {"uv": [0.5, 10.25, 0.25, 10.5], "texture": "#0"}
			}
		},
		{
			"from": [3.6, 6.3, 8.3],
			"to": [4, 6.4, 8.7],
			"rotation": {"angle": 0, "axis": "y", "origin": [7.1, 5.4, 7.9]},
			"faces": {
				"north": {"uv": [10.25, 0.25, 10.5, 0.5], "texture": "#0"},
				"east": {"uv": [0.5, 10.25, 0.75, 10.5], "texture": "#0"},
				"south": {"uv": [10.25, 0.5, 10.5, 0.75], "texture": "#0"},
				"west": {"uv": [0.75, 10.25, 1, 10.5], "texture": "#0"},
				"up": {"uv": [10.5, 1, 10.25, 0.75], "texture": "#0"},
				"down": {"uv": [1.25, 10.25, 1, 10.5], "texture": "#0"}
			}
		},
		{
			"from": [3.6, 7.1, 6.7],
			"to": [4, 7.2, 7.1],
			"rotation": {"angle": 0, "axis": "y", "origin": [7.1, 6.2, 6.3]},
			"faces": {
				"north": {"uv": [10.25, 1, 10.5, 1.25], "texture": "#0"},
				"east": {"uv": [1.25, 10.25, 1.5, 10.5], "texture": "#0"},
				"south": {"uv": [10.25, 1.25, 10.5, 1.5], "texture": "#0"},
				"west": {"uv": [1.5, 10.25, 1.75, 10.5], "texture": "#0"},
				"up": {"uv": [10.5, 1.75, 10.25, 1.5], "texture": "#0"},
				"down": {"uv": [2, 10.25, 1.75, 10.5], "texture": "#0"}
			}
		},
		{
			"from": [3.6, 7.1, 8.3],
			"to": [4, 7.2, 8.7],
			"rotation": {"angle": 0, "axis": "y", "origin": [7.1, 6.2, 7.9]},
			"faces": {
				"north": {"uv": [10.25, 1.75, 10.5, 2], "texture": "#0"},
				"east": {"uv": [2, 10.25, 2.25, 10.5], "texture": "#0"},
				"south": {"uv": [10.25, 2, 10.5, 2.25], "texture": "#0"},
				"west": {"uv": [2.25, 10.25, 2.5, 10.5], "texture": "#0"},
				"up": {"uv": [10.5, 2.5, 10.25, 2.25], "texture": "#0"},
				"down": {"uv": [2.75, 10.25, 2.5, 10.5], "texture": "#0"}
			}
		},
		{
			"from": [0.5, 6.6, 6.3],
			"to": [3.6, 6.9, 6.4],
			"rotation": {"angle": 0, "axis": "y", "origin": [6.7, 6.1, 5.4]},
			"faces": {
				"north": {"uv": [6, 8.5, 6.75, 8.75], "texture": "#0"},
				"east": {"uv": [10.25, 2.5, 10.5, 2.75], "texture": "#0"},
				"south": {"uv": [8.5, 6.25, 9.25, 6.5], "texture": "#0"},
				"west": {"uv": [2.75, 10.25, 3, 10.5], "texture": "#0"},
				"up": {"uv": [7.5, 8.75, 6.75, 8.5], "texture": "#0"},
				"down": {"uv": [9.25, 6.75, 8.5, 7], "texture": "#0"}
			}
		},
		{
			"from": [0.5, 6.6, 8.1],
			"to": [3.6, 6.9, 8.2],
			"rotation": {"angle": 0, "axis": "y", "origin": [6.7, 6.1, 7.2]},
			"faces": {
				"north": {"uv": [8.5, 7, 9.25, 7.25], "texture": "#0"},
				"east": {"uv": [10.25, 2.75, 10.5, 3], "texture": "#0"},
				"south": {"uv": [8.5, 7.25, 9.25, 7.5], "texture": "#0"},
				"west": {"uv": [3, 10.25, 3.25, 10.5], "texture": "#0"},
				"up": {"uv": [8.25, 8.75, 7.5, 8.5], "texture": "#0"},
				"down": {"uv": [9, 8.5, 8.25, 8.75], "texture": "#0"}
			}
		},
		{
			"from": [-3.4, 6.3, 6.3],
			"to": [-2.6, 7.2, 7.3],
			"rotation": {"angle": 0, "axis": "y", "origin": [-3.1, 6.1, 6.2]},
			"faces": {
				"north": {"uv": [10.25, 3, 10.5, 3.25], "texture": "#0"},
				"east": {"uv": [3.25, 10.25, 3.5, 10.5], "texture": "#0"},
				"south": {"uv": [10.25, 3.25, 10.5, 3.5], "texture": "#0"},
				"west": {"uv": [3.5, 10.25, 3.75, 10.5], "texture": "#0"},
				"up": {"uv": [10.5, 3.75, 10.25, 3.5], "texture": "#0"},
				"down": {"uv": [4, 10.25, 3.75, 10.5], "texture": "#0"}
			}
		},
		{
			"from": [-3.3, 6.4, 6.2],
			"to": [-2.7, 7.1, 6.3],
			"rotation": {"angle": 0, "axis": "y", "origin": [-3.1, 6.1, 5.2]},
			"faces": {
				"north": {"uv": [10.25, 3.75, 10.5, 4], "texture": "#0"},
				"east": {"uv": [4, 10.25, 4.25, 10.5], "texture": "#0"},
				"south": {"uv": [10.25, 4, 10.5, 4.25], "texture": "#0"},
				"west": {"uv": [4.25, 10.25, 4.5, 10.5], "texture": "#0"},
				"up": {"uv": [10.5, 4.5, 10.25, 4.25], "texture": "#0"},
				"down": {"uv": [4.75, 10.25, 4.5, 10.5], "texture": "#0"}
			}
		},
		{
			"from": [-3.3, 6.4, 7.3],
			"to": [-2.7, 7.1, 7.4],
			"rotation": {"angle": 0, "axis": "y", "origin": [-3.1, 6.1, 7.2]},
			"faces": {
				"north": {"uv": [10.25, 4.5, 10.5, 4.75], "texture": "#0"},
				"east": {"uv": [4.75, 10.25, 5, 10.5], "texture": "#0"},
				"south": {"uv": [10.25, 4.75, 10.5, 5], "texture": "#0"},
				"west": {"uv": [5, 10.25, 5.25, 10.5], "texture": "#0"},
				"up": {"uv": [10.5, 5.25, 10.25, 5], "texture": "#0"},
				"down": {"uv": [5.5, 10.25, 5.25, 10.5], "texture": "#0"}
			}
		},
		{
			"from": [-3.3, 6.4, 8],
			"to": [-2.7, 7.1, 8.1],
			"rotation": {"angle": 0, "axis": "y", "origin": [-3.1, 6.1, 7]},
			"faces": {
				"north": {"uv": [10.25, 5.25, 10.5, 5.5], "texture": "#0"},
				"east": {"uv": [5.5, 10.25, 5.75, 10.5], "texture": "#0"},
				"south": {"uv": [10.25, 5.5, 10.5, 5.75], "texture": "#0"},
				"west": {"uv": [5.75, 10.25, 6, 10.5], "texture": "#0"},
				"up": {"uv": [10.5, 6, 10.25, 5.75], "texture": "#0"},
				"down": {"uv": [6.25, 10.25, 6, 10.5], "texture": "#0"}
			}
		},
		{
			"from": [-3.4, 6.3, 8.1],
			"to": [-2.6, 7.2, 9.1],
			"rotation": {"angle": 0, "axis": "y", "origin": [-3.1, 6.1, 8]},
			"faces": {
				"north": {"uv": [10.25, 6, 10.5, 6.25], "texture": "#0"},
				"east": {"uv": [6.25, 10.25, 6.5, 10.5], "texture": "#0"},
				"south": {"uv": [10.25, 6.25, 10.5, 6.5], "texture": "#0"},
				"west": {"uv": [6.5, 10.25, 6.75, 10.5], "texture": "#0"},
				"up": {"uv": [10.5, 6.75, 10.25, 6.5], "texture": "#0"},
				"down": {"uv": [7, 10.25, 6.75, 10.5], "texture": "#0"}
			}
		},
		{
			"from": [-3.3, 6.2, 8.2],
			"to": [-2.7, 6.3, 9],
			"rotation": {"angle": 0, "axis": "y", "origin": [-3.1, 5.2, 8]},
			"faces": {
				"north": {"uv": [10.25, 6.75, 10.5, 7], "texture": "#0"},
				"east": {"uv": [7, 10.25, 7.25, 10.5], "texture": "#0"},
				"south": {"uv": [10.25, 7, 10.5, 7.25], "texture": "#0"},
				"west": {"uv": [7.25, 10.25, 7.5, 10.5], "texture": "#0"},
				"up": {"uv": [10.5, 7.5, 10.25, 7.25], "texture": "#0"},
				"down": {"uv": [7.75, 10.25, 7.5, 10.5], "texture": "#0"}
			}
		},
		{
			"from": [-3.3, 6.2, 6.4],
			"to": [-2.7, 6.3, 7.2],
			"rotation": {"angle": 0, "axis": "y", "origin": [-3.1, 5.2, 6.2]},
			"faces": {
				"north": {"uv": [10.25, 7.5, 10.5, 7.75], "texture": "#0"},
				"east": {"uv": [7.75, 10.25, 8, 10.5], "texture": "#0"},
				"south": {"uv": [10.25, 7.75, 10.5, 8], "texture": "#0"},
				"west": {"uv": [8, 10.25, 8.25, 10.5], "texture": "#0"},
				"up": {"uv": [10.5, 8.25, 10.25, 8], "texture": "#0"},
				"down": {"uv": [8.5, 10.25, 8.25, 10.5], "texture": "#0"}
			}
		},
		{
			"from": [-3.3, 7.2, 8.2],
			"to": [-2.7, 7.3, 9],
			"rotation": {"angle": 0, "axis": "y", "origin": [-3.1, 7, 8]},
			"faces": {
				"north": {"uv": [10.25, 8.25, 10.5, 8.5], "texture": "#0"},
				"east": {"uv": [8.5, 10.25, 8.75, 10.5], "texture": "#0"},
				"south": {"uv": [10.25, 8.5, 10.5, 8.75], "texture": "#0"},
				"west": {"uv": [8.75, 10.25, 9, 10.5], "texture": "#0"},
				"up": {"uv": [10.5, 9, 10.25, 8.75], "texture": "#0"},
				"down": {"uv": [9.25, 10.25, 9, 10.5], "texture": "#0"}
			}
		},
		{
			"from": [-3.3, 7.2, 6.4],
			"to": [-2.7, 7.3, 7.2],
			"rotation": {"angle": 0, "axis": "y", "origin": [-3.1, 7, 6.2]},
			"faces": {
				"north": {"uv": [10.25, 9, 10.5, 9.25], "texture": "#0"},
				"east": {"uv": [9.25, 10.25, 9.5, 10.5], "texture": "#0"},
				"south": {"uv": [10.25, 9.25, 10.5, 9.5], "texture": "#0"},
				"west": {"uv": [9.5, 10.25, 9.75, 10.5], "texture": "#0"},
				"up": {"uv": [10.5, 9.75, 10.25, 9.5], "texture": "#0"},
				"down": {"uv": [10, 10.25, 9.75, 10.5], "texture": "#0"}
			}
		},
		{
			"from": [-3.3, 6.4, 9.1],
			"to": [-2.7, 7.1, 9.2],
			"rotation": {"angle": 0, "axis": "y", "origin": [-3.1, 6.1, 9]},
			"faces": {
				"north": {"uv": [10.25, 9.75, 10.5, 10], "texture": "#0"},
				"east": {"uv": [10, 10.25, 10.25, 10.5], "texture": "#0"},
				"south": {"uv": [10.25, 10, 10.5, 10.25], "texture": "#0"},
				"west": {"uv": [10.25, 10.25, 10.5, 10.5], "texture": "#0"},
				"up": {"uv": [0.25, 10.75, 0, 10.5], "texture": "#0"},
				"down": {"uv": [10.75, 0, 10.5, 0.25], "texture": "#0"}
			}
		},
		{
			"from": [-3.5, 6.4, 6.4],
			"to": [-3.4, 7.1, 7.2],
			"rotation": {"angle": 0, "axis": "y", "origin": [-3.9, 6.1, 6.2]},
			"faces": {
				"north": {"uv": [0.25, 10.5, 0.5, 10.75], "texture": "#0"},
				"east": {"uv": [10.5, 0.25, 10.75, 0.5], "texture": "#0"},
				"south": {"uv": [0.5, 10.5, 0.75, 10.75], "texture": "#0"},
				"west": {"uv": [10.5, 0.5, 10.75, 0.75], "texture": "#0"},
				"up": {"uv": [1, 10.75, 0.75, 10.5], "texture": "#0"},
				"down": {"uv": [10.75, 0.75, 10.5, 1], "texture": "#0"}
			}
		},
		{
			"from": [-3.5, 6.4, 8.2],
			"to": [-3.4, 7.1, 9],
			"rotation": {"angle": 0, "axis": "y", "origin": [-3.9, 6.1, 8]},
			"faces": {
				"north": {"uv": [1, 10.5, 1.25, 10.75], "texture": "#0"},
				"east": {"uv": [10.5, 1, 10.75, 1.25], "texture": "#0"},
				"south": {"uv": [1.25, 10.5, 1.5, 10.75], "texture": "#0"},
				"west": {"uv": [10.5, 1.25, 10.75, 1.5], "texture": "#0"},
				"up": {"uv": [1.75, 10.75, 1.5, 10.5], "texture": "#0"},
				"down": {"uv": [10.75, 1.5, 10.5, 1.75], "texture": "#0"}
			}
		}
	],
	"display": {
		"thirdperson_righthand": {
			"rotation": [90, -180, -50],
			"translation": [-3, -5.25, 7.75]
		},
		"thirdperson_lefthand": {
			"rotation": [-90, 0, -130],
			"translation": [-9, -5.25, 7.75]
		}
	}
}